folder,feat,n,truth,wrap_jump_ms,cont_err,cont_margin,traj_err,traj_margin
C000000001__SWE_01_SW_data_21-April-2026_12-12-54,Ld,26,22,312.91999999999985,0,1.0678113847970963,0,0.18709492683410645
C000000001__SWE_01_SW_data_21-April-2026_12-12-54,A,26,16,312.91999999999985,0,0.07424795627593994,9,0.04572629928588867
C000000001__SWE_01_SW_data_21-April-2026_12-14-11,Ld,26,13,309.91999999999985,0,0.6465685218572617,0,0.026586294174194336
C000000001__SWE_01_SW_data_21-April-2026_12-14-11,A,26,7,309.91999999999985,0,0.007564127445220947,5,0.012761354446411133
C000000001__SWE_01_SW_data_21-April-2026_12-14-53,Ld,26,8,260.91999999999985,0,0.37183137238025665,0,0.40906572341918945
C000000001__SWE_01_SW_data_21-April-2026_12-14-53,A,26,1,260.91999999999985,4,0.002827882766723633,0,0.032505035400390625
C000000001__SWE_01_SW_data_21-April-2026_12-15-49,Ld,26,1,258.91999999999985,5,0.1326727271080017,1,0.5504672527313232
C000000001__SWE_01_SW_data_21-April-2026_12-15-49,A,26,0,258.91999999999985,0,0.03020864725112915,0,0.37947583198547363
C000000001__SWE_01_SW_data_21-April-2026_12-16-46,Ld,26,4,262.91999999999985,0,0.6423720270395279,0,0.4343843460083008
C000000001__SWE_01_SW_data_21-April-2026_12-16-46,A,26,21,262.91999999999985,0,0.033005595207214355,5,0.08198261260986328
C000000001__SWE_01_SW_data_21-April-2026_12-17-37,Ld,26,16,252.91999999999985,0,0.7143410369753838,0,0.38846850395202637
C000000001__SWE_01_SW_data_21-April-2026_12-17-37,A,26,23,252.91999999999985,13,0.024927735328674316,5,0.0824742317199707
C000000001__SWE_01_SW_data_21-April-2026_12-18-31,Ld,26,13,235.91999999999985,0,0.5564541146159172,0,0.5272610187530518
C000000001__SWE_01_SW_data_21-April-2026_12-18-31,A,26,15,235.91999999999985,0,0.03728067874908447,0,0.21140623092651367
C000000001__SWE_01_SW_data_21-April-2026_12-19-03,Ld,26,25,233.91999999999985,0,1.1391170620918274,0,0.34410595893859863
C000000001__SWE_01_SW_data_21-April-2026_12-19-03,A,26,18,233.91999999999985,0,0.0278928279876709,0,0.3261737823486328
C000000001__SWE_01_SW_data_21-April-2026_12-19-36,Ld,26,16,259.91999999999985,0,1.05179113894701,0,0.5764896869659424
C000000001__SWE_01_SW_data_21-April-2026_12-19-36,A,26,14,259.91999999999985,0,0.027947068214416504,0,0.36235857009887695
C000000001__SWE_01_SW_data_21-April-2026_12-20-24,Ld,26,14,264.91999999999985,0,0.526382327079773,0,0.41330718994140625
C000000001__SWE_01_SW_data_21-April-2026_12-20-24,A,26,24,264.91999999999985,8,0.0037926435470581055,9,0.03752946853637695
C000000001__SWE_01_SW_data_21-April-2026_12-21-32,Ld,26,7,220.91999999999985,0,0.15378522872924805,0,0.0108642578125
C000000001__SWE_01_SW_data_21-April-2026_12-21-32,A,26,21,220.91999999999985,3,0.009772717952728271,3,0.012114286422729492
C000000001__SWE_01_SW_data_21-April-2026_12-22-36,Ld,26,17,180.91999999999985,6,0.41983600705862045,0,0.0006346702575683594
C000000001__SWE_01_SW_data_21-April-2026_12-22-36,A,26,0,180.91999999999985,6,0.01133275032043457,6,0.03366851806640625
C000000001__SWE_01_SW_data_21-April-2026_12-23-44,Ld,26,10,248.91999999999985,0,1.471450924873352,0,0.5221500396728516
C000000001__SWE_01_SW_data_21-April-2026_12-23-44,A,26,22,248.91999999999985,0,0.05927622318267822,0,0.6956913471221924
C000000001__SWE_01_SW_data_21-April-2026_12-24-24,Ld,26,14,219.91999999999985,0,0.9968855977058411,0,0.07877540588378906
C000000001__SWE_01_SW_data_21-April-2026_12-24-24,A,26,0,219.91999999999985,0,0.025469720363616943,0,0.14880919456481934
C000000002__SWE02_SW_data_28-April-2026_10-09-45,Ld,26,19,148.08000000000015,8,0.06373840570449829,6,0.13121843338012695
C000000002__SWE02_SW_data_28-April-2026_10-09-45,A,26,18,148.08000000000015,8,0.007857561111450195,9,0.12025189399719238
C000000002__SWE02_SW_data_28-April-2026_10-11-53,Ld,26,22,133.08000000000015,2,0.18768611550331116,3,0.016129255294799805
C000000002__SWE02_SW_data_28-April-2026_10-11-53,A,26,4,133.08000000000015,0,0.03527522087097168,0,0.55975341796875
C000000002__SWE02_SW_data_28-April-2026_10-12-32,Ld,26,2,242.08000000000015,0,1.1158896684646606,0,0.9810352325439453
C000000002__SWE02_SW_data_28-April-2026_10-12-32,A,26,22,242.08000000000015,0,0.0409279465675354,0,0.46462178230285645
C000000002__SWE02_SW_data_28-April-2026_10-13-12,Ld,26,0,286.08000000000015,5,0.14883103966712952,5,0.040853261947631836
C000000002__SWE02_SW_data_28-April-2026_10-13-12,A,26,14,286.08000000000015,13,0.014128327369689941,13,0.34009885787963867
C000000002__SWE02_SW_data_28-April-2026_10-13-45,Ld,26,2,280.08000000000015,3,0.2828240990638733,1,0.08261680603027344
C000000002__SWE02_SW_data_28-April-2026_10-13-45,A,26,7,280.08000000000015,3,0.0032110214233398438,5,0.1037454605102539
C000000002__SWE02_SW_data_28-April-2026_10-14-30,Ld,26,12,166.08000000000015,12,0.07540914416313171,11,0.07132792472839355
C000000002__SWE02_SW_data_28-April-2026_10-14-30,A,26,10,166.08000000000015,3,0.026859283447265625,3,0.3518533706665039
C000000002__SWE02_SW_data_28-April-2026_10-16-34,Ld,26,10,148.08000000000015,0,1.0948681235313416,0,0.7296137809753418
C000000002__SWE02_SW_data_28-April-2026_10-16-34,A,26,0,148.08000000000015,0,0.06704908609390259,12,0.4331798553466797
C000000002__SWE02_SW_data_28-April-2026_10-17-52,Ld,26,0,206.08000000000015,0,0.2371293306350708,11,0.2743527889251709
C000000002__SWE02_SW_data_28-April-2026_10-17-52,A,26,3,206.08000000000015,0,0.0548098087310791,0,0.2207810878753662
C000000002__SWE02_SW_data_28-April-2026_10-18-32,Ld,26,0,250.08000000000015,8,0.17095986008644104,8,0.010712146759033203
C000000002__SWE02_SW_data_28-April-2026_10-18-32,A,26,17,250.08000000000015,8,0.0229949951171875,1,0.036525726318359375
C000000002__SWE02_SW_data_28-April-2026_10-19-37,Ld,26,13,212.08000000000015,9,0.08078399300575256,9,0.08190464973449707
C000000002__SWE02_SW_data_28-April-2026_10-19-37,A,26,16,212.08000000000015,10,0.03450357913970947,10,0.5410654544830322
C000000002__SWE02_SW_data_28-April-2026_10-20-20,Ld,26,6,155.08000000000015,4,0.10667991638183594,4,0.023780107498168945
C000000002__SWE02_SW_data_28-April-2026_10-20-20,A,26,16,155.08000000000015,0,0.006712675094604492,0,0.05820131301879883
C000000002__SWE02_SW_data_28-April-2026_10-21-04,Ld,26,19,263.08000000000015,0,0.8635353296995163,0,0.30091238021850586
C000000002__SWE02_SW_data_28-April-2026_10-21-04,A,26,9,263.08000000000015,0,0.10684645175933838,0,0.7028727531433105
C000000002__SWE02_SW_data_28-April-2026_10-22-19,Ld,26,11,192.08000000000015,0,0.5111272484064102,0,0.10697293281555176
C000000002__SWE02_SW_data_28-April-2026_10-22-19,A,26,25,192.08000000000015,0,0.02697885036468506,0,0.2245774269104004
C000000002__SWE02_SW_data_28-April-2026_10-23-21,Ld,26,20,193.08000000000015,6,0.010202646255493164,4,0.2082231044769287
C000000002__SWE02_SW_data_28-April-2026_10-23-21,A,26,25,193.08000000000015,0,0.0276716947555542,0,0.8439478874206543
C000000002__SWE02_SW_data_28-April-2026_10-24-12,Ld,26,9,72.08000000000015,1,0.005180805921554565,8,0.2205805778503418
C000000002__SWE02_SW_data_28-April-2026_10-24-12,A,26,17,72.08000000000015,0,0.02121603488922119,0,0.2133488655090332
C000000003__VIS_03_SW_data_16-June-2026_10-09-42,Ld,26,24,26.919999999999845,0,0.5712685436010361,0,0.34885382652282715
C000000003__VIS_03_SW_data_16-June-2026_10-09-42,A,26,16,26.919999999999845,0,0.006226062774658203,0,0.07344865798950195
C000000003__VIS_03_SW_data_16-June-2026_10-10-39,Ld,26,21,65.91999999999985,8,0.01932579278945923,7,0.07149839401245117
C000000003__VIS_03_SW_data_16-June-2026_10-10-39,A,26,17,65.91999999999985,1,0.004815936088562012,0,0.5160126686096191
C000000003__VIS_03_SW_data_16-June-2026_10-12-10,Ld,26,18,45.919999999999845,0,1.0862979292869568,0,0.4765138626098633
C000000003__VIS_03_SW_data_16-June-2026_10-12-10,A,26,10,45.919999999999845,0,0.019527435302734375,0,0.13347554206848145
C000000003__VIS_03_SW_data_16-June-2026_10-13-59,Ld,26,22,41.919999999999845,6,0.21984142065048218,9,0.05572056770324707
C000000003__VIS_03_SW_data_16-June-2026_10-13-59,A,26,3,41.919999999999845,0,0.004420757293701172,0,0.21737146377563477
C000000003__VIS_03_SW_data_16-June-2026_10-14-33,Ld,26,15,67.91999999999985,6,0.0753747820854187,6,0.022134780883789062
C000000003__VIS_03_SW_data_16-June-2026_10-14-33,A,26,18,67.91999999999985,1,0.006832301616668701,0,0.4474029541015625
C000000003__VIS_03_SW_data_16-June-2026_10-15-05,Ld,26,21,102.91999999999985,0,0.4024891331791878,0,0.4127388000488281
C000000003__VIS_03_SW_data_16-June-2026_10-15-05,A,26,13,102.91999999999985,0,0.0063835978507995605,0,0.6560258865356445
C000000003__VIS_03_SW_data_16-June-2026_10-16-31,Ld,26,9,55.919999999999845,0,0.6094586700201035,0,0.2005448341369629
C000000003__VIS_03_SW_data_16-June-2026_10-16-31,A,26,8,55.919999999999845,8,0.0018343329429626465,10,0.024387121200561523
C000000003__VIS_03_SW_data_16-June-2026_10-17-36,Ld,26,10,119.91999999999985,4,0.044725656509399414,0,0.006318807601928711
C000000003__VIS_03_SW_data_16-June-2026_10-17-36,A,26,12,119.91999999999985,0,0.010595977306365967,0,0.6254682540893555
C000000003__VIS_03_SW_data_16-June-2026_10-18-12,Ld,26,18,41.919999999999845,8,0.3377775251865387,8,0.0912783145904541
C000000003__VIS_03_SW_data_16-June-2026_10-18-12,A,26,23,41.919999999999845,0,0.008714139461517334,0,0.14333891868591309
C000000003__VIS_03_SW_data_16-June-2026_10-18-58,Ld,26,1,6.919999999999845,6,0.2411859929561615,5,0.06150007247924805
C000000003__VIS_03_SW_data_16-June-2026_10-18-58,A,26,24,6.919999999999845,0,0.008064091205596924,0,0.17845988273620605
C000000003__VIS_03_SW_data_16-June-2026_10-19-41,Ld,26,13,39.919999999999845,0,0.7330707609653473,11,0.03886985778808594
C000000003__VIS_03_SW_data_16-June-2026_10-19-41,A,26,9,39.919999999999845,0,0.02244400978088379,0,0.3624706268310547
C000000003__VIS_03_SW_data_16-June-2026_10-20-18,Ld,26,17,65.91999999999985,0,0.5395316854119301,7,0.019823789596557617
C000000003__VIS_03_SW_data_16-June-2026_10-20-18,A,26,14,65.91999999999985,0,0.018570005893707275,0,0.4328174591064453
C000000003__VIS_03_SW_data_16-June-2026_10-21-54,Ld,26,6,41.919999999999845,8,0.28504417836666107,8,0.032796382904052734
C000000003__VIS_03_SW_data_16-June-2026_10-21-54,A,26,8,41.919999999999845,0,0.0017135143280029297,0,0.11286091804504395
C000000003__VIS_03_SW_data_16-June-2026_10-23-03,Ld,26,18,47.919999999999845,0,0.1440216451883316,9,0.049204349517822266
C000000003__VIS_03_SW_data_16-June-2026_10-23-03,A,26,15,47.919999999999845,0,0.02525031566619873,0,0.38289690017700195
C000000003__VIS_03_SW_data_16-June-2026_10-23-36,Ld,26,13,46.919999999999845,9,0.16855807602405548,1,0.0578770637512207
C000000003__VIS_03_SW_data_16-June-2026_10-23-36,A,26,8,46.919999999999845,0,0.0030457377433776855,11,0.026283740997314453
C000000004__VIS_4_SW_data_16-June-2026_10-58-59,Ld,26,19,226.91999999999985,0,1.0969640612602234,0,0.4248313903808594
C000000004__VIS_4_SW_data_16-June-2026_10-58-59,A,26,10,226.91999999999985,0,0.047047555446624756,0,0.7674634456634521
C000000004__VIS_4_SW_data_16-June-2026_11-00-06,Ld,26,8,215.91999999999985,0,1.0992414504289627,0,0.47440123558044434
C000000004__VIS_4_SW_data_16-June-2026_11-00-06,A,26,23,215.91999999999985,0,0.0357854962348938,0,0.8900835514068604
C000000004__VIS_4_SW_data_16-June-2026_11-00-39,Ld,26,6,231.91999999999985,0,0.7056049928069115,0,0.7281274795532227
C000000004__VIS_4_SW_data_16-June-2026_11-00-39,A,26,5,231.91999999999985,6,0.0007746219635009766,0,0.22834157943725586
C000000004__VIS_4_SW_data_16-June-2026_11-01-20,Ld,26,18,214.91999999999985,0,0.7135381996631622,0,0.9695718288421631
C000000004__VIS_4_SW_data_16-June-2026_11-01-20,A,26,16,214.91999999999985,0,0.039194464683532715,0,1.1370587348937988
C000000004__VIS_4_SW_data_16-June-2026_11-01-48,Ld,26,1,212.91999999999985,0,0.7015930712223053,0,0.37294507026672363
C000000004__VIS_4_SW_data_16-June-2026_11-01-48,A,26,2,212.91999999999985,0,0.007983148097991943,0,0.3163437843322754
C000000004__VIS_4_SW_data_16-June-2026_11-02-20,Ld,26,9,226.91999999999985,0,0.29654964804649353,0,0.1947336196899414
C000000004__VIS_4_SW_data_16-June-2026_11-02-20,A,26,21,226.91999999999985,10,0.006722211837768555,1,0.13627910614013672
C000000004__VIS_4_SW_data_16-June-2026_11-03-50,Ld,26,10,224.91999999999985,0,0.1521313190460205,0,0.34078168869018555
C000000004__VIS_4_SW_data_16-June-2026_11-03-50,A,26,20,224.91999999999985,0,0.011234641075134277,0,0.43622589111328125
C000000004__VIS_4_SW_data_16-June-2026_11-04-18,Ld,26,8,243.91999999999985,0,0.9035282731056213,1,0.11927032470703125
C000000004__VIS_4_SW_data_16-June-2026_11-04-18,A,26,6,243.91999999999985,0,0.014847993850708008,0,0.20404601097106934
C000000004__VIS_4_SW_data_16-June-2026_11-04-50,Ld,26,20,238.91999999999985,0,0.8894385993480682,0,0.2238621711730957
C000000004__VIS_4_SW_data_16-June-2026_11-04-50,A,26,22,238.91999999999985,0,0.010632932186126709,0,0.06582784652709961
C000000004__VIS_4_SW_data_16-June-2026_11-05-52,Ld,26,2,244.91999999999985,0,0.8491254448890686,0,0.14830636978149414
C000000004__VIS_4_SW_data_16-June-2026_11-05-52,A,26,1,244.91999999999985,0,0.01381140947341919,0,0.406649112701416
C000000004__VIS_4_SW_data_16-June-2026_11-06-25,Ld,26,17,224.91999999999985,0,0.5585462599992752,0,0.20598864555358887
C000000004__VIS_4_SW_data_16-June-2026_11-06-25,A,26,8,224.91999999999985,0,0.018879055976867676,0,0.28535938262939453
C000000004__VIS_4_SW_data_16-June-2026_11-07-32,Ld,26,14,224.91999999999985,0,1.0618674159049988,0,0.42569541931152344
C000000004__VIS_4_SW_data_16-June-2026_11-07-32,A,26,3,224.91999999999985,0,0.008437275886535645,1,0.30362820625305176
C000000004__VIS_4_SW_data_16-June-2026_11-08-03,Ld,26,22,245.91999999999985,0,0.6730842590332031,0,0.1800222396850586
C000000004__VIS_4_SW_data_16-June-2026_11-08-03,A,26,11,245.91999999999985,0,0.006255507469177246,0,0.2206723690032959
C000000004__VIS_4_SW_data_16-June-2026_11-08-35,Ld,26,23,225.91999999999985,0,0.22779754549264908,3,0.05704236030578613
C000000004__VIS_4_SW_data_16-June-2026_11-08-35,A,26,20,225.91999999999985,12,0.004170477390289307,6,0.004681825637817383
C000000005__VIS-005_SW_data_19-June-2026_09-12-20,Ld,26,18,66.83200000047668,12,0.2999274730682373,6,0.3254506587982178
C000000005__VIS-005_SW_data_19-June-2026_09-12-20,A,26,5,66.83200000047668,13,0.021616101264953613,13,0.284212589263916
C000000005__VIS-005_SW_data_19-June-2026_09-12-54,Ld,26,19,62.83999999992534,0,0.28437498211860657,0,0.598750114440918
C000000005__VIS-005_SW_data_19-June-2026_09-12-54,A,26,1,62.83999999992534,6,0.010036349296569824,6,0.17307114601135254
C000000005__VIS-005_SW_data_19-June-2026_09-14-24,Ld,26,14,64.83199999954536,6,0.17670316994190216,6,0.13605260848999023
C000000005__VIS-005_SW_data_19-June-2026_09-14-24,A,26,10,64.83199999954536,6,0.013417243957519531,0,0.1028594970703125
C000000005__VIS-005_SW_data_19-June-2026_09-15-51,Ld,26,25,204.3480000000725,0,0.17044047266244888,0,0.43599843978881836
C000000005__VIS-005_SW_data_19-June-2026_09-15-51,A,26,5,204.3480000000725,0,0.01806575059890747,0,0.5588042736053467
C000000005__VIS-005_SW_data_19-June-2026_09-16-29,Ld,26,24,227.35100000009857,0,0.039716631174087524,0,0.05546927452087402
C000000005__VIS-005_SW_data_19-June-2026_09-16-29,A,26,2,227.35100000009857,0,0.023440659046173096,0,0.5770597457885742
C000000005__VIS-005_SW_data_19-June-2026_09-17-03,Ld,26,16,11.16800000045464,12,0.2762039601802826,12,0.08293795585632324
C000000005__VIS-005_SW_data_19-June-2026_09-17-03,A,26,15,11.16800000045464,13,0.0018106698989868164,13,0.041649580001831055
C000000005__VIS-005_SW_data_19-June-2026_09-18-05,Ld,26,23,97.1759999999033,5,0.19120919704437256,0,0.562711238861084
C000000005__VIS-005_SW_data_19-June-2026_09-18-05,A,26,7,97.1759999999033,0,0.004304051399230957,0,0.48284077644348145
C000000005__VIS-005_SW_data_19-June-2026_09-18-42,Ld,26,23,168.8450000000464,0,0.33617887645959854,0,0.7665705680847168
C000000005__VIS-005_SW_data_19-June-2026_09-18-42,A,26,17,168.8450000000464,0,0.005006074905395508,0,0.2532954216003418
C000000005__VIS-005_SW_data_19-June-2026_09-19-21,Ld,26,23,162.84299999995142,5,0.1936679184436798,13,0.29282593727111816
C000000005__VIS-005_SW_data_19-June-2026_09-19-21,A,26,5,162.84299999995142,6,0.011537611484527588,12,0.025650501251220703
C000000005__VIS-005_SW_data_19-June-2026_09-20-29,Ld,26,19,15.167999999523317,12,0.5139547511935234,12,0.3042030334472656
C000000005__VIS-005_SW_data_19-June-2026_09-20-29,A,26,24,15.167999999523317,0,0.004956662654876709,0,0.3070406913757324
C000000005__VIS-005_SW_data_19-June-2026_09-21-07,Ld,26,1,62.83600000020101,0,0.5711769163608551,0,0.013259172439575195
C000000005__VIS-005_SW_data_19-June-2026_09-21-07,A,26,9,62.83600000020101,0,0.026807427406311035,0,0.31447505950927734
C000000005__VIS-005_SW_data_19-June-2026_09-27-12,Ld,26,16,62.83599999926969,0,0.6144261658191681,0,0.09751605987548828
C000000005__VIS-005_SW_data_19-June-2026_09-27-12,A,26,2,62.83599999926969,12,0.00035566091537475586,12,0.03300070762634277
C000000005__VIS-005_SW_data_19-June-2026_09-27-41,Ld,26,13,64.83599999926969,0,0.5522009879350662,0,0.4058194160461426
C000000005__VIS-005_SW_data_19-June-2026_09-27-41,A,26,16,64.83599999926969,0,0.007991433143615723,0,0.37317347526550293
C000000005__VIS-005_SW_data_19-June-2026_09-28-50,Ld,26,19,64.83599999926969,5,0.29715265333652496,5,0.21868228912353516
C000000005__VIS-005_SW_data_19-June-2026_09-28-50,A,26,24,64.83599999926969,5,0.010125219821929932,5,0.038233041763305664
C000000005__VIS-005_SW_data_19-June-2026_09-29-28,Ld,26,10,64.83600000113233,0,0.17433536797761917,0,0.32505035400390625
C000000005__VIS-005_SW_data_19-June-2026_09-29-28,A,26,11,64.83600000113233,10,0.009538412094116211,0,0.14787602424621582
C000000005__VIS-005_SW_data_19-June-2026_09-30-03,Ld,26,12,64.83999999992534,10,0.3082151859998703,10,0.2891542911529541
C000000005__VIS-005_SW_data_19-June-2026_09-30-03,A,26,24,64.83999999992534,10,0.0009976625442504883,0,0.0006992816925048828
C000000007__VIS-007_SW_data_30-June-2026_11-45-50,Ld,26,5,61.83600000020101,0,0.3032332956790924,12,0.03934049606323242
C000000007__VIS-007_SW_data_30-June-2026_11-45-50,A,26,12,61.83600000020101,0,0.025583207607269287,0,0.4320354461669922
C000000007__VIS-007_SW_data_30-June-2026_11-47-50,Ld,26,1,30.833000000174934,1,0.20187893509864807,3,0.0017237663269042969
C000000007__VIS-007_SW_data_30-June-2026_11-47-50,A,26,11,30.833000000174934,0,0.034471988677978516,0,0.5849058628082275
C000000007__VIS-007_SW_data_30-June-2026_11-49-10,Ld,26,24,194.84799999983966,0,0.16488860175013542,0,0.08444046974182129
C000000007__VIS-007_SW_data_30-June-2026_11-49-10,A,26,16,194.84799999983966,8,0.0010792016983032227,0,0.16000032424926758
C000000007__VIS-007_SW_data_30-June-2026_11-50-12,Ld,26,9,15.332000000011021,5,0.028346136212348938,0,0.20208740234375
C000000007__VIS-007_SW_data_30-June-2026_11-50-12,A,26,25,15.332000000011021,6,0.015135049819946289,5,0.03508782386779785
C000000007__VIS-007_SW_data_30-June-2026_11-50-55,Ld,26,15,33.16999999985114,10,0.13935792446136475,8,0.09437036514282227
C000000007__VIS-007_SW_data_30-June-2026_11-50-55,A,26,24,33.16999999985114,1,0.019151806831359863,1,0.4854161739349365
C000000007__VIS-007_SW_data_30-June-2026_11-51-26,Ld,26,0,42.17399999957547,3,0.08252948522567749,11,0.0659935474395752
C000000007__VIS-007_SW_data_30-June-2026_11-51-26,A,26,11,42.17399999957547,0,0.013101756572723389,0,0.4552006721496582
C000000007__VIS-007_SW_data_30-June-2026_11-53-29,Ld,26,21,112.340000000391,0,0.6722442209720612,0,0.23698806762695312
C000000007__VIS-007_SW_data_30-June-2026_11-53-29,A,26,19,112.340000000391,0,0.01756417751312256,0,0.27539753913879395
C000000007__VIS-007_SW_data_30-June-2026_11-54-10,Ld,26,10,121.83899999976143,0,0.5293077379465103,1,0.02345561981201172
C000000007__VIS-007_SW_data_30-June-2026_11-54-10,A,26,12,121.83899999976143,0,0.0014491081237792969,0,0.027941465377807617
C000000007__VIS-007_SW_data_30-June-2026_11-57-47,Ld,26,10,127.84099999999967,10,0.0660611242055893,0,0.12354826927185059
C000000007__VIS-007_SW_data_30-June-2026_11-57-47,A,26,13,127.84099999999967,8,0.0019483566284179688,0,0.1984567642211914
C000000007__VIS-007_SW_data_30-June-2026_11-58-24,Ld,26,5,112.34000000000538,4,0.05881352722644806,6,0.0571749210357666
C000000007__VIS-007_SW_data_30-June-2026_11-58-24,A,26,20,112.34000000000538,6,0.0007987022399902344,1,0.10361790657043457
C000000007__VIS-007_SW_data_30-June-2026_11-58-59,Ld,26,2,154.84500000000276,0,1.0426912903785706,0,0.3112177848815918
C000000007__VIS-007_SW_data_30-June-2026_11-58-59,A,26,10,154.84500000000276,0,0.024662375450134277,1,0.4319436550140381
C000000007__VIS-007_SW_data_30-June-2026_11-59-49,Ld,26,7,282.35600000000136,8,0.3475787043571472,7,0.17644500732421875
C000000007__VIS-007_SW_data_30-June-2026_11-59-49,A,26,19,282.35600000000136,8,0.0020589828491210938,12,0.011952400207519531
C000000007__VIS-007_SW_data_30-June-2026_12-00-27,Ld,26,19,18.172000000004346,3,0.06236031651496887,2,0.016544818878173828
C000000007__VIS-007_SW_data_30-June-2026_12-00-27,A,26,18,18.172000000004346,6,0.0034015774726867676,6,0.06432652473449707
C000000007__VIS-007_SW_data_30-June-2026_12-01-29,Ld,26,24,14.167999999988979,6,0.38953959941864014,10,0.05293560028076172
C000000007__VIS-007_SW_data_30-June-2026_12-01-29,A,26,24,14.167999999988979,0,0.011278212070465088,0,0.4333968162536621
C000000008__VIS-010_SW_data_03-July-2026_10-36-33,Ld,26,4,232.34900000000357,10,0.27325183898210526,4,0.08242464065551758
C000000008__VIS-010_SW_data_03-July-2026_10-36-33,A,26,2,232.34900000000357,4,0.002256155014038086,13,0.09281373023986816
C000000008__VIS-010_SW_data_03-July-2026_10-37-16,Ld,26,3,265.3550000000557,0,1.1849725469946861,0,0.19702816009521484
C000000008__VIS-010_SW_data_03-July-2026_10-37-16,A,26,18,265.3550000000557,0,0.030418753623962402,0,0.5437586307525635
C000000008__VIS-010_SW_data_03-July-2026_10-37-44,Ld,26,25,250.35099999986573,0,1.0937785804271698,0,0.025826454162597656
C000000008__VIS-010_SW_data_03-July-2026_10-37-44,A,26,24,250.35099999986573,0,0.025584936141967773,0,0.5137481689453125
C000000008__VIS-010_SW_data_03-July-2026_10-38-22,Ld,26,17,239.35000000016748,0,0.6948454864323139,1,0.031990766525268555
C000000008__VIS-010_SW_data_03-July-2026_10-38-22,A,26,25,239.35000000016748,0,0.02918100357055664,0,0.5328290462493896
C000000008__VIS-010_SW_data_03-July-2026_10-39-08,Ld,26,22,226.84900000000357,11,0.15512393414974213,8,0.007529735565185547
C000000008__VIS-010_SW_data_03-July-2026_10-39-08,A,26,0,226.84900000000357,5,0.0011137723922729492,13,0.01444864273071289
C000000008__VIS-010_SW_data_03-July-2026_10-39-52,Ld,26,3,137.34300000041708,9,0.12959174811840057,0,0.00433349609375
C000000008__VIS-010_SW_data_03-July-2026_10-39-52,A,26,22,137.34300000041708,8,0.006556153297424316,0,0.18908190727233887
C000000008__VIS-010_SW_data_03-July-2026_10-40-54,Ld,26,2,174.84499999981358,0,0.18772855401039124,0,0.39760351181030273
C000000008__VIS-010_SW_data_03-July-2026_10-40-54,A,26,25,174.84499999981358,0,0.0021327733993530273,0,0.3515315055847168
C000000008__VIS-010_SW_data_03-July-2026_10-41-24,Ld,26,21,179.8449999999998,10,0.21817900612950325,10,0.20362067222595215
C000000008__VIS-010_SW_data_03-July-2026_10-41-24,A,26,24,179.8449999999998,6,0.001963317394256592,11,0.0902872085571289
C000000008__VIS-010_SW_data_03-July-2026_10-41-56,Ld,26,9,173.34599999999932,9,0.3564726412296295,8,0.1848149299621582
C000000008__VIS-010_SW_data_03-July-2026_10-41-56,A,26,3,173.34599999999932,8,0.0021959543228149414,10,0.09103918075561523
C000000008__VIS-010_SW_data_03-July-2026_10-42-38,Ld,26,13,228.85100000001125,4,0.5152538269758224,4,0.20737457275390625
C000000008__VIS-010_SW_data_03-July-2026_10-42-38,A,26,25,228.85100000001125,4,0.0005995631217956543,0,0.020715713500976562
C000000008__VIS-010_SW_data_03-July-2026_10-43-23,Ld,26,9,215.85000000002196,0,0.8719887882471085,0,0.18520164489746094
C000000008__VIS-010_SW_data_03-July-2026_10-43-23,A,26,23,215.85000000002196,0,0.024447143077850342,0,0.38851356506347656
C000000008__VIS-010_SW_data_03-July-2026_10-43-54,Ld,26,9,191.347000000025,0,0.5479461327195168,0,0.06422233581542969
C000000008__VIS-010_SW_data_03-July-2026_10-43-54,A,26,21,191.347000000025,0,0.0018532276153564453,1,0.11392974853515625
C000000008__VIS-010_SW_data_03-July-2026_10-44-27,Ld,26,5,185.8450000000173,8,0.21464288979768753,8,0.0604090690612793
C000000008__VIS-010_SW_data_03-July-2026_10-44-27,A,26,12,185.8450000000173,10,0.00029015541076660156,10,0.039554595947265625
C000000008__VIS-010_SW_data_03-July-2026_10-44-58,Ld,26,8,170.3459999999775,7,0.21699049323797226,1,0.005234479904174805
C000000008__VIS-010_SW_data_03-July-2026_10-44-58,A,26,6,170.3459999999775,0,0.00751340389251709,0,0.05882573127746582
C000000009__VIS-009_SW_data_03-July-2026_09-43-33,Ld,26,23,92.83899999999426,2,0.48245006799697876,2,0.029671669006347656
C000000009__VIS-009_SW_data_03-July-2026_09-43-33,A,26,20,92.83899999999426,2,0.01302558183670044,2,0.14433073997497559
C000000009__VIS-009_SW_data_03-July-2026_09-45-12,Ld,26,3,18.83200000001102,12,0.2784518003463745,12,0.012865304946899414
C000000009__VIS-009_SW_data_03-July-2026_09-45-12,A,26,24,18.83200000001102,12,0.011587142944335938,11,0.25639963150024414
C000000009__VIS-009_SW_data_03-July-2026_09-45-57,Ld,26,25,259.85300000007715,0,0.952263779938221,1,0.5832772254943848
C000000009__VIS-009_SW_data_03-July-2026_09-45-57,A,26,6,259.85300000007715,0,0.01923954486846924,1,0.6585595607757568
C000000009__VIS-009_SW_data_03-July-2026_09-47-12,Ld,26,11,165.3470000001414,12,0.20481061935424805,12,0.09328579902648926
C000000009__VIS-009_SW_data_03-July-2026_09-47-12,A,26,14,165.3470000001414,6,0.018871605396270752,6,0.32613348960876465
C000000009__VIS-009_SW_data_03-July-2026_09-47-50,Ld,26,17,169.34499999981358,6,0.36959999799728394,5,0.18407535552978516
C000000009__VIS-009_SW_data_03-July-2026_09-47-50,A,26,11,169.34499999981358,6,0.011013627052307129,0,0.022979736328125
C000000009__VIS-009_SW_data_03-July-2026_09-48-24,Ld,26,3,115.33899999999426,8,0.0034922659397125244,4,0.1626296043395996
C000000009__VIS-009_SW_data_03-July-2026_09-48-24,A,26,24,115.33899999999426,4,0.014869749546051025,5,0.28258800506591797
C000000009__VIS-009_SW_data_03-July-2026_09-49-49,Ld,26,17,152.34400000011533,1,0.09709060192108154,1,0.28734683990478516
C000000009__VIS-009_SW_data_03-July-2026_09-49-49,A,26,1,152.34400000011533,2,0.010562658309936523,12,0.05998587608337402
C000000009__VIS-009_SW_data_03-July-2026_09-50-42,Ld,26,21,210.3480000000725,0,0.3373565301299095,0,0.10570955276489258
C000000009__VIS-009_SW_data_03-July-2026_09-50-42,A,26,19,210.3480000000725,6,0.009565234184265137,6,0.21246075630187988
C000000009__VIS-009_SW_data_03-July-2026_09-51-59,Ld,26,4,93.83899999999426,0,0.4665377587080002,0,0.3309767246246338
C000000009__VIS-009_SW_data_03-July-2026_09-51-59,A,26,15,93.83899999999426,0,0.040188610553741455,0,0.1911299228668213
C000000009__VIS-009_SW_data_03-July-2026_09-54-19,Ld,26,13,52.3350000000371,9,0.1254342794418335,9,0.16683101654052734
C000000009__VIS-009_SW_data_03-July-2026_09-54-19,A,26,0,52.3350000000371,12,0.002650737762451172,12,0.19465017318725586
C000000009__VIS-009_SW_data_03-July-2026_09-55-35,Ld,26,24,142.84299999995142,0,0.6099370121955872,0,0.18729543685913086
C000000009__VIS-009_SW_data_03-July-2026_09-55-35,A,26,18,142.84299999995142,0,0.019508659839630127,0,0.24820804595947266
C000000009__VIS-009_SW_data_03-July-2026_09-56-29,Ld,26,8,164.34400000011533,3,0.14532500505447388,5,0.07271647453308105
C000000009__VIS-009_SW_data_03-July-2026_09-56-29,A,26,0,164.34400000011533,12,0.0005776882171630859,4,0.0029065608978271484
C000000009__VIS-009_SW_data_03-July-2026_09-57-15,Ld,26,2,176.84699999990858,8,0.1723446249961853,0,0.06485772132873535
C000000009__VIS-009_SW_data_03-July-2026_09-57-15,A,26,19,176.84699999990858,0,0.0008537769317626953,0,0.23744702339172363
C000000009__VIS-009_SW_data_03-July-2026_09-57-46,Ld,26,3,101.33799999983034,0,0.8167853951454163,0,0.16908669471740723
C000000009__VIS-009_SW_data_03-July-2026_09-57-46,A,26,13,101.33799999983034,0,0.015370368957519531,0,0.5188808441162109
C000000009__VIS-009_SW_data_03-July-2026_09-58-21,Ld,26,23,82.33699999989926,6,0.02428656816482544,0,0.09686946868896484
C000000009__VIS-009_SW_data_03-July-2026_09-58-21,A,26,24,82.33699999989926,6,0.0019907355308532715,7,0.09545516967773438
C000000009__VIS-009_SW_data_03-July-2026_10-02-09,Ld,26,6,172.3450000000464,0,1.0872880220413208,0,0.6911396980285645
C000000009__VIS-009_SW_data_03-July-2026_10-02-09,A,26,1,172.3450000000464,0,0.11488866806030273,0,0.9367616176605225
C000000010__vis-006_SW_data_30-June-2026_09-43-28,Ld,26,12,302.35899999989647,0,0.9002449065446854,0,0.5163857936859131
C000000010__vis-006_SW_data_30-June-2026_09-43-28,A,26,21,302.35899999989647,0,0.0241585373878479,0,0.010125875473022461
C000000010__vis-006_SW_data_30-June-2026_09-44-14,Ld,26,16,326.35999999994397,0,1.1971484422683716,0,0.4220256805419922
C000000010__vis-006_SW_data_30-June-2026_09-44-14,A,26,1,326.35999999994397,0,0.006381571292877197,8,0.060408592224121094
C000000010__vis-006_SW_data_30-June-2026_09-44-49,Ld,26,16,338.8600000000604,0,0.42244672775268555,0,0.3073110580444336
C000000010__vis-006_SW_data_30-June-2026_09-44-49,A,26,8,338.8600000000604,0,0.012510895729064941,0,0.38506317138671875
C000000010__vis-006_SW_data_30-June-2026_09-46-57,Ld,26,5,334.1959999999219,0,1.4820291996002197,0,0.2174665927886963
C000000010__vis-006_SW_data_30-June-2026_09-46-57,A,26,11,334.1959999999219,0,0.02642977237701416,0,0.24091243743896484
C000000010__vis-006_SW_data_30-June-2026_09-47-28,Ld,26,22,334.8590000000129,0,1.0242790877819061,0,0.31950998306274414
C000000010__vis-006_SW_data_30-June-2026_09-47-28,A,26,25,334.8590000000129,0,0.01094961166381836,0,0.11038017272949219
C000000010__vis-006_SW_data_30-June-2026_09-48-33,Ld,26,3,334.1980000000169,0,1.0309261679649353,0,0.12529373168945312
C000000010__vis-006_SW_data_30-June-2026_09-48-33,A,26,14,334.1980000000169,0,0.013468742370605469,0,0.12530231475830078
C000000010__vis-006_SW_data_30-June-2026_09-50-42,Ld,26,19,315.8590000000129,0,0.8464447855949402,13,0.01958918571472168
C000000010__vis-006_SW_data_30-June-2026_09-50-42,A,26,6,315.8590000000129,0,0.014403223991394043,0,0.04121661186218262
C000000010__vis-006_SW_data_30-June-2026_09-51-19,Ld,26,7,303.3590000000129,0,1.5649868249893188,0,0.22142434120178223
C000000010__vis-006_SW_data_30-June-2026_09-51-19,A,26,6,303.3590000000129,0,0.02873814105987549,0,0.414841890335083
C000000010__vis-006_SW_data_30-June-2026_09-52-14,Ld,26,5,325.86099999987505,0,1.2087697386741638,0,0.3007528781890869
C000000010__vis-006_SW_data_30-June-2026_09-52-14,A,26,23,325.86099999987505,0,0.010556697845458984,0,0.10508251190185547
C000000010__vis-006_SW_data_30-June-2026_09-53-44,Ld,26,5,301.3559999999868,0,1.2139230370521545,0,0.30944204330444336
C000000010__vis-006_SW_data_30-June-2026_09-53-44,A,26,5,301.3559999999868,0,0.02841240167617798,0,0.38784122467041016
C000000010__vis-006_SW_data_30-June-2026_09-55-00,Ld,26,3,284.8550000000557,0,0.946883425116539,0,0.327911376953125
C000000010__vis-006_SW_data_30-June-2026_09-55-00,A,26,3,284.8550000000557,0,0.003062903881072998,0,0.1579456329345703
C000000010__vis-006_SW_data_30-June-2026_09-55-36,Ld,26,20,270.8559999999868,0,1.7356311976909637,12,0.07909345626831055
C000000010__vis-006_SW_data_30-June-2026_09-55-36,A,26,7,270.8559999999868,0,0.033711016178131104,0,0.6049966812133789
C000000010__vis-006_SW_data_30-June-2026_09-56-24,Ld,26,20,322.8590000000129,0,0.7538788318634033,0,0.11847782135009766
C000000010__vis-006_SW_data_30-June-2026_09-56-24,A,26,15,322.8590000000129,0,0.011684954166412354,0,0.32732224464416504
C000000010__vis-006_SW_data_30-June-2026_09-56-54,Ld,26,22,331.8580000000818,0,1.3831660374999046,0,0.2496776580810547
C000000010__vis-006_SW_data_30-June-2026_09-56-54,A,26,14,331.8580000000818,0,0.0230829119682312,0,0.5869581699371338
C000000011__VIS-11_SW_data_07-July-2026_08-40-05,Ld,31,23,395.447999999956,0,1.3531668484210968,0,0.334796667098999
C000000011__VIS-11_SW_data_07-July-2026_08-40-05,A,31,25,395.447999999956,0,0.04745900630950928,0,0.6370468139648438
C000000011__VIS-11_SW_data_07-July-2026_08-40-50,Ld,31,1,384.9480000000142,0,1.4396130442619324,0,0.2930893898010254
C000000011__VIS-11_SW_data_07-July-2026_08-40-50,A,31,17,384.9480000000142,0,0.05584537982940674,0,0.7353982925415039
C000000011__VIS-11_SW_data_07-July-2026_08-42-03,Ld,31,14,371.447999999956,0,0.7915961146354675,0,0.7188212871551514
C000000011__VIS-11_SW_data_07-July-2026_08-42-03,A,31,8,371.447999999956,0,0.01714611053466797,0,0.3186759948730469
C000000011__VIS-11_SW_data_07-July-2026_08-42-55,Ld,31,14,370.9469999999085,0,1.3361349701881409,0,0.6136441230773926
C000000011__VIS-11_SW_data_07-July-2026_08-42-55,A,31,12,370.9469999999085,0,0.04003030061721802,0,0.8194599151611328
C000000011__VIS-11_SW_data_07-July-2026_08-43-46,Ld,31,15,364.4449999999299,0,0.7044111341238022,0,0.08874821662902832
C000000011__VIS-11_SW_data_07-July-2026_08-43-46,A,31,25,364.4449999999299,0,0.020566582679748535,5,0.09790205955505371
C000000011__VIS-11_SW_data_07-July-2026_08-44-19,Ld,31,25,354.4459999999774,0,1.5147876143455505,0,0.7203738689422607
C000000011__VIS-11_SW_data_07-July-2026_08-44-19,A,31,19,354.4459999999774,0,0.09191465377807617,0,0.951350212097168
C000000011__VIS-11_SW_data_07-July-2026_08-47-07,Ld,31,22,351.9439999999988,0,1.2605782747268677,0,0.5502223968505859
C000000011__VIS-11_SW_data_07-July-2026_08-47-07,A,31,29,351.9439999999988,0,0.004339337348937988,0,0.0613250732421875
C000000011__VIS-11_SW_data_07-July-2026_08-47-48,Ld,31,19,344.4449999999299,0,1.262568861246109,0,0.7384252548217773
C000000011__VIS-11_SW_data_07-July-2026_08-47-48,A,31,11,344.4449999999299,0,0.02782207727432251,0,0.540562629699707
C000000011__VIS-11_SW_data_07-July-2026_08-48-43,Ld,31,2,377.9470000000249,0,1.2089156806468964,0,0.4163808822631836
C000000011__VIS-11_SW_data_07-July-2026_08-48-43,A,31,17,377.9470000000249,0,0.04495394229888916,0,0.648496150970459
C000000011__VIS-11_SW_data_07-July-2026_08-50-02,Ld,31,7,341.94200000002024,0,1.006637305021286,0,0.3894169330596924
C000000011__VIS-11_SW_data_07-July-2026_08-50-02,A,31,18,341.94200000002024,0,0.05568838119506836,0,0.8095223903656006
C000000011__VIS-11_SW_data_07-July-2026_08-50-39,Ld,31,0,350.44400000011524,0,1.316450297832489,0,0.5941958427429199
C000000011__VIS-11_SW_data_07-July-2026_08-50-39,A,31,26,350.44400000011524,0,0.0697178840637207,0,0.7326531410217285
C000000011__VIS-11_SW_data_07-July-2026_08-51-19,Ld,31,29,349.4450000000463,0,1.3437823057174683,0,0.3147847652435303
C000000011__VIS-11_SW_data_07-July-2026_08-51-19,A,31,4,349.4450000000463,0,0.07566440105438232,0,0.720261812210083
C000000011__VIS-11_SW_data_07-July-2026_08-52-16,Ld,31,25,323.9429999999513,0,1.185728907585144,0,0.5704121589660645
C000000011__VIS-11_SW_data_07-July-2026_08-52-16,A,31,12,323.9429999999513,0,0.011394977569580078,0,0.3197970390319824
C000000011__VIS-11_SW_data_07-July-2026_08-52-47,Ld,31,1,333.44300000018416,0,1.3819620013237,0,0.17163753509521484
C000000011__VIS-11_SW_data_07-July-2026_08-52-47,A,31,28,333.44300000018416,0,0.08293867111206055,0,0.8779916763305664
C000000011__VIS-11_SW_data_07-July-2026_08-53-32,Ld,31,29,353.9439999998824,0,0.9169649481773376,0,0.7511894702911377
C000000011__VIS-11_SW_data_07-July-2026_08-53-32,A,31,1,353.9439999998824,0,0.010214805603027344,0,0.38195371627807617
C000000012__VIS-014_SW_data_07-July-2026_11-41-37,Ld,31,18,24.399999998956673,0,0.9414041936397552,0,0.670706033706665
C000000012__VIS-014_SW_data_07-July-2026_11-41-37,A,31,25,24.399999998956673,0,0.019529283046722412,0,0.16251897811889648
C000000012__VIS-014_SW_data_07-July-2026_11-42-46,Ld,31,24,342.9429999999513,0,1.135483205318451,0,0.608912467956543
C000000012__VIS-014_SW_data_07-July-2026_11-42-46,A,31,12,342.9429999999513,0,0.02773350477218628,0,0.4680159091949463
C000000012__VIS-014_SW_data_07-July-2026_11-43-19,Ld,31,26,19.404999999776237,0,1.1106867790222168,0,0.3442504405975342
C000000012__VIS-014_SW_data_07-July-2026_11-43-19,A,31,25,19.404999999776237,0,0.03682440519332886,0,0.38420796394348145
C000000012__VIS-014_SW_data_07-July-2026_11-47-54,Ld,31,3,19.41499999908706,0,1.3007089793682098,0,0.4492206573486328
C000000012__VIS-014_SW_data_07-July-2026_11-47-54,A,31,0,19.41499999908706,0,0.03246569633483887,0,0.4934051036834717
C000000012__VIS-014_SW_data_07-July-2026_11-51-16,Ld,31,3,326.9419999997874,0,0.838555097579956,0,0.43376922607421875
C000000012__VIS-014_SW_data_07-July-2026_11-51-16,A,31,11,326.9419999997874,0,0.016330838203430176,0,0.47704005241394043
C000000012__VIS-014_SW_data_07-July-2026_11-52-00,Ld,31,3,332.94100000008916,0,0.8578799366950989,0,0.4686753749847412
C000000012__VIS-014_SW_data_07-July-2026_11-52-00,A,31,2,332.94100000008916,0,0.012132406234741211,0,0.27220916748046875
C000000012__VIS-014_SW_data_07-July-2026_11-52-35,Ld,31,8,392.9470000001413,0,1.026428684592247,0,0.4249112606048584
C000000012__VIS-014_SW_data_07-July-2026_11-52-35,A,31,20,392.9470000001413,0,0.03348255157470703,0,0.4357476234436035
C000000012__VIS-014_SW_data_07-July-2026_11-53-20,Ld,31,16,299.1120000002163,0,1.5062699019908905,0,0.27544212341308594
C000000012__VIS-014_SW_data_07-July-2026_11-53-20,A,31,8,299.1120000002163,0,0.025533437728881836,0,0.3365325927734375
C000000012__VIS-014_SW_data_07-July-2026_11-55-12,Ld,31,29,265.1120000002163,0,1.304122418165207,0,0.5700452327728271
C000000012__VIS-014_SW_data_07-July-2026_11-55-12,A,31,21,265.1120000002163,0,0.033866822719573975,0,0.6453969478607178
C000000012__VIS-014_SW_data_07-July-2026_11-55-56,Ld,31,19,382.4459999999774,0,0.5361185967922211,0,0.38885974884033203
C000000012__VIS-014_SW_data_07-July-2026_11-55-56,A,31,29,382.4459999999774,0,0.011113405227661133,0,0.33504247665405273
C000000012__VIS-014_SW_data_07-July-2026_11-56-44,Ld,31,24,194.10399999983633,0,0.20953384786844254,10,0.05734133720397949
C000000012__VIS-014_SW_data_07-July-2026_11-56-44,A,31,3,194.10399999983633,0,0.013003528118133545,10,0.025380373001098633
C000000012__VIS-014_SW_data_07-July-2026_12-03-49,Ld,31,1,316.44100000008916,0,0.5644503831863403,0,0.21632647514343262
C000000012__VIS-014_SW_data_07-July-2026_12-03-49,A,31,26,316.44100000008916,0,0.006096899509429932,0,0.2642333507537842
C000000012__VIS-014_SW_data_07-July-2026_12-04-31,Ld,31,12,320.93899999976134,0,1.6253203749656677,0,0.21336627006530762
C000000012__VIS-014_SW_data_07-July-2026_12-04-31,A,31,1,320.93899999976134,0,0.023524999618530273,0,0.45908141136169434
C000000012__VIS-014_SW_data_07-July-2026_12-05-09,Ld,31,14,292.439000000227,0,1.6444634199142456,0,0.2379775047302246
C000000012__VIS-014_SW_data_07-July-2026_12-05-09,A,31,11,292.439000000227,0,0.026899397373199463,0,0.2937483787536621
C000000012__VIS-014_SW_data_07-July-2026_12-05-40,Ld,31,13,295.93999999992525,0,0.9537637233734131,0,0.44736504554748535
C000000012__VIS-014_SW_data_07-July-2026_12-05-40,A,31,13,295.93999999992525,0,0.0071413516998291016,0,0.4628143310546875
C000000012__VIS-014_SW_data_07-July-2026_12-06-10,Ld,31,9,76.91999999850964,0,1.3567588925361633,0,0.20438718795776367
C000000012__VIS-014_SW_data_07-July-2026_12-06-10,A,31,15,76.91999999850964,0,0.006613016128540039,0,0.05945444107055664
C000000013__VIS-016_SW_data_10-July-2026_10-11-11,Ld,31,15,172.09799999978418,2,0.18834465742111206,11,0.017272472381591797
C000000013__VIS-016_SW_data_10-July-2026_10-11-11,A,31,30,172.09799999978418,2,0.014190673828125,11,0.1538538932800293
C000000013__VIS-016_SW_data_10-July-2026_10-11-53,Ld,31,21,285.1099999998885,0,0.18919281661510468,8,0.1351921558380127
C000000013__VIS-016_SW_data_10-July-2026_10-11-53,A,31,24,285.1099999998885,0,0.003478407859802246,8,0.2706632614135742
C000000013__VIS-016_SW_data_10-July-2026_10-12-47,Ld,31,0,355.12000000013063,0,0.27746152877807617,0,0.09919166564941406
C000000013__VIS-016_SW_data_10-July-2026_10-12-47,A,31,9,355.12000000013063,14,0.007008910179138184,14,0.47256994247436523
C000000013__VIS-016_SW_data_10-July-2026_10-13-38,Ld,31,30,289.11199999975065,0,0.42304155230522156,0,0.26828742027282715
C000000013__VIS-016_SW_data_10-July-2026_10-13-38,A,31,8,289.11199999975065,6,0.009186625480651855,6,0.1148219108581543
C000000013__VIS-016_SW_data_10-July-2026_10-14-12,Ld,31,15,347.12399999985496,0,0.3591681718826294,0,0.4724903106689453
C000000013__VIS-016_SW_data_10-July-2026_10-14-12,A,31,26,347.12399999985496,0,0.014288663864135742,0,0.10138845443725586
C000000013__VIS-016_SW_data_10-July-2026_10-14-46,Ld,31,19,373.11800000026847,0,0.2803831025958061,0,0.0862431526184082
C000000013__VIS-016_SW_data_10-July-2026_10-14-46,A,31,27,373.11800000026847,8,0.004554450511932373,8,0.1780869960784912
C000000013__VIS-016_SW_data_10-July-2026_10-16-00,Ld,31,5,266.1099999998885,0,1.435705877840519,0,0.3767893314361572
C000000013__VIS-016_SW_data_10-July-2026_10-16-00,A,31,15,266.1099999998885,0,0.07388293743133545,0,0.44957756996154785
C000000013__VIS-016_SW_data_10-July-2026_10-16-57,Ld,31,19,216.10800000002632,0,0.430636502802372,0,0.2702164649963379
C000000013__VIS-016_SW_data_10-July-2026_10-16-57,A,31,10,216.10800000002632,0,0.04096364974975586,15,0.08014202117919922
C000000013__VIS-016_SW_data_10-July-2026_10-17-32,Ld,31,17,282.10799999956066,0,1.0670566856861115,0,0.3963141441345215
C000000013__VIS-016_SW_data_10-July-2026_10-17-32,A,31,30,282.10799999956066,0,0.006463944911956787,13,0.4428229331970215
C000000013__VIS-016_SW_data_10-July-2026_10-18-26,Ld,31,22,312.11599999994064,0,0.9772187173366547,0,0.14109230041503906
C000000013__VIS-016_SW_data_10-July-2026_10-18-26,A,31,9,312.11599999994064,0,0.0315018892288208,0,0.6164202690124512
C000000013__VIS-016_SW_data_10-July-2026_10-19-06,Ld,31,1,325.11599999994064,0,0.727988988161087,0,0.009045124053955078
C000000013__VIS-016_SW_data_10-July-2026_10-19-06,A,31,5,325.11599999994064,0,0.025836467742919922,0,0.39690709114074707
C000000013__VIS-016_SW_data_10-July-2026_10-19-58,Ld,31,8,388.1239999993893,10,0.45918239653110504,11,0.35796570777893066
C000000013__VIS-016_SW_data_10-July-2026_10-19-58,A,31,27,388.1239999993893,0,8.344650268554688e-07,0,0.05688595771789551
C000000013__VIS-016_SW_data_10-July-2026_10-20-33,Ld,31,8,387.11800000026847,0,0.852105438709259,0,0.09869384765625
C000000013__VIS-016_SW_data_10-July-2026_10-20-33,A,31,25,387.11800000026847,0,0.032852888107299805,0,0.1997849941253662
C000000013__VIS-016_SW_data_10-July-2026_10-21-05,Ld,31,8,284.1139999996128,5,0.12368959188461304,5,0.11497259140014648
C000000013__VIS-016_SW_data_10-July-2026_10-21-05,A,31,20,284.1139999996128,0,0.02054131031036377,0,0.404541015625
C000000013__VIS-016_SW_data_10-July-2026_10-22-00,Ld,31,16,262.108000000492,0,0.5573784410953522,7,0.12485456466674805
C000000013__VIS-016_SW_data_10-July-2026_10-22-00,A,31,29,262.108000000492,0,0.04563796520233154,0,0.7337794303894043
C000000014__VIS-008_SW_data_10-July-2026_08-36-06,Ld,31,17,73.09499999993272,11,0.1691400110721588,1,0.4171614646911621
C000000014__VIS-008_SW_data_10-July-2026_08-36-06,A,31,28,73.09499999993272,13,0.003412008285522461,13,0.10818791389465332
C000000014__VIS-008_SW_data_10-July-2026_08-38-51,Ld,31,29,240.435000000037,15,0.003036975860595703,0,0.3356447219848633
C000000014__VIS-008_SW_data_10-July-2026_08-38-51,A,31,23,240.435000000037,6,0.01039135456085205,1,0.08391857147216797
C000000014__VIS-008_SW_data_10-July-2026_08-42-17,Ld,31,19,236.93300000005843,0,0.09259495139122009,0,0.32917141914367676
C000000014__VIS-008_SW_data_10-July-2026_08-42-17,A,31,26,236.93300000005843,0,0.002392888069152832,15,0.026470661163330078
C000000014__VIS-008_SW_data_10-July-2026_08-43-45,Ld,31,30,215.93300000005843,0,0.24508041143417358,0,0.3631255626678467
C000000014__VIS-008_SW_data_10-July-2026_08-43-45,A,31,7,215.93300000005843,11,0.011395573616027832,11,0.1973562240600586
C000000014__VIS-008_SW_data_10-July-2026_08-44-48,Ld,31,17,244.9370000000156,0,0.25285904109477997,0,0.4247560501098633
C000000014__VIS-008_SW_data_10-July-2026_08-44-48,A,31,4,244.9370000000156,0,0.017116904258728027,0,0.12783002853393555
C000000014__VIS-008_SW_data_10-July-2026_08-45-21,Ld,31,3,239.4339999999895,0,0.1261761486530304,0,0.18023133277893066
C000000014__VIS-008_SW_data_10-July-2026_08-45-21,A,31,20,239.4339999999895,11,0.003538846969604492,1,0.2686927318572998
C000000014__VIS-008_SW_data_10-July-2026_08-49-37,Ld,31,1,188.93200000001093,11,0.07951060682535172,0,0.07268047332763672
C000000014__VIS-008_SW_data_10-July-2026_08-49-37,A,31,22,188.93200000001093,11,0.03365600109100342,11,0.0676584243774414
C000000014__VIS-008_SW_data_10-July-2026_08-50-21,Ld,31,25,229.43400000010593,0,0.8130857944488525,0,0.9583332538604736
C000000014__VIS-008_SW_data_10-July-2026_08-50-21,A,31,5,229.43400000010593,0,0.019695043563842773,0,0.37363767623901367
C000000014__VIS-008_SW_data_10-July-2026_08-50-58,Ld,31,21,241.4359999999681,0,1.221434235572815,0,0.9601655006408691
C000000014__VIS-008_SW_data_10-July-2026_08-50-58,A,31,12,241.4359999999681,0,0.03216850757598877,0,0.2750391960144043
C000000014__VIS-008_SW_data_10-July-2026_08-51-48,Ld,31,27,238.9359999999681,0,0.30179794505238533,1,0.24801874160766602
C000000014__VIS-008_SW_data_10-July-2026_08-51-48,A,31,28,238.9359999999681,0,0.0098763108253479,0,0.36848878860473633
C000000014__VIS-008_SW_data_10-July-2026_08-52-22,Ld,31,17,238.9359999999681,15,0.4149313271045685,15,0.04711270332336426
C000000014__VIS-008_SW_data_10-July-2026_08-52-22,A,31,17,238.9359999999681,8,0.032843947410583496,8,0.6003751754760742
C000000014__VIS-008_SW_data_10-July-2026_08-53-00,Ld,31,22,208.4339999998731,8,0.20374751091003418,8,0.07340669631958008
C000000014__VIS-008_SW_data_10-July-2026_08-53-00,A,31,17,208.4339999998731,4,0.009055912494659424,0,0.008140087127685547
C000000014__VIS-008_SW_data_10-July-2026_08-53-46,Ld,31,23,219.93400000010593,0,0.10787862539291382,0,0.42401790618896484
C000000014__VIS-008_SW_data_10-July-2026_08-53-46,A,31,6,219.93400000010593,0,0.01831352710723877,0,0.652956485748291
C000000014__VIS-008_SW_data_10-July-2026_08-54-18,Ld,31,24,219.93400000010593,0,1.1390641033649445,0,0.3309762477874756
C000000014__VIS-008_SW_data_10-July-2026_08-54-18,A,31,16,219.93400000010593,0,0.003026127815246582,0,0.12401723861694336
C000000014__VIS-008_SW_data_10-July-2026_08-55-26,Ld,31,23,214.93200000001093,6,0.38346320390701294,6,0.26057887077331543
C000000014__VIS-008_SW_data_10-July-2026_08-55-26,A,31,16,214.93200000001093,6,0.015581369400024414,6,0.5711038112640381
C000000015__VIS-017_SW_data_10-July-2026_10-53-28,Ld,31,9,108.09799999885286,4,0.028539463877677917,3,0.04954171180725098
C000000015__VIS-017_SW_data_10-July-2026_10-53-28,A,31,2,108.09799999885286,10,0.0014888644218444824,14,0.055051326751708984
C000000015__VIS-017_SW_data_10-July-2026_10-54-09,Ld,31,16,100.09999999999559,0,1.1373586356639862,0,0.5210976600646973
C000000015__VIS-017_SW_data_10-July-2026_10-54-09,A,31,30,100.09999999999559,0,0.06323122978210449,0,0.0036242008209228516
C000000015__VIS-017_SW_data_10-July-2026_10-54-55,Ld,31,1,69.09199999999396,0,0.5311783850193024,0,0.6088094711303711
C000000015__VIS-017_SW_data_10-July-2026_10-54-55,A,31,17,69.09199999999396,0,0.017927885055541992,0,0.34213733673095703
C000000015__VIS-017_SW_data_10-July-2026_10-55-41,Ld,31,13,183.10400000001096,0,0.8457269072532654,5,0.17008018493652344
C000000015__VIS-017_SW_data_10-July-2026_10-55-41,A,31,0,183.10400000001096,0,0.035723865032196045,8,0.014180421829223633
C000000015__VIS-017_SW_data_10-July-2026_10-56-30,Ld,31,16,264.11400000002027,0,0.7310324609279633,0,0.5186624526977539
C000000015__VIS-017_SW_data_10-July-2026_10-56-30,A,31,23,264.11400000002027,0,0.019707918167114258,1,0.4801614284515381
C000000015__VIS-017_SW_data_10-July-2026_10-57-02,Ld,31,22,229.1100000000049,6,0.15964239835739136,10,0.015588521957397461
C000000015__VIS-017_SW_data_10-July-2026_10-57-02,A,31,30,229.1100000000049,6,0.005211830139160156,10,0.19887042045593262
C000000015__VIS-017_SW_data_10-July-2026_10-57-56,Ld,31,16,188.0999999999956,0,0.5205596834421158,0,0.11113405227661133
C000000015__VIS-017_SW_data_10-July-2026_10-57-56,A,31,18,188.0999999999956,0,0.06634998321533203,0,0.30623793601989746
C000000015__VIS-017_SW_data_10-July-2026_10-58-33,Ld,31,29,172.10400000006916,0,0.2448882758617401,0,0.01689457893371582
C000000015__VIS-017_SW_data_10-July-2026_10-58-33,A,31,9,172.10400000006916,0,0.011303424835205078,0,0.021353960037231445
C000000015__VIS-017_SW_data_10-July-2026_10-59-04,Ld,31,24,233.11199999998348,7,0.11319635808467865,0,0.16062259674072266
C000000015__VIS-017_SW_data_10-July-2026_10-59-04,A,31,5,233.11199999998348,7,0.006918609142303467,3,0.02706766128540039
C000000015__VIS-017_SW_data_10-July-2026_10-59-53,Ld,31,11,278.1119999999835,0,1.3522735834121704,0,0.6614363193511963
C000000015__VIS-017_SW_data_10-July-2026_10-59-53,A,31,20,278.1119999999835,0,0.0686044692993164,0,0.3744330406188965
C000000015__VIS-017_SW_data_10-July-2026_11-00-50,Ld,31,17,131.0999999999956,0,1.1132184267044067,0,0.4452228546142578
C000000015__VIS-017_SW_data_10-July-2026_11-00-50,A,31,6,131.0999999999956,0,0.04208260774612427,0,0.45767831802368164
C000000015__VIS-017_SW_data_10-July-2026_11-01-40,Ld,31,20,278.11399999996206,0,2.289634943008423,0,0.16869211196899414
C000000015__VIS-017_SW_data_10-July-2026_11-01-40,A,31,17,278.11399999996206,0,0.03212857246398926,0,0.7045824527740479
C000000015__VIS-017_SW_data_10-July-2026_11-02-36,Ld,31,28,232.10800000002632,0,0.6780447065830231,0,0.13773441314697266
C000000015__VIS-017_SW_data_10-July-2026_11-02-36,A,31,18,232.10800000002632,0,0.00010377168655395508,0,0.08456659317016602
C000000016__VIS-015_SW_data_10-July-2026_09-24-32,Ld,31,27,365.94500000027915,0,1.0802536606788635,0,0.7122154235839844
C000000016__VIS-015_SW_data_10-July-2026_09-24-32,A,31,29,365.94500000027915,0,0.03414827585220337,0,0.16425323486328125
C000000016__VIS-015_SW_data_10-July-2026_09-25-23,Ld,31,2,328.4419999997874,0,0.703369140625,0,1.2482702732086182
C000000016__VIS-015_SW_data_10-July-2026_09-25-23,A,31,2,328.4419999997874,0,0.02879124879837036,0,0.22869062423706055
C000000016__VIS-015_SW_data_10-July-2026_09-26-07,Ld,31,15,315.9409999996235,0,0.8938058540225029,0,0.38816142082214355
C000000016__VIS-015_SW_data_10-July-2026_09-26-07,A,31,15,315.9409999996235,0,0.12510496377944946,0,0.6692309379577637
C000000016__VIS-015_SW_data_10-July-2026_09-27-06,Ld,31,17,353.9449999998135,0,1.785679578781128,0,0.9608597755432129
C000000016__VIS-015_SW_data_10-July-2026_09-27-06,A,31,23,353.9449999998135,0,0.029055356979370117,14,0.2394862174987793
C000000016__VIS-015_SW_data_10-July-2026_09-27-54,Ld,31,9,373.9470000001413,0,0.9758718907833099,0,1.3451156616210938
C000000016__VIS-015_SW_data_10-July-2026_09-27-54,A,31,5,373.9470000001413,0,0.04718828201293945,0,0.4822244644165039
C000000016__VIS-015_SW_data_10-July-2026_09-29-08,Ld,31,21,313.4420000002531,0,0.7638794332742691,0,0.6129424571990967
C000000016__VIS-015_SW_data_10-July-2026_09-29-08,A,31,12,313.4420000002531,13,0.00579988956451416,13,0.15734338760375977
C000000016__VIS-015_SW_data_10-July-2026_09-29-55,Ld,31,28,339.11599999994064,0,1.1480947136878967,0,0.4485805034637451
C000000016__VIS-015_SW_data_10-July-2026_09-29-55,A,31,1,339.11599999994064,0,0.04300755262374878,0,0.5575284957885742
C000000016__VIS-015_SW_data_10-July-2026_09-30-28,Ld,31,21,362.92799999982094,0,0.13286754488945007,1,0.04929161071777344
C000000016__VIS-015_SW_data_10-July-2026_09-30-28,A,31,22,362.92799999982094,2,0.006082653999328613,5,0.3459153175354004
C000000016__VIS-015_SW_data_10-July-2026_09-31-11,Ld,31,8,336.9419999997874,0,0.9698372483253479,0,0.5396466255187988
C000000016__VIS-015_SW_data_10-July-2026_09-31-11,A,31,2,336.9419999997874,0,0.03364032506942749,0,0.5367822647094727
C000000016__VIS-015_SW_data_10-July-2026_09-32-03,Ld,31,9,373.94699999967565,0,0.9128202497959137,0,0.4503669738769531
C000000016__VIS-015_SW_data_10-July-2026_09-32-03,A,31,12,373.94699999967565,0,0.05003470182418823,0,0.9876539707183838
C000000016__VIS-015_SW_data_10-July-2026_09-33-05,Ld,31,30,349.11800000026847,0,0.745676726102829,0,0.3381619453430176
C000000016__VIS-015_SW_data_10-July-2026_09-33-05,A,31,27,349.11800000026847,0,0.002376258373260498,3,0.011056184768676758
C000000016__VIS-015_SW_data_10-July-2026_09-33-53,Ld,31,7,326.11599999994064,0,1.2598159909248352,0,0.2760639190673828
C000000016__VIS-015_SW_data_10-July-2026_09-33-53,A,31,14,326.11599999994064,0,0.034453392028808594,0,0.5403037071228027
C000000016__VIS-015_SW_data_10-July-2026_09-34-55,Ld,31,18,345.11800000026847,0,0.6099145859479904,0,0.08945560455322266
C000000016__VIS-015_SW_data_10-July-2026_09-34-55,A,31,28,345.11800000026847,0,0.02205556631088257,0,0.4904003143310547
C000000016__VIS-015_SW_data_10-July-2026_09-35-44,Ld,31,4,365.11800000026847,0,1.1792086362838745,0,0.23405122756958008
C000000016__VIS-015_SW_data_10-July-2026_09-35-44,A,31,23,365.11800000026847,0,0.0294191837310791,0,0.5804109573364258
C000000016__VIS-015_SW_data_10-July-2026_09-36-21,Ld,31,28,374.1200000005963,0,0.8633762001991272,0,0.17562413215637207
C000000016__VIS-015_SW_data_10-July-2026_09-36-21,A,31,28,374.1200000005963,15,0.0007166862487792969,15,0.0038836002349853516
C000000016__VIS-015_SW_data_10-July-2026_09-37-04,Ld,31,8,237.10800000049198,0,0.8672340512275696,0,0.25402188301086426
C000000016__VIS-015_SW_data_10-July-2026_09-37-04,A,31,3,237.10800000049198,0,0.018096923828125,0,0.48597049713134766
C000000016__VIS-015_SW_data_10-July-2026_09-37-46,Ld,31,18,324.1099999998885,0,0.20182009041309357,0,0.0421600341796875
C000000016__VIS-015_SW_data_10-July-2026_09-37-46,A,31,2,324.1099999998885,0,0.005500197410583496,0,0.06621408462524414
C000000017__VIS-013_SW_data_07-July-2026_10-52-55,Ld,31,4,141.9240000000966,0,0.4350016266107559,10,0.048955678939819336
C000000017__VIS-013_SW_data_07-July-2026_10-52-55,A,31,2,141.9240000000966,2,0.0018852949142456055,3,0.15164422988891602
C000000017__VIS-013_SW_data_07-July-2026_10-53-54,Ld,31,6,84.09600000038768,0,0.6708357334136963,0,0.2026352882385254
C000000017__VIS-013_SW_data_07-July-2026_10-53-54,A,31,26,84.09600000038768,15,0.001374661922454834,15,0.028406143188476562
C000000017__VIS-013_SW_data_07-July-2026_10-54-33,Ld,31,20,172.10200000137115,0,0.4594487175345421,1,0.07827520370483398
C000000017__VIS-013_SW_data_07-July-2026_10-54-33,A,31,19,172.10200000137115,2,0.0029464364051818848,1,0.18777942657470703
C000000017__VIS-013_SW_data_07-July-2026_10-55-21,Ld,31,30,173.1019999995085,0,1.2315432876348495,11,0.16482877731323242
C000000017__VIS-013_SW_data_07-July-2026_10-55-21,A,31,15,173.1019999995085,0,0.03159332275390625,0,0.10731029510498047
C000000017__VIS-013_SW_data_07-July-2026_10-56-23,Ld,31,1,137.0959999999984,6,0.03157937526702881,7,0.10096192359924316
C000000017__VIS-013_SW_data_07-July-2026_10-56-23,A,31,5,137.0959999999984,0,0.00753021240234375,0,0.09509897232055664
C000000017__VIS-013_SW_data_07-July-2026_10-57-19,Ld,31,8,99.09599999999477,0,1.6641377210617065,0,0.19407939910888672
C000000017__VIS-013_SW_data_07-July-2026_10-57-19,A,31,20,99.09599999999477,0,0.02961176633834839,7,0.1403961181640625
C000000017__VIS-013_SW_data_07-July-2026_10-58-36,Ld,31,11,166.10199999997417,0,1.2621864080429077,0,0.054178476333618164
C000000017__VIS-013_SW_data_07-July-2026_10-58-36,A,31,9,166.10199999997417,0,0.054981112480163574,0,0.2469620704650879
C000000017__VIS-013_SW_data_07-July-2026_10-59-19,Ld,31,3,168.10400000001096,0,0.32247665524482727,0,0.1507885456085205
C000000017__VIS-013_SW_data_07-July-2026_10-59-19,A,31,22,168.10400000001096,10,0.004644453525543213,15,0.032500267028808594
C000000017__VIS-013_SW_data_07-July-2026_11-00-34,Ld,31,0,64.09600000003843,0,1.368711069226265,0,0.2782411575317383
C000000017__VIS-013_SW_data_07-July-2026_11-00-34,A,31,14,64.09600000003843,0,0.026504993438720703,0,0.10364389419555664
C000000017__VIS-013_SW_data_07-July-2026_11-01-20,Ld,31,23,167.10199999997417,0,1.3859294056892395,0,0.009824752807617188
C000000017__VIS-013_SW_data_07-July-2026_11-01-20,A,31,15,167.10199999997417,0,0.029647231101989746,0,0.057723045349121094
C000000017__VIS-013_SW_data_07-July-2026_11-02-03,Ld,31,21,146.09600000003843,12,0.18926990032196045,10,0.05774950981140137
C000000017__VIS-013_SW_data_07-July-2026_11-02-03,A,31,24,146.09600000003843,11,0.0013709068298339844,2,0.06849360466003418
C000000017__VIS-013_SW_data_07-July-2026_11-03-32,Ld,31,6,124.09800000001701,0,1.0745842307806015,0,0.01740431785583496
C000000017__VIS-013_SW_data_07-July-2026_11-03-32,A,31,2,124.09800000001701,0,0.009379804134368896,15,0.1249551773071289
C000000017__VIS-013_SW_data_07-July-2026_11-04-32,Ld,31,1,217.10599999993133,0,0.003582000732421875,4,0.03699016571044922
C000000017__VIS-013_SW_data_07-July-2026_11-04-32,A,31,17,217.10599999993133,4,0.015336334705352783,4,0.1196904182434082
C000000017__VIS-013_SW_data_07-July-2026_11-05-11,Ld,31,8,216.11000000012132,0,1.2525279968976974,0,0.01632094383239746
C000000017__VIS-013_SW_data_07-July-2026_11-05-11,A,31,6,216.11000000012132,0,0.02640855312347412,0,0.2516036033630371
C000000017__VIS-013_SW_data_07-July-2026_11-05-54,Ld,31,22,202.11199999998348,2,0.030430421233177185,11,0.031809091567993164
C000000017__VIS-013_SW_data_07-July-2026_11-05-54,A,31,25,202.11199999998348,2,0.0003439188003540039,1,0.04145383834838867
C000000018__VIS-012_SW_data_07-July-2026_09-21-31,Ld,31,29,177.1019999995085,2,0.03957772254943848,11,0.03618597984313965
C000000018__VIS-012_SW_data_07-July-2026_09-21-31,A,31,15,177.1019999995085,11,0.00244981050491333,12,0.17629408836364746
C000000018__VIS-012_SW_data_07-July-2026_09-22-43,Ld,31,16,100.09600000038768,0,0.69440957903862,0,0.09134411811828613
C000000018__VIS-012_SW_data_07-July-2026_09-22-43,A,31,30,100.09600000038768,13,0.0054282546043396,13,0.026769161224365234
C000000018__VIS-012_SW_data_07-July-2026_09-23-42,Ld,31,15,175.09999999918068,0,0.4538036584854126,6,0.0056264400482177734
C000000018__VIS-012_SW_data_07-July-2026_09-23-42,A,31,5,175.09999999918068,0,0.016590654850006104,1,0.010387659072875977
C000000018__VIS-012_SW_data_07-July-2026_09-24-36,Ld,31,7,191.10800000049198,0,1.184986874461174,0,0.6938881874084473
C000000018__VIS-012_SW_data_07-July-2026_09-24-36,A,31,29,191.10800000049198,0,0.0834970474243164,0,0.28989076614379883
C000000018__VIS-012_SW_data_07-July-2026_09-25-14,Ld,31,1,208.10800000049198,0,1.5148740708827972,0,1.1438970565795898
C000000018__VIS-012_SW_data_07-July-2026_09-25-14,A,31,24,208.10800000049198,0,0.050314247608184814,0,0.6600651741027832
C000000018__VIS-012_SW_data_07-July-2026_09-26-12,Ld,31,20,221.10799999956066,0,0.1346278190612793,0,0.04692244529724121
C000000018__VIS-012_SW_data_07-July-2026_09-26-12,A,31,14,221.10799999956066,1,0.011695325374603271,1,0.1937394142150879
C000000018__VIS-012_SW_data_07-July-2026_09-27-30,Ld,31,25,198.10400000076766,0,0.36079416424036026,0,0.23038601875305176
C000000018__VIS-012_SW_data_07-July-2026_09-27-30,A,31,25,198.10400000076766,0,0.017009198665618896,10,0.13805198669433594
C000000018__VIS-012_SW_data_07-July-2026_09-29-07,Ld,31,13,179.10399999983633,0,1.1898328959941864,0,0.40520548820495605
C000000018__VIS-012_SW_data_07-July-2026_09-29-07,A,31,18,179.10399999983633,0,0.0431327223777771,0,0.3903837203979492
C000000018__VIS-012_SW_data_07-July-2026_09-30-37,Ld,31,23,231.10800000049198,0,0.85427126288414,0,0.1718158721923828
C000000018__VIS-012_SW_data_07-July-2026_09-30-37,A,31,20,231.10800000049198,0,0.027479171752929688,0,0.4689466953277588
C000000018__VIS-012_SW_data_07-July-2026_09-31-30,Ld,31,15,217.10600000016416,0,1.2623370289802551,0,0.1941084861755371
C000000018__VIS-012_SW_data_07-July-2026_09-31-30,A,31,28,217.10600000016416,0,0.02821946144104004,0,0.38038086891174316
C000000018__VIS-012_SW_data_07-July-2026_09-32-10,Ld,31,27,217.10599999923284,0,1.621230661869049,0,0.08894777297973633
C000000018__VIS-012_SW_data_07-July-2026_09-32-10,A,31,2,217.10599999923284,0,0.034366726875305176,0,0.430422306060791
C000000018__VIS-012_SW_data_07-July-2026_09-33-06,Ld,31,16,198.10800000049198,10,0.0068018436431884766,10,0.08704662322998047
C000000018__VIS-012_SW_data_07-July-2026_09-33-06,A,31,25,198.10800000049198,0,0.005136013031005859,1,0.17415571212768555
C000000018__VIS-012_SW_data_07-July-2026_09-33-48,Ld,31,2,192.10399999983633,0,0.4395623803138733,7,0.06532716751098633
C000000018__VIS-012_SW_data_07-July-2026_09-33-48,A,31,11,192.10399999983633,0,0.01953291893005371,0,0.34819650650024414
C000000018__VIS-012_SW_data_07-July-2026_09-34-29,Ld,31,15,215.10600000016416,0,1.3537020683288574,0,0.10679340362548828
C000000018__VIS-012_SW_data_07-July-2026_09-34-29,A,31,10,215.10600000016416,0,0.019440293312072754,0,0.32005929946899414
C000000018__VIS-012_SW_data_07-July-2026_09-35-02,Ld,31,21,184.10200000043983,0,1.2348321378231049,14,0.061025381088256836
C000000018__VIS-012_SW_data_07-July-2026_09-35-02,A,31,30,184.10200000043983,0,0.013188660144805908,0,0.2588822841644287
C000000019__VIS-027_SW_data_21-July-2026_11-19-20,Ld,31,11,9.089000000171609,8,0.04390496015548706,8,0.018296003341674805
C000000019__VIS-027_SW_data_21-July-2026_11-19-20,A,31,24,9.089000000171609,9,0.04225224256515503,9,0.4815976619720459
C000000019__VIS-027_SW_data_21-July-2026_11-20-11,Ld,31,3,58.091999999732025,8,0.05853724479675293,4,0.11624670028686523
C000000019__VIS-027_SW_data_21-July-2026_11-20-11,A,31,15,58.091999999732025,5,0.02279484272003174,5,0.6358304023742676
C000000019__VIS-027_SW_data_21-July-2026_11-20-48,Ld,31,0,15.589000000171609,12,0.08554291725158691,6,0.33873867988586426
C000000019__VIS-027_SW_data_21-July-2026_11-20-48,A,31,13,15.589000000171609,6,0.023082077503204346,6,0.2180159091949463
C000000019__VIS-027_SW_data_21-July-2026_11-21-41,Ld,31,0,100.41999999990662,0,1.0400759875774384,0,1.2179081439971924
C000000019__VIS-027_SW_data_21-July-2026_11-21-41,A,31,27,100.41999999990662,0,0.04508364200592041,0,0.13970160484313965
C000000019__VIS-027_SW_data_21-July-2026_11-22-43,Ld,31,30,223.93300000017484,10,0.05310922861099243,8,0.4537472724914551
C000000019__VIS-027_SW_data_21-July-2026_11-22-43,A,31,2,223.93300000017484,11,0.008747279644012451,5,0.33259129524230957
C000000019__VIS-027_SW_data_21-July-2026_11-23-45,Ld,31,25,154.42599999995878,4,0.07204753160476685,4,0.19685840606689453
C000000019__VIS-027_SW_data_21-July-2026_11-23-45,A,31,21,154.42599999995878,8,0.04189634323120117,8,0.9653518199920654
C000000019__VIS-027_SW_data_21-July-2026_11-26-55,Ld,31,9,78.92100000007053,0,0.05613359808921814,0,0.32764768600463867
C000000019__VIS-027_SW_data_21-July-2026_11-26-55,A,31,24,78.92100000007053,0,0.013522148132324219,1,0.33885622024536133
C000000019__VIS-027_SW_data_21-July-2026_11-27-33,Ld,31,29,119.9229999999327,6,0.03504443168640137,10,0.5737783908843994
C000000019__VIS-027_SW_data_21-July-2026_11-27-33,A,31,24,119.9229999999327,11,0.01145392656326294,10,0.5702698230743408
C000000019__VIS-027_SW_data_21-July-2026_11-28-12,Ld,31,21,9.586999999843783,10,0.06261920928955078,10,0.5192410945892334
C000000019__VIS-027_SW_data_21-July-2026_11-28-12,A,31,9,9.586999999843783,10,0.01287311315536499,10,0.9745032787322998
C000000019__VIS-027_SW_data_21-July-2026_11-28-51,Ld,31,18,116.59700000008593,0,0.7758906036615372,0,0.484011173248291
C000000019__VIS-027_SW_data_21-July-2026_11-28-51,A,31,24,116.59700000008593,0,0.040252625942230225,0,0.5690674781799316
C000000019__VIS-027_SW_data_21-July-2026_11-29-29,Ld,31,22,102.09599999992201,6,0.36607983708381653,6,0.15736103057861328
C000000019__VIS-027_SW_data_21-July-2026_11-29-29,A,31,6,102.09599999992201,6,0.011873126029968262,4,0.23123478889465332
C000000019__VIS-027_SW_data_21-July-2026_11-30-06,Ld,31,12,89.59600000038768,8,0.004048854112625122,7,0.39126110076904297
C000000019__VIS-027_SW_data_21-July-2026_11-30-06,A,31,11,89.59600000038768,8,0.015835225582122803,6,0.03576064109802246
C000000019__VIS-027_SW_data_21-July-2026_11-30-54,Ld,31,21,100.09500000022376,5,0.19831939041614532,10,0.01949763298034668
C000000019__VIS-027_SW_data_21-July-2026_11-30-54,A,31,12,100.09500000022376,0,0.008531332015991211,4,0.05865669250488281
C000000019__VIS-027_SW_data_21-July-2026_11-31-34,Ld,31,13,52.91900000020837,7,0.059818170964717865,0,0.27353882789611816
C000000019__VIS-027_SW_data_21-July-2026_11-31-34,A,31,16,52.91900000020837,7,0.013470292091369629,7,0.4648888111114502
C000000019__VIS-027_SW_data_21-July-2026_11-32-16,Ld,31,17,51.916999999880545,10,0.11614684760570526,10,0.11269235610961914
C000000019__VIS-027_SW_data_21-July-2026_11-32-16,A,31,3,51.916999999880545,8,0.005785703659057617,8,0.027668476104736328
C000000020__VIS-026_SW_data_21-July-2026_10-42-10,Ld,31,28,77.09500000010735,0,0.6391977816820145,0,0.1547682285308838
C000000020__VIS-026_SW_data_21-July-2026_10-42-10,A,31,12,77.09500000010735,13,0.017401397228240967,13,0.17794537544250488
C000000020__VIS-026_SW_data_21-July-2026_10-43-19,Ld,31,5,61.591999999964855,10,0.01788422465324402,3,0.24247527122497559
C000000020__VIS-026_SW_data_21-July-2026_10-43-19,A,31,0,61.591999999964855,7,0.004281520843505859,4,0.1945481300354004
C000000020__VIS-026_SW_data_21-July-2026_10-43-57,Ld,31,13,77.09300000001235,10,0.03226888179779053,5,0.32995128631591797
C000000020__VIS-026_SW_data_21-July-2026_10-43-57,A,31,23,77.09300000001235,2,0.010449647903442383,4,0.037061214447021484
C000000020__VIS-026_SW_data_21-July-2026_10-44-45,Ld,31,9,19.09000000010269,13,0.12880265712738037,4,0.21613860130310059
C000000020__VIS-026_SW_data_21-July-2026_10-44-45,A,31,26,19.09000000010269,0,0.03253448009490967,0,0.36519312858581543
C000000020__VIS-026_SW_data_21-July-2026_10-45-21,Ld,31,6,49.091999999964855,0,0.3943118751049042,3,0.12948203086853027
C000000020__VIS-026_SW_data_21-July-2026_10-45-21,A,31,4,49.091999999964855,0,0.04229080677032471,0,0.4278841018676758
C000000020__VIS-026_SW_data_21-July-2026_10-45-56,Ld,31,12,82.59399999994343,9,0.5388867259025574,12,0.008891582489013672
C000000020__VIS-026_SW_data_21-July-2026_10-45-56,A,31,21,82.59399999994343,0,0.018424153327941895,0,0.40279531478881836
C000000020__VIS-026_SW_data_21-July-2026_10-46-45,Ld,31,9,59.59099999991736,15,0.07531464099884033,0,0.0075893402099609375
C000000020__VIS-026_SW_data_21-July-2026_10-46-45,A,31,25,59.59099999991736,0,0.014641344547271729,0,0.6803207397460938
C000000020__VIS-026_SW_data_21-July-2026_10-47-20,Ld,31,0,40.091999999964855,13,0.264521524310112,3,0.12767338752746582
C000000020__VIS-026_SW_data_21-July-2026_10-47-20,A,31,30,40.091999999964855,0,0.022856473922729492,0,0.21999788284301758
C000000020__VIS-026_SW_data_21-July-2026_10-48-19,Ld,31,1,62.59100000003377,6,0.07219052314758301,11,0.18248987197875977
C000000020__VIS-026_SW_data_21-July-2026_10-48-19,A,31,26,62.59100000003377,6,0.0004335641860961914,1,0.19422554969787598
C000000020__VIS-026_SW_data_21-July-2026_10-49-00,Ld,31,0,62.09400000005985,0,1.5129828453063965,0,0.5508568286895752
C000000020__VIS-026_SW_data_21-July-2026_10-49-00,A,31,13,62.09400000005985,0,0.09084922075271606,0,1.0932328701019287
C000000020__VIS-026_SW_data_21-July-2026_10-49-46,Ld,31,9,57.091999999964855,14,0.1460546851158142,14,0.1077265739440918
C000000020__VIS-026_SW_data_21-July-2026_10-49-46,A,31,30,57.091999999964855,12,0.0017909407615661621,13,0.12062621116638184
C000000020__VIS-026_SW_data_21-July-2026_10-50-25,Ld,31,20,18.08899999993878,2,0.16016298532485962,8,0.09888076782226562
C000000020__VIS-026_SW_data_21-July-2026_10-50-25,A,31,30,18.08899999993878,0,0.014127790927886963,0,0.23844528198242188
C000000020__VIS-026_SW_data_21-July-2026_10-50-55,Ld,31,12,42.591999999964855,2,0.03707367181777954,8,0.05727195739746094
C000000020__VIS-026_SW_data_21-July-2026_10-50-55,A,31,15,42.591999999964855,2,0.013289213180541992,1,0.3137543201446533
C000000020__VIS-026_SW_data_21-July-2026_10-51-26,Ld,31,15,60.59100000003377,1,0.3209051042795181,1,0.7078666687011719
C000000020__VIS-026_SW_data_21-July-2026_10-51-26,A,31,23,60.59100000003377,1,0.0029251575469970703,1,0.2319624423980713
C000000020__VIS-026_SW_data_21-July-2026_10-52-18,Ld,31,15,53.591999999964855,13,0.07262268662452698,13,0.03495645523071289
C000000020__VIS-026_SW_data_21-July-2026_10-52-18,A,31,28,53.591999999964855,8,0.005955040454864502,8,0.2115330696105957
C000000020__VIS-026_SW_data_21-July-2026_10-53-50,Ld,31,5,43.41599999994946,4,0.09248754382133484,7,0.05201220512390137
C000000020__VIS-026_SW_data_21-July-2026_10-53-50,A,31,14,43.41599999994946,2,0.0016609430313110352,3,0.03747749328613281
C000000020__VIS-026_SW_data_21-July-2026_10-54-19,Ld,31,7,17.08899999993878,1,0.006022751331329346,1,0.0981605052947998
C000000020__VIS-026_SW_data_21-July-2026_10-54-19,A,31,26,17.08899999993878,0,0.011700212955474854,1,0.5107531547546387
C000000021__VIS-024_SW_data_17-July-2026_09-35-47,Ld,31,4,395.44500000027915,0,0.9472698420286179,0,0.37883615493774414
C000000021__VIS-024_SW_data_17-July-2026_09-35-47,A,31,21,395.44500000027915,7,0.00015479326248168945,7,0.23581266403198242
C000000021__VIS-024_SW_data_17-July-2026_09-36-34,Ld,31,28,396.9480000003052,0,1.3100612163543701,0,0.37456822395324707
C000000021__VIS-024_SW_data_17-July-2026_09-36-34,A,31,9,396.9480000003052,0,0.0210113525390625,10,0.10993003845214844
C000000021__VIS-024_SW_data_17-July-2026_09-37-09,Ld,31,8,307.11600000087196,0,0.9419391751289368,1,0.11142349243164062
C000000021__VIS-024_SW_data_17-July-2026_09-37-09,A,31,23,307.11600000087196,0,0.03560149669647217,0,0.05438089370727539
C000000021__VIS-024_SW_data_17-July-2026_09-38-05,Ld,31,18,386.94400000011524,0,1.1272092461585999,0,0.16181659698486328
C000000021__VIS-024_SW_data_17-July-2026_09-38-05,A,31,17,386.94400000011524,0,0.0183790922164917,13,0.4477884769439697
C000000021__VIS-024_SW_data_17-July-2026_09-38-39,Ld,31,27,404.94799999983957,0,0.9304399192333221,0,0.3123619556427002
C000000021__VIS-024_SW_data_17-July-2026_09-38-39,A,31,2,404.94799999983957,0,0.017589926719665527,3,0.370635986328125
C000000021__VIS-024_SW_data_17-July-2026_09-41-11,Ld,31,8,394.9459999999774,0,0.7351606488227844,0,0.10860705375671387
C000000021__VIS-024_SW_data_17-July-2026_09-41-11,A,31,12,394.9459999999774,14,0.0058640241622924805,14,0.444704532623291
C000000021__VIS-024_SW_data_17-July-2026_09-42-45,Ld,31,28,367.4459999999774,0,0.8316296637058258,0,0.3564314842224121
C000000021__VIS-024_SW_data_17-July-2026_09-42-45,A,31,2,367.4459999999774,0,0.051858365535736084,0,0.8125128746032715
C000000021__VIS-024_SW_data_17-July-2026_09-44-15,Ld,31,14,348.11799999933714,0,1.399538278579712,0,0.6182205677032471
C000000021__VIS-024_SW_data_17-July-2026_09-44-15,A,31,14,348.11799999933714,0,0.05693024396896362,0,0.3616926670074463
C000000021__VIS-024_SW_data_17-July-2026_09-44-51,Ld,31,0,380.11800000026847,0,1.3386005759239197,0,0.5577807426452637
C000000021__VIS-024_SW_data_17-July-2026_09-44-51,A,31,13,380.11800000026847,0,0.02974402904510498,0,0.35042405128479004
C000000021__VIS-024_SW_data_17-July-2026_09-45-19,Ld,31,20,384.44799999983957,0,0.3120448738336563,0,0.285266637802124
C000000021__VIS-024_SW_data_17-July-2026_09-45-19,A,31,13,384.44799999983957,0,0.027937591075897217,0,0.19250917434692383
C000000021__VIS-024_SW_data_17-July-2026_09-46-29,Ld,31,9,378.4460000009087,0,0.4671519994735718,6,0.009068012237548828
C000000021__VIS-024_SW_data_17-July-2026_09-46-29,A,31,18,378.4460000009087,0,0.03983664512634277,0,0.6631288528442383
C000000021__VIS-024_SW_data_17-July-2026_09-47-05,Ld,31,30,388.9489999995378,0,0.9508798122406006,0,0.7565281391143799
C000000021__VIS-024_SW_data_17-July-2026_09-47-05,A,31,3,388.9489999995378,0,0.030974268913269043,0,0.7055790424346924
C000000021__VIS-024_SW_data_17-July-2026_09-47-39,Ld,31,8,377.9470000001413,0,0.7347561120986938,0,0.6779394149780273
C000000021__VIS-024_SW_data_17-July-2026_09-47-39,A,31,28,377.9470000001413,0,0.04802507162094116,0,0.6540176868438721
C000000021__VIS-024_SW_data_17-July-2026_09-48-12,Ld,31,9,380.94699999999943,0,0.6144405007362366,0,0.020087718963623047
C000000021__VIS-024_SW_data_17-July-2026_09-48-12,A,31,21,380.94699999999943,0,0.05456697940826416,0,0.5773952007293701
C000000021__VIS-024_SW_data_17-July-2026_09-48-42,Ld,31,10,403.45000000000005,0,0.9157849252223969,0,0.3357243537902832
C000000021__VIS-024_SW_data_17-July-2026_09-48-42,A,31,25,403.45000000000005,0,0.04498547315597534,0,0.7340412139892578
C000000021__VIS-024_SW_data_17-July-2026_09-49-14,Ld,31,18,389.94799999999964,0,0.028563782572746277,3,0.06253337860107422
C000000021__VIS-024_SW_data_17-July-2026_09-49-14,A,31,27,389.94799999999964,0,0.04541558027267456,0,1.0849847793579102
C000000022__VIS-023_SW_data_17-July-2026_08-48-06,Ld,31,19,317.94200000002024,0,0.8705842792987823,0,0.5228786468505859
C000000022__VIS-023_SW_data_17-July-2026_08-48-06,A,31,18,317.94200000002024,0,0.03164249658584595,0,0.45609331130981445
C000000022__VIS-023_SW_data_17-July-2026_08-48-50,Ld,31,15,333.9429999999513,0,0.20711832493543625,1,0.16974544525146484
C000000022__VIS-023_SW_data_17-July-2026_08-48-50,A,31,1,333.9429999999513,0,0.0010784268379211426,1,0.10106635093688965
C000000022__VIS-023_SW_data_17-July-2026_08-49-31,Ld,31,3,359.9449999999299,0,0.2990356385707855,0,0.05430173873901367
C000000022__VIS-023_SW_data_17-July-2026_08-49-31,A,31,22,359.9449999999299,0,0.02839285135269165,0,0.5939674377441406
C000000022__VIS-023_SW_data_17-July-2026_08-50-35,Ld,31,19,356.9450000000463,0,0.853390097618103,0,0.12451004981994629
C000000022__VIS-023_SW_data_17-July-2026_08-50-35,A,31,17,356.9450000000463,0,0.020254790782928467,0,0.22235488891601562
C000000022__VIS-023_SW_data_17-July-2026_08-51-14,Ld,31,3,340.4439999999988,0,0.8443185687065125,0,0.12461495399475098
C000000022__VIS-023_SW_data_17-July-2026_08-51-14,A,31,25,340.4439999999988,0,0.018395960330963135,0,0.20846176147460938
C000000022__VIS-023_SW_data_17-July-2026_08-51-55,Ld,31,24,349.9450000000463,0,0.7002075910568237,0,0.1686100959777832
C000000022__VIS-023_SW_data_17-July-2026_08-51-55,A,31,16,349.9450000000463,0,0.007639646530151367,5,0.020282983779907227
C000000022__VIS-023_SW_data_17-July-2026_08-52-58,Ld,31,7,361.9450000000463,0,0.9057732224464417,0,0.11955952644348145
C000000022__VIS-023_SW_data_17-July-2026_08-52-58,A,31,25,361.9450000000463,0,0.039610981941223145,0,0.291672945022583
C000000022__VIS-023_SW_data_17-July-2026_08-54-08,Ld,31,16,360.9450000000463,0,1.0119507312774658,0,0.402789831161499
C000000022__VIS-023_SW_data_17-July-2026_08-54-08,A,31,30,360.9450000000463,0,0.027018249034881592,0,0.41852664947509766
C000000022__VIS-023_SW_data_17-July-2026_08-57-01,Ld,31,8,335.4429999999513,0,0.20322971791028976,0,0.030171871185302734
C000000022__VIS-023_SW_data_17-July-2026_08-57-01,A,31,10,335.4429999999513,0,0.012783646583557129,1,0.4520270824432373
C000000022__VIS-023_SW_data_17-July-2026_08-57-53,Ld,31,24,390.94999999993456,0,0.014887131750583649,8,0.08681488037109375
C000000022__VIS-023_SW_data_17-July-2026_08-57-53,A,31,5,390.94999999993456,8,0.0038499832153320312,8,0.13087701797485352
C000000022__VIS-023_SW_data_17-July-2026_08-58-40,Ld,31,9,368.9459999999774,0,0.8432086408138275,0,0.5594477653503418
C000000022__VIS-023_SW_data_17-July-2026_08-58-40,A,31,12,368.9459999999774,9,0.005457758903503418,0,0.0016384124755859375
C000000022__VIS-023_SW_data_17-July-2026_08-59-39,Ld,31,22,345.94400000011524,0,0.7483844310045242,0,0.2968757152557373
C000000022__VIS-023_SW_data_17-July-2026_08-59-39,A,31,23,345.94400000011524,0,0.029787540435791016,0,0.33031582832336426
C000000022__VIS-023_SW_data_17-July-2026_09-03-07,Ld,31,24,335.94400000011524,0,0.7452130615711212,0,0.1680612564086914
C000000022__VIS-023_SW_data_17-July-2026_09-03-07,A,31,13,335.94400000011524,0,0.039597153663635254,0,0.39939427375793457
C000000022__VIS-023_SW_data_17-July-2026_09-04-50,Ld,31,19,331.4429999999513,0,0.165848046541214,10,0.017505407333374023
C000000022__VIS-023_SW_data_17-July-2026_09-04-50,A,31,18,331.4429999999513,0,0.001763761043548584,11,0.1554574966430664
C000000022__VIS-023_SW_data_17-July-2026_09-05-59,Ld,31,23,371.11999999966497,0,0.629450261592865,0,0.16701483726501465
C000000022__VIS-023_SW_data_17-July-2026_09-05-59,A,31,3,371.11999999966497,0,0.0566830039024353,0,0.5231418609619141
C000000022__VIS-023_SW_data_17-July-2026_09-06-37,Ld,31,9,364.44600000021023,0,0.40999801456928253,0,0.07407712936401367
C000000022__VIS-023_SW_data_17-July-2026_09-06-37,A,31,22,364.44600000021023,0,0.004002988338470459,0,0.11455798149108887
C000000022__VIS-023_SW_data_17-July-2026_09-07-26,Ld,31,6,330.94300000018416,0,1.1812306642532349,0,0.28579044342041016
C000000022__VIS-023_SW_data_17-July-2026_09-07-26,A,31,8,330.94300000018416,0,0.032357096672058105,0,0.6057372093200684
C000000023__VIS-022_SW_data_14-July-2026_11-41-10,Ld,31,30,407.1240000003206,0,0.9439991116523743,0,0.45391416549682617
C000000023__VIS-022_SW_data_14-July-2026_11-41-10,A,31,5,407.1240000003206,4,0.01912468671798706,5,0.050963401794433594
C000000023__VIS-022_SW_data_14-July-2026_11-41-58,Ld,31,30,368.1219999999928,0,1.064599171280861,0,0.4052619934082031
C000000023__VIS-022_SW_data_14-July-2026_11-41-58,A,31,26,368.1219999999928,5,0.0004922747611999512,5,0.047879695892333984
C000000023__VIS-022_SW_data_14-July-2026_11-42-34,Ld,31,4,329.11800000026847,0,0.859792172908783,0,0.48494386672973633
C000000023__VIS-022_SW_data_14-July-2026_11-42-34,A,31,17,329.11800000026847,8,1.6450881958007812e-05,5,0.23866653442382812
C000000023__VIS-022_SW_data_14-July-2026_11-44-18,Ld,31,10,273.111999999285,0,0.8757311999797821,0,0.4772171974182129
C000000023__VIS-022_SW_data_14-July-2026_11-44-18,A,31,15,273.111999999285,0,0.01218479871749878,1,0.15500497817993164
C000000023__VIS-022_SW_data_14-July-2026_11-45-09,Ld,31,18,353.4439999996496,0,0.768222451210022,0,0.9842262268066406
C000000023__VIS-022_SW_data_14-July-2026_11-45-09,A,31,27,353.4439999996496,0,0.06191575527191162,0,0.7055473327636719
C000000023__VIS-022_SW_data_14-July-2026_11-45-57,Ld,31,28,353.9439999996496,0,0.8979492485523224,0,0.408278226852417
C000000023__VIS-022_SW_data_14-July-2026_11-45-57,A,31,2,353.9439999996496,0,0.02204000949859619,5,0.16057729721069336
C000000023__VIS-022_SW_data_14-July-2026_11-46-25,Ld,31,5,362.9429999999513,0,0.9865907430648804,0,0.2904543876647949
C000000023__VIS-022_SW_data_14-July-2026_11-46-25,A,31,21,362.9429999999513,0,0.0364459753036499,0,0.32721471786499023
C000000023__VIS-022_SW_data_14-July-2026_11-46-53,Ld,31,6,371.94400000011524,0,1.2256660461425781,0,0.6995663642883301
C000000023__VIS-022_SW_data_14-July-2026_11-46-53,A,31,10,371.94400000011524,0,0.029913485050201416,13,0.328005313873291
C000000023__VIS-022_SW_data_14-July-2026_11-47-49,Ld,31,18,358.9449999998135,0,0.5788929760456085,0,0.751218318939209
C000000023__VIS-022_SW_data_14-July-2026_11-47-49,A,31,5,358.9449999998135,0,0.004779934883117676,1,0.39259791374206543
C000000023__VIS-022_SW_data_14-July-2026_11-48-18,Ld,31,30,357.9420000002531,0,1.2866226434707642,0,0.6105570793151855
C000000023__VIS-022_SW_data_14-July-2026_11-48-18,A,31,20,357.9420000002531,0,0.05498838424682617,0,0.38649821281433105
C000000023__VIS-022_SW_data_14-July-2026_11-48-46,Ld,31,7,378.11999999966497,0,1.2574867606163025,0,0.3430957794189453
C000000023__VIS-022_SW_data_14-July-2026_11-48-46,A,31,11,378.11999999966497,0,0.06389963626861572,0,0.7091813087463379
C000000023__VIS-022_SW_data_14-July-2026_11-49-20,Ld,31,20,395.1240000003206,0,0.25049519538879395,0,0.2051846981048584
C000000023__VIS-022_SW_data_14-July-2026_11-49-20,A,31,10,395.1240000003206,13,0.014344930648803711,0,0.05457639694213867
C000000023__VIS-022_SW_data_14-July-2026_11-49-49,Ld,31,19,398.1259999997171,0,1.5424736738204956,0,0.8954300880432129
C000000023__VIS-022_SW_data_14-July-2026_11-49-49,A,31,29,398.1259999997171,0,0.03931194543838501,0,0.6837754249572754
C000000023__VIS-022_SW_data_14-July-2026_11-50-19,Ld,31,11,350.9429999999513,0,0.8317152857780457,0,0.46160101890563965
C000000023__VIS-022_SW_data_14-July-2026_11-50-19,A,31,6,350.9429999999513,0,0.04183757305145264,0,0.511345386505127
C000000024__VIS-021_SW_data_14-July-2026_10-55-16,Ld,31,8,228.1079999999099,0,0.7721608579158783,0,0.480604887008667
C000000024__VIS-021_SW_data_14-July-2026_10-55-16,A,31,15,228.1079999999099,0,0.010788977146148682,0,0.04505729675292969
C000000024__VIS-021_SW_data_14-July-2026_10-56-18,Ld,31,17,370.1240000000878,0,1.285417377948761,0,0.02359485626220703
C000000024__VIS-021_SW_data_14-July-2026_10-56-18,A,31,0,370.1240000000878,0,0.0383070707321167,0,0.04594683647155762
C000000024__VIS-021_SW_data_14-July-2026_10-56-55,Ld,31,19,374.12000000013063,0,1.167627990245819,0,0.6351640224456787
C000000024__VIS-021_SW_data_14-July-2026_10-56-55,A,31,5,374.12000000013063,0,0.018176555633544922,0,0.22854948043823242
C000000024__VIS-021_SW_data_14-July-2026_10-57-50,Ld,31,19,406.9470000000249,0,1.3797013759613037,0,0.658940315246582
C000000024__VIS-021_SW_data_14-July-2026_10-57-50,A,31,27,406.9470000000249,0,0.03907787799835205,0,0.40145397186279297
C000000024__VIS-021_SW_data_14-July-2026_10-58-27,Ld,31,5,402.1219999999928,0,1.3425080180168152,0,0.674365758895874
C000000024__VIS-021_SW_data_14-July-2026_10-58-27,A,31,24,402.1219999999928,0,0.03614675998687744,0,0.49701356887817383
C000000024__VIS-021_SW_data_14-July-2026_11-00-39,Ld,31,1,369.1199999998978,0,1.6319243907928467,0,0.42491793632507324
C000000024__VIS-021_SW_data_14-July-2026_11-00-39,A,31,17,369.1199999998978,0,0.04494595527648926,0,0.30913662910461426
C000000024__VIS-021_SW_data_14-July-2026_11-01-58,Ld,31,20,382.947999999956,0,0.7863673865795135,0,0.738856315612793
C000000024__VIS-021_SW_data_14-July-2026_11-01-58,A,31,6,382.947999999956,0,0.01292186975479126,0,0.17739033699035645
C000000024__VIS-021_SW_data_14-July-2026_11-02-31,Ld,31,24,398.9470000000249,0,1.0022605955600739,0,0.928004264831543
C000000024__VIS-021_SW_data_14-July-2026_11-02-31,A,31,17,398.9470000000249,0,0.03125476837158203,0,0.6170859336853027
C000000024__VIS-021_SW_data_14-July-2026_11-03-09,Ld,31,12,400.447999999956,0,0.9407757073640823,0,0.5074043273925781
C000000024__VIS-021_SW_data_14-July-2026_11-03-09,A,31,0,400.447999999956,0,0.033052027225494385,0,0.5602207183837891
C000000024__VIS-021_SW_data_14-July-2026_11-04-05,Ld,31,4,393.9480000000724,0,0.6374231278896332,0,0.340362548828125
C000000024__VIS-021_SW_data_14-July-2026_11-04-05,A,31,22,393.9480000000724,0,0.009027361869812012,0,0.37738752365112305
C000000024__VIS-021_SW_data_14-July-2026_11-05-06,Ld,31,12,358.12000000013063,0,1.3274970948696136,0,0.2854793071746826
C000000024__VIS-021_SW_data_14-July-2026_11-05-06,A,31,22,358.12000000013063,0,0.03985750675201416,0,0.7215886116027832
C000000024__VIS-021_SW_data_14-July-2026_11-08-01,Ld,31,29,401.9490000000035,0,0.7547562718391418,13,0.0037865638732910156
C000000024__VIS-021_SW_data_14-July-2026_11-08-01,A,31,20,401.9490000000035,0,0.009208261966705322,0,0.17377424240112305
C000000024__VIS-021_SW_data_14-July-2026_11-09-07,Ld,31,22,375.9450000000463,0,1.2743423581123352,0,0.260054349899292
C000000024__VIS-021_SW_data_14-July-2026_11-09-07,A,31,18,375.9450000000463,0,0.04678153991699219,0,0.5494987964630127
C000000025__VIS-025_SW_data_21-July-2026_09-53-09,Ld,31,9,362.1139999996128,0,1.3387584835290909,0,0.8168611526489258
C000000025__VIS-025_SW_data_21-July-2026_09-53-09,A,31,2,362.1139999996128,0,0.05089974403381348,0,0.13735055923461914
C000000025__VIS-025_SW_data_21-July-2026_09-53-59,Ld,31,19,311.11599999994064,0,0.9547818005084991,0,0.3658456802368164
C000000025__VIS-025_SW_data_21-July-2026_09-53-59,A,31,7,311.11599999994064,0,0.008909225463867188,0,0.28417396545410156
C000000025__VIS-025_SW_data_21-July-2026_09-54-43,Ld,31,3,372.9459999999774,0,1.207470491528511,0,0.34963464736938477
C000000025__VIS-025_SW_data_21-July-2026_09-54-43,A,31,17,372.9459999999774,0,0.029458224773406982,0,0.19477152824401855
C000000025__VIS-025_SW_data_21-July-2026_09-55-24,Ld,31,18,373.11599999994064,0,0.7538394033908844,0,0.24986886978149414
C000000025__VIS-025_SW_data_21-July-2026_09-55-24,A,31,12,373.11599999994064,14,0.018049120903015137,14,0.7055239677429199
C000000025__VIS-025_SW_data_21-July-2026_09-55-57,Ld,31,19,373.1219999999928,0,1.3447916209697723,0,0.3208327293395996
C000000025__VIS-025_SW_data_21-July-2026_09-55-57,A,31,30,373.1219999999928,0,0.012245893478393555,15,0.016880035400390625
C000000025__VIS-025_SW_data_21-July-2026_09-56-31,Ld,31,23,399.44799999983957,0,1.323111355304718,0,0.5730183124542236
C000000025__VIS-025_SW_data_21-July-2026_09-56-31,A,31,28,399.44799999983957,0,0.007217347621917725,0,0.2085111141204834
C000000025__VIS-025_SW_data_21-July-2026_09-57-31,Ld,31,2,374.11599999994064,0,1.3440136015415192,0,0.09923005104064941
C000000025__VIS-025_SW_data_21-July-2026_09-57-31,A,31,4,374.11599999994064,0,0.033592939376831055,0,0.15215134620666504
C000000025__VIS-025_SW_data_21-July-2026_09-58-27,Ld,31,11,383.4470000001413,0,0.6512454003095627,1,0.6715981960296631
C000000025__VIS-025_SW_data_21-July-2026_09-58-27,A,31,18,383.4470000001413,0,0.015111744403839111,0,0.5242486000061035
C000000025__VIS-025_SW_data_21-July-2026_09-59-00,Ld,31,21,402.94799999983957,0,0.9255723506212234,0,0.26215696334838867
C000000025__VIS-025_SW_data_21-July-2026_09-59-00,A,31,21,402.94799999983957,0,0.024446964263916016,0,0.26904916763305664
C000000025__VIS-025_SW_data_21-July-2026_10-00-25,Ld,31,28,399.1219999999928,0,0.6626940965652466,0,0.29037928581237793
C000000025__VIS-025_SW_data_21-July-2026_10-00-25,A,31,4,399.1219999999928,0,0.015539765357971191,0,0.41364574432373047
C000000025__VIS-025_SW_data_21-July-2026_10-01-26,Ld,31,5,338.11599999994064,0,0.598565012216568,10,0.0938270092010498
C000000025__VIS-025_SW_data_21-July-2026_10-01-26,A,31,9,338.11599999994064,0,0.010248899459838867,0,0.1263589859008789
C000000025__VIS-025_SW_data_21-July-2026_10-02-24,Ld,31,5,391.1200000005963,0,1.6168299317359924,0,0.23568177223205566
C000000025__VIS-025_SW_data_21-July-2026_10-02-24,A,31,22,391.1200000005963,0,0.03148829936981201,0,0.45892953872680664
C000000025__VIS-025_SW_data_21-July-2026_10-03-03,Ld,31,12,398.1240000003206,0,0.22553420066833496,8,0.06686663627624512
C000000025__VIS-025_SW_data_21-July-2026_10-03-03,A,31,27,398.1240000003206,0,0.008160114288330078,0,0.26241445541381836
C000000025__VIS-025_SW_data_21-July-2026_10-03-36,Ld,31,8,379.11799999933714,0,0.3739754259586334,1,0.01328587532043457
C000000025__VIS-025_SW_data_21-July-2026_10-03-36,A,31,10,379.11799999933714,0,0.005498528480529785,0,0.025840044021606445
C000000025__VIS-025_SW_data_21-July-2026_10-04-09,Ld,31,9,404.9490000000035,0,1.067940354347229,14,0.0690622329711914
C000000025__VIS-025_SW_data_21-July-2026_10-04-09,A,31,7,404.9490000000035,0,0.008629560470581055,0,0.22057342529296875
C000000026__VIS-020_SW_data_14-July-2026_10-03-40,Ld,31,26,387.9469999999085,0,0.8364844471216202,0,0.21816205978393555
C000000026__VIS-020_SW_data_14-July-2026_10-03-40,A,31,25,387.9469999999085,0,0.01576453447341919,0,0.07895159721374512
C000000026__VIS-020_SW_data_14-July-2026_10-04-27,Ld,31,9,345.94400000011524,0,0.28005871176719666,0,0.25454211235046387
C000000026__VIS-020_SW_data_14-July-2026_10-04-27,A,31,18,345.94400000011524,15,0.003406822681427002,15,0.2980194091796875
C000000026__VIS-020_SW_data_14-July-2026_10-05-15,Ld,31,27,383.12000000013063,0,0.9124585092067719,0,0.3812243938446045
C000000026__VIS-020_SW_data_14-July-2026_10-05-15,A,31,14,383.12000000013063,0,0.025225043296813965,0,0.6864452362060547
C000000026__VIS-020_SW_data_14-July-2026_10-06-14,Ld,31,27,401.4469999999085,0,1.354346215724945,0,0.34508705139160156
C000000026__VIS-020_SW_data_14-July-2026_10-06-14,A,31,7,401.4469999999085,0,0.0068495869636535645,0,0.22304344177246094
C000000026__VIS-020_SW_data_14-July-2026_10-06-51,Ld,31,7,324.44300000018416,0,0.021604925394058228,0,0.1947319507598877
C000000026__VIS-020_SW_data_14-July-2026_10-06-51,A,31,2,324.44300000018416,7,0.012230277061462402,7,0.3612983226776123
C000000026__VIS-020_SW_data_14-July-2026_10-07-28,Ld,31,19,264.9380000000631,0,0.706394299864769,0,0.2667355537414551
C000000026__VIS-020_SW_data_14-July-2026_10-07-28,A,31,0,264.9380000000631,0,0.005623757839202881,0,0.04972577095031738
C000000026__VIS-020_SW_data_14-July-2026_10-08-20,Ld,31,5,361.9450000000463,0,0.5984077453613281,0,0.15575337409973145
C000000026__VIS-020_SW_data_14-July-2026_10-08-20,A,31,17,361.9450000000463,0,0.004655897617340088,0,0.2732546329498291
C000000026__VIS-020_SW_data_14-July-2026_10-09-33,Ld,31,13,368.44400000011524,0,1.0857243537902832,0,0.2954080104827881
C000000026__VIS-020_SW_data_14-July-2026_10-09-33,A,31,5,368.44400000011524,0,0.009988188743591309,0,0.19620275497436523
C000000026__VIS-020_SW_data_14-July-2026_10-10-10,Ld,31,15,339.9419999997874,0,0.15610557794570923,10,0.05912303924560547
C000000026__VIS-020_SW_data_14-July-2026_10-10-10,A,31,30,339.9419999997874,8,0.0005062222480773926,8,0.0571131706237793
C000000026__VIS-020_SW_data_14-July-2026_10-10-49,Ld,31,30,399.9459999999774,0,1.016657829284668,0,0.27152228355407715
C000000026__VIS-020_SW_data_14-July-2026_10-10-49,A,31,3,399.9459999999774,0,0.014522314071655273,0,0.23239994049072266
C000000026__VIS-020_SW_data_14-July-2026_10-12-12,Ld,31,23,354.11800000026847,0,0.6291791945695877,0,0.1663966178894043
C000000026__VIS-020_SW_data_14-July-2026_10-12-12,A,31,14,354.11800000026847,0,0.02126944065093994,0,0.5211639404296875
C000000026__VIS-020_SW_data_14-July-2026_10-13-08,Ld,31,14,348.11800000026847,0,1.430951565504074,0,0.4418802261352539
C000000026__VIS-020_SW_data_14-July-2026_10-13-08,A,31,12,348.11800000026847,0,0.02550530433654785,0,0.4289531707763672
C000000026__VIS-020_SW_data_14-July-2026_10-13-43,Ld,31,25,358.94500000027915,0,0.4758518561720848,0,0.15622162818908691
C000000026__VIS-020_SW_data_14-July-2026_10-13-43,A,31,7,358.94500000027915,15,0.003771066665649414,0,0.136322021484375
C000000026__VIS-020_SW_data_14-July-2026_10-14-20,Ld,31,18,344.9429999999513,0,1.0538471341133118,0,0.4318070411682129
C000000026__VIS-020_SW_data_14-July-2026_10-14-20,A,31,23,344.9429999999513,0,0.010366082191467285,0,0.3034849166870117
C000000027__VIS-019_SW_data_14-July-2026_09-20-26,Ld,31,12,301.4380000000631,10,0.2020154446363449,0,0.2503833770751953
C000000027__VIS-019_SW_data_14-July-2026_09-20-26,A,31,19,301.4380000000631,0,0.02242225408554077,1,0.5534591674804688
C000000027__VIS-019_SW_data_14-July-2026_09-21-01,Ld,31,3,327.93999999992525,0,1.3204533010721207,0,0.8406162261962891
C000000027__VIS-019_SW_data_14-July-2026_09-21-01,A,31,22,327.93999999992525,0,0.12402528524398804,0,0.14005017280578613
C000000027__VIS-019_SW_data_14-July-2026_09-21-40,Ld,31,9,396.9490000000035,0,1.097099781036377,0,0.7556805610656738
C000000027__VIS-019_SW_data_14-July-2026_09-21-40,A,31,2,396.9490000000035,0,0.09049731492996216,0,0.2644977569580078
C000000027__VIS-019_SW_data_14-July-2026_09-22-29,Ld,31,9,284.93999999992525,5,0.4293801039457321,5,0.8033440113067627
C000000027__VIS-019_SW_data_14-July-2026_09-22-29,A,31,10,284.93999999992525,8,0.01673334836959839,8,0.22040295600891113
C000000027__VIS-019_SW_data_14-July-2026_09-23-05,Ld,31,19,194.43200000001093,0,0.9710915237665176,0,1.0268146991729736
C000000027__VIS-019_SW_data_14-July-2026_09-23-05,A,31,16,194.43200000001093,0,0.0770028829574585,0,0.6265149116516113
C000000027__VIS-019_SW_data_14-July-2026_09-24-01,Ld,31,25,270.9380000000631,0,1.4201292395591736,0,0.4576561450958252
C000000027__VIS-019_SW_data_14-July-2026_09-24-01,A,31,13,270.9380000000631,0,0.05274385213851929,0,0.4801042079925537
C000000027__VIS-019_SW_data_14-July-2026_09-26-08,Ld,31,27,199.9299999996831,0,0.009136497974395752,0,0.21194720268249512
C000000027__VIS-019_SW_data_14-July-2026_09-26-08,A,31,1,199.9299999996831,6,0.04114031791687012,6,0.5298891067504883
C000000027__VIS-019_SW_data_14-July-2026_09-26-53,Ld,31,10,315.93899999976134,0,0.9679498225450516,0,0.7111239433288574
C000000027__VIS-019_SW_data_14-July-2026_09-26-53,A,31,6,315.93899999976134,0,0.0006467103958129883,3,0.7375912666320801
C000000027__VIS-019_SW_data_14-July-2026_09-27-24,Ld,31,11,288.939000000227,4,0.3971088081598282,1,0.32050371170043945
C000000027__VIS-019_SW_data_14-July-2026_09-27-24,A,31,29,288.939000000227,7,0.04729890823364258,6,1.1424813270568848
C000000027__VIS-019_SW_data_14-July-2026_09-28-34,Ld,31,4,312.4420000002531,0,0.9350850433111191,0,0.20702266693115234
C000000027__VIS-019_SW_data_14-July-2026_09-28-34,A,31,5,312.4420000002531,0,0.03875458240509033,4,0.2475285530090332
C000000027__VIS-019_SW_data_14-July-2026_09-29-07,Ld,31,12,250.45900000024562,0,0.592779278755188,0,0.19245386123657227
C000000027__VIS-019_SW_data_14-July-2026_09-29-07,A,31,26,250.45900000024562,0,0.0036539435386657715,1,0.01726055145263672
C000000027__VIS-019_SW_data_14-July-2026_09-29-48,Ld,31,0,314.4409999996235,0,0.5362488925457001,0,0.45665717124938965
C000000027__VIS-019_SW_data_14-July-2026_09-29-48,A,31,25,314.4409999996235,13,0.03576117753982544,14,0.4776315689086914
C000000027__VIS-019_SW_data_14-July-2026_09-30-41,Ld,31,24,372.4470000001413,0,0.49811839312314987,0,0.27585840225219727
C000000027__VIS-019_SW_data_14-July-2026_09-30-41,A,31,12,372.4470000001413,0,0.02563953399658203,1,0.5749623775482178
C000000027__VIS-019_SW_data_14-July-2026_09-31-35,Ld,31,1,356.9420000002531,2,0.10814464092254639,2,0.0680689811706543
C000000027__VIS-019_SW_data_14-July-2026_09-31-35,A,31,14,356.9420000002531,8,0.004071056842803955,8,0.010540485382080078
C000000028__VIS-018_SW_data_14-July-2026_08-30-41,Ld,31,21,129.92700000000627,0,0.7412329614162445,0,0.8625197410583496
C000000028__VIS-018_SW_data_14-July-2026_08-30-41,A,31,25,129.92700000000627,0,0.10946786403656006,0,1.2301006317138672
C000000028__VIS-018_SW_data_14-July-2026_08-31-36,Ld,31,4,50.42000000002304,13,0.028748273849487305,2,0.3011312484741211
C000000028__VIS-018_SW_data_14-July-2026_08-31-36,A,31,21,50.42000000002304,4,0.0070860981941223145,13,0.2592015266418457
C000000028__VIS-018_SW_data_14-July-2026_08-32-28,Ld,31,17,190.42899999998485,10,0.05417364835739136,13,0.5242962837219238
C000000028__VIS-018_SW_data_14-July-2026_08-32-28,A,31,25,190.42899999998485,10,0.04148578643798828,4,0.1426997184753418
C000000028__VIS-018_SW_data_14-July-2026_08-34-06,Ld,31,22,131.42700000000627,2,0.09505027532577515,3,0.3418574333190918
C000000028__VIS-018_SW_data_14-July-2026_08-34-06,A,31,23,131.42700000000627,1,0.029017090797424316,15,0.31467342376708984
C000000028__VIS-018_SW_data_14-July-2026_08-36-24,Ld,31,26,158.42800000005377,12,0.06826573610305786,0,0.7139348983764648
C000000028__VIS-018_SW_data_14-July-2026_08-36-24,A,31,21,158.42800000005377,4,0.054996490478515625,4,0.18377447128295898
C000000028__VIS-018_SW_data_14-July-2026_08-37-36,Ld,31,12,83.92200000000162,4,0.33429549634456635,5,0.7089576721191406
C000000028__VIS-018_SW_data_14-July-2026_08-37-36,A,31,28,83.92200000000162,2,0.013992071151733398,4,0.19156932830810547
C000000028__VIS-018_SW_data_14-July-2026_08-38-55,Ld,31,17,72.92200000000162,2,0.1769893765449524,1,0.07391166687011719
C000000028__VIS-018_SW_data_14-July-2026_08-38-55,A,31,25,72.92200000000162,6,0.011599957942962646,5,0.6013898849487305
C000000028__VIS-018_SW_data_14-July-2026_08-40-35,Ld,31,3,23.918000000044458,14,0.09567031264305115,9,0.11452054977416992
C000000028__VIS-018_SW_data_14-July-2026_08-40-35,A,31,5,23.918000000044458,10,0.0007911324501037598,9,0.02438044548034668
C000000028__VIS-018_SW_data_14-July-2026_08-41-28,Ld,31,16,220.9339999998731,0,0.21695466339588165,0,0.4530966281890869
C000000028__VIS-018_SW_data_14-July-2026_08-41-28,A,31,23,220.9339999998731,10,0.01253056526184082,10,0.1985607147216797
C000000028__VIS-018_SW_data_14-July-2026_08-42-20,Ld,31,29,204.93200000001093,0,1.2701850235462189,0,0.3036794662475586
C000000028__VIS-018_SW_data_14-July-2026_08-42-20,A,31,2,204.93200000001093,0,0.023207366466522217,0,0.4138071537017822
C000000028__VIS-018_SW_data_14-July-2026_08-43-02,Ld,31,26,164.4679999998582,13,0.2820836007595062,13,0.07979130744934082
C000000028__VIS-018_SW_data_14-July-2026_08-43-02,A,31,13,164.4679999998582,2,0.00562894344329834,3,0.1440575122833252
C000000028__VIS-018_SW_data_14-July-2026_08-44-25,Ld,31,29,166.42899999998485,0,0.5151399630121887,0,0.06432390213012695
C000000028__VIS-018_SW_data_14-July-2026_08-44-25,A,31,12,166.42899999998485,0,0.016322314739227295,14,0.20606374740600586
C000000028__VIS-018_SW_data_14-July-2026_08-45-18,Ld,31,28,138.4260000001916,5,0.2204148769378662,5,0.08396601676940918
C000000028__VIS-018_SW_data_14-July-2026_08-45-18,A,31,6,138.4260000001916,11,0.0114518404006958,11,0.20425033569335938
C000000028__VIS-018_SW_data_14-July-2026_08-46-32,Ld,31,10,114.42399999986378,10,0.09777429699897766,6,0.003366708755493164
C000000028__VIS-018_SW_data_14-July-2026_08-46-32,A,31,29,114.42399999986378,11,0.0009385943412780762,13,0.01447296142578125
C000000028__VIS-018_SW_data_14-July-2026_08-47-04,Ld,31,30,121.42300000016553,1,0.4060233533382416,1,0.19826173782348633
C000000028__VIS-018_SW_data_14-July-2026_08-47-04,A,31,2,121.42300000016553,2,0.0032675862312316895,0,0.28459668159484863
C000000028__VIS-018_SW_data_14-July-2026_08-47-38,Ld,31,4,70.4209999998377,14,0.01638627052307129,13,0.018766403198242188
C000000028__VIS-018_SW_data_14-July-2026_08-47-38,A,31,0,70.4209999998377,6,0.006409406661987305,5,0.10217142105102539
C000000029__VIS-031_SW_data_24-July-2026_11-11-50,Ld,31,28,371.9470000000249,0,1.0533816814422607,0,0.7050924301147461
C000000029__VIS-031_SW_data_24-July-2026_11-11-50,A,31,10,371.9470000000249,0,0.054809629917144775,0,0.5658226013183594
C000000029__VIS-031_SW_data_24-July-2026_11-13-37,Ld,31,16,357.44200000002024,0,0.5523243248462677,0,0.38103556632995605
C000000029__VIS-031_SW_data_24-July-2026_11-13-37,A,31,30,357.44200000002024,0,0.03719067573547363,1,0.6287684440612793
C000000029__VIS-031_SW_data_24-July-2026_11-15-26,Ld,31,26,370.4449999999299,0,1.4800880551338196,0,1.0019893646240234
C000000029__VIS-031_SW_data_24-July-2026_11-15-26,A,31,8,370.4449999999299,0,0.14344161748886108,0,0.9555959701538086
C000000029__VIS-031_SW_data_24-July-2026_11-16-52,Ld,31,11,394.94799999983957,0,1.90662682056427,0,1.0927045345306396
C000000029__VIS-031_SW_data_24-July-2026_11-16-52,A,31,25,394.94799999983957,0,0.05569964647293091,0,0.44304370880126953
C000000029__VIS-031_SW_data_24-July-2026_11-17-56,Ld,31,15,385.9449999998135,0,1.3004430532455444,0,0.7827262878417969
C000000029__VIS-031_SW_data_24-July-2026_11-17-56,A,31,5,385.9449999998135,0,0.05151724815368652,0,0.420654296875
C000000029__VIS-031_SW_data_24-July-2026_11-19-14,Ld,31,29,376.9439999998824,0,1.4168576449155807,0,0.5345261096954346
C000000029__VIS-031_SW_data_24-July-2026_11-19-14,A,31,18,376.9439999998824,0,0.05548083782196045,0,0.07186079025268555
C000000029__VIS-031_SW_data_24-July-2026_11-19-50,Ld,31,24,397.9459999999774,0,1.598156064748764,0,0.3882412910461426
C000000029__VIS-031_SW_data_24-July-2026_11-19-50,A,31,29,397.9459999999774,0,0.026934146881103516,0,0.21239233016967773
C000000029__VIS-031_SW_data_24-July-2026_11-20-40,Ld,31,18,363.11800000026847,0,0.4120287299156189,4,0.02744460105895996
C000000029__VIS-031_SW_data_24-July-2026_11-20-40,A,31,22,363.11800000026847,0,0.02484273910522461,0,0.05861711502075195
C000000029__VIS-031_SW_data_24-July-2026_11-21-17,Ld,31,26,405.12000000013063,0,0.7036501467227936,1,0.4599788188934326
C000000029__VIS-031_SW_data_24-July-2026_11-21-17,A,31,30,405.12000000013063,0,0.0036194324493408203,1,0.3358283042907715
C000000029__VIS-031_SW_data_24-July-2026_11-23-20,Ld,31,16,364.44300000018416,0,0.6305084824562073,0,0.16548442840576172
C000000029__VIS-031_SW_data_24-July-2026_11-23-20,A,31,17,364.44300000018416,0,0.018549859523773193,0,0.02598738670349121
C000000029__VIS-031_SW_data_24-July-2026_11-24-40,Ld,31,20,384.9469999999085,0,0.7258537858724594,0,0.22818255424499512
C000000029__VIS-031_SW_data_24-July-2026_11-24-40,A,31,30,384.9469999999085,0,0.020502090454101562,0,0.5597951412200928
C000000029__VIS-031_SW_data_24-July-2026_11-25-22,Ld,31,13,369.44600000021023,0,1.1049865186214447,0,0.395172119140625
C000000029__VIS-031_SW_data_24-July-2026_11-25-22,A,31,25,369.44600000021023,0,0.04397237300872803,0,0.3942875862121582
C000000029__VIS-031_SW_data_24-July-2026_11-26-20,Ld,31,8,404.9469999999085,0,0.9315233826637268,0,0.5148897171020508
C000000029__VIS-031_SW_data_24-July-2026_11-26-20,A,31,24,404.9469999999085,0,0.005632162094116211,0,0.4744596481323242
C000000029__VIS-031_SW_data_24-July-2026_11-27-04,Ld,31,3,377.11800000026847,0,1.1740416288375854,0,0.5420663356781006
C000000029__VIS-031_SW_data_24-July-2026_11-27-04,A,31,27,377.11800000026847,0,0.03202962875366211,0,0.5156760215759277
C000000030__VIS-029_SW_data_24-July-2026_09-36-27,Ld,31,10,390.9449999998135,0,0.7090423852205276,0,0.6474776268005371
C000000030__VIS-029_SW_data_24-July-2026_09-36-27,A,31,19,390.9449999998135,0,0.012026369571685791,14,0.1910104751586914
C000000030__VIS-029_SW_data_24-July-2026_09-37-10,Ld,31,4,368.4429999999513,0,0.6242051124572754,0,0.3528566360473633
C000000030__VIS-029_SW_data_24-July-2026_09-37-10,A,31,11,368.4429999999513,0,0.008280754089355469,9,0.25902795791625977
C000000030__VIS-029_SW_data_24-July-2026_09-38-43,Ld,31,2,378.44699999967565,0,1.4366531372070312,0,0.33238720893859863
C000000030__VIS-029_SW_data_24-July-2026_09-38-43,A,31,16,378.44699999967565,0,0.05762898921966553,0,0.42558741569519043
C000000030__VIS-029_SW_data_24-July-2026_09-39-32,Ld,31,30,363.94400000011524,0,0.20571094751358032,1,0.40058088302612305
C000000030__VIS-029_SW_data_24-July-2026_09-39-32,A,31,7,363.94400000011524,2,0.004462003707885742,2,0.3379478454589844
C000000030__VIS-029_SW_data_24-July-2026_09-40-03,Ld,31,8,339.44400000011524,0,1.6244081556797028,0,0.24265527725219727
C000000030__VIS-029_SW_data_24-July-2026_09-40-03,A,31,24,339.44400000011524,0,0.03187590837478638,1,0.543755054473877
C000000030__VIS-029_SW_data_24-July-2026_09-40-37,Ld,31,5,363.44500000027915,0,0.42930442094802856,0,0.12327241897583008
C000000030__VIS-029_SW_data_24-July-2026_09-40-37,A,31,5,363.44500000027915,0,0.00884711742401123,4,0.07747006416320801
C000000030__VIS-029_SW_data_24-July-2026_09-41-15,Ld,31,6,362.94400000011524,0,1.2743490040302277,0,0.5232915878295898
C000000030__VIS-029_SW_data_24-July-2026_09-41-15,A,31,17,362.94400000011524,0,0.017401933670043945,0,0.14605093002319336
C000000030__VIS-029_SW_data_24-July-2026_09-44-24,Ld,31,15,382.9459999999774,0,0.7429769337177277,0,0.4191412925720215
C000000030__VIS-029_SW_data_24-July-2026_09-44-24,A,31,16,382.9459999999774,0,0.03240334987640381,0,0.37231874465942383
C000000030__VIS-029_SW_data_24-July-2026_09-46-58,Ld,31,0,361.4439999999988,0,0.08869712054729462,0,0.7611708641052246
C000000030__VIS-029_SW_data_24-July-2026_09-46-58,A,31,20,361.4439999999988,14,0.0014307498931884766,0,0.2963294982910156
C000000030__VIS-029_SW_data_24-July-2026_09-48-09,Ld,31,9,335.4440000000134,0,1.2176482379436493,0,0.8072566986083984
C000000030__VIS-029_SW_data_24-July-2026_09-48-09,A,31,23,335.4440000000134,0,0.039525747299194336,0,0.3747904300689697
C000000030__VIS-029_SW_data_24-July-2026_09-49-09,Ld,31,25,381.9449999999881,6,0.09038716554641724,8,0.12076687812805176
C000000030__VIS-029_SW_data_24-July-2026_09-49-09,A,31,3,381.9449999999881,6,0.003423333168029785,10,0.033232927322387695
C000000030__VIS-029_SW_data_24-July-2026_09-50-11,Ld,31,9,356.1200000000142,0,0.33111875504255295,0,0.21720361709594727
C000000030__VIS-029_SW_data_24-July-2026_09-50-11,A,31,19,356.1200000000142,0,0.006977081298828125,4,0.023299217224121094
C000000030__VIS-029_SW_data_24-July-2026_09-50-57,Ld,31,5,336.44000000001256,0,1.3135208487510681,0,0.4001932144165039
C000000030__VIS-029_SW_data_24-July-2026_09-50-57,A,31,12,336.44000000001256,0,0.06616157293319702,0,0.727102518081665
C000000030__VIS-029_SW_data_24-July-2026_09-51-29,Ld,31,10,278.9380000000049,12,0.4924246072769165,12,0.05505657196044922
C000000030__VIS-029_SW_data_24-July-2026_09-51-29,A,31,19,278.9380000000049,0,0.017554879188537598,0,0.33197665214538574
C000000030__VIS-029_SW_data_24-July-2026_09-52-03,Ld,31,23,340.94300000000953,0,1.1411265581846237,15,0.017479658126831055
C000000030__VIS-029_SW_data_24-July-2026_09-52-03,A,31,21,340.94300000000953,0,0.03183251619338989,0,0.46806764602661133
C000000030__VIS-029_SW_data_24-July-2026_09-52-38,Ld,31,9,321.44199999996204,0,0.9492404162883759,0,0.2974264621734619
C000000030__VIS-029_SW_data_24-July-2026_09-52-38,A,31,18,321.44199999996204,0,0.021732449531555176,0,0.24795961380004883
C000000030__VIS-029_SW_data_24-July-2026_09-53-18,Ld,31,24,281.93899999999417,13,0.019794002175331116,13,0.057497501373291016
C000000030__VIS-029_SW_data_24-July-2026_09-53-18,A,31,22,281.93899999999417,4,0.002653837203979492,0,0.13003826141357422
C000000031__VIS-032_SW_data_24-July-2026_11-57-06,Ld,31,24,332.94100000008916,0,0.8702696859836578,0,0.42955493927001953
C000000031__VIS-032_SW_data_24-July-2026_11-57-06,A,31,16,332.94100000008916,0,0.009374678134918213,0,0.28299999237060547
C000000031__VIS-032_SW_data_24-July-2026_11-58-23,Ld,31,18,302.439000000227,12,0.10687896609306335,12,0.14304637908935547
C000000031__VIS-032_SW_data_24-July-2026_11-58-23,A,31,14,302.439000000227,0,0.0008099675178527832,0,0.05046224594116211
C000000031__VIS-032_SW_data_24-July-2026_11-59-33,Ld,31,18,320.439000000227,0,0.7485255300998688,0,0.4884195327758789
C000000031__VIS-032_SW_data_24-July-2026_11-59-33,A,31,8,320.439000000227,0,0.014792203903198242,0,0.4541964530944824
C000000031__VIS-032_SW_data_24-July-2026_12-02-02,Ld,31,14,339.11599999994064,0,0.7162923663854599,0,0.37191247940063477
C000000031__VIS-032_SW_data_24-July-2026_12-02-02,A,31,7,339.11599999994064,0,0.010388195514678955,0,0.0666661262512207
C000000031__VIS-032_SW_data_24-July-2026_12-04-14,Ld,31,15,338.443000000417,0,1.2166169881820679,0,0.5336184501647949
C000000031__VIS-032_SW_data_24-July-2026_12-04-14,A,31,21,338.443000000417,0,0.04769277572631836,0,0.572899341583252
C000000031__VIS-032_SW_data_24-July-2026_12-04-54,Ld,31,24,372.94500000027915,0,1.324055552482605,0,0.5827360153198242
C000000031__VIS-032_SW_data_24-July-2026_12-04-54,A,31,21,372.94500000027915,0,0.05266696214675903,0,0.8539412021636963
C000000031__VIS-032_SW_data_24-July-2026_12-06-09,Ld,31,5,309.93999999992525,0,1.0320310294628143,0,0.23365521430969238
C000000031__VIS-032_SW_data_24-July-2026_12-06-09,A,31,6,309.93999999992525,0,0.08155691623687744,0,1.2987327575683594
C000000031__VIS-032_SW_data_24-July-2026_12-07-02,Ld,31,11,344.4439999996496,0,0.18645242601633072,0,0.3211960792541504
C000000031__VIS-032_SW_data_24-July-2026_12-07-02,A,31,30,344.4439999996496,14,0.0031078457832336426,0,0.10413765907287598
C000000031__VIS-032_SW_data_24-July-2026_12-07-40,Ld,31,0,347.4429999999513,0,0.8438558578491211,0,0.42831993103027344
C000000031__VIS-032_SW_data_24-July-2026_12-07-40,A,31,20,347.4429999999513,0,0.010385394096374512,0,0.08030557632446289
C000000031__VIS-032_SW_data_24-July-2026_12-08-42,Ld,31,9,314.93999999992525,0,0.1462133228778839,12,0.026033639907836914
C000000031__VIS-032_SW_data_24-July-2026_12-08-42,A,31,16,314.93999999992525,0,0.016838669776916504,0,0.25519394874572754
C000000031__VIS-032_SW_data_24-July-2026_12-09-14,Ld,31,2,329.9439999996496,0,1.117775022983551,0,0.38167810440063477
C000000031__VIS-032_SW_data_24-July-2026_12-09-14,A,31,26,329.9439999996496,0,0.020012378692626953,0,0.5195736885070801
C000000031__VIS-032_SW_data_24-July-2026_12-09-49,Ld,31,27,368.9449999998135,0,0.44911935180425644,0,0.09671211242675781
C000000031__VIS-032_SW_data_24-July-2026_12-09-49,A,31,15,368.9449999998135,0,0.011981964111328125,0,0.30571484565734863
C000000031__VIS-032_SW_data_24-July-2026_12-10-22,Ld,31,24,347.89899999999875,0,1.150187760591507,0,0.24390602111816406
C000000031__VIS-032_SW_data_24-July-2026_12-10-22,A,31,14,347.89899999999875,0,0.018141508102416992,0,0.5470585823059082
C000000031__VIS-032_SW_data_24-July-2026_12-11-00,Ld,31,22,356.9419999999984,0,0.6359573006629944,0,0.04800605773925781
C000000031__VIS-032_SW_data_24-July-2026_12-11-00,A,31,8,356.9419999999984,0,0.012282967567443848,0,0.12807846069335938
C000000031__VIS-032_SW_data_24-July-2026_12-11-35,Ld,31,9,332.44300000000953,0,1.1295230984687805,0,0.18949365615844727
C000000031__VIS-032_SW_data_24-July-2026_12-11-35,A,31,4,332.44300000000953,0,0.009233355522155762,0,0.39813995361328125
C000000032__VIS-030_SW_data_24-July-2026_10-24-32,Ld,31,14,341.11599999994064,0,1.2894441783428192,0,0.09761190414428711
C000000032__VIS-030_SW_data_24-July-2026_10-24-32,A,31,22,341.11599999994064,0,0.02676481008529663,0,0.1894216537475586
C000000032__VIS-030_SW_data_24-July-2026_10-27-00,Ld,31,24,340.11599999994064,0,0.8201960325241089,0,0.1778106689453125
C000000032__VIS-030_SW_data_24-July-2026_10-27-00,A,31,26,340.11599999994064,13,0.007083773612976074,14,0.5279703140258789
C000000032__VIS-030_SW_data_24-July-2026_10-29-36,Ld,31,5,398.9470000001413,0,0.3561617434024811,1,0.563452959060669
C000000032__VIS-030_SW_data_24-July-2026_10-29-36,A,31,21,398.9470000001413,0,0.017618834972381592,1,0.10824704170227051
C000000032__VIS-030_SW_data_24-July-2026_10-31-56,Ld,31,8,381.94500000027915,0,1.4258996844291687,0,0.4187154769897461
C000000032__VIS-030_SW_data_24-July-2026_10-31-56,A,31,11,381.94500000027915,0,0.03626531362533569,0,0.17092466354370117
C000000032__VIS-030_SW_data_24-July-2026_10-32-50,Ld,31,11,358.44500000027915,0,1.0672595798969269,0,1.054643154144287
C000000032__VIS-030_SW_data_24-July-2026_10-32-50,A,31,17,358.44500000027915,0,0.030793368816375732,0,0.17156219482421875
C000000032__VIS-030_SW_data_24-July-2026_10-33-56,Ld,31,18,276.11599999994064,0,0.5633540153503418,0,0.3611440658569336
C000000032__VIS-030_SW_data_24-July-2026_10-33-56,A,31,17,276.11599999994064,0,0.013612985610961914,0,0.16605687141418457
C000000032__VIS-030_SW_data_24-July-2026_10-36-31,Ld,31,2,369.1200000005963,0,0.39560936391353607,0,0.41631317138671875
C000000032__VIS-030_SW_data_24-July-2026_10-36-31,A,31,29,369.1200000005963,9,0.006258785724639893,10,0.1507883071899414
C000000032__VIS-030_SW_data_24-July-2026_10-37-09,Ld,31,26,376.4459999999774,0,0.20109377801418304,0,0.14313650131225586
C000000032__VIS-030_SW_data_24-July-2026_10-37-09,A,31,12,376.4459999999774,1,0.010934054851531982,1,0.2576930522918701
C000000032__VIS-030_SW_data_24-July-2026_10-37-38,Ld,31,17,365.44400000011524,0,1.5986753702163696,0,0.19162416458129883
C000000032__VIS-030_SW_data_24-July-2026_10-37-38,A,31,5,365.44400000011524,0,0.03551626205444336,0,0.10768628120422363
C000000032__VIS-030_SW_data_24-July-2026_10-38-12,Ld,31,19,407.1239999993893,0,1.0218599885702133,0,0.2714862823486328
C000000032__VIS-030_SW_data_24-July-2026_10-38-12,A,31,27,407.1239999993893,0,0.028487443923950195,0,0.32140564918518066
C000000032__VIS-030_SW_data_24-July-2026_10-38-47,Ld,31,28,399.11999999966497,0,0.966399110853672,0,0.15158557891845703
C000000032__VIS-030_SW_data_24-July-2026_10-38-47,A,31,27,399.11999999966497,0,0.03708994388580322,0,0.3202660083770752
C000000032__VIS-030_SW_data_24-July-2026_10-39-16,Ld,31,1,389.9480000003052,0,1.0723241567611694,0,0.018422603607177734
C000000032__VIS-030_SW_data_24-July-2026_10-39-16,A,31,1,389.9480000003052,0,0.03772413730621338,0,0.5734467506408691
C000000032__VIS-030_SW_data_24-July-2026_10-39-58,Ld,31,22,361.9459999999774,0,0.01530439779162407,0,0.2811927795410156
C000000032__VIS-030_SW_data_24-July-2026_10-39-58,A,31,6,361.9459999999774,2,0.001379847526550293,1,0.13512682914733887
C000000032__VIS-030_SW_data_24-July-2026_10-40-31,Ld,31,5,406.9490000000035,0,0.2525198385119438,1,0.08251380920410156
C000000032__VIS-030_SW_data_24-July-2026_10-40-31,A,31,19,406.9490000000035,10,0.0011993646621704102,0,0.08917903900146484
C000000032__VIS-030_SW_data_24-July-2026_10-41-17,Ld,31,1,310.11599999994064,0,1.1542470008134842,0,0.09457206726074219
C000000032__VIS-030_SW_data_24-July-2026_10-41-17,A,31,24,310.11599999994064,0,0.03691661357879639,0,0.41525983810424805
C000000032__VIS-030_SW_data_24-July-2026_10-41-45,Ld,31,5,300.1120000002163,0,1.0203491002321243,4,0.06272315979003906
C000000032__VIS-030_SW_data_24-July-2026_10-41-45,A,31,18,300.1120000002163,0,0.015425920486450195,0,0.24504995346069336
C000000033__VIS-028_SW_data_24-July-2026_08-43-33,Ld,31,19,40.41999999996483,0,0.3207634687423706,0,0.6727199554443359
C000000033__VIS-028_SW_data_24-July-2026_08-43-33,A,31,5,40.41999999996483,0,0.05866420269012451,0,1.3629531860351562
C000000033__VIS-028_SW_data_24-July-2026_08-45-28,Ld,31,12,216.435000000037,6,0.13580292463302612,6,0.1378011703491211
C000000033__VIS-028_SW_data_24-July-2026_08-45-28,A,31,3,216.435000000037,0,0.045173585414886475,0,0.6867475509643555
C000000033__VIS-028_SW_data_24-July-2026_08-45-58,Ld,31,30,264.9380000000631,9,0.05437511205673218,6,0.011978387832641602
C000000033__VIS-028_SW_data_24-July-2026_08-45-58,A,31,15,264.9380000000631,14,0.006788432598114014,0,0.12961530685424805
C000000033__VIS-028_SW_data_24-July-2026_08-46-47,Ld,31,4,239.4359999999681,7,0.009982287883758545,7,0.019270658493041992
C000000033__VIS-028_SW_data_24-July-2026_08-46-47,A,31,25,239.4359999999681,8,0.01749175786972046,8,0.4051370620727539
C000000033__VIS-028_SW_data_24-July-2026_08-47-28,Ld,31,22,163.42899999998485,0,0.5176043212413788,0,0.42823314666748047
C000000033__VIS-028_SW_data_24-July-2026_08-47-28,A,31,6,163.42899999998485,0,0.006107449531555176,4,0.08266687393188477
C000000033__VIS-028_SW_data_24-July-2026_08-48-22,Ld,31,10,170.92899999998485,0,0.1700289249420166,0,0.4354383945465088
C000000033__VIS-028_SW_data_24-July-2026_08-48-22,A,31,2,170.92899999998485,4,0.008189082145690918,4,0.1591043472290039
C000000033__VIS-028_SW_data_24-July-2026_08-48-57,Ld,31,17,98.4250000000277,4,0.25561198592185974,5,0.20486903190612793
C000000033__VIS-028_SW_data_24-July-2026_08-48-57,A,31,17,98.4250000000277,4,0.009814858436584473,0,0.23349237442016602
C000000033__VIS-028_SW_data_24-July-2026_08-50-00,Ld,31,1,65.91900000009196,0,1.3994346261024475,0,1.4698514938354492
C000000033__VIS-028_SW_data_24-July-2026_08-50-00,A,31,5,65.91900000009196,0,0.11368823051452637,0,1.485116958618164
C000000033__VIS-028_SW_data_24-July-2026_08-50-33,Ld,31,14,55.42099999995412,0,0.26892639696598053,10,0.0510709285736084
C000000033__VIS-028_SW_data_24-July-2026_08-50-33,A,31,2,55.42099999995412,0,0.03668320178985596,0,0.5543668270111084
C000000033__VIS-028_SW_data_24-July-2026_08-51-05,Ld,31,22,72.92100000007053,10,0.02820676565170288,10,0.37314510345458984
C000000033__VIS-028_SW_data_24-July-2026_08-51-05,A,31,23,72.92100000007053,0,0.022913217544555664,0,0.2075188159942627
C000000033__VIS-028_SW_data_24-July-2026_08-51-37,Ld,31,22,46.41699999999696,0,1.0759968757629395,0,0.5358765125274658
C000000033__VIS-028_SW_data_24-July-2026_08-51-37,A,31,25,46.41699999999696,0,0.09394991397857666,0,1.0284504890441895
C000000033__VIS-028_SW_data_24-July-2026_08-52-16,Ld,31,24,43.92099999995412,0,0.46993570774793625,0,0.16434097290039062
C000000033__VIS-028_SW_data_24-July-2026_08-52-16,A,31,12,43.92099999995412,12,0.013877391815185547,12,0.0052127838134765625
C000000033__VIS-028_SW_data_24-July-2026_08-52-53,Ld,31,13,37.91699999999696,12,0.051886558532714844,11,0.005406856536865234
C000000033__VIS-028_SW_data_24-July-2026_08-52-53,A,31,9,37.91699999999696,11,0.00285947322845459,0,0.2142162322998047
C000000033__VIS-028_SW_data_24-July-2026_08-53-24,Ld,31,5,52.91899999997554,0,0.5802397280931473,0,0.398456335067749
C000000033__VIS-028_SW_data_24-July-2026_08-53-24,A,31,8,52.91899999997554,0,0.04768592119216919,0,0.8286972045898438
C000000033__VIS-028_SW_data_24-July-2026_08-53-58,Ld,31,22,16.08499999998162,6,0.12458860874176025,5,0.20925617218017578
C000000033__VIS-028_SW_data_24-July-2026_08-53-58,A,31,11,16.08499999998162,1,0.0008318424224853516,0,0.3913898468017578
C000000033__VIS-028_SW_data_24-July-2026_08-54-29,Ld,31,30,55.09000000010269,8,0.16516947746276855,10,0.023247718811035156
C000000033__VIS-028_SW_data_24-July-2026_08-54-29,A,31,17,55.09000000010269,0,0.02944624423980713,0,0.3271653652191162
C000000033__VIS-028_SW_data_24-July-2026_08-55-00,Ld,31,20,18.087000000076614,0,0.2730903625488281,7,0.030640125274658203
C000000033__VIS-028_SW_data_24-July-2026_08-55-00,A,31,16,18.087000000076614,8,0.019924402236938477,8,0.12344646453857422
C000000034__VIS-045_SW_data_07-August-2026_11-42-13,Ld,31,24,230.43300000017484,9,0.004966303706169128,9,0.11703777313232422
C000000034__VIS-045_SW_data_07-August-2026_11-42-13,A,31,11,230.43300000017484,10,0.0233076810836792,10,0.1764068603515625
C000000034__VIS-045_SW_data_07-August-2026_11-42-57,Ld,31,18,205.45300000019347,10,0.4491828754544258,0,0.03527212142944336
C000000034__VIS-045_SW_data_07-August-2026_11-42-57,A,31,19,205.45300000019347,10,0.028713345527648926,10,0.314788818359375
C000000034__VIS-045_SW_data_07-August-2026_11-43-35,Ld,31,26,255.43700000036483,0,1.1704385578632355,0,0.36330175399780273
C000000034__VIS-045_SW_data_07-August-2026_11-43-35,A,31,20,255.43700000036483,0,0.0021279454231262207,0,0.2420330047607422
C000000034__VIS-045_SW_data_07-August-2026_11-44-37,Ld,31,18,259.935000000037,12,0.29982054233551025,0,0.3233630657196045
C000000034__VIS-045_SW_data_07-August-2026_11-44-37,A,31,17,259.935000000037,12,0.036783695220947266,12,0.31888747215270996
C000000034__VIS-045_SW_data_07-August-2026_11-45-17,Ld,31,1,245.435000000037,0,0.08726876229047775,0,0.029496431350708008
C000000034__VIS-045_SW_data_07-August-2026_11-45-17,A,31,12,245.435000000037,14,0.04086935520172119,14,0.426300048828125
C000000034__VIS-045_SW_data_07-August-2026_11-47-02,Ld,31,9,236.43300000017484,4,0.04000556468963623,4,0.18924188613891602
C000000034__VIS-045_SW_data_07-August-2026_11-47-02,A,31,19,236.43300000017484,15,0.0035840272903442383,6,0.03654050827026367
C000000034__VIS-045_SW_data_07-August-2026_11-47-37,Ld,31,9,222.93200000001093,0,0.00295393168926239,7,0.036319732666015625
C000000034__VIS-045_SW_data_07-August-2026_11-47-37,A,31,18,222.93200000001093,11,0.0006519556045532227,0,0.07032299041748047
C000000034__VIS-045_SW_data_07-August-2026_11-48-26,Ld,31,15,234.93299999970918,8,0.3855839744210243,15,0.05191373825073242
C000000034__VIS-045_SW_data_07-August-2026_11-48-26,A,31,10,234.93299999970918,14,0.006078183650970459,14,0.09481954574584961
C000000034__VIS-045_SW_data_07-August-2026_11-50-06,Ld,31,15,208.43099999984702,8,0.01645752787590027,7,0.08188486099243164
C000000034__VIS-045_SW_data_07-August-2026_11-50-06,A,31,9,208.43099999984702,0,0.007229745388031006,7,0.023296594619750977
C000000034__VIS-045_SW_data_07-August-2026_11-51-08,Ld,31,6,212.43200000001093,0,0.7554256618022919,0,0.04305696487426758
C000000034__VIS-045_SW_data_07-August-2026_11-51-08,A,31,16,212.43200000001093,11,0.0034819841384887695,12,0.19270753860473633
C000000034__VIS-045_SW_data_07-August-2026_11-51-45,Ld,31,30,241.43400000033876,0,0.4648316204547882,0,0.013353109359741211
C000000034__VIS-045_SW_data_07-August-2026_11-51-45,A,31,18,241.43400000033876,0,0.0031470060348510742,5,0.1063075065612793
C000000034__VIS-045_SW_data_07-August-2026_11-52-19,Ld,31,19,259.9339999998731,0,0.6565290242433548,0,0.09894394874572754
C000000034__VIS-045_SW_data_07-August-2026_11-52-19,A,31,18,259.9339999998731,0,0.011804819107055664,0,0.1530754566192627
C000000034__VIS-045_SW_data_07-August-2026_11-53-10,Ld,31,27,225.9339999998731,0,0.16465836763381958,0,0.06776165962219238
C000000034__VIS-045_SW_data_07-August-2026_11-53-10,A,31,11,225.9339999998731,0,0.0006995201110839844,12,0.06387639045715332
C000000034__VIS-045_SW_data_07-August-2026_11-53-50,Ld,31,13,232.93200000001093,0,0.2993786484003067,0,0.21758508682250977
C000000034__VIS-045_SW_data_07-August-2026_11-53-50,A,31,17,232.93200000001093,15,0.0026670098304748535,15,0.03565692901611328
C000000035__VIS-044_SW_data_07-August-2026_10-54-57,Ld,31,17,70.91900000000464,4,0.35507845878601074,0,0.6975898742675781
C000000035__VIS-044_SW_data_07-August-2026_10-54-57,A,31,30,70.91900000000464,4,0.011394083499908447,0,0.44820737838745117
C000000035__VIS-044_SW_data_07-August-2026_10-55-40,Ld,31,5,78.41999999999393,9,0.5385105311870575,0,0.1527256965637207
C000000035__VIS-044_SW_data_07-August-2026_10-55-40,A,31,13,78.41999999999393,8,0.007929205894470215,9,0.0019011497497558594
C000000035__VIS-044_SW_data_07-August-2026_10-56-15,Ld,31,6,76.41799999998625,11,0.22872664034366608,2,0.17176246643066406
C000000035__VIS-044_SW_data_07-August-2026_10-56-15,A,31,26,76.41799999998625,11,0.014266014099121094,11,0.25907421112060547
C000000035__VIS-044_SW_data_07-August-2026_10-57-54,Ld,31,17,152.92600000001698,0,0.3693450018763542,0,0.4561116695404053
C000000035__VIS-044_SW_data_07-August-2026_10-57-54,A,31,2,152.92600000001698,13,0.005768001079559326,0,0.15265774726867676
C000000035__VIS-044_SW_data_07-August-2026_10-58-42,Ld,31,5,179.42899999998485,13,0.35192885994911194,0,0.41861748695373535
C000000035__VIS-044_SW_data_07-August-2026_10-58-42,A,31,27,179.42899999998485,13,0.01734626293182373,13,0.07586836814880371
C000000035__VIS-044_SW_data_07-August-2026_10-59-23,Ld,31,13,276.1100000000049,0,3.224611282348633e-05,6,0.13417530059814453
C000000035__VIS-044_SW_data_07-August-2026_10-59-23,A,31,29,276.1100000000049,15,0.013817787170410156,15,0.2335188388824463
C000000035__VIS-044_SW_data_07-August-2026_11-00-32,Ld,31,2,79.91899999997554,9,0.46140436828136444,9,0.21265125274658203
C000000035__VIS-044_SW_data_07-August-2026_11-00-32,A,31,8,79.91899999997554,8,0.000422060489654541,0,0.20308709144592285
C000000035__VIS-044_SW_data_07-August-2026_11-01-12,Ld,31,16,178.42899999998485,0,0.012701034545898438,15,0.03213644027709961
C000000035__VIS-044_SW_data_07-August-2026_11-01-12,A,31,0,178.42899999998485,8,0.004601836204528809,0,0.045111894607543945
C000000035__VIS-044_SW_data_07-August-2026_11-02-38,Ld,31,12,165.92700000000627,0,0.3411536067724228,0,0.2079930305480957
C000000035__VIS-044_SW_data_07-August-2026_11-02-38,A,31,14,165.92700000000627,0,0.0014704465866088867,0,0.0930781364440918
C000000035__VIS-044_SW_data_07-August-2026_11-03-27,Ld,31,7,219.60600000004774,0,0.23727944493293762,9,0.013959407806396484
C000000035__VIS-044_SW_data_07-August-2026_11-03-27,A,31,5,219.60600000004774,0,0.0015137195587158203,15,0.07371377944946289
C000000035__VIS-044_SW_data_07-August-2026_11-05-46,Ld,31,28,139.42499999991128,0,0.23312288522720337,0,0.3112633228302002
C000000035__VIS-044_SW_data_07-August-2026_11-05-46,A,31,30,139.42499999991128,11,0.0011224746704101562,0,0.037416934967041016
C000000035__VIS-044_SW_data_07-August-2026_11-06-26,Ld,31,15,126.9239999999802,0,0.17938711494207382,15,0.06432366371154785
C000000035__VIS-044_SW_data_07-August-2026_11-06-26,A,31,27,126.9239999999802,0,0.0035012364387512207,14,0.15187883377075195
C000000035__VIS-044_SW_data_07-August-2026_11-07-01,Ld,31,15,60.91899999997554,4,0.25740304589271545,10,0.21380090713500977
C000000035__VIS-044_SW_data_07-August-2026_11-07-01,A,31,29,60.91899999997554,4,0.01430898904800415,4,0.20368432998657227
C000000035__VIS-044_SW_data_07-August-2026_11-07-37,Ld,31,1,45.39800000002583,0,1.1872897148132324,0,0.23673033714294434
C000000035__VIS-044_SW_data_07-August-2026_11-07-37,A,31,18,45.39800000002583,0,0.021057188510894775,0,0.5916323661804199
C000000036__VIS-043_SW_data_07-August-2026_10-03-38,Ld,31,1,386.9450000000463,3,0.09187005460262299,3,0.017223358154296875
C000000036__VIS-043_SW_data_07-August-2026_10-03-38,A,31,15,386.9450000000463,0,0.012510597705841064,0,0.3272435665130615
C000000036__VIS-043_SW_data_07-August-2026_10-04-23,Ld,31,27,380.11800000026847,0,1.0377149879932404,0,0.5018887519836426
C000000036__VIS-043_SW_data_07-August-2026_10-04-23,A,31,25,380.11800000026847,0,0.013225018978118896,0,0.43465185165405273
C000000036__VIS-043_SW_data_07-August-2026_10-05-09,Ld,31,6,371.12000000013063,0,1.3351503759622574,0,0.057793617248535156
C000000036__VIS-043_SW_data_07-August-2026_10-05-09,A,31,20,371.12000000013063,0,0.011524379253387451,4,0.3529856204986572
C000000036__VIS-043_SW_data_07-August-2026_10-06-37,Ld,31,5,392.12000000013063,0,1.9456639885902405,0,0.34985852241516113
C000000036__VIS-043_SW_data_07-August-2026_10-06-37,A,31,7,392.12000000013063,0,0.016308248043060303,0,0.07672929763793945
C000000036__VIS-043_SW_data_07-August-2026_10-09-01,Ld,31,13,397.9490000000035,0,1.4440404772758484,0,0.23944449424743652
C000000036__VIS-043_SW_data_07-August-2026_10-09-01,A,31,28,397.9490000000035,0,0.02772754430770874,0,0.05638408660888672
C000000036__VIS-043_SW_data_07-August-2026_10-09-35,Ld,31,20,362.9239999998638,0,0.032277096062898636,1,0.10871338844299316
C000000036__VIS-043_SW_data_07-August-2026_10-09-35,A,31,13,362.9239999998638,0,0.026598691940307617,0,0.40029430389404297
C000000036__VIS-043_SW_data_07-August-2026_10-10-13,Ld,31,6,342.9439999998824,8,0.30912670493125916,8,0.13796281814575195
C000000036__VIS-043_SW_data_07-August-2026_10-10-13,A,31,23,342.9439999998824,0,0.015291571617126465,7,0.02021622657775879
C000000036__VIS-043_SW_data_07-August-2026_10-12-02,Ld,31,18,349.11599999994064,0,1.5767130851745605,0,0.37067532539367676
C000000036__VIS-043_SW_data_07-August-2026_10-12-02,A,31,15,349.11599999994064,0,0.010444283485412598,1,0.13514280319213867
C000000036__VIS-043_SW_data_07-August-2026_10-12-48,Ld,31,20,376.12000000013063,0,1.250837042927742,0,0.25976085662841797
C000000036__VIS-043_SW_data_07-August-2026_10-12-48,A,31,5,376.12000000013063,0,0.01586127281188965,5,0.12650775909423828
C000000036__VIS-043_SW_data_07-August-2026_10-14-49,Ld,31,28,397.9459999999774,0,0.895552396774292,0,0.22885465621948242
C000000036__VIS-043_SW_data_07-August-2026_10-14-49,A,31,9,397.9459999999774,0,0.031352221965789795,0,0.15957117080688477
C000000036__VIS-043_SW_data_07-August-2026_10-15-37,Ld,31,14,377.4459999999774,0,1.028404176235199,0,0.07313990592956543
C000000036__VIS-043_SW_data_07-August-2026_10-15-37,A,31,17,377.4459999999774,0,0.02070552110671997,0,0.11974215507507324
C000000036__VIS-043_SW_data_07-August-2026_10-16-28,Ld,31,5,376.9459999999774,0,0.7791865170001984,0,0.11902189254760742
C000000036__VIS-043_SW_data_07-August-2026_10-16-28,A,31,4,376.9459999999774,0,0.014040827751159668,0,0.10468101501464844
C000000036__VIS-043_SW_data_07-August-2026_10-17-06,Ld,31,14,363.9459999999774,0,1.2690655589103699,0,0.1512770652770996
C000000036__VIS-043_SW_data_07-August-2026_10-17-06,A,31,0,363.9459999999774,0,0.015446186065673828,15,0.047930002212524414
C000000036__VIS-043_SW_data_07-August-2026_10-17-40,Ld,31,18,361.4459999999774,0,0.9369941502809525,0,0.13038086891174316
C000000036__VIS-043_SW_data_07-August-2026_10-17-40,A,31,13,361.4459999999774,0,0.02527010440826416,0,0.3768277168273926
C000000036__VIS-043_SW_data_07-August-2026_10-18-17,Ld,31,7,315.4339999998731,0,0.029230058193206787,5,0.0803828239440918
C000000036__VIS-043_SW_data_07-August-2026_10-18-17,A,31,23,315.4339999998731,0,0.015024244785308838,0,0.3108174800872803
C000000036__VIS-043_SW_data_07-August-2026_10-19-00,Ld,31,10,335.4429999999513,0,0.9499202966690063,0,0.11670565605163574
C000000036__VIS-043_SW_data_07-August-2026_10-19-00,A,31,19,335.4429999999513,0,0.03298032283782959,0,0.3442213535308838
C000000037__VIS-042_SW_data_07-August-2026_08-39-39,Ld,31,6,165.92799999993736,0,0.5633286014199257,0,0.21591567993164062
C000000037__VIS-042_SW_data_07-August-2026_08-39-39,A,31,10,165.92799999993736,0,0.008764266967773438,1,0.3239448070526123
C000000037__VIS-042_SW_data_07-August-2026_08-40-25,Ld,31,19,200.43200000001093,0,0.05310767889022827,1,0.025414466857910156
C000000037__VIS-042_SW_data_07-August-2026_08-40-25,A,31,22,200.43200000001093,13,0.006708979606628418,13,0.12740373611450195
C000000037__VIS-042_SW_data_07-August-2026_08-41-13,Ld,31,19,199.93200000001093,0,0.4912514090538025,0,0.04550671577453613
C000000037__VIS-042_SW_data_07-August-2026_08-41-13,A,31,15,199.93200000001093,11,0.010933399200439453,11,0.14483165740966797
C000000037__VIS-042_SW_data_07-August-2026_08-42-03,Ld,31,7,191.93000000003235,0,0.8998169600963593,0,0.06636309623718262
C000000037__VIS-042_SW_data_07-August-2026_08-42-03,A,31,30,191.93000000003235,10,0.0013622045516967773,8,0.024270057678222656
C000000037__VIS-042_SW_data_07-August-2026_08-42-34,Ld,31,28,211.93200000001093,0,0.26893873512744904,8,0.07433414459228516
C000000037__VIS-042_SW_data_07-August-2026_08-42-34,A,31,24,211.93200000001093,13,0.011462271213531494,13,0.06538796424865723
C000000037__VIS-042_SW_data_07-August-2026_08-43-07,Ld,31,9,180.93000000003235,0,0.5236980319023132,0,0.03362464904785156
C000000037__VIS-042_SW_data_07-August-2026_08-43-07,A,31,25,180.93000000003235,0,0.003656148910522461,0,0.17906808853149414
C000000037__VIS-042_SW_data_07-August-2026_08-45-29,Ld,31,17,104.42499999991128,1,0.044078677892684937,10,0.050850868225097656
C000000037__VIS-042_SW_data_07-August-2026_08-45-29,A,31,8,104.42499999991128,10,0.007707715034484863,10,0.4489607810974121
C000000037__VIS-042_SW_data_07-August-2026_08-47-33,Ld,31,24,98.92399999986378,13,0.3540812134742737,6,0.0037813186645507812
C000000037__VIS-042_SW_data_07-August-2026_08-47-33,A,31,4,98.92399999986378,12,0.003065347671508789,14,0.19869709014892578
C000000037__VIS-042_SW_data_07-August-2026_08-48-43,Ld,31,17,286.4380000000631,4,0.03179195523262024,0,0.10937643051147461
C000000037__VIS-042_SW_data_07-August-2026_08-48-43,A,31,6,286.4380000000631,8,0.011146068572998047,8,0.9472322463989258
C000000037__VIS-042_SW_data_07-August-2026_08-49-49,Ld,31,2,180.93099999984702,11,0.041749000549316406,1,0.0036411285400390625
C000000037__VIS-042_SW_data_07-August-2026_08-49-49,A,31,13,180.93099999984702,11,0.0021216869354248047,11,0.2532963752746582
C000000037__VIS-042_SW_data_07-August-2026_08-50-50,Ld,31,13,105.42400000009661,5,0.1883353590965271,12,0.11518573760986328
C000000037__VIS-042_SW_data_07-August-2026_08-50-50,A,31,15,105.42400000009661,2,0.006574511528015137,1,0.7026000022888184
C000000037__VIS-042_SW_data_07-August-2026_08-51-24,Ld,31,0,119.42599999995878,0,0.9053443968296051,11,0.23620152473449707
C000000037__VIS-042_SW_data_07-August-2026_08-51-24,A,31,6,119.42599999995878,8,0.0010759830474853516,8,0.5425446033477783
C000000037__VIS-042_SW_data_07-August-2026_08-52-28,Ld,31,2,124.42599999995878,4,0.006009131669998169,0,0.10414648056030273
C000000037__VIS-042_SW_data_07-August-2026_08-52-28,A,31,24,124.42599999995878,4,0.0036945343017578125,4,0.07443761825561523
C000000037__VIS-042_SW_data_07-August-2026_08-53-41,Ld,31,1,130.42599999995878,13,0.10417592525482178,14,0.15126705169677734
C000000037__VIS-042_SW_data_07-August-2026_08-53-41,A,31,26,130.42599999995878,14,6.729364395141602e-05,3,0.13344359397888184
C000000037__VIS-042_SW_data_07-August-2026_08-54-43,Ld,31,6,240.93699999989917,3,0.19246423244476318,3,0.034783363342285156
C000000037__VIS-042_SW_data_07-August-2026_08-54-43,A,31,9,240.93699999989917,6,0.009752154350280762,7,0.156874418258667
C000000037__VIS-042_SW_data_07-August-2026_08-56-11,Ld,31,10,377.9450000000463,0,0.15136289596557617,3,0.05771160125732422
C000000037__VIS-042_SW_data_07-August-2026_08-56-11,A,31,15,377.9450000000463,4,0.0044051408767700195,1,0.026039838790893555
C000000037__VIS-042_SW_data_07-August-2026_08-57-51,Ld,31,11,72.42200000000162,15,0.054397642612457275,13,0.020287513732910156
C000000037__VIS-042_SW_data_07-August-2026_08-57-51,A,31,18,72.42200000000162,0,0.0027860403060913086,7,0.08396363258361816
C000000037__VIS-042_SW_data_07-August-2026_08-58-54,Ld,31,11,104.42200000000162,10,0.16707289218902588,8,0.010316848754882812
C000000037__VIS-042_SW_data_07-August-2026_08-58-54,A,31,22,104.42200000000162,5,0.003535151481628418,6,0.05463075637817383
C000000037__VIS-042_SW_data_07-August-2026_08-59-32,Ld,31,30,89.42200000000162,6,0.16746532917022705,0,0.19164586067199707
C000000037__VIS-042_SW_data_07-August-2026_08-59-32,A,31,4,89.42200000000162,6,0.01489567756652832,0,0.006468296051025391
C000000037__VIS-042_SW_data_07-August-2026_09-00-06,Ld,31,3,125.4250000000277,12,0.26684239506721497,15,0.004472017288208008
C000000037__VIS-042_SW_data_07-August-2026_09-00-06,A,31,8,125.4250000000277,4,0.007722377777099609,0,0.15998172760009766
C000000038__VIS-041_SW_data_04-August-2026_12-28-28,Ld,31,6,143.9239999999802,15,0.10869354009628296,14,0.058710575103759766
C000000038__VIS-041_SW_data_04-August-2026_12-28-28,A,31,22,143.9239999999802,15,0.0009043216705322266,0,0.107147216796875
C000000038__VIS-041_SW_data_04-August-2026_12-29-03,Ld,31,22,140.92599999995878,13,0.05218231678009033,13,0.066070556640625
C000000038__VIS-041_SW_data_04-August-2026_12-29-03,A,31,17,140.92599999995878,8,0.00227200984954834,8,0.05241036415100098
C000000038__VIS-041_SW_data_04-August-2026_12-29-40,Ld,31,30,137.9239999999802,4,0.10123547911643982,4,0.033236026763916016
C000000038__VIS-041_SW_data_04-August-2026_12-29-40,A,31,27,137.9239999999802,2,0.0008249282836914062,0,0.11520528793334961
C000000038__VIS-041_SW_data_04-August-2026_12-30-31,Ld,31,30,103.42200000000162,0,0.013476788997650146,13,0.014985084533691406
C000000038__VIS-041_SW_data_04-August-2026_12-30-31,A,31,13,103.42200000000162,0,0.004249870777130127,8,0.03752422332763672
C000000038__VIS-041_SW_data_04-August-2026_12-31-04,Ld,31,17,99.41899999997554,12,0.3047567307949066,0,0.221757173538208
C000000038__VIS-041_SW_data_04-August-2026_12-31-04,A,31,12,99.41899999997554,11,0.0012038946151733398,0,0.0578763484954834
C000000038__VIS-041_SW_data_04-August-2026_12-31-47,Ld,31,8,97.92200000000162,9,0.020431041717529297,3,0.31186580657958984
C000000038__VIS-041_SW_data_04-August-2026_12-31-47,A,31,9,97.92200000000162,2,0.00018292665481567383,0,0.19374489784240723
C000000038__VIS-041_SW_data_04-August-2026_12-42-06,Ld,31,23,90.4209999998377,0,0.8627864718437195,15,0.0789175033569336
C000000038__VIS-041_SW_data_04-August-2026_12-42-06,A,31,7,90.4209999998377,0,0.01515960693359375,14,0.04470181465148926
C000000038__VIS-041_SW_data_04-August-2026_12-42-56,Ld,31,4,143.9250000000277,0,0.90365070104599,13,0.013987541198730469
C000000038__VIS-041_SW_data_04-August-2026_12-42-56,A,31,20,143.9250000000277,0,0.015082716941833496,0,0.34064483642578125
C000000038__VIS-041_SW_data_04-August-2026_12-43-38,Ld,31,16,132.92399999986378,0,1.1812725067138672,10,0.012921571731567383
C000000038__VIS-041_SW_data_04-August-2026_12-43-38,A,31,8,132.92399999986378,0,0.041578829288482666,0,0.5572230815887451
C000000038__VIS-041_SW_data_04-August-2026_12-44-12,Ld,31,9,127.4250000000277,0,0.2217489406466484,12,0.05221104621887207
C000000038__VIS-041_SW_data_04-August-2026_12-44-12,A,31,26,127.4250000000277,0,0.0026153922080993652,0,0.013583183288574219
C000000039__VIS-040_SW_data_04-August-2026_11-46-05,Ld,31,1,397.4459999999774,15,0.11015215516090393,15,0.10025501251220703
C000000039__VIS-040_SW_data_04-August-2026_11-46-05,A,31,8,397.4459999999774,0,0.005647003650665283,1,0.02237534523010254
C000000039__VIS-040_SW_data_04-August-2026_11-50-50,Ld,31,17,252.10799999956066,0,1.0400008410215378,0,0.6327900886535645
C000000039__VIS-040_SW_data_04-August-2026_11-50-50,A,31,20,252.10799999956066,0,0.05751383304595947,0,0.12402963638305664
C000000039__VIS-040_SW_data_04-August-2026_11-53-08,Ld,31,17,313.11400000054414,0,0.18551478162407875,0,0.24707651138305664
C000000039__VIS-040_SW_data_04-August-2026_11-53-08,A,31,17,313.11400000054414,0,0.014029085636138916,0,0.4278225898742676
C000000039__VIS-040_SW_data_04-August-2026_11-53-57,Ld,31,23,234.1099999998885,0,1.0577610954642296,0,0.6189372539520264
C000000039__VIS-040_SW_data_04-August-2026_11-53-57,A,31,19,234.1099999998885,0,0.07772219181060791,0,0.8864028453826904
C000000039__VIS-040_SW_data_04-August-2026_11-54-42,Ld,31,19,280.1120000002163,0,0.6430521607398987,0,0.40636682510375977
C000000039__VIS-040_SW_data_04-August-2026_11-54-42,A,31,27,280.1120000002163,0,0.06772822141647339,0,0.7497310638427734
C000000039__VIS-040_SW_data_04-August-2026_11-55-30,Ld,31,23,400.9480000003052,0,1.2758543491363525,0,0.5150365829467773
C000000039__VIS-040_SW_data_04-August-2026_11-55-30,A,31,5,400.9480000003052,0,0.009902000427246094,0,0.25371837615966797
C000000039__VIS-040_SW_data_04-August-2026_11-56-23,Ld,31,29,315.11599999994064,0,1.3662429302930832,0,0.007908105850219727
C000000039__VIS-040_SW_data_04-August-2026_11-56-23,A,31,4,315.11599999994064,0,0.029120147228240967,0,0.479276180267334
C000000039__VIS-040_SW_data_04-August-2026_11-57-05,Ld,31,29,347.11599999994064,0,1.354225754737854,0,0.6531352996826172
C000000039__VIS-040_SW_data_04-August-2026_11-57-05,A,31,3,347.11599999994064,0,0.07033854722976685,0,0.7291233539581299
C000000039__VIS-040_SW_data_04-August-2026_11-57-49,Ld,31,30,367.94400000011524,0,0.859559029340744,0,0.29129505157470703
C000000039__VIS-040_SW_data_04-August-2026_11-57-49,A,31,2,367.94400000011524,0,0.02029508352279663,0,0.29467248916625977
C000000039__VIS-040_SW_data_04-August-2026_11-58-46,Ld,31,27,404.94799999983957,0,0.9652290046215057,12,0.10510373115539551
C000000039__VIS-040_SW_data_04-August-2026_11-58-46,A,31,16,404.94799999983957,0,0.00840824842453003,0,0.2387700080871582
C000000039__VIS-040_SW_data_04-August-2026_11-59-19,Ld,31,17,341.11999999966497,0,0.2654361128807068,0,0.40137171745300293
C000000039__VIS-040_SW_data_04-August-2026_11-59-19,A,31,5,341.11999999966497,0,0.016047894954681396,0,0.3758964538574219
C000000039__VIS-040_SW_data_04-August-2026_11-59-50,Ld,31,4,389.11999999966497,11,0.19753951206803322,0,0.3749713897705078
C000000039__VIS-040_SW_data_04-August-2026_11-59-50,A,31,25,389.11999999966497,11,0.01587545871734619,0,0.0014929771423339844
C000000039__VIS-040_SW_data_04-August-2026_12-13-36,Ld,31,7,331.11599999999885,0,0.9683248996734619,0,0.2880516052246094
C000000039__VIS-040_SW_data_04-August-2026_12-13-36,A,31,0,331.11599999999885,0,0.016756713390350342,8,0.018212318420410156
C000000040__VIS-039_SW_data_04-August-2026_10-57-58,Ld,31,14,272.43599999973526,11,0.03851836919784546,13,0.03871774673461914
C000000040__VIS-039_SW_data_04-August-2026_10-57-58,A,31,11,272.43599999973526,13,0.032987892627716064,13,0.7863149642944336
C000000040__VIS-039_SW_data_04-August-2026_10-58-42,Ld,31,13,246.43400000033876,4,0.20235750079154968,0,0.007079124450683594
C000000040__VIS-039_SW_data_04-August-2026_10-58-42,A,31,14,246.43400000033876,2,0.006067037582397461,2,0.18270611763000488
C000000040__VIS-039_SW_data_04-August-2026_11-00-43,Ld,31,2,324.94100000008916,6,0.23357009887695312,5,0.12787389755249023
C000000040__VIS-039_SW_data_04-August-2026_11-00-43,A,31,6,324.94100000008916,7,0.0448145866394043,7,0.937741756439209
C000000040__VIS-039_SW_data_04-August-2026_11-01-25,Ld,31,8,262.9360000002009,0,0.7251261845231056,0,0.6093835830688477
C000000040__VIS-039_SW_data_04-August-2026_11-01-25,A,31,11,262.9360000002009,0,0.008125543594360352,3,0.05926346778869629
C000000040__VIS-039_SW_data_04-August-2026_11-02-21,Ld,31,13,293.939999999998,11,0.4600370228290558,10,0.019129276275634766
C000000040__VIS-039_SW_data_04-August-2026_11-02-21,A,31,6,293.939999999998,11,0.03423190116882324,11,0.31638526916503906
C000000040__VIS-039_SW_data_04-August-2026_11-02-54,Ld,31,24,236.93199999999638,11,0.4147053584456444,10,0.08389043807983398
C000000040__VIS-039_SW_data_04-August-2026_11-02-54,A,31,8,236.93199999999638,11,0.05281251668930054,11,0.5018932819366455
C000000040__VIS-039_SW_data_04-August-2026_11-03-35,Ld,31,13,170.92799999999556,6,0.04226747155189514,0,0.15113210678100586
C000000040__VIS-039_SW_data_04-August-2026_11-03-35,A,31,28,170.92799999999556,6,0.047966837882995605,6,0.9798686504364014
C000000040__VIS-039_SW_data_04-August-2026_11-04-47,Ld,31,30,160.42899999998485,4,0.18374879658222198,1,0.12492537498474121
C000000040__VIS-039_SW_data_04-August-2026_11-04-47,A,31,12,160.42899999998485,0,0.019367337226867676,0,0.4897174835205078
C000000040__VIS-039_SW_data_04-August-2026_11-05-21,Ld,31,12,236.9339999999895,3,0.35130836069583893,1,0.07195329666137695
C000000040__VIS-039_SW_data_04-August-2026_11-05-21,A,31,11,236.9339999999895,6,0.0031806230545043945,5,0.22677183151245117
C000000040__VIS-039_SW_data_04-August-2026_11-06-02,Ld,31,11,274.4369999999865,0,0.3391256332397461,1,0.33835625648498535
C000000040__VIS-039_SW_data_04-August-2026_11-06-02,A,31,18,274.4369999999865,0,0.01511681079864502,0,0.1638469696044922
C000000040__VIS-039_SW_data_04-August-2026_11-07-27,Ld,31,19,189.92999999997414,10,0.03912040591239929,6,0.03949332237243652
C000000040__VIS-039_SW_data_04-August-2026_11-07-27,A,31,20,189.92999999997414,12,0.001226186752319336,11,0.1285696029663086
C000000040__VIS-039_SW_data_04-August-2026_11-08-40,Ld,31,24,290.93999999998346,0,1.0098923444747925,0,0.3013150691986084
C000000040__VIS-039_SW_data_04-August-2026_11-08-40,A,31,20,290.93999999998346,0,0.012320160865783691,0,0.16208958625793457
C000000040__VIS-039_SW_data_04-August-2026_11-09-14,Ld,31,8,277.4370000000156,0,0.48936279490590096,0,0.26361894607543945
C000000040__VIS-039_SW_data_04-August-2026_11-09-14,A,31,2,277.4370000000156,12,0.0029079318046569824,11,0.11642932891845703
C000000040__VIS-039_SW_data_04-August-2026_11-09-58,Ld,31,12,272.4349999999788,11,0.27973347902297974,7,0.25615978240966797
C000000040__VIS-039_SW_data_04-August-2026_11-09-58,A,31,18,272.4349999999788,12,0.0005654096603393555,8,0.027692317962646484
C000000040__VIS-039_SW_data_04-August-2026_11-10-36,Ld,31,28,258.9370000000156,12,0.2642652541399002,12,0.052855491638183594
C000000040__VIS-039_SW_data_04-August-2026_11-10-36,A,31,22,258.9370000000156,11,0.004281401634216309,13,0.04524517059326172
C000000040__VIS-039_SW_data_04-August-2026_11-11-33,Ld,31,9,378.4460000000938,0,1.114979326725006,0,0.48854494094848633
C000000040__VIS-039_SW_data_04-August-2026_11-11-33,A,31,24,378.4460000000938,0,0.022982239723205566,0,0.5128369331359863
C000000041__VIS-038_SW_data_31-July-2026_09-01-39,Ld,31,20,165.92800000005377,0,0.013535499572753906,0,0.10191845893859863
C000000041__VIS-038_SW_data_31-July-2026_09-01-39,A,31,18,165.92800000005377,12,0.00519794225692749,14,0.004062175750732422
C000000041__VIS-038_SW_data_31-July-2026_09-02-26,Ld,31,26,156.92899999998485,15,0.04567025601863861,0,0.44226884841918945
C000000041__VIS-038_SW_data_31-July-2026_09-02-26,A,31,4,156.92899999998485,15,0.00441288948059082,15,0.00510859489440918
C000000041__VIS-038_SW_data_31-July-2026_09-03-27,Ld,31,15,153.92800000005377,8,0.29374489933252335,8,0.2830972671508789
C000000041__VIS-038_SW_data_31-July-2026_09-03-27,A,31,2,153.92800000005377,8,0.00471806526184082,0,0.4338681697845459
C000000041__VIS-038_SW_data_31-July-2026_09-04-19,Ld,31,22,206.932999999942,0,0.25673649460077286,0,0.5980978012084961
C000000041__VIS-038_SW_data_31-July-2026_09-04-19,A,31,10,206.932999999942,0,0.016184508800506592,0,0.500795841217041
C000000041__VIS-038_SW_data_31-July-2026_09-05-19,Ld,31,23,156.92899999998485,9,0.15937678515911102,3,0.1344132423400879
C000000041__VIS-038_SW_data_31-July-2026_09-05-19,A,31,28,156.92899999998485,0,0.039003193378448486,0,0.7056388854980469
C000000041__VIS-038_SW_data_31-July-2026_09-07-11,Ld,31,26,187.4299999996831,0,1.2308107018470764,0,0.37488889694213867
C000000041__VIS-038_SW_data_31-July-2026_09-07-11,A,31,14,187.4299999996831,0,0.10517269372940063,0,1.1214337348937988
C000000041__VIS-038_SW_data_31-July-2026_09-08-18,Ld,31,19,156.9280000002866,0,1.0244668126106262,0,0.032315731048583984
C000000041__VIS-038_SW_data_31-July-2026_09-08-18,A,31,27,156.9280000002866,0,0.02394425868988037,0,0.21187829971313477
C000000041__VIS-038_SW_data_31-July-2026_09-09-57,Ld,31,3,142.42499999979486,0,0.3083260953426361,0,0.05908083915710449
C000000041__VIS-038_SW_data_31-July-2026_09-09-57,A,31,14,142.42499999979486,0,0.0029916763305664062,11,0.036002159118652344
C000000041__VIS-038_SW_data_31-July-2026_09-10-33,Ld,31,9,167.4270000001227,0,0.8892741501331329,1,0.2717926502227783
C000000041__VIS-038_SW_data_31-July-2026_09-10-33,A,31,23,167.4270000001227,0,0.02684462070465088,0,0.3043835163116455
C000000041__VIS-038_SW_data_31-July-2026_09-11-11,Ld,31,30,193.42899999998485,0,0.0668383240699768,0,0.18154215812683105
C000000041__VIS-038_SW_data_31-July-2026_09-11-11,A,31,15,193.42899999998485,13,0.0010477304458618164,15,0.006548404693603516
C000000041__VIS-038_SW_data_31-July-2026_09-12-12,Ld,31,14,169.92799999982094,0,0.7606905698776245,0,0.07413220405578613
C000000041__VIS-038_SW_data_31-July-2026_09-12-12,A,31,21,169.92799999982094,0,0.046305298805236816,0,0.28905415534973145
C000000041__VIS-038_SW_data_31-July-2026_09-13-11,Ld,31,7,208.43000000014877,0,0.4776023328304291,0,0.09532594680786133
C000000041__VIS-038_SW_data_31-July-2026_09-13-11,A,31,9,208.43000000014877,0,0.0013786554336547852,0,0.15363121032714844
C000000041__VIS-038_SW_data_31-July-2026_09-14-12,Ld,31,5,21.084000000283368,13,0.13141897320747375,14,0.1606743335723877
C000000041__VIS-038_SW_data_31-July-2026_09-14-12,A,31,27,21.084000000283368,10,0.004633903503417969,0,0.0015969276428222656
C000000041__VIS-038_SW_data_31-July-2026_09-15-11,Ld,31,15,165.42799999982094,0,0.4975963830947876,4,0.06206560134887695
C000000041__VIS-038_SW_data_31-July-2026_09-15-11,A,31,8,165.42799999982094,0,0.01924818754196167,0,0.40976738929748535
C000000041__VIS-038_SW_data_31-July-2026_09-16-02,Ld,31,19,142.92500000026052,6,0.2429446578025818,6,0.04625058174133301
C000000041__VIS-038_SW_data_31-July-2026_09-16-02,A,31,0,142.92500000026052,0,0.015083014965057373,0,0.31673669815063477
C000000042__VIS-036_SW_data_28-July-2026_14-07-08,Ld,31,11,333.943000000417,9,0.4079273194074631,1,0.013128519058227539
C000000042__VIS-036_SW_data_28-July-2026_14-07-08,A,31,22,333.943000000417,11,0.014453470706939697,11,0.2010793685913086
C000000042__VIS-036_SW_data_28-July-2026_14-08-15,Ld,31,29,365.94400000011524,0,0.6515252888202667,0,0.06372714042663574
C000000042__VIS-036_SW_data_28-July-2026_14-08-15,A,31,20,365.94400000011524,0,0.006374955177307129,14,0.07866573333740234
C000000042__VIS-036_SW_data_28-July-2026_14-09-16,Ld,31,3,316.92899999998485,12,0.7148903012275696,2,0.0002219676971435547
C000000042__VIS-036_SW_data_28-July-2026_14-09-16,A,31,20,316.92899999998485,10,0.002980351448059082,14,0.2068462371826172
C000000042__VIS-036_SW_data_28-July-2026_14-11-12,Ld,31,22,353.943000000417,0,0.8843110352754593,0,0.7589406967163086
C000000042__VIS-036_SW_data_28-July-2026_14-11-12,A,31,21,353.943000000417,0,0.20293742418289185,0,1.1596925258636475
C000000042__VIS-036_SW_data_28-July-2026_14-12-06,Ld,31,4,350.4429999999513,0,0.34498924016952515,0,0.7098002433776855
C000000042__VIS-036_SW_data_28-July-2026_14-12-06,A,31,18,350.4429999999513,0,0.0017011165618896484,0,0.118499755859375
C000000042__VIS-036_SW_data_28-July-2026_14-14-03,Ld,31,12,324.43999999992525,0,0.5060835480690002,0,0.2458055019378662
C000000042__VIS-036_SW_data_28-July-2026_14-14-03,A,31,3,324.43999999992525,15,0.004160642623901367,15,0.18036293983459473
C000000042__VIS-036_SW_data_28-July-2026_14-14-48,Ld,31,30,349.9439999996496,0,0.20870441198349,8,0.1898488998413086
C000000042__VIS-036_SW_data_28-July-2026_14-14-48,A,31,20,349.9439999996496,0,0.05913668870925903,0,0.29013800621032715
C000000042__VIS-036_SW_data_28-July-2026_14-16-15,Ld,31,26,356.9449999998135,0,0.11268709599971771,14,0.23015165328979492
C000000042__VIS-036_SW_data_28-July-2026_14-16-15,A,31,0,356.9449999998135,15,0.006204426288604736,15,0.30404019355773926
C000000042__VIS-036_SW_data_28-July-2026_14-17-15,Ld,31,12,346.94400000011524,0,1.1734240055084229,0,0.2278902530670166
C000000042__VIS-036_SW_data_28-July-2026_14-17-15,A,31,5,346.94400000011524,0,0.008395969867706299,1,0.31136226654052734
C000000042__VIS-036_SW_data_28-July-2026_14-17-53,Ld,31,28,348.44500000027915,0,0.06563562154769897,6,0.18770503997802734
C000000042__VIS-036_SW_data_28-July-2026_14-17-53,A,31,13,348.44500000027915,0,0.02635413408279419,0,0.313446044921875
C000000042__VIS-036_SW_data_28-July-2026_14-18-46,Ld,31,20,324.94100000008916,0,0.36867782659828663,1,0.14438629150390625
C000000042__VIS-036_SW_data_28-July-2026_14-18-46,A,31,11,324.94100000008916,1,0.005467891693115234,0,0.0025582313537597656
C000000042__VIS-036_SW_data_28-July-2026_14-19-31,Ld,31,28,322.44100000008916,0,0.558614544570446,15,0.19583749771118164
C000000042__VIS-036_SW_data_28-July-2026_14-19-31,A,31,3,322.44100000008916,0,0.01598834991455078,0,0.20322227478027344
C000000042__VIS-036_SW_data_28-July-2026_14-20-14,Ld,31,4,351.94100000008916,8,0.23924581706523895,1,0.16524815559387207
C000000042__VIS-036_SW_data_28-July-2026_14-20-14,A,31,13,351.94100000008916,0,0.006461083889007568,0,0.28606200218200684
C000000042__VIS-036_SW_data_28-July-2026_14-20-59,Ld,31,18,324.93999999992525,0,0.36695969104766846,14,0.07945132255554199
C000000042__VIS-036_SW_data_28-July-2026_14-20-59,A,31,19,324.93999999992525,6,0.007407546043395996,13,0.19061923027038574
C000000042__VIS-036_SW_data_28-July-2026_14-21-56,Ld,31,26,334.9419999997874,0,0.4151393175125122,0,0.06001591682434082
C000000042__VIS-036_SW_data_28-July-2026_14-21-56,A,31,11,334.9419999997874,0,0.03556567430496216,0,0.38500261306762695
C000000042__VIS-036_SW_data_28-July-2026_14-22-48,Ld,31,29,318.9400000003909,0,1.2826614379882812,0,0.29121923446655273
C000000042__VIS-036_SW_data_28-July-2026_14-22-48,A,31,21,318.9400000003909,0,0.02902299165725708,0,0.3255734443664551
C000000042__VIS-036_SW_data_28-July-2026_14-25-49,Ld,31,17,353.943000000417,0,0.49471956491470337,4,0.008915901184082031
C000000042__VIS-036_SW_data_28-July-2026_14-25-49,A,31,7,353.943000000417,0,0.003765404224395752,0,0.16869020462036133
C000000042__VIS-036_SW_data_28-July-2026_14-26-36,Ld,31,22,380.9459999999774,0,0.205335333943367,14,0.26942014694213867
C000000042__VIS-036_SW_data_28-July-2026_14-26-36,A,31,4,380.9459999999774,0,0.007425844669342041,0,0.12914443016052246
C000000043__VIS-035_SW_data_28-July-2026_12-24-19,Ld,31,1,383.1179999998028,0,1.2944211065769196,0,0.6250784397125244
C000000043__VIS-035_SW_data_28-July-2026_12-24-19,A,31,23,383.1179999998028,6,0.013853907585144043,7,0.09502744674682617
C000000043__VIS-035_SW_data_28-July-2026_12-25-18,Ld,31,7,365.1179999998028,0,0.799135759472847,0,0.6842033863067627
C000000043__VIS-035_SW_data_28-July-2026_12-25-18,A,31,20,365.1179999998028,11,0.013729095458984375,11,0.3352653980255127
C000000043__VIS-035_SW_data_28-July-2026_12-26-15,Ld,31,17,369.1219999999928,0,0.6670272648334503,0,0.4019641876220703
C000000043__VIS-035_SW_data_28-July-2026_12-26-15,A,31,13,369.1219999999928,0,0.002697169780731201,6,0.1895766258239746
C000000043__VIS-035_SW_data_28-July-2026_12-27-05,Ld,31,14,382.12000000013063,0,0.34818392992019653,0,0.2322559356689453
C000000043__VIS-035_SW_data_28-July-2026_12-27-05,A,31,4,382.12000000013063,4,0.026483893394470215,4,0.21924328804016113
C000000043__VIS-035_SW_data_28-July-2026_12-28-24,Ld,31,9,303.1160000004063,0,0.7328293770551682,0,0.5523734092712402
C000000043__VIS-035_SW_data_28-July-2026_12-28-24,A,31,20,303.1160000004063,0,0.0096779465675354,1,0.20038056373596191
C000000043__VIS-035_SW_data_28-July-2026_12-30-03,Ld,31,11,394.4459999999774,0,0.1657615602016449,0,0.19997739791870117
C000000043__VIS-035_SW_data_28-July-2026_12-30-03,A,31,23,394.4459999999774,7,0.021580815315246582,7,0.06796479225158691
C000000043__VIS-035_SW_data_28-July-2026_12-30-50,Ld,31,29,388.1240000003206,0,0.7582187652587891,0,0.1399245262145996
C000000043__VIS-035_SW_data_28-July-2026_12-30-50,A,31,5,388.1240000003206,11,0.007063746452331543,11,0.18744301795959473
C000000043__VIS-035_SW_data_28-July-2026_12-31-34,Ld,31,5,262.1099999998885,0,0.6903925836086273,0,0.7199440002441406
C000000043__VIS-035_SW_data_28-July-2026_12-31-34,A,31,21,262.1099999998885,0,0.036813974380493164,0,0.7903575897216797
C000000043__VIS-035_SW_data_28-July-2026_12-32-32,Ld,31,7,405.9459999999774,0,0.7461102604866028,0,0.11378192901611328
C000000043__VIS-035_SW_data_28-July-2026_12-32-32,A,31,11,405.9459999999774,0,0.006546497344970703,13,0.32594895362854004
C000000043__VIS-035_SW_data_28-July-2026_12-33-22,Ld,31,28,228.10800000002632,0,1.12398299574852,6,0.06073594093322754
C000000043__VIS-035_SW_data_28-July-2026_12-33-22,A,31,28,228.10800000002632,0,0.03322267532348633,6,0.13992595672607422
C000000043__VIS-035_SW_data_28-July-2026_12-34-07,Ld,31,28,397.12399999985496,0,1.1266058683395386,0,0.7241859436035156
C000000043__VIS-035_SW_data_28-July-2026_12-34-07,A,31,23,397.12399999985496,0,0.06273442506790161,0,0.30698180198669434
C000000043__VIS-035_SW_data_28-July-2026_12-35-12,Ld,31,1,379.12000000013063,0,1.3854427337646484,0,0.4361734390258789
C000000043__VIS-035_SW_data_28-July-2026_12-35-12,A,31,8,379.12000000013063,0,0.08145159482955933,0,0.6662106513977051
C000000043__VIS-035_SW_data_28-July-2026_12-36-33,Ld,31,19,391.1219999999928,0,1.498028039932251,0,0.8100757598876953
C000000043__VIS-035_SW_data_28-July-2026_12-36-33,A,31,29,391.1219999999928,0,0.07948237657546997,0,0.9137992858886719
C000000043__VIS-035_SW_data_28-July-2026_12-37-54,Ld,31,7,325.11999999966497,0,1.5978367328643799,0,0.001967906951904297
C000000043__VIS-035_SW_data_28-July-2026_12-37-54,A,31,0,325.11999999966497,0,0.07468831539154053,0,0.6614832878112793
C000000044__VIS-034_SW_data_28-July-2026_11-02-22,Ld,31,21,210.93000000003235,6,0.1858302652835846,15,0.046324729919433594
C000000044__VIS-034_SW_data_28-July-2026_11-02-22,A,31,5,210.93000000003235,6,0.0013573765754699707,0,0.10221242904663086
C000000044__VIS-034_SW_data_28-July-2026_11-03-14,Ld,31,27,275.9369999998992,10,0.05762610677629709,10,5.9604644775390625e-05
C000000044__VIS-034_SW_data_28-July-2026_11-03-14,A,31,7,275.9369999998992,6,0.008009791374206543,6,0.2773468494415283
C000000044__VIS-034_SW_data_28-July-2026_11-03-53,Ld,31,3,239.9339999999895,0,0.2516643889248371,0,0.10387372970581055
C000000044__VIS-034_SW_data_28-July-2026_11-03-53,A,31,22,239.9339999999895,13,0.008012771606445312,3,0.013294219970703125
C000000044__VIS-034_SW_data_28-July-2026_11-05-42,Ld,31,6,344.9419999999038,0,0.9823291301727295,0,0.351686954498291
C000000044__VIS-034_SW_data_28-July-2026_11-05-42,A,31,16,344.9419999999038,11,0.009475111961364746,12,0.1518855094909668
C000000044__VIS-034_SW_data_28-July-2026_11-06-30,Ld,31,30,264.435000000037,0,1.0589254200458527,0,0.36272311210632324
C000000044__VIS-034_SW_data_28-July-2026_11-06-30,A,31,14,264.435000000037,0,0.0013407468795776367,0,0.16194939613342285
C000000044__VIS-034_SW_data_28-July-2026_11-07-15,Ld,31,9,344.94200000002024,0,0.5707901865243912,1,0.5370147228240967
C000000044__VIS-034_SW_data_28-July-2026_11-07-15,A,31,6,344.94200000002024,8,0.011686146259307861,1,0.15763378143310547
C000000044__VIS-034_SW_data_28-July-2026_11-08-14,Ld,31,15,296.43799999994667,0,0.7812545299530029,0,0.5290427207946777
C000000044__VIS-034_SW_data_28-July-2026_11-08-14,A,31,23,296.43799999994667,0,0.012828707695007324,0,0.12612676620483398
C000000044__VIS-034_SW_data_28-July-2026_11-09-20,Ld,31,22,232.4359999999681,0,0.47761964797973633,1,0.23518896102905273
C000000044__VIS-034_SW_data_28-July-2026_11-09-20,A,31,3,232.4359999999681,0,6.878376007080078e-05,6,0.008204936981201172
C000000044__VIS-034_SW_data_28-July-2026_11-10-28,Ld,31,18,246.9339999998731,8,0.13730302453041077,11,0.03646421432495117
C000000044__VIS-034_SW_data_28-July-2026_11-10-28,A,31,7,246.9339999998731,8,0.02181035280227661,8,0.25088000297546387
C000000044__VIS-034_SW_data_28-July-2026_11-11-00,Ld,31,11,211.92899999998485,0,0.6520126163959503,7,0.02936720848083496
C000000044__VIS-034_SW_data_28-July-2026_11-11-00,A,31,24,211.92899999998485,0,0.029247641563415527,0,0.1936333179473877
C000000044__VIS-034_SW_data_28-July-2026_11-11-43,Ld,31,25,327.94099999985633,0,0.402138352394104,0,0.019073963165283203
C000000044__VIS-034_SW_data_28-July-2026_11-11-43,A,31,13,327.94099999985633,0,0.0038917064666748047,4,0.030283212661743164
C000000044__VIS-034_SW_data_28-July-2026_11-12-23,Ld,31,7,334.9429999999513,0,0.3105948194861412,7,0.06306076049804688
C000000044__VIS-034_SW_data_28-July-2026_11-12-23,A,31,27,334.9429999999513,11,0.004809200763702393,15,0.11308121681213379
C000000044__VIS-034_SW_data_28-July-2026_11-13-20,Ld,31,26,220.43099999984702,0,1.3945401310920715,1,0.39737439155578613
C000000044__VIS-034_SW_data_28-July-2026_11-13-20,A,31,18,220.43099999984702,0,0.029021918773651123,0,0.5107717514038086
C000000044__VIS-034_SW_data_28-July-2026_11-13-49,Ld,31,12,267.9359999999681,0,0.33480510115623474,3,0.036881446838378906
C000000044__VIS-034_SW_data_28-July-2026_11-13-49,A,31,24,267.9359999999681,0,0.02840644121170044,0,0.34626102447509766
C000000044__VIS-034_SW_data_28-July-2026_11-14-37,Ld,31,12,277.9359999999681,0,0.08045056462287903,4,0.07055854797363281
C000000044__VIS-034_SW_data_28-July-2026_11-14-37,A,31,5,277.9359999999681,0,0.0051048994064331055,0,0.09026527404785156
C000000045__VIS-033_SW_data_28-July-2026_09-25-55,Ld,31,29,109.42200000023445,0,0.23433449864387512,0,0.9882090091705322
C000000045__VIS-033_SW_data_28-July-2026_09-25-55,A,31,9,109.42200000023445,14,0.007437288761138916,0,0.20272040367126465
C000000045__VIS-033_SW_data_28-July-2026_09-26-33,Ld,31,21,6.589000000171609,0,0.5091292336583138,0,0.36391663551330566
C000000045__VIS-033_SW_data_28-July-2026_09-26-33,A,31,11,6.589000000171609,0,0.0036873221397399902,8,0.5942707061767578
C000000045__VIS-033_SW_data_28-July-2026_09-27-15,Ld,31,30,210.93200000001093,0,0.6299027130007744,0,0.6353118419647217
C000000045__VIS-033_SW_data_28-July-2026_09-27-15,A,31,15,210.93200000001093,8,0.006326079368591309,8,0.4468960762023926
C000000045__VIS-033_SW_data_28-July-2026_09-28-41,Ld,31,17,25.58999999986986,0,0.7266005277633667,0,0.7120771408081055
C000000045__VIS-033_SW_data_28-July-2026_09-28-41,A,31,14,25.58999999986986,0,0.015138745307922363,7,0.1670551300048828
C000000045__VIS-033_SW_data_28-July-2026_09-29-30,Ld,31,27,6.58999999986986,0,0.3607858195900917,0,0.18001937866210938
C000000045__VIS-033_SW_data_28-July-2026_09-29-30,A,31,25,6.58999999986986,0,0.06244933605194092,0,0.6291787624359131
C000000045__VIS-033_SW_data_28-July-2026_09-31-11,Ld,31,16,76.42000000037228,2,0.07432413101196289,1,0.046263694763183594
C000000045__VIS-033_SW_data_28-July-2026_09-31-11,A,31,5,76.42000000037228,15,0.014710783958435059,0,0.006125688552856445
C000000045__VIS-033_SW_data_28-July-2026_09-33-03,Ld,31,10,37.416000000182294,10,0.05100750923156738,10,0.10982942581176758
C000000045__VIS-033_SW_data_28-July-2026_09-33-03,A,31,26,37.416000000182294,6,0.012131214141845703,5,0.30680251121520996
C000000045__VIS-033_SW_data_28-July-2026_09-33-56,Ld,31,30,83.92100000007053,0,0.48934468626976013,3,0.17373991012573242
C000000045__VIS-033_SW_data_28-July-2026_09-33-56,A,31,27,83.92100000007053,0,0.013198256492614746,3,0.06868696212768555
C000000045__VIS-033_SW_data_28-July-2026_09-34-26,Ld,31,29,83.92100000007053,2,0.3305889368057251,15,0.26899147033691406
C000000045__VIS-033_SW_data_28-July-2026_09-34-26,A,31,2,83.92100000007053,2,0.014775693416595459,0,0.14537787437438965
C000000045__VIS-033_SW_data_28-July-2026_09-35-31,Ld,31,13,66.91899999974271,2,0.19790443778038025,0,0.9815154075622559
C000000045__VIS-033_SW_data_28-July-2026_09-35-31,A,31,0,66.91899999974271,2,0.0014094114303588867,0,0.6947593688964844
C000000045__VIS-033_SW_data_28-July-2026_09-36-04,Ld,31,2,76.42200000023445,8,0.25278475880622864,8,0.07235097885131836
C000000045__VIS-033_SW_data_28-July-2026_09-36-04,A,31,9,76.42200000023445,0,0.0075484514236450195,1,0.13617944717407227
C000000045__VIS-033_SW_data_28-July-2026_09-36-34,Ld,31,17,131.42499999979486,12,0.010369151830673218,12,0.05096912384033203
C000000045__VIS-033_SW_data_28-July-2026_09-36-34,A,31,12,131.42499999979486,10,0.004654347896575928,10,0.2590048313140869
C000000045__VIS-033_SW_data_28-July-2026_09-37-13,Ld,31,12,31.447000000141315,6,0.0842968225479126,11,0.030281782150268555
C000000045__VIS-033_SW_data_28-July-2026_09-37-13,A,31,30,31.447000000141315,6,0.0029621124267578125,6,0.12159872055053711
C000000045__VIS-033_SW_data_28-July-2026_09-38-08,Ld,31,30,129.9229999999327,0,0.23877614736557007,0,0.3239469528198242
C000000045__VIS-033_SW_data_28-July-2026_09-38-08,A,31,2,129.9229999999327,0,0.013827860355377197,0,0.5935723781585693
C000000045__VIS-033_SW_data_28-July-2026_09-39-38,Ld,31,10,22.915999999716632,0,0.23246122896671295,15,0.16292977333068848
C000000045__VIS-033_SW_data_28-July-2026_09-39-38,A,31,24,22.915999999716632,0,0.0009171366691589355,6,0.01685500144958496
C000000046__VIS-049_SW_data_04-September-2026_09-33-53,Ld,31,11,344.11599999994064,0,1.136009395122528,0,0.6361193656921387
C000000046__VIS-049_SW_data_04-September-2026_09-33-53,A,31,14,344.11599999994064,0,0.05823647975921631,0,0.45366907119750977
C000000046__VIS-049_SW_data_04-September-2026_09-34-47,Ld,31,16,344.11599999994064,0,0.9067811965942383,0,0.26804018020629883
C000000046__VIS-049_SW_data_04-September-2026_09-34-47,A,31,4,344.11599999994064,8,0.0004153251647949219,7,0.06799125671386719
C000000046__VIS-049_SW_data_04-September-2026_09-35-23,Ld,31,13,370.1219999999928,0,0.6470764577388763,0,0.3134043216705322
C000000046__VIS-049_SW_data_04-September-2026_09-35-23,A,31,11,370.1219999999928,0,0.035597145557403564,0,0.4931342601776123
C000000046__VIS-049_SW_data_04-September-2026_09-36-21,Ld,31,12,347.11799999933714,0,0.8476261496543884,0,0.21485686302185059
C000000046__VIS-049_SW_data_04-September-2026_09-36-21,A,31,11,347.11799999933714,0,0.026510536670684814,0,0.25990891456604004
C000000046__VIS-049_SW_data_04-September-2026_09-36-50,Ld,31,0,379.11999999966497,0,1.6945416629314423,0,0.7104663848876953
C000000046__VIS-049_SW_data_04-September-2026_09-36-50,A,31,7,379.11999999966497,0,0.04088324308395386,0,0.4975619316101074
C000000046__VIS-049_SW_data_04-September-2026_09-37-50,Ld,31,21,274.1139999996128,0,1.0794309377670288,0,0.5625910758972168
C000000046__VIS-049_SW_data_04-September-2026_09-37-50,A,31,9,274.1139999996128,0,0.06709140539169312,0,0.5039453506469727
C000000046__VIS-049_SW_data_04-September-2026_09-39-02,Ld,31,30,402.44799999983957,0,0.908796101808548,0,0.3213496208190918
C000000046__VIS-049_SW_data_04-September-2026_09-39-02,A,31,13,402.44799999983957,0,0.005957663059234619,15,0.21364450454711914
C000000046__VIS-049_SW_data_04-September-2026_09-40-58,Ld,31,11,316.1139999996128,0,1.07265967130661,0,0.578174352645874
C000000046__VIS-049_SW_data_04-September-2026_09-40-58,A,31,29,316.1139999996128,0,0.039757728576660156,0,0.2851378917694092
C000000046__VIS-049_SW_data_04-September-2026_09-42-22,Ld,31,6,378.44699999967565,0,1.3500228524208069,0,0.33135366439819336
C000000046__VIS-049_SW_data_04-September-2026_09-42-22,A,31,14,378.44699999967565,0,0.02812063694000244,0,0.35854268074035645
C000000046__VIS-049_SW_data_04-September-2026_09-42-55,Ld,31,25,377.11599999994064,0,0.8482048809528351,0,0.3229997158050537
C000000046__VIS-049_SW_data_04-September-2026_09-42-55,A,31,29,377.11599999994064,0,0.019713938236236572,0,0.19241738319396973
C000000046__VIS-049_SW_data_04-September-2026_09-43-37,Ld,31,28,403.11999999966497,0,0.6929119527339935,0,0.13375306129455566
C000000046__VIS-049_SW_data_04-September-2026_09-43-37,A,31,0,403.11999999966497,0,0.026710867881774902,0,0.3303680419921875
C000000046__VIS-049_SW_data_04-September-2026_09-44-09,Ld,31,15,318.1139999996128,0,1.1409992277622223,0,0.6987574100494385
C000000046__VIS-049_SW_data_04-September-2026_09-44-09,A,31,2,318.1139999996128,0,0.047766149044036865,0,0.6753520965576172
C000000046__VIS-049_SW_data_04-September-2026_09-44-38,Ld,31,13,346.11599999994064,2,0.3430304080247879,1,0.22020387649536133
C000000046__VIS-049_SW_data_04-September-2026_09-44-38,A,31,0,346.11599999994064,0,0.0031356215476989746,1,0.36597776412963867
C000000046__VIS-049_SW_data_04-September-2026_09-45-15,Ld,31,8,397.1219999999928,0,0.29847392439842224,0,0.046671152114868164
C000000046__VIS-049_SW_data_04-September-2026_09-45-15,A,31,20,397.1219999999928,0,0.007126331329345703,11,0.2940945625305176
C000000046__VIS-049_SW_data_04-September-2026_09-46-14,Ld,31,26,402.94799999983957,0,0.3881332576274872,0,0.1731739044189453
C000000046__VIS-049_SW_data_04-September-2026_09-46-14,A,31,6,402.94799999983957,0,0.010591745376586914,0,0.15655851364135742
C000000046__VIS-049_SW_data_04-September-2026_09-46-52,Ld,31,12,380.1200000005963,0,0.3790332227945328,0,0.043695926666259766
C000000046__VIS-049_SW_data_04-September-2026_09-46-52,A,31,17,380.1200000005963,0,0.006166279315948486,1,0.3061947822570801
C000000046__VIS-049_SW_data_04-September-2026_09-47-24,Ld,31,23,403.4490000000035,0,1.0358785837888718,0,0.335479736328125
C000000046__VIS-049_SW_data_04-September-2026_09-47-24,A,31,24,403.4490000000035,0,0.010588288307189941,0,0.30356454849243164
C000000047__VIS-048_SW_data_04-September-2026_08-51-34,Ld,31,30,315.44300000000953,0,1.105940118432045,0,0.3714003562927246
C000000047__VIS-048_SW_data_04-September-2026_08-51-34,A,31,10,315.44300000000953,0,0.017966270446777344,15,0.09688615798950195
C000000047__VIS-048_SW_data_04-September-2026_08-52-20,Ld,31,17,322.94200000002024,0,1.0371306836605072,0,0.5532412528991699
C000000047__VIS-048_SW_data_04-September-2026_08-52-20,A,31,7,322.94200000002024,0,0.02603381872177124,0,0.11769986152648926
C000000047__VIS-048_SW_data_04-September-2026_08-52-56,Ld,31,0,274.4380000000049,0,0.1021827757358551,0,0.2396373748779297
C000000047__VIS-048_SW_data_04-September-2026_08-52-56,A,31,22,274.4380000000049,11,0.005674958229064941,6,0.23708224296569824
C000000047__VIS-048_SW_data_04-September-2026_08-54-05,Ld,31,14,257.4359999999681,0,0.47595176100730896,0,0.13320493698120117
C000000047__VIS-048_SW_data_04-September-2026_08-54-05,A,31,14,257.4359999999681,0,0.009372472763061523,1,0.0971062183380127
C000000047__VIS-048_SW_data_04-September-2026_08-54-35,Ld,31,15,261.9380000000049,0,0.9986379742622375,0,0.18982243537902832
C000000047__VIS-048_SW_data_04-September-2026_08-54-35,A,31,4,261.9380000000049,2,0.0012129545211791992,3,0.03772163391113281
C000000047__VIS-048_SW_data_04-September-2026_08-55-10,Ld,31,22,271.93799999994667,0,0.8057021200656891,0,0.3000679016113281
C000000047__VIS-048_SW_data_04-September-2026_08-55-10,A,31,2,271.93799999994667,0,0.003484189510345459,11,0.08065223693847656
C000000047__VIS-048_SW_data_04-September-2026_08-56-31,Ld,31,2,243.9359999999681,0,0.8443469405174255,0,0.07832145690917969
C000000047__VIS-048_SW_data_04-September-2026_08-56-31,A,31,22,243.9359999999681,0,0.009646773338317871,12,0.09141087532043457
C000000047__VIS-048_SW_data_04-September-2026_08-57-16,Ld,31,11,300.44000000004166,0,0.8031432032585144,0,0.015845537185668945
C000000047__VIS-048_SW_data_04-September-2026_08-57-16,A,31,26,300.44000000004166,0,0.0039179325103759766,0,0.056627750396728516
C000000047__VIS-048_SW_data_04-September-2026_08-58-32,Ld,31,25,261.4370000000156,0,0.6378606110811234,0,0.3605329990386963
C000000047__VIS-048_SW_data_04-September-2026_08-58-32,A,31,27,261.4370000000156,0,0.0028530359268188477,0,0.1470787525177002
C000000047__VIS-048_SW_data_04-September-2026_08-59-07,Ld,31,6,244.4370000000156,0,1.2751752138137817,1,0.0049915313720703125
C000000047__VIS-048_SW_data_04-September-2026_08-59-07,A,31,15,244.4370000000156,0,0.019331514835357666,0,0.34975695610046387
C000000047__VIS-048_SW_data_04-September-2026_09-00-23,Ld,31,29,320.9429999999513,0,0.509179025888443,1,0.17042970657348633
C000000047__VIS-048_SW_data_04-September-2026_09-00-23,A,31,4,320.9429999999513,0,0.011470556259155273,0,0.37924742698669434
C000000047__VIS-048_SW_data_04-September-2026_09-03-55,Ld,31,25,259.9370000000156,0,0.35641074925661087,3,0.04651904106140137
C000000047__VIS-048_SW_data_04-September-2026_09-03-55,A,31,6,259.9370000000156,0,0.00363844633102417,1,0.005998849868774414
C000000048__VIS-047_SW_data_28-August-2026_10-12-35,Ld,31,9,311.44100000008916,0,1.0247741043567657,0,0.7714407444000244
C000000048__VIS-047_SW_data_28-August-2026_10-12-35,A,31,14,311.44100000008916,0,0.02395033836364746,0,0.07710385322570801
C000000048__VIS-047_SW_data_28-August-2026_10-13-27,Ld,31,15,315.44100000008916,0,0.6276781223714352,0,0.7393488883972168
C000000048__VIS-047_SW_data_28-August-2026_10-13-27,A,31,26,315.44100000008916,11,0.005869448184967041,1,0.23011302947998047
C000000048__VIS-047_SW_data_28-August-2026_10-14-15,Ld,31,26,293.44099999985633,0,1.0188663601875305,0,0.6859769821166992
C000000048__VIS-047_SW_data_28-August-2026_10-14-15,A,31,20,293.44099999985633,0,0.029585838317871094,0,0.43419504165649414
C000000048__VIS-047_SW_data_28-August-2026_10-14-52,Ld,31,13,282.437000000132,0,1.1570124626159668,0,0.581606388092041
C000000048__VIS-047_SW_data_28-August-2026_10-14-52,A,31,8,282.437000000132,0,0.027316927909851074,1,0.4473278522491455
C000000048__VIS-047_SW_data_28-August-2026_10-15-37,Ld,31,8,287.43899999999417,0,0.9584755301475525,0,0.7971606254577637
C000000048__VIS-047_SW_data_28-August-2026_10-15-37,A,31,23,287.43899999999417,0,0.07240140438079834,0,0.9505484104156494
C000000048__VIS-047_SW_data_28-August-2026_10-16-16,Ld,31,11,279.4380000000631,0,0.012135222554206848,1,0.19689702987670898
C000000048__VIS-047_SW_data_28-August-2026_10-16-16,A,31,13,279.4380000000631,0,0.007361888885498047,1,0.3542752265930176
C000000048__VIS-047_SW_data_28-August-2026_10-17-13,Ld,31,9,299.43999999992525,0,0.41293007135391235,0,0.28272247314453125
C000000048__VIS-047_SW_data_28-August-2026_10-17-13,A,31,30,299.43999999992525,0,0.03455233573913574,1,0.6749136447906494
C000000048__VIS-047_SW_data_28-August-2026_10-18-16,Ld,31,12,259.9380000000631,0,0.6742219626903534,0,0.6778886318206787
C000000048__VIS-047_SW_data_28-August-2026_10-18-16,A,31,13,259.9380000000631,0,0.032908499240875244,0,0.24689579010009766
C000000048__VIS-047_SW_data_28-August-2026_10-19-24,Ld,31,27,306.44099999985633,0,0.5536444634199142,0,0.3196899890899658
C000000048__VIS-047_SW_data_28-August-2026_10-19-24,A,31,25,306.44099999985633,0,0.0015244483947753906,2,0.2966272830963135
C000000048__VIS-047_SW_data_28-August-2026_10-20-08,Ld,31,3,264.437000000132,0,0.18940183520317078,7,0.11515641212463379
C000000048__VIS-047_SW_data_28-August-2026_10-20-08,A,31,0,264.437000000132,15,0.0008375048637390137,8,0.23160505294799805
C000000048__VIS-047_SW_data_28-August-2026_10-21-12,Ld,31,26,298.94200000002024,0,1.1551980674266815,0,0.5236196517944336
C000000048__VIS-047_SW_data_28-August-2026_10-21-12,A,31,22,298.94200000002024,0,0.05335277318954468,0,0.638960599899292
C000000048__VIS-047_SW_data_28-August-2026_10-21-52,Ld,31,28,278.43899999999417,0,0.3935653567314148,0,0.38748979568481445
C000000048__VIS-047_SW_data_28-August-2026_10-21-52,A,31,12,278.43899999999417,0,0.020020008087158203,0,0.3971707820892334
C000000048__VIS-047_SW_data_28-August-2026_10-22-40,Ld,31,6,297.94100000008916,10,0.019640088081359863,0,0.021739721298217773
C000000048__VIS-047_SW_data_28-August-2026_10-22-40,A,31,15,297.94100000008916,11,0.00859987735748291,0,0.3166770935058594
C000000048__VIS-047_SW_data_28-August-2026_10-23-18,Ld,31,5,284.4380000000631,10,0.022357821464538574,0,0.16013264656066895
C000000048__VIS-047_SW_data_28-August-2026_10-23-18,A,31,6,284.4380000000631,13,0.00883340835571289,0,0.21797633171081543
C000000048__VIS-047_SW_data_28-August-2026_10-23-48,Ld,31,22,295.94100000008916,0,0.5166712701320648,0,0.682934045791626
C000000048__VIS-047_SW_data_28-August-2026_10-23-48,A,31,28,295.94100000008916,0,0.012494087219238281,0,0.5704541206359863
C000000048__VIS-047_SW_data_28-August-2026_10-24-44,Ld,31,8,274.43899999999417,0,0.09886598214507103,0,0.08763265609741211
C000000048__VIS-047_SW_data_28-August-2026_10-24-44,A,31,6,274.43899999999417,0,0.015587925910949707,0,0.25263547897338867
C000000048__VIS-047_SW_data_28-August-2026_10-25-21,Ld,31,27,284.43799999983025,0,0.6982312798500061,0,0.025236845016479492
C000000048__VIS-047_SW_data_28-August-2026_10-25-21,A,31,17,284.43799999983025,0,0.039684176445007324,0,0.6032853126525879
C000000049__VIS-046_SW_data_28-August-2026_08-46-35,Ld,31,20,149.42899999998485,5,0.3302683010697365,5,0.24469637870788574
C000000049__VIS-046_SW_data_28-August-2026_08-46-35,A,31,18,149.42899999998485,6,0.007806539535522461,6,0.1044149398803711
C000000049__VIS-046_SW_data_28-August-2026_08-47-17,Ld,31,22,127.42600000001698,0,0.6702690720558167,0,0.5667705535888672
C000000049__VIS-046_SW_data_28-August-2026_08-47-17,A,31,26,127.42600000001698,15,0.0003593564033508301,8,0.3149735927581787
C000000049__VIS-046_SW_data_28-August-2026_08-48-05,Ld,31,2,179.92999999997414,0,0.020666033029556274,0,0.09477519989013672
C000000049__VIS-046_SW_data_28-August-2026_08-48-05,A,31,14,179.92999999997414,8,0.004076838493347168,7,0.13436341285705566
C000000049__VIS-046_SW_data_28-August-2026_08-48-41,Ld,31,25,177.93300000000022,4,0.6334798634052277,0,0.0037169456481933594
C000000049__VIS-046_SW_data_28-August-2026_08-48-41,A,31,25,177.93300000000022,0,0.0030541419982910156,1,0.27452683448791504
C000000049__VIS-046_SW_data_28-August-2026_08-49-26,Ld,31,26,183.93100000002164,6,0.11351023614406586,1,0.08231949806213379
C000000049__VIS-046_SW_data_28-August-2026_08-49-26,A,31,16,183.93100000002164,4,0.012456119060516357,1,0.2930600643157959
C000000049__VIS-046_SW_data_28-August-2026_08-49-57,Ld,31,7,176.92900000010127,0,0.29887421429157257,0,0.9131855964660645
C000000049__VIS-046_SW_data_28-August-2026_08-49-57,A,31,29,176.92900000010127,0,0.036891937255859375,0,0.9278793334960938
C000000049__VIS-046_SW_data_28-August-2026_08-51-53,Ld,31,29,176.93200000001093,0,0.6452400982379913,0,0.08757519721984863
C000000049__VIS-046_SW_data_28-August-2026_08-51-53,A,31,22,176.93200000001093,0,0.026683926582336426,0,0.053839683532714844
C000000049__VIS-046_SW_data_28-August-2026_08-52-49,Ld,31,13,184.43099999996343,10,0.3696552962064743,11,0.26741456985473633
C000000049__VIS-046_SW_data_28-August-2026_08-52-49,A,31,28,184.43099999996343,7,0.00021076202392578125,7,0.24629807472229004
C000000049__VIS-046_SW_data_28-August-2026_08-53-39,Ld,31,9,188.43099999996343,4,0.20555731654167175,5,0.21082067489624023
C000000049__VIS-046_SW_data_28-August-2026_08-53-39,A,31,29,188.43099999996343,2,0.0011577606201171875,0,0.24111318588256836
C000000049__VIS-046_SW_data_28-August-2026_08-54-13,Ld,31,22,173.42899999998485,0,0.7589750587940216,0,0.06042051315307617
C000000049__VIS-046_SW_data_28-August-2026_08-54-13,A,31,24,173.42899999998485,0,0.04468494653701782,0,0.387465238571167
C000000049__VIS-046_SW_data_28-August-2026_08-55-37,Ld,31,22,138.42700000000627,0,0.9310028851032257,0,0.1864471435546875
C000000049__VIS-046_SW_data_28-August-2026_08-55-37,A,31,3,138.42700000000627,0,0.039540886878967285,0,0.6994106769561768
C000000049__VIS-046_SW_data_28-August-2026_08-56-11,Ld,31,3,224.4339999999895,0,1.2507158815860748,0,0.2667887210845947
C000000049__VIS-046_SW_data_28-August-2026_08-56-11,A,31,3,224.4339999999895,0,0.034594833850860596,0,0.5879111289978027
C000000049__VIS-046_SW_data_28-August-2026_08-56-44,Ld,31,29,275.9380000000631,0,0.7750997245311737,0,0.2346515655517578
C000000049__VIS-046_SW_data_28-August-2026_08-56-44,A,31,19,275.9380000000631,0,0.009329080581665039,0,0.40489864349365234
C000000049__VIS-046_SW_data_28-August-2026_08-57-27,Ld,31,28,225.93400000010593,0,0.1562284380197525,0,0.28335070610046387
C000000049__VIS-046_SW_data_28-August-2026_08-57-27,A,31,8,225.93400000010593,13,0.006556093692779541,0,0.08648276329040527
C000000049__VIS-046_SW_data_28-August-2026_08-58-00,Ld,31,16,213.935000000037,0,0.7078104596585035,9,0.11680912971496582
C000000049__VIS-046_SW_data_28-August-2026_08-58-00,A,31,11,213.935000000037,0,0.027357280254364014,0,0.35340213775634766
