folder,n,phase_rr,motion,peak,n_cand,ok_oracle,ok_first,err_first
C000000001__SWE_01_SW_data_21-April-2026_12-12-54,26,0.0005758426965932424,0.5438430905342102,0.384302020072937,1,True,True,0
C000000001__SWE_01_SW_data_21-April-2026_12-12-54,26,0.016502808988764044,0.5042651891708374,0.23198211193084717,1,False,False,1
C000000001__SWE_01_SW_data_21-April-2026_12-12-54,26,0.03242977528085309,0.4706302881240845,0.19609621167182922,1,False,False,1
C000000001__SWE_01_SW_data_21-April-2026_12-12-54,26,0.0483567415730239,0.5147698521614075,0.14800691604614258,1,True,True,0
C000000001__SWE_01_SW_data_21-April-2026_12-12-54,26,0.06428370786511295,0.4946807622909546,0.19068551063537598,1,True,True,0
C000000001__SWE_01_SW_data_21-April-2026_12-12-54,26,0.08021067415728375,0.4172173738479614,0.17677611112594604,1,False,False,1
C000000001__SWE_01_SW_data_21-April-2026_12-12-54,26,0.09613764044945455,0.32345646619796753,0.2588880658149719,1,True,True,0
C000000001__SWE_01_SW_data_21-April-2026_12-12-54,26,0.1120646067415436,0.3686486482620239,0.31010961532592773,1,True,True,0
C000000001__SWE_01_SW_data_21-April-2026_12-12-54,26,0.12799157303371442,0.44885021448135376,0.3436475992202759,1,True,True,0
C000000001__SWE_01_SW_data_21-April-2026_12-12-54,26,0.14391853932580345,0.511928915977478,0.3585253953933716,1,True,True,0
C000000001__SWE_01_SW_data_21-April-2026_12-12-54,26,0.15984550561797425,0.5297609865665436,0.3686743974685669,1,False,False,1
C000000001__SWE_01_SW_data_21-April-2026_12-12-54,26,0.17577247191006332,0.5057165920734406,0.24196693301200867,1,False,False,1
C000000001__SWE_01_SW_data_21-April-2026_12-12-54,26,0.19169943820223412,0.4841826558113098,0.258279025554657,1,True,True,0
C000000001__SWE_01_SW_data_21-April-2026_12-12-54,26,0.20762640449432315,0.4862521290779114,0.19835257530212402,1,False,False,1
C000000001__SWE_01_SW_data_21-April-2026_12-12-54,26,0.22355337078649395,0.4135245084762573,0.14469647407531738,1,True,True,0
C000000001__SWE_01_SW_data_21-April-2026_12-12-54,26,0.23948033707866476,0.4253777265548706,0.16235587000846863,1,True,True,0
C000000001__SWE_01_SW_data_21-April-2026_12-12-54,26,0.2554073033707538,0.45943331718444824,0.10111981630325317,1,False,False,1
C000000001__SWE_01_SW_data_21-April-2026_12-12-54,26,0.2713342696629246,0.42955923080444336,0.21477177739143372,1,True,True,0
C000000001__SWE_01_SW_data_21-April-2026_12-12-54,26,0.2872612359550137,0.43513238430023193,0.21790385246276855,1,True,True,0
C000000001__SWE_01_SW_data_21-April-2026_12-12-54,26,0.30318820224718446,0.374167799949646,0.2273370325565338,1,False,False,1
C000000001__SWE_01_SW_data_21-April-2026_12-12-54,26,0.3191151685392735,0.31302106380462646,0.2115323543548584,1,True,True,0
C000000001__SWE_01_SW_data_21-April-2026_12-12-54,26,0.33504213483144435,0.27453112602233887,0.1178537905216217,1,True,True,0
C000000001__SWE_01_SW_data_21-April-2026_12-12-54,26,0.35096910112353336,0.2785796523094177,0.22541594505310059,1,False,False,1
C000000001__SWE_01_SW_data_21-April-2026_12-12-54,26,0.3668960674157042,0.35096168518066406,0.18803924322128296,1,False,False,1
C000000001__SWE_01_SW_data_21-April-2026_12-12-54,26,0.38282303370787496,0.3403128385543823,0.15820986032485962,1,False,False,1
C000000001__SWE_01_SW_data_21-April-2026_12-12-54,26,0.398749999999964,0.2590515613555908,0.19957560300827026,1,False,False,1
C000000001__SWE_01_SW_data_21-April-2026_12-12-54,26,0.41467696629213485,0.20984864234924316,0.20288154482841492,1,False,False,1
C000000001__SWE_01_SW_data_21-April-2026_12-12-54,26,0.43060393258422386,0.21086734533309937,0.16672903299331665,1,True,True,0
C000000001__SWE_01_SW_data_21-April-2026_12-12-54,26,0.4465308988763947,0.1301288604736328,0.175053209066391,1,True,True,0
C000000001__SWE_01_SW_data_21-April-2026_12-12-54,26,0.46245786516848375,0.1447431445121765,0.13786673545837402,1,True,True,0
C000000001__SWE_01_SW_data_21-April-2026_12-12-54,26,0.4783848314606545,0.2214599847793579,0.17145338654518127,1,True,True,0
C000000001__SWE_01_SW_data_21-April-2026_12-12-54,26,0.49431179775282535,0.31356102228164673,0.11783814430236816,1,False,False,1
C000000001__SWE_01_SW_data_21-April-2026_12-12-54,26,0.5102387640449144,0.2811086177825928,0.13991886377334595,1,False,False,1
C000000001__SWE_01_SW_data_21-April-2026_12-12-54,26,0.5261657303370852,0.22220969200134277,0.12881243228912354,1,True,True,0
C000000001__SWE_01_SW_data_21-April-2026_12-12-54,26,0.5420926966291743,0.2685108184814453,0.09738075733184814,1,True,True,0
C000000001__SWE_01_SW_data_21-April-2026_12-12-54,26,0.5580196629213451,0.34503400325775146,0.17562860250473022,1,True,True,0
C000000001__SWE_01_SW_data_21-April-2026_12-12-54,26,0.5739466292134341,0.2887730002403259,0.21130138635635376,1,True,True,0
C000000001__SWE_01_SW_data_21-April-2026_12-12-54,26,0.5898735955056049,0.3089686632156372,0.1715705394744873,1,True,True,0
C000000001__SWE_01_SW_data_21-April-2026_12-12-54,26,0.6058005617976939,0.35939323902130127,0.13945066928863525,1,False,False,1
C000000001__SWE_01_SW_data_21-April-2026_12-12-54,26,0.6217275280898648,0.38334399461746216,0.12995529174804688,1,True,True,0
C000000001__SWE_01_SW_data_21-April-2026_12-12-54,26,0.6376544943820356,0.48810523748397827,0.10992220044136047,1,True,True,0
C000000001__SWE_01_SW_data_21-April-2026_12-12-54,26,0.6535814606741246,0.4800117015838623,0.1537715196609497,1,False,False,1
C000000001__SWE_01_SW_data_21-April-2026_12-12-54,26,0.6695084269662954,0.6436688303947449,0.08690640330314636,1,True,True,0
C000000001__SWE_01_SW_data_21-April-2026_12-12-54,26,0.6854353932583844,0.7031201720237732,0.14199501276016235,1,True,True,0
C000000001__SWE_01_SW_data_21-April-2026_12-12-54,26,0.7013623595505553,0.6650469303131104,0.20249497890472412,1,True,True,0
C000000001__SWE_01_SW_data_21-April-2026_12-12-54,26,0.002542134831457404,0.45215195417404175,0.3215749263763428,1,True,True,0
C000000001__SWE_01_SW_data_21-April-2026_12-12-54,26,0.018469101123546453,0.43750935792922974,0.36803877353668213,1,False,False,1
C000000001__SWE_01_SW_data_21-April-2026_12-12-54,26,0.034396067415717255,0.48193204402923584,0.19991809129714966,1,False,False,1
C000000001__SWE_01_SW_data_21-April-2026_12-12-54,26,0.05032303370780631,0.5815985202789307,0.226088285446167,1,True,True,0
C000000001__SWE_01_SW_data_21-April-2026_12-12-54,26,0.0662499999999771,0.526494711637497,0.26375141739845276,1,True,True,0
C000000001__SWE_01_SW_data_21-April-2026_12-12-54,26,0.08217696629214791,0.5938586294651031,0.21926885843276978,1,True,True,0
C000000001__SWE_01_SW_data_21-April-2026_12-12-54,26,0.09810393258423696,0.4386264681816101,0.2383233904838562,1,True,True,0
C000000001__SWE_01_SW_data_21-April-2026_12-12-54,26,0.11403089887640777,0.43064671754837036,0.26010480523109436,1,True,True,0
C000000001__SWE_01_SW_data_21-April-2026_12-12-54,26,0.1299578651684968,0.49584150314331055,0.30817294120788574,1,True,True,0
C000000001__SWE_01_SW_data_21-April-2026_12-12-54,26,0.1458848314606676,0.4637829065322876,0.29185470938682556,1,True,True,0
C000000001__SWE_01_SW_data_21-April-2026_12-12-54,26,0.16181179775275667,0.46459758281707764,0.2844085693359375,1,False,False,1
C000000001__SWE_01_SW_data_21-April-2026_12-12-54,26,0.17773876404492747,0.4602010250091553,0.23519182205200195,1,False,False,1
C000000001__SWE_01_SW_data_21-April-2026_12-12-54,26,0.1936657303370165,0.46385353803634644,0.1772228479385376,1,True,True,0
C000000001__SWE_01_SW_data_21-April-2026_12-12-54,26,0.20959269662918734,0.5218726396560669,0.20417377352714539,1,False,False,1
C000000001__SWE_01_SW_data_21-April-2026_12-12-54,26,0.22551966292135814,0.5643783509731293,0.20520582795143127,1,False,False,1
C000000001__SWE_01_SW_data_21-April-2026_12-12-54,26,0.24144662921344717,0.41241949796676636,0.18865621089935303,1,True,True,0
C000000001__SWE_01_SW_data_21-April-2026_12-12-54,26,0.257373595505618,0.3041125535964966,0.20528802275657654,1,True,True,0
C000000001__SWE_01_SW_data_21-April-2026_12-12-54,26,0.273300561797707,0.1819993257522583,0.07420104742050171,1,True,True,0
C000000001__SWE_01_SW_data_21-April-2026_12-12-54,26,0.28922752808987784,1.1920928955078125e-07,0.12345343828201294,1,False,False,1
C000000001__SWE_01_SW_data_21-April-2026_12-14-11,26,0.5156223776224362,0.45667004585266113,0.2399880290031433,1,True,True,0
C000000001__SWE_01_SW_data_21-April-2026_12-14-11,26,0.5314825174825305,0.46296006441116333,0.26671189069747925,1,True,True,0
C000000001__SWE_01_SW_data_21-April-2026_12-14-11,26,0.5473426573427876,0.4741029143333435,0.24691247940063477,1,False,False,1
C000000001__SWE_01_SW_data_21-April-2026_12-14-11,26,0.5632027972028819,0.5925502777099609,0.24145972728729248,1,True,True,0
C000000001__SWE_01_SW_data_21-April-2026_12-14-11,26,0.5790629370629762,0.43790340423583984,0.41025853157043457,1,True,True,0
C000000001__SWE_01_SW_data_21-April-2026_12-14-11,26,0.5949230769230704,0.45236915349960327,0.21630632877349854,1,True,True,0
C000000001__SWE_01_SW_data_21-April-2026_12-14-11,26,0.6107832167833275,0.595823347568512,0.2718731462955475,1,True,True,0
C000000001__SWE_01_SW_data_21-April-2026_12-14-11,26,0.6266433566434217,0.7028160393238068,0.47902077436447144,1,True,True,0
C000000001__SWE_01_SW_data_21-April-2026_12-14-11,26,0.642503496503516,0.762663796544075,0.5508244037628174,1,True,True,0
C000000001__SWE_01_SW_data_21-April-2026_12-14-11,26,0.6583636363637732,0.6894153356552124,0.4858365058898926,1,False,False,1
C000000001__SWE_01_SW_data_21-April-2026_12-14-11,26,0.6742237762238674,0.7559238374233246,0.38270917534828186,1,True,True,0
C000000001__SWE_01_SW_data_21-April-2026_12-14-11,26,0.6900839160839617,0.6734923124313354,0.5199316143989563,1,True,True,0
C000000001__SWE_01_SW_data_21-April-2026_12-14-11,26,0.705944055944056,0.8486180305480957,0.5808619260787964,1,True,True,0
C000000001__SWE_01_SW_data_21-April-2026_12-14-11,26,0.721804195804313,0.9039224833250046,0.5423926115036011,1,True,True,0
C000000001__SWE_01_SW_data_21-April-2026_12-14-11,26,0.7376643356644073,0.8188118934631348,0.46741175651550293,1,True,True,0
C000000001__SWE_01_SW_data_21-April-2026_12-14-11,26,0.7535244755245015,0.7324655652046204,0.27253514528274536,1,True,True,0
C000000001__SWE_01_SW_data_21-April-2026_12-14-11,26,0.7693846153845958,0.590319961309433,0.2646746337413788,1,True,True,0
C000000001__SWE_01_SW_data_21-April-2026_12-14-11,26,0.7852447552448529,0.5833795368671417,0.5027216076850891,1,True,True,0
C000000001__SWE_01_SW_data_21-April-2026_12-14-11,26,0.8011048951049472,0.5900629162788391,0.5002546906471252,1,True,True,0
C000000001__SWE_01_SW_data_21-April-2026_12-14-11,26,0.8169650349650415,0.5936647653579712,0.3111950755119324,1,True,True,0
C000000001__SWE_01_SW_data_21-April-2026_12-14-11,26,0.8328251748252986,0.6539540886878967,0.36332371830940247,1,True,True,0
C000000001__SWE_01_SW_data_21-April-2026_12-14-11,26,0.8486853146853929,0.7264721095561981,0.4186641573905945,1,True,True,0
C000000001__SWE_01_SW_data_21-April-2026_12-14-11,26,0.8645454545454871,0.7819519340991974,0.36851271986961365,1,True,True,0
C000000001__SWE_01_SW_data_21-April-2026_12-14-11,26,0.8804055944055814,0.7062567472457886,0.38973456621170044,1,False,False,1
C000000001__SWE_01_SW_data_21-April-2026_12-14-11,26,0.8962657342658384,0.7757051289081573,0.23983421921730042,1,True,True,0
C000000001__SWE_01_SW_data_21-April-2026_12-14-11,26,0.9121258741259327,0.8643801361322403,0.3676247000694275,1,True,True,0
C000000001__SWE_01_SW_data_21-April-2026_12-14-11,26,0.927986013986027,0.6754630208015442,0.36743250489234924,1,True,True,0
C000000001__SWE_01_SW_data_21-April-2026_12-14-11,26,0.9438461538462841,0.43604135513305664,0.06263279914855957,1,False,False,1
C000000001__SWE_01_SW_data_21-April-2026_12-14-11,26,0.9597062937063784,0.33272433280944824,0.13619464635849,1,True,True,0
C000000001__SWE_01_SW_data_21-April-2026_12-14-11,26,0.9755664335664727,0.3539038300514221,0.1800667643547058,1,True,True,0
C000000001__SWE_01_SW_data_21-April-2026_12-14-11,26,0.001692307692418409,0.33716440200805664,0.020416080951690674,1,False,False,9
C000000001__SWE_01_SW_data_21-April-2026_12-14-11,26,0.01755244755251268,0.3086155652999878,0.04123789072036743,2,True,True,0
C000000001__SWE_01_SW_data_21-April-2026_12-14-11,26,0.03341258741260695,0.3074914216995239,0.07819968461990356,2,True,False,8
C000000001__SWE_01_SW_data_21-April-2026_12-14-11,26,0.04927272727286404,0.3417488932609558,0.0691537857055664,2,True,False,8
C000000001__SWE_01_SW_data_21-April-2026_12-14-11,26,0.06513286713295831,0.3829350471496582,0.005792856216430664,2,True,True,0
C000000001__SWE_01_SW_data_21-April-2026_12-14-11,26,0.08099300699305258,0.2776084542274475,0.005327820777893066,2,True,True,0
C000000001__SWE_01_SW_data_21-April-2026_12-14-11,26,0.09685314685314686,0.24593275785446167,0.031314194202423096,2,True,False,8
C000000001__SWE_01_SW_data_21-April-2026_12-14-11,26,0.11271328671340394,0.2060868740081787,0.0076754093170166016,2,True,True,0
C000000001__SWE_01_SW_data_21-April-2026_12-14-11,26,0.1285734265734982,0.22993481159210205,0.009937822818756104,2,True,True,0
C000000001__SWE_01_SW_data_21-April-2026_12-14-11,26,0.14443356643359248,0.30763816833496094,0.005568027496337891,2,True,False,8
C000000001__SWE_01_SW_data_21-April-2026_12-14-11,26,0.16029370629368675,0.286922812461853,0.030641615390777588,2,True,False,8
C000000001__SWE_01_SW_data_21-April-2026_12-14-11,26,0.17615384615394383,0.3055534362792969,0.01883763074874878,2,True,True,0
C000000001__SWE_01_SW_data_21-April-2026_12-14-11,26,0.19201398601403813,0.34336674213409424,0.03143686056137085,2,True,True,0
C000000001__SWE_01_SW_data_21-April-2026_12-14-11,26,0.2078741258741324,0.33362460136413574,0.019961237907409668,2,True,False,8
C000000001__SWE_01_SW_data_21-April-2026_12-14-11,26,0.22373426573438948,0.38254833221435547,0.037679195404052734,2,True,False,9
C000000001__SWE_01_SW_data_21-April-2026_12-14-11,26,0.23959440559448375,0.41405004262924194,0.04392284154891968,2,True,True,0
C000000001__SWE_01_SW_data_21-April-2026_12-14-11,26,0.255454545454578,0.43665003776550293,0.024002432823181152,2,True,True,0
C000000001__SWE_01_SW_data_21-April-2026_12-14-11,26,0.2713146853146723,0.437846302986145,0.0031080245971679688,2,True,False,9
C000000001__SWE_01_SW_data_21-April-2026_12-14-11,26,0.28717482517492937,0.5671335756778717,0.0252876877784729,2,False,False,9
C000000001__SWE_01_SW_data_21-April-2026_12-14-11,26,0.30303496503502364,0.510292112827301,0.023160934448242188,2,True,False,8
C000000001__SWE_01_SW_data_21-April-2026_12-14-11,26,0.3188951048951179,0.39659368991851807,0.047982096672058105,2,True,False,8
C000000001__SWE_01_SW_data_21-April-2026_12-14-11,26,0.334755244755375,0.3481925129890442,0.010813295841217041,2,True,False,9
C000000001__SWE_01_SW_data_21-April-2026_12-14-11,26,0.35061538461546926,0.26916736364364624,0.01489955186843872,2,True,True,0
C000000001__SWE_01_SW_data_21-April-2026_12-14-11,26,0.36647552447556353,0.333274245262146,0.001433730125427246,2,True,False,8
C000000001__SWE_01_SW_data_21-April-2026_12-14-11,26,0.3823356643356578,0.36261022090911865,0.00019758939743041992,2,True,False,9
C000000001__SWE_01_SW_data_21-April-2026_12-14-11,26,0.39819580419591494,0.2939964532852173,0.011509478092193604,2,True,True,0
C000000001__SWE_01_SW_data_21-April-2026_12-14-11,26,0.4140559440560092,0.2560705542564392,0.005154132843017578,2,True,True,0
C000000001__SWE_01_SW_data_21-April-2026_12-14-11,26,0.4299160839161035,0.2450716495513916,0.03234362602233887,2,True,False,8
C000000001__SWE_01_SW_data_21-April-2026_12-14-11,26,0.44577622377636056,0.17831623554229736,0.04412025213241577,1,True,True,0
C000000001__SWE_01_SW_data_21-April-2026_12-14-11,26,0.4616363636364548,0.22892212867736816,0.07873803377151489,1,True,True,0
C000000001__SWE_01_SW_data_21-April-2026_12-14-11,26,0.4774965034965491,0.27268099784851074,0.08896005153656006,1,True,True,0
C000000001__SWE_01_SW_data_21-April-2026_12-14-11,26,0.49335664335664337,0.32724571228027344,0.08950591087341309,1,False,False,1
C000000001__SWE_01_SW_data_21-April-2026_12-14-11,26,0.5092167832169004,0.3798363208770752,0.15187972784042358,1,True,True,0
C000000001__SWE_01_SW_data_21-April-2026_12-14-11,26,0.5250769230769947,0.5188032984733582,0.2287921905517578,1,True,True,0
C000000001__SWE_01_SW_data_21-April-2026_12-14-11,26,0.540937062937089,0.4738312363624573,0.2495371699333191,1,True,True,0
C000000001__SWE_01_SW_data_21-April-2026_12-14-11,26,0.5567972027971833,0.5480381548404694,0.26846474409103394,1,False,False,1
C000000001__SWE_01_SW_data_21-April-2026_12-14-11,26,0.5726573426574404,0.5289433002471924,0.33624422550201416,1,True,True,0
C000000001__SWE_01_SW_data_21-April-2026_12-14-11,26,0.5885174825175347,0.4684607982635498,0.36365368962287903,1,True,True,0
C000000001__SWE_01_SW_data_21-April-2026_12-14-11,26,0.6043776223776289,0.5396871566772461,0.24085238575935364,1,False,False,1
C000000001__SWE_01_SW_data_21-April-2026_12-14-11,26,0.620237762237886,0.6663248836994171,0.4005713164806366,1,True,True,0
C000000001__SWE_01_SW_data_21-April-2026_12-14-11,26,0.6360979020979802,0.7129018306732178,0.49408915638923645,1,True,True,0
C000000001__SWE_01_SW_data_21-April-2026_12-14-11,26,0.6519580419580745,0.7664173543453217,0.6353649497032166,1,True,True,0
C000000001__SWE_01_SW_data_21-April-2026_12-14-11,26,0.6678181818181688,0.6519136428833008,0.2699989974498749,1,True,True,0
C000000001__SWE_01_SW_data_21-April-2026_12-14-11,26,0.6836783216784259,0.6064712405204773,0.4463789463043213,1,True,True,0
C000000001__SWE_01_SW_data_21-April-2026_12-14-11,26,0.6995384615385202,0.820825457572937,0.5504595041275024,1,True,True,0
C000000001__SWE_01_SW_data_21-April-2026_12-14-11,26,0.7153986013986144,0.9217483103275299,0.5499820709228516,1,True,True,0
C000000001__SWE_01_SW_data_21-April-2026_12-14-11,26,0.7312587412588715,0.9224212393164635,0.5472107529640198,1,True,True,0
C000000001__SWE_01_SW_data_21-April-2026_12-14-11,26,0.7471188811189657,0.8706908375024796,0.4597207307815552,1,True,True,0
C000000001__SWE_01_SW_data_21-April-2026_12-14-11,26,0.76297902097906,0.6112457513809204,0.19448727369308472,1,True,True,0
C000000001__SWE_01_SW_data_21-April-2026_12-14-11,26,0.7788391608391543,0.5982434451580048,0.31292811036109924,1,True,True,0
C000000001__SWE_01_SW_data_21-April-2026_12-14-11,26,0.7946993006994114,0.4776012897491455,0.48316097259521484,1,True,True,0
C000000001__SWE_01_SW_data_21-April-2026_12-14-11,26,0.8105594405595057,0.5985288619995117,0.3737114667892456,1,True,True,0
C000000001__SWE_01_SW_data_21-April-2026_12-14-11,26,0.8264195804196,0.4855254888534546,0.2918694317340851,1,False,False,1
C000000001__SWE_01_SW_data_21-April-2026_12-14-11,26,0.8422797202798571,0.64564448595047,0.36239102482795715,1,True,True,0
C000000001__SWE_01_SW_data_21-April-2026_12-14-11,26,0.8581398601399514,0.7503334283828735,0.3059501647949219,1,True,True,0
C000000001__SWE_01_SW_data_21-April-2026_12-14-11,26,0.8740000000000456,0.7434956431388855,0.33713576197624207,1,True,True,0
C000000001__SWE_01_SW_data_21-April-2026_12-14-11,26,0.8898601398601399,0.5596904456615448,0.3826231360435486,1,False,False,1
C000000001__SWE_01_SW_data_21-April-2026_12-14-11,26,0.9057202797203969,0.26020222902297974,0.3110516667366028,1,False,False,1
C000000001__SWE_01_SW_data_21-April-2026_12-14-11,26,0.9215804195804912,1.1920928955078125e-07,0.19449475407600403,1,True,True,0
C000000001__SWE_01_SW_data_21-April-2026_12-14-53,26,0.01920157068068313,0.42038607597351074,0.3467768728733063,1,False,False,1
C000000001__SWE_01_SW_data_21-April-2026_12-14-53,26,0.034044502617813235,0.3296123743057251,0.35877567529678345,1,True,True,0
C000000001__SWE_01_SW_data_21-April-2026_12-14-53,26,0.04888743455509572,0.3947955369949341,0.3818102180957794,1,True,True,0
C000000001__SWE_01_SW_data_21-April-2026_12-14-53,26,0.06373036649222583,0.43767786026000977,0.3221995234489441,1,True,True,0
C000000001__SWE_01_SW_data_21-April-2026_12-14-53,26,0.07857329842935594,0.39706850051879883,0.3923000991344452,1,False,False,1
C000000001__SWE_01_SW_data_21-April-2026_12-14-53,26,0.09341623036648605,0.37711989879608154,0.4680216610431671,1,True,True,0
C000000001__SWE_01_SW_data_21-April-2026_12-14-53,26,0.10825916230376854,0.368236243724823,0.3391857147216797,1,True,True,0
C000000001__SWE_01_SW_data_21-April-2026_12-14-53,26,0.12310209424089864,0.46358442306518555,0.2877340316772461,1,False,False,1
C000000001__SWE_01_SW_data_21-April-2026_12-14-53,26,0.13794502617802876,0.4871542453765869,0.37486332654953003,1,True,True,0
C000000001__SWE_01_SW_data_21-April-2026_12-14-53,26,0.15278795811531123,0.4380490183830261,0.37750908732414246,1,True,True,0
C000000001__SWE_01_SW_data_21-April-2026_12-14-53,26,0.16763089005244136,0.4326517581939697,0.2759454846382141,1,False,False,1
C000000001__SWE_01_SW_data_21-April-2026_12-14-53,26,0.18247382198957146,0.4136551022529602,0.5058388710021973,1,False,False,1
C000000001__SWE_01_SW_data_21-April-2026_12-14-53,26,0.19731675392670156,0.47923994064331055,0.5371840000152588,1,True,True,0
C000000001__SWE_01_SW_data_21-April-2026_12-14-53,26,0.21215968586398407,0.5563465356826782,0.4791361689567566,1,True,True,0
C000000001__SWE_01_SW_data_21-April-2026_12-14-53,26,0.22700261780111416,0.6618875861167908,0.4965713620185852,1,False,False,1
C000000001__SWE_01_SW_data_21-April-2026_12-14-53,26,0.24184554973824426,0.6453734040260315,0.6368330717086792,1,True,True,0
C000000001__SWE_01_SW_data_21-April-2026_12-14-53,26,0.2566884816753744,0.6389883160591125,0.32626599073410034,1,False,False,1
C000000001__SWE_01_SW_data_21-April-2026_12-14-53,26,0.27153141361265687,0.6362687349319458,0.5180298089981079,1,False,False,1
C000000001__SWE_01_SW_data_21-April-2026_12-14-53,26,0.28637434554978697,0.49882322549819946,0.4491611123085022,1,False,False,1
C000000001__SWE_01_SW_data_21-April-2026_12-14-53,26,0.30121727748691707,0.4194309711456299,0.25911444425582886,1,True,True,0
C000000001__SWE_01_SW_data_21-April-2026_12-14-53,26,0.3160602094241996,0.3715447187423706,0.2716671824455261,1,False,False,1
C000000001__SWE_01_SW_data_21-April-2026_12-14-53,26,0.3309031413613297,0.2767728567123413,0.16868650913238525,1,False,False,1
C000000001__SWE_01_SW_data_21-April-2026_12-14-53,26,0.3457460732984598,0.2523200511932373,0.16629892587661743,1,False,False,1
C000000001__SWE_01_SW_data_21-April-2026_12-14-53,26,0.3605890052355899,0.32850754261016846,0.1263921856880188,1,False,False,1
C000000001__SWE_01_SW_data_21-April-2026_12-14-53,26,0.3754319371728724,0.20280802249908447,0.08596134185791016,1,False,False,1
C000000001__SWE_01_SW_data_21-April-2026_12-14-53,26,0.3902748691100025,0.1527143120765686,0.06585228443145752,1,False,False,1
C000000001__SWE_01_SW_data_21-April-2026_12-14-53,26,0.40511780104713263,0.15720689296722412,0.052854716777801514,1,True,True,0
C000000001__SWE_01_SW_data_21-April-2026_12-14-53,26,0.4199607329844151,0.19982528686523438,0.08264744281768799,1,False,False,1
C000000001__SWE_01_SW_data_21-April-2026_12-14-53,26,0.4348036649215452,0.14205431938171387,0.09467917680740356,1,False,False,1
C000000001__SWE_01_SW_data_21-April-2026_12-14-53,26,0.4496465968586753,0.13065147399902344,0.12134760618209839,1,True,True,0
C000000001__SWE_01_SW_data_21-April-2026_12-14-53,26,0.4644895287958054,0.1408536434173584,0.08723223209381104,1,False,False,1
C000000001__SWE_01_SW_data_21-April-2026_12-14-53,26,0.4793324607330879,0.1718137264251709,0.14783483743667603,1,False,False,1
C000000001__SWE_01_SW_data_21-April-2026_12-14-53,26,0.49417539267021804,0.23353374004364014,0.1709374189376831,1,False,False,1
C000000001__SWE_01_SW_data_21-April-2026_12-14-53,26,0.5090183246073481,0.2577705383300781,0.19413280487060547,1,True,True,0
C000000001__SWE_01_SW_data_21-April-2026_12-14-53,26,0.5238612565446306,0.2924381494522095,0.17619824409484863,1,True,True,0
C000000001__SWE_01_SW_data_21-April-2026_12-14-53,26,0.5387041884817607,0.38777637481689453,0.13535547256469727,1,False,False,1
C000000001__SWE_01_SW_data_21-April-2026_12-14-53,26,0.5535471204188909,0.38807857036590576,0.2296433448791504,1,True,True,0
C000000001__SWE_01_SW_data_21-April-2026_12-14-53,26,0.5683900523560209,0.2622321844100952,0.15068668127059937,1,True,True,0
C000000001__SWE_01_SW_data_21-April-2026_12-14-53,26,0.5832329842933034,0.3526127338409424,0.24271076917648315,1,False,False,1
C000000001__SWE_01_SW_data_21-April-2026_12-14-53,26,0.5980759162304335,0.4190322160720825,0.39948412775993347,1,False,False,1
C000000001__SWE_01_SW_data_21-April-2026_12-14-53,26,0.6129188481675637,0.5299946069717407,0.432335764169693,1,True,True,0
C000000001__SWE_01_SW_data_21-April-2026_12-14-53,26,0.6277617801046937,0.5790427625179291,0.3070085048675537,1,False,False,1
C000000001__SWE_01_SW_data_21-April-2026_12-14-53,26,0.6426047120419762,0.5672567784786224,0.399101585149765,1,False,False,1
C000000001__SWE_01_SW_data_21-April-2026_12-14-53,26,0.6574476439791064,0.5890659987926483,0.18023014068603516,1,True,True,0
C000000001__SWE_01_SW_data_21-April-2026_12-14-53,26,0.6722905759162364,0.5991955697536469,0.09043145179748535,2,True,True,0
C000000001__SWE_01_SW_data_21-April-2026_12-14-53,26,0.6871335078535189,0.5775049030780792,0.052319347858428955,2,True,True,0
C000000001__SWE_01_SW_data_21-April-2026_12-14-53,26,0.701976439790649,0.545717179775238,0.013995647430419922,2,False,False,6
C000000001__SWE_01_SW_data_21-April-2026_12-14-53,26,0.7168193717277792,0.4959028959274292,0.11759001016616821,2,True,False,6
C000000001__SWE_01_SW_data_21-April-2026_12-14-53,26,0.7316623036649093,0.3706170320510864,0.17835351824760437,2,True,True,0
C000000001__SWE_01_SW_data_21-April-2026_12-14-53,26,0.7465052356021917,0.40478962659835815,0.09774363040924072,2,True,True,0
C000000001__SWE_01_SW_data_21-April-2026_12-14-53,26,0.7613481675393219,0.382246732711792,0.06818336248397827,2,True,False,6
C000000001__SWE_01_SW_data_21-April-2026_12-14-53,26,0.7761910994764519,0.33553004264831543,0.08423882722854614,2,True,True,0
C000000001__SWE_01_SW_data_21-April-2026_12-14-53,26,0.7910340314137345,0.26149845123291016,0.05516183376312256,2,True,True,0
C000000001__SWE_01_SW_data_21-April-2026_12-14-53,26,0.8058769633508646,0.2663233280181885,0.07595723867416382,2,False,False,6
C000000001__SWE_01_SW_data_21-April-2026_12-14-53,26,0.8207198952879947,0.3237522840499878,0.1009751558303833,2,True,False,6
C000000001__SWE_01_SW_data_21-April-2026_12-14-53,26,0.8355628272251248,0.46421992778778076,0.06037420034408569,2,True,False,7
C000000001__SWE_01_SW_data_21-April-2026_12-14-53,26,0.8504057591624072,0.5602713525295258,0.01206207275390625,2,False,False,6
C000000001__SWE_01_SW_data_21-April-2026_12-14-53,26,0.8652486910995374,0.5265433192253113,0.0018928050994873047,2,True,True,0
C000000001__SWE_01_SW_data_21-April-2026_12-14-53,26,0.8800916230366675,0.5643453598022461,0.03826707601547241,2,False,False,1
C000000001__SWE_01_SW_data_21-April-2026_12-14-53,26,0.89493455497395,0.6262211203575134,0.020583391189575195,2,True,True,0
C000000001__SWE_01_SW_data_21-April-2026_12-14-53,26,0.9097774869110801,0.7351909875869751,0.007554233074188232,2,True,True,0
C000000001__SWE_01_SW_data_21-April-2026_12-14-53,26,0.9246204188482102,0.879440188407898,0.06215482950210571,2,True,False,6
C000000001__SWE_01_SW_data_21-April-2026_12-14-53,26,0.9394633507853403,0.9422796219587326,0.005545258522033691,2,True,False,7
C000000001__SWE_01_SW_data_21-April-2026_12-14-53,26,0.9543062827226227,0.8301339447498322,0.005280554294586182,2,False,False,6
C000000001__SWE_01_SW_data_21-April-2026_12-14-53,26,0.9691492146597529,0.6053606867790222,0.061932265758514404,2,True,False,6
C000000001__SWE_01_SW_data_21-April-2026_12-14-53,26,0.983992146596883,0.4494044780731201,0.08711057901382446,1,True,True,0
C000000001__SWE_01_SW_data_21-April-2026_12-14-53,26,0.9988350785340131,0.4714178442955017,0.17479288578033447,1,False,False,7
C000000001__SWE_01_SW_data_21-April-2026_12-14-53,26,0.010641361256550597,0.4218391180038452,0.3252398669719696,1,False,False,1
C000000001__SWE_01_SW_data_21-April-2026_12-14-53,26,0.025484293193833083,0.33423304557800293,0.3457409143447876,1,False,False,1
C000000001__SWE_01_SW_data_21-April-2026_12-14-53,26,0.04032722513096319,0.32697999477386475,0.3794807493686676,1,True,True,0
C000000001__SWE_01_SW_data_21-April-2026_12-14-53,26,0.0551701570680933,0.378531813621521,0.3667657673358917,1,True,True,0
C000000001__SWE_01_SW_data_21-April-2026_12-14-53,26,0.0700130890052234,0.44206875562667847,0.31127816438674927,1,True,True,0
C000000001__SWE_01_SW_data_21-April-2026_12-14-53,26,0.0848560209425059,0.4045114517211914,0.4425611197948456,1,True,True,0
C000000001__SWE_01_SW_data_21-April-2026_12-14-53,26,0.09969895287963601,0.369271457195282,0.4412257969379425,1,True,True,0
C000000001__SWE_01_SW_data_21-April-2026_12-14-53,26,0.11454188481676612,0.3937016725540161,0.34963828325271606,1,True,True,0
C000000001__SWE_01_SW_data_21-April-2026_12-14-53,26,0.12938481675404861,0.4707280397415161,0.3233712911605835,1,False,False,1
C000000001__SWE_01_SW_data_21-April-2026_12-14-53,26,0.14422774869117871,0.4817311763763428,0.38653481006622314,1,True,True,0
C000000001__SWE_01_SW_data_21-April-2026_12-14-53,26,0.1590706806283088,0.44647282361984253,0.39615345001220703,1,True,True,0
C000000001__SWE_01_SW_data_21-April-2026_12-14-53,26,0.17391361256543894,0.43232297897338867,0.3047930598258972,1,False,False,1
C000000001__SWE_01_SW_data_21-April-2026_12-14-53,26,0.18875654450272142,0.42989295721054077,0.48631781339645386,1,True,True,0
C000000001__SWE_01_SW_data_21-April-2026_12-14-53,26,0.20359947643985152,0.5187341570854187,0.5429593324661255,1,True,True,0
C000000001__SWE_01_SW_data_21-April-2026_12-14-53,26,0.21844240837698164,0.5622696280479431,0.39750099182128906,1,True,True,0
C000000001__SWE_01_SW_data_21-April-2026_12-14-53,26,0.23328534031426412,0.6412902474403381,0.5031107664108276,1,False,False,1
C000000001__SWE_01_SW_data_21-April-2026_12-14-53,26,0.24812827225139422,0.6087546646595001,0.6296191215515137,1,True,True,0
C000000001__SWE_01_SW_data_21-April-2026_12-14-53,26,0.2629712041885243,0.41909003257751465,0.4174458384513855,1,False,False,1
C000000001__SWE_01_SW_data_21-April-2026_12-14-53,26,0.2778141361256545,0.32763683795928955,0.5600244998931885,1,False,False,1
C000000001__SWE_01_SW_data_21-April-2026_12-14-53,26,0.29265706806293695,0.2081894874572754,0.4763719141483307,1,True,True,0
C000000001__SWE_01_SW_data_21-April-2026_12-14-53,26,0.30750000000006705,0.0,0.28432899713516235,1,True,True,0
C000000001__SWE_01_SW_data_21-April-2026_12-15-49,26,0.6771148825065821,0.6790356040000916,0.520388662815094,1,True,True,0
C000000001__SWE_01_SW_data_21-April-2026_12-15-49,26,0.6919190600522315,0.8821212649345398,0.49841567873954773,1,True,True,0
C000000001__SWE_01_SW_data_21-April-2026_12-15-49,26,0.7067232375980328,1.0423974469304085,0.27409008145332336,1,False,False,1
C000000001__SWE_01_SW_data_21-April-2026_12-15-49,26,0.7215274151436821,1.1091951429843903,0.25802454352378845,1,True,True,0
C000000001__SWE_01_SW_data_21-April-2026_12-15-49,26,0.7363315926893315,1.074149064719677,0.27650177478790283,1,True,True,0
C000000001__SWE_01_SW_data_21-April-2026_12-15-49,26,0.7511357702349809,0.7108933329582214,0.07559704780578613,1,False,False,1
C000000001__SWE_01_SW_data_21-April-2026_12-15-49,26,0.7659399477807822,0.4571385383605957,0.21683663129806519,1,True,True,0
C000000001__SWE_01_SW_data_21-April-2026_12-15-49,26,0.7807441253264316,0.4535817503929138,0.15734589099884033,1,True,True,0
C000000001__SWE_01_SW_data_21-April-2026_12-15-49,26,0.7955483028720809,0.5620704591274261,0.21049517393112183,1,True,True,0
C000000001__SWE_01_SW_data_21-April-2026_12-15-49,26,0.8103524804178822,0.4926600456237793,0.24826949834823608,1,True,True,0
C000000001__SWE_01_SW_data_21-April-2026_12-15-49,26,0.8251566579635315,0.7319604158401489,0.3150970935821533,1,True,True,0
C000000001__SWE_01_SW_data_21-April-2026_12-15-49,26,0.8399608355091809,0.9487223923206329,0.32118186354637146,1,True,True,0
C000000001__SWE_01_SW_data_21-April-2026_12-15-49,26,0.8547650130548303,0.8439443856477737,0.21325695514678955,1,True,True,0
C000000001__SWE_01_SW_data_21-April-2026_12-15-49,26,0.8695691906006316,0.5791713893413544,0.2209324836730957,1,True,True,0
C000000001__SWE_01_SW_data_21-April-2026_12-15-49,26,0.884373368146281,0.41852879524230957,0.0004780292510986328,1,False,False,1
C000000001__SWE_01_SW_data_21-April-2026_12-15-49,26,0.8991775456919303,0.7853298485279083,0.13411974906921387,1,False,False,1
C000000001__SWE_01_SW_data_21-April-2026_12-15-49,26,0.9139817232375796,1.0092496797442436,0.23997926712036133,1,True,True,0
C000000001__SWE_01_SW_data_21-April-2026_12-15-49,26,0.928785900783381,1.0441711768507957,0.20050114393234253,1,True,True,0
C000000001__SWE_01_SW_data_21-April-2026_12-15-49,26,0.9435900783290303,0.9563448429107666,0.16242051124572754,1,True,True,0
C000000001__SWE_01_SW_data_21-April-2026_12-15-49,26,0.9583942558746797,0.9839348029345274,0.08415508270263672,1,True,True,0
C000000001__SWE_01_SW_data_21-April-2026_12-15-49,26,0.9731984334204811,0.8750669807195663,0.17701083421707153,1,True,True,0
C000000001__SWE_01_SW_data_21-April-2026_12-15-49,26,0.9880026109661304,0.7149389982223511,0.08806794881820679,1,True,True,0
C000000001__SWE_01_SW_data_21-April-2026_12-15-49,26,0.002806788511779743,0.4559154510498047,0.30443987250328064,1,True,True,0
C000000001__SWE_01_SW_data_21-April-2026_12-15-49,26,0.017610966057429095,0.31631505489349365,0.40255630016326904,1,True,True,0
C000000001__SWE_01_SW_data_21-April-2026_12-15-49,26,0.032415143603230424,0.2622038722038269,0.3697143793106079,1,True,True,0
C000000001__SWE_01_SW_data_21-April-2026_12-15-49,26,0.04721932114887978,0.38862353563308716,0.5577471852302551,1,True,True,0
C000000001__SWE_01_SW_data_21-April-2026_12-15-49,26,0.06202349869452913,0.41155046224594116,0.4998486042022705,1,True,True,0
C000000001__SWE_01_SW_data_21-April-2026_12-15-49,26,0.07682767624033046,0.5056053698062897,0.4990217089653015,1,True,True,0
C000000001__SWE_01_SW_data_21-April-2026_12-15-49,26,0.09163185378597981,0.5260658264160156,0.35551032423973083,1,True,True,0
C000000001__SWE_01_SW_data_21-April-2026_12-15-49,26,0.10643603133162917,0.44586503505706787,0.11328697204589844,1,True,True,0
C000000001__SWE_01_SW_data_21-April-2026_12-15-49,26,0.12124020887727852,0.4417094588279724,0.1659347414970398,1,True,True,0
C000000001__SWE_01_SW_data_21-April-2026_12-15-49,26,0.13604438642307984,0.38523006439208984,0.18757843971252441,1,True,True,0
C000000001__SWE_01_SW_data_21-April-2026_12-15-49,26,0.1508485639687292,0.36868077516555786,0.29432934522628784,1,True,True,0
C000000001__SWE_01_SW_data_21-April-2026_12-15-49,26,0.16565274151437856,0.3337874412536621,0.34196221828460693,1,True,True,0
C000000001__SWE_01_SW_data_21-April-2026_12-15-49,26,0.18045691906017988,0.3565514087677002,0.40081775188446045,1,True,True,0
C000000001__SWE_01_SW_data_21-April-2026_12-15-49,26,0.19526109660582924,0.41354864835739136,0.35676342248916626,1,True,True,0
C000000001__SWE_01_SW_data_21-April-2026_12-15-49,26,0.21006527415147858,0.4205324053764343,0.3646387457847595,1,True,True,0
C000000001__SWE_01_SW_data_21-April-2026_12-15-49,26,0.22486945169712794,0.5591875314712524,0.48382243514060974,1,True,True,0
C000000001__SWE_01_SW_data_21-April-2026_12-15-49,26,0.23967362924292926,0.4902433156967163,0.3515400290489197,1,True,True,0
C000000001__SWE_01_SW_data_21-April-2026_12-15-49,26,0.2544778067885786,0.4908980131149292,0.2543352246284485,1,True,True,0
C000000001__SWE_01_SW_data_21-April-2026_12-15-49,26,0.26928198433422795,0.5047264695167542,0.16085249185562134,1,True,True,0
C000000001__SWE_01_SW_data_21-April-2026_12-15-49,26,0.28408616187987734,0.4230218529701233,0.033272743225097656,1,True,True,0
C000000001__SWE_01_SW_data_21-April-2026_12-15-49,26,0.29889033942567866,0.366918683052063,0.04676169157028198,2,True,True,0
C000000001__SWE_01_SW_data_21-April-2026_12-15-49,26,0.313694516971328,0.3227148652076721,0.018815159797668457,2,True,False,6
C000000001__SWE_01_SW_data_21-April-2026_12-15-49,26,0.3284986945169774,0.24351680278778076,0.06018221378326416,2,True,False,6
C000000001__SWE_01_SW_data_21-April-2026_12-15-49,26,0.3433028720627787,0.17350232601165771,0.017575204372406006,2,False,False,6
C000000001__SWE_01_SW_data_21-April-2026_12-15-49,26,0.35810704960842804,0.15445053577423096,0.02934587001800537,2,True,False,6
C000000001__SWE_01_SW_data_21-April-2026_12-15-49,26,0.3729112271540774,0.15583938360214233,0.018419504165649414,2,True,False,6
C000000001__SWE_01_SW_data_21-April-2026_12-15-49,26,0.38771540469972676,0.14398634433746338,0.04341840744018555,2,True,False,6
C000000001__SWE_01_SW_data_21-April-2026_12-15-49,26,0.4025195822455281,0.15225553512573242,0.03534078598022461,2,True,False,7
C000000001__SWE_01_SW_data_21-April-2026_12-15-49,26,0.4173237597911774,0.13890385627746582,0.0012609362602233887,2,True,False,6
C000000001__SWE_01_SW_data_21-April-2026_12-15-49,26,0.4321279373368268,0.16531133651733398,0.02261418104171753,2,True,False,6
C000000001__SWE_01_SW_data_21-April-2026_12-15-49,26,0.44693211488262813,0.1678674817085266,0.022237062454223633,2,True,False,7
C000000001__SWE_01_SW_data_21-April-2026_12-15-49,26,0.46173629242827746,0.2761879563331604,0.008937358856201172,2,True,True,0
C000000001__SWE_01_SW_data_21-April-2026_12-15-49,26,0.4765404699739268,0.4010382890701294,0.017045199871063232,2,True,False,6
C000000001__SWE_01_SW_data_21-April-2026_12-15-49,26,0.4913446475195762,0.5854950845241547,0.039115846157073975,2,True,False,6
C000000001__SWE_01_SW_data_21-April-2026_12-15-49,26,0.5061488250653775,0.5982288122177124,0.025201261043548584,2,True,False,7
C000000001__SWE_01_SW_data_21-April-2026_12-15-49,26,0.5209530026110268,0.5646627843379974,0.06619852781295776,2,True,True,0
C000000001__SWE_01_SW_data_21-April-2026_12-15-49,26,0.5357571801566762,0.6524243354797363,0.06013655662536621,2,True,False,6
C000000001__SWE_01_SW_data_21-April-2026_12-15-49,26,0.5505613577024775,0.5622872114181519,0.19722521305084229,2,True,False,7
C000000001__SWE_01_SW_data_21-April-2026_12-15-49,26,0.5653655352481269,0.4136695861816406,0.15689164400100708,2,True,True,0
C000000001__SWE_01_SW_data_21-April-2026_12-15-49,26,0.5801697127937763,0.4402620792388916,0.04216843843460083,2,True,True,0
C000000001__SWE_01_SW_data_21-April-2026_12-15-49,26,0.5949738903394256,0.5661394596099854,0.04985088109970093,2,True,False,6
C000000001__SWE_01_SW_data_21-April-2026_12-15-49,26,0.6097780678852269,0.6025944352149963,0.04937547445297241,2,True,False,7
C000000001__SWE_01_SW_data_21-April-2026_12-15-49,26,0.6245822454308763,0.6710382997989655,0.0754362940788269,1,True,True,0
C000000001__SWE_01_SW_data_21-April-2026_12-15-49,26,0.6393864229765256,0.6062659621238708,0.15350794792175293,1,True,True,0
C000000001__SWE_01_SW_data_21-April-2026_12-15-49,26,0.6541906005221749,0.5523945093154907,0.20611855387687683,1,False,False,1
C000000001__SWE_01_SW_data_21-April-2026_12-15-49,26,0.6689947780679764,0.6867185235023499,0.45174872875213623,1,True,True,0
C000000001__SWE_01_SW_data_21-April-2026_12-15-49,26,0.6837989556136257,0.8962590247392654,0.589648425579071,1,True,True,0
C000000001__SWE_01_SW_data_21-April-2026_12-15-49,26,0.698603133159275,1.064814180135727,0.44136953353881836,1,True,True,0
C000000001__SWE_01_SW_data_21-April-2026_12-15-49,26,0.7134073107050763,1.2253541946411133,0.2676081657409668,1,False,False,1
C000000001__SWE_01_SW_data_21-April-2026_12-15-49,26,0.7282114882507257,1.1358118951320648,0.2980427145957947,1,True,True,0
C000000001__SWE_01_SW_data_21-April-2026_12-15-49,26,0.743015665796375,0.9349337965250015,0.1036916971206665,1,True,True,0
C000000001__SWE_01_SW_data_21-April-2026_12-15-49,26,0.7578198433420243,0.5767397582530975,0.16667988896369934,1,True,True,0
C000000001__SWE_01_SW_data_21-April-2026_12-15-49,26,0.7726240208878258,0.5800589323043823,0.18750053644180298,1,True,True,0
C000000001__SWE_01_SW_data_21-April-2026_12-15-49,26,0.7874281984334751,0.6358098983764648,0.18526053428649902,1,True,True,0
C000000001__SWE_01_SW_data_21-April-2026_12-15-49,26,0.8022323759791244,0.5525361001491547,0.24595817923545837,1,False,False,1
C000000001__SWE_01_SW_data_21-April-2026_12-15-49,26,0.8170365535249258,0.7874493300914764,0.2517877221107483,1,True,True,0
C000000001__SWE_01_SW_data_21-April-2026_12-15-49,26,0.8318407310705751,0.9937316812574863,0.3540927767753601,1,True,True,0
C000000001__SWE_01_SW_data_21-April-2026_12-15-49,26,0.8466449086162244,1.0013558836653829,0.21118831634521484,1,False,False,1
C000000001__SWE_01_SW_data_21-April-2026_12-15-49,26,0.8614490861618738,0.6679849028587341,0.18058735132217407,1,True,True,0
C000000001__SWE_01_SW_data_21-April-2026_12-15-49,26,0.8762532637076752,0.466633141040802,0.05129194259643555,1,True,True,0
C000000001__SWE_01_SW_data_21-April-2026_12-15-49,26,0.8910574412533245,0.74091637134552,0.09809821844100952,1,False,False,1
C000000001__SWE_01_SW_data_21-April-2026_12-15-49,26,0.9058616187989739,1.0079306149855256,0.24627584218978882,1,True,True,0
C000000001__SWE_01_SW_data_21-April-2026_12-15-49,26,0.9206657963447752,1.0577117130160332,0.15218621492385864,1,True,True,0
C000000001__SWE_01_SW_data_21-April-2026_12-15-49,26,0.9354699738904245,0.9091657400131226,0.15201658010482788,1,True,True,0
C000000001__SWE_01_SW_data_21-April-2026_12-15-49,26,0.9502741514360739,0.7823535650968552,0.07232165336608887,1,False,False,1
C000000001__SWE_01_SW_data_21-April-2026_12-15-49,26,0.9650783289817232,0.4928123950958252,0.19062626361846924,1,True,True,0
C000000001__SWE_01_SW_data_21-April-2026_12-15-49,26,0.9798825065275246,0.20917296409606934,0.02423572540283203,1,False,False,3
C000000001__SWE_01_SW_data_21-April-2026_12-15-49,26,0.0038250652742183064,5.960464477539063e-08,0.24495351314544678,1,True,True,0
C000000001__SWE_01_SW_data_21-April-2026_12-16-46,26,0.7095406824147532,0.9751792587339878,0.34922361373901367,1,True,True,0
C000000001__SWE_01_SW_data_21-April-2026_12-16-46,26,0.7244225721784899,0.9345734715461731,0.11552846431732178,1,True,True,0
C000000001__SWE_01_SW_data_21-April-2026_12-16-46,26,0.7393044619423794,0.8684868365526199,0.2122921347618103,1,True,True,0
C000000001__SWE_01_SW_data_21-April-2026_12-16-46,26,0.7541863517061161,0.8818347454071045,0.12689274549484253,1,True,True,0
C000000001__SWE_01_SW_data_21-April-2026_12-16-46,26,0.769068241469853,0.5229027271270752,0.07414120435714722,1,True,True,0
C000000001__SWE_01_SW_data_21-April-2026_12-16-46,26,0.7839501312335897,0.43879759311676025,0.27117055654525757,1,True,True,0
C000000001__SWE_01_SW_data_21-April-2026_12-16-46,26,0.7988320209974792,0.46082550287246704,0.3564343750476837,1,True,True,0
C000000001__SWE_01_SW_data_21-April-2026_12-16-46,26,0.813713910761216,0.5725967884063721,0.22342878580093384,1,False,False,1
C000000001__SWE_01_SW_data_21-April-2026_12-16-46,26,0.8285958005249527,0.8294934034347534,0.32083597779273987,1,True,True,0
C000000001__SWE_01_SW_data_21-April-2026_12-16-46,26,0.8434776902888422,0.788336768746376,0.4053416848182678,1,True,True,0
C000000001__SWE_01_SW_data_21-April-2026_12-16-46,26,0.858359580052579,0.6737065017223358,0.27025285363197327,1,True,True,0
C000000001__SWE_01_SW_data_21-April-2026_12-16-46,26,0.8732414698163158,0.49491333961486816,0.07951641082763672,1,False,False,1
C000000001__SWE_01_SW_data_21-April-2026_12-16-46,26,0.8881233595800525,0.4159010648727417,0.09488314390182495,1,True,True,0
C000000001__SWE_01_SW_data_21-April-2026_12-16-46,26,0.903005249343942,0.9472213089466095,0.09302037954330444,1,True,True,0
C000000001__SWE_01_SW_data_21-April-2026_12-16-46,26,0.9178871391076787,1.0840129852294922,0.005103349685668945,1,False,False,3
C000000001__SWE_01_SW_data_21-April-2026_12-16-46,26,0.9327690288714156,0.9915965441614389,0.06656914949417114,1,True,True,0
C000000001__SWE_01_SW_data_21-April-2026_12-16-46,26,0.9476509186351523,1.0417038165032864,0.23533493280410767,1,True,True,0
C000000001__SWE_01_SW_data_21-April-2026_12-16-46,26,0.9625328083990418,0.8081294298171997,0.07004588842391968,1,False,False,3
C000000001__SWE_01_SW_data_21-April-2026_12-16-46,26,0.00017060367454679344,0.6137154698371887,0.4255596995353699,1,True,True,0
C000000001__SWE_01_SW_data_21-April-2026_12-16-46,26,0.01505249343843632,0.4173281192779541,0.11217719316482544,1,True,True,0
C000000001__SWE_01_SW_data_21-April-2026_12-16-46,26,0.02993438320217307,0.2693067193031311,0.28756436705589294,1,False,False,1
C000000001__SWE_01_SW_data_21-April-2026_12-16-46,26,0.04481627296590982,0.25235170125961304,0.37559279799461365,1,True,True,0
C000000001__SWE_01_SW_data_21-April-2026_12-16-46,26,0.05969816272964657,0.3225029706954956,0.4257885217666626,1,True,True,0
C000000001__SWE_01_SW_data_21-April-2026_12-16-46,26,0.0745800524935361,0.3559415340423584,0.38414067029953003,1,True,True,0
C000000001__SWE_01_SW_data_21-April-2026_12-16-46,26,0.08946194225727284,0.40309131145477295,0.3210374116897583,1,False,False,1
C000000001__SWE_01_SW_data_21-April-2026_12-16-46,26,0.1043438320210096,0.4457087516784668,0.5195268988609314,1,True,True,0
C000000001__SWE_01_SW_data_21-April-2026_12-16-46,26,0.11922572178489912,0.44664812088012695,0.4438415467739105,1,True,True,0
C000000001__SWE_01_SW_data_21-April-2026_12-16-46,26,0.13410761154863587,0.5120761692523956,0.4341631829738617,1,True,True,0
C000000001__SWE_01_SW_data_21-April-2026_12-16-46,26,0.14898950131237262,0.5052145719528198,0.30016130208969116,1,True,True,0
C000000001__SWE_01_SW_data_21-April-2026_12-16-46,26,0.16387139107610937,0.4694051146507263,0.3745560050010681,1,True,True,0
C000000001__SWE_01_SW_data_21-April-2026_12-16-46,26,0.1787532808399989,0.479267954826355,0.4446369409561157,1,True,True,0
C000000001__SWE_01_SW_data_21-April-2026_12-16-46,26,0.19363517060373564,0.3922801613807678,0.42009779810905457,1,True,True,0
C000000001__SWE_01_SW_data_21-April-2026_12-16-46,26,0.2085170603674724,0.4009065628051758,0.5679641962051392,1,True,True,0
C000000001__SWE_01_SW_data_21-April-2026_12-16-46,26,0.22339895013136193,0.42326420545578003,0.5008959174156189,1,True,True,0
C000000001__SWE_01_SW_data_21-April-2026_12-16-46,26,0.23828083989509868,0.37630200386047363,0.2801612913608551,1,True,True,0
C000000001__SWE_01_SW_data_21-April-2026_12-16-46,26,0.2531627296588354,0.47003889083862305,0.33431050181388855,1,True,True,0
C000000001__SWE_01_SW_data_21-April-2026_12-16-46,26,0.2680446194225722,0.38934189081192017,0.2090049386024475,1,True,True,0
C000000001__SWE_01_SW_data_21-April-2026_12-16-46,26,0.2829265091864617,0.3498629331588745,0.0356365442276001,1,False,False,1
C000000001__SWE_01_SW_data_21-April-2026_12-16-46,26,0.29780839895019845,0.3297498822212219,0.05175751447677612,1,True,True,0
C000000001__SWE_01_SW_data_21-April-2026_12-16-46,26,0.3126902887139352,0.2419506311416626,0.010192573070526123,2,True,False,7
C000000001__SWE_01_SW_data_21-April-2026_12-16-46,26,0.32757217847767195,0.1793103814125061,0.006270229816436768,2,True,True,0
C000000001__SWE_01_SW_data_21-April-2026_12-16-46,26,0.3424540682415615,0.1748790740966797,0.007697999477386475,2,False,False,6
C000000001__SWE_01_SW_data_21-April-2026_12-16-46,26,0.3573359580052982,0.14672231674194336,0.02387160062789917,2,True,False,7
C000000001__SWE_01_SW_data_21-April-2026_12-16-46,26,0.372217847769035,0.14023423194885254,0.015190303325653076,2,True,False,7
C000000001__SWE_01_SW_data_21-April-2026_12-16-46,26,0.3870997375329245,0.15476155281066895,0.009631633758544922,2,True,False,7
C000000001__SWE_01_SW_data_21-April-2026_12-16-46,26,0.40198162729666126,0.15149611234664917,0.006629824638366699,2,True,False,6
C000000001__SWE_01_SW_data_21-April-2026_12-16-46,26,0.41686351706039804,0.2000066637992859,0.04417240619659424,2,True,False,7
C000000001__SWE_01_SW_data_21-April-2026_12-16-46,26,0.43174540682413476,0.2117687463760376,0.018328487873077393,2,True,False,7
C000000001__SWE_01_SW_data_21-April-2026_12-16-46,26,0.4466272965880243,0.24403178691864014,0.006961345672607422,2,True,False,7
C000000001__SWE_01_SW_data_21-April-2026_12-16-46,26,0.461509186351761,0.25961530208587646,0.036269426345825195,2,True,False,7
C000000001__SWE_01_SW_data_21-April-2026_12-16-46,26,0.4763910761154978,0.4046989679336548,0.002011537551879883,2,True,False,7
C000000001__SWE_01_SW_data_21-April-2026_12-16-46,26,0.4912729658793873,0.5192830562591553,0.021865010261535645,2,True,True,0
C000000001__SWE_01_SW_data_21-April-2026_12-16-46,26,0.506154855643124,0.607251912355423,0.032658159732818604,2,True,True,0
C000000001__SWE_01_SW_data_21-April-2026_12-16-46,26,0.5210367454068608,0.5695515275001526,0.03707307577133179,2,True,False,7
C000000001__SWE_01_SW_data_21-April-2026_12-16-46,26,0.5359186351705976,0.5080963373184204,0.04393512010574341,2,True,True,0
C000000001__SWE_01_SW_data_21-April-2026_12-16-46,26,0.5508005249344871,0.5054551064968109,0.11446863412857056,2,True,True,0
C000000001__SWE_01_SW_data_21-April-2026_12-16-46,26,0.5656824146982239,0.4631394147872925,0.1531980037689209,2,True,False,7
C000000001__SWE_01_SW_data_21-April-2026_12-16-46,26,0.5805643044619606,0.3119097948074341,0.0318528413772583,2,True,False,7
C000000001__SWE_01_SW_data_21-April-2026_12-16-46,26,0.5954461942258501,0.35363006591796875,0.03283894062042236,2,True,True,0
C000000001__SWE_01_SW_data_21-April-2026_12-16-46,26,0.6103280839895868,0.4562109708786011,0.037842750549316406,2,True,True,0
C000000001__SWE_01_SW_data_21-April-2026_12-16-46,26,0.6252099737533237,0.4542088508605957,0.010645627975463867,2,True,False,7
C000000001__SWE_01_SW_data_21-April-2026_12-16-46,26,0.6400918635170604,0.49618399143218994,0.026604115962982178,2,True,False,7
C000000001__SWE_01_SW_data_21-April-2026_12-16-46,26,0.6549737532809499,0.41809356212615967,0.015986144542694092,1,True,True,0
C000000001__SWE_01_SW_data_21-April-2026_12-16-46,26,0.6698556430446867,0.5405442118644714,0.025128602981567383,1,False,False,1
C000000001__SWE_01_SW_data_21-April-2026_12-16-46,26,0.6847375328084234,0.6397619843482971,0.1644660234451294,1,True,True,0
C000000001__SWE_01_SW_data_21-April-2026_12-16-46,26,0.6996194225721601,0.8417252153158188,0.2833731174468994,1,True,True,0
C000000001__SWE_01_SW_data_21-April-2026_12-16-46,26,0.7145013123360496,0.9184588268399239,0.31678032875061035,1,True,True,0
C000000001__SWE_01_SW_data_21-April-2026_12-16-46,26,0.7293832020997865,0.9506246820092201,0.15994450449943542,1,False,False,1
C000000001__SWE_01_SW_data_21-April-2026_12-16-46,26,0.7442650918635232,0.8183371722698212,0.208324134349823,1,True,True,0
C000000001__SWE_01_SW_data_21-April-2026_12-16-46,26,0.7591469816274127,0.7373763918876648,0.05000871419906616,1,True,True,0
C000000001__SWE_01_SW_data_21-April-2026_12-16-46,26,0.7740288713911494,0.5801559090614319,0.04796743392944336,1,True,True,0
C000000001__SWE_01_SW_data_21-April-2026_12-16-46,26,0.7889107611548862,0.46088647842407227,0.2483961582183838,1,True,True,0
C000000001__SWE_01_SW_data_21-April-2026_12-16-46,26,0.803792650918623,0.41335177421569824,0.2873415946960449,1,True,True,0
C000000001__SWE_01_SW_data_21-April-2026_12-16-46,26,0.8186745406825124,0.6294029057025909,0.24268710613250732,1,True,True,0
C000000001__SWE_01_SW_data_21-April-2026_12-16-46,26,0.8335564304462493,0.881922259926796,0.29988306760787964,1,True,True,0
C000000001__SWE_01_SW_data_21-April-2026_12-16-46,26,0.848438320209986,0.8447544872760773,0.4137296974658966,1,True,True,0
C000000001__SWE_01_SW_data_21-April-2026_12-16-46,26,0.8633202099738755,0.672785758972168,0.1781374216079712,1,True,True,0
C000000001__SWE_01_SW_data_21-April-2026_12-16-46,26,0.8782020997376122,0.5077112317085266,0.04774153232574463,1,True,True,0
C000000001__SWE_01_SW_data_21-April-2026_12-16-46,26,0.893083989501349,0.5394560396671295,0.1269323229789734,1,True,True,0
C000000001__SWE_01_SW_data_21-April-2026_12-16-46,26,0.9079658792650858,1.0049353428184986,0.008527994155883789,1,True,True,0
C000000001__SWE_01_SW_data_21-April-2026_12-16-46,26,0.9228477690289753,1.030192231759429,0.03143197298049927,1,False,False,4
C000000001__SWE_01_SW_data_21-April-2026_12-16-46,26,0.9377296587927121,1.0544961914420128,0.04930514097213745,1,True,True,0
C000000001__SWE_01_SW_data_21-April-2026_12-16-46,26,0.9526115485564488,1.0530103743076324,0.16635441780090332,1,True,True,0
C000000001__SWE_01_SW_data_21-April-2026_12-16-46,26,0.9674934383203383,0.7736625820398331,0.009819090366363525,1,False,False,1
C000000001__SWE_01_SW_data_21-April-2026_12-16-46,26,0.0051312335958433025,0.5277579128742218,0.2868858277797699,1,True,True,0
C000000001__SWE_01_SW_data_21-April-2026_12-16-46,26,0.020013123359580054,0.23603945970535278,0.20822441577911377,1,False,False,1
C000000001__SWE_01_SW_data_21-April-2026_12-16-46,26,0.03489501312346958,0.15898263454437256,0.23533755540847778,1,True,True,0
C000000001__SWE_01_SW_data_21-April-2026_12-16-46,26,0.04977690288720633,0.0,0.38174957036972046,1,True,True,0
C000000001__SWE_01_SW_data_21-April-2026_12-17-37,26,0.9231476683938367,0.7545580863952637,0.25092756748199463,1,True,True,0
C000000001__SWE_01_SW_data_21-April-2026_12-17-37,26,0.937836787564779,0.8494361042976379,0.18402808904647827,1,True,True,0
C000000001__SWE_01_SW_data_21-April-2026_12-17-37,26,0.9525259067358719,0.7766208350658417,0.15320616960525513,1,True,True,0
C000000001__SWE_01_SW_data_21-April-2026_12-17-37,26,0.9672150259068142,1.0063779442571104,0.3729586601257324,1,False,False,1
C000000001__SWE_01_SW_data_21-April-2026_12-17-37,26,0.9819041450777564,0.9224688112735748,0.2954830527305603,1,True,True,0
C000000001__SWE_01_SW_data_21-April-2026_12-17-37,26,0.9965932642486987,0.6780292391777039,0.20132216811180115,1,True,True,0
C000000001__SWE_01_SW_data_21-April-2026_12-17-37,26,0.011282383419791661,0.5606939196586609,0.40445229411125183,1,True,True,0
C000000001__SWE_01_SW_data_21-April-2026_12-17-37,26,0.025971502590733893,0.32041358947753906,0.3495192527770996,1,True,True,0
C000000001__SWE_01_SW_data_21-April-2026_12-17-37,26,0.040660621761676126,0.32683056592941284,0.4736747145652771,1,False,False,1
C000000001__SWE_01_SW_data_21-April-2026_12-17-37,26,0.055349740932769155,0.5489217936992645,0.4810072183609009,1,True,True,0
C000000001__SWE_01_SW_data_21-April-2026_12-17-37,26,0.0700388601037114,0.5791227519512177,0.47594505548477173,1,True,True,0
C000000001__SWE_01_SW_data_21-April-2026_12-17-37,26,0.08472797927465363,0.523953378200531,0.4428015351295471,1,True,True,0
C000000001__SWE_01_SW_data_21-April-2026_12-17-37,26,0.09941709844559586,0.46060144901275635,0.2320384383201599,1,False,False,1
C000000001__SWE_01_SW_data_21-April-2026_12-17-37,26,0.11410621761668889,0.486572265625,0.36671724915504456,1,True,True,0
C000000001__SWE_01_SW_data_21-April-2026_12-17-37,26,0.1287953367876311,0.5031737685203552,0.4659906029701233,1,True,True,0
C000000001__SWE_01_SW_data_21-April-2026_12-17-37,26,0.14348445595857334,0.5436292290687561,0.43962088227272034,1,True,True,0
C000000001__SWE_01_SW_data_21-April-2026_12-17-37,26,0.15817357512951558,0.5855608284473419,0.3646326959133148,1,True,True,0
C000000001__SWE_01_SW_data_21-April-2026_12-17-37,26,0.1728626943006086,0.6594071388244629,0.48184287548065186,1,True,True,0
C000000001__SWE_01_SW_data_21-April-2026_12-17-37,26,0.18755181347155084,0.5603223741054535,0.48329898715019226,1,True,True,0
C000000001__SWE_01_SW_data_21-April-2026_12-17-37,26,0.20224093264249307,0.6011015474796295,0.3985748589038849,1,True,True,0
C000000001__SWE_01_SW_data_21-April-2026_12-17-37,26,0.2169300518135861,0.5711016654968262,0.602150559425354,1,True,True,0
C000000001__SWE_01_SW_data_21-April-2026_12-17-37,26,0.23161917098452833,0.47854185104370117,0.5810546875,1,True,True,0
C000000001__SWE_01_SW_data_21-April-2026_12-17-37,26,0.24630829015547057,0.48205697536468506,0.39853498339653015,1,True,True,0
C000000001__SWE_01_SW_data_21-April-2026_12-17-37,26,0.2609974093264128,0.3849102854728699,0.44101083278656006,1,True,True,0
C000000001__SWE_01_SW_data_21-April-2026_12-17-37,26,0.27568652849750586,0.34490966796875,0.3791137933731079,1,True,True,0
C000000001__SWE_01_SW_data_21-April-2026_12-17-37,26,0.2903756476684481,0.315324604511261,0.26679497957229614,1,True,True,0
C000000001__SWE_01_SW_data_21-April-2026_12-17-37,26,0.3050647668393903,0.25859832763671875,0.36429691314697266,1,True,True,0
C000000001__SWE_01_SW_data_21-April-2026_12-17-37,26,0.3197538860104833,0.19783318042755127,0.31141722202301025,1,True,True,0
C000000001__SWE_01_SW_data_21-April-2026_12-17-37,26,0.33444300518142556,0.1593308448791504,0.21612423658370972,1,True,True,0
C000000001__SWE_01_SW_data_21-April-2026_12-17-37,26,0.3491321243523678,0.14104890823364258,0.13841760158538818,1,True,True,0
C000000001__SWE_01_SW_data_21-April-2026_12-17-37,26,0.36382124352331,0.2557331919670105,0.27148258686065674,1,True,True,0
C000000001__SWE_01_SW_data_21-April-2026_12-17-37,26,0.3785103626944031,0.22401857376098633,0.23031944036483765,1,True,True,0
C000000001__SWE_01_SW_data_21-April-2026_12-17-37,26,0.3931994818653453,0.20412403345108032,0.21339786052703857,1,True,True,0
C000000001__SWE_01_SW_data_21-April-2026_12-17-37,26,0.40788860103628755,0.20902752876281738,0.13279962539672852,1,False,False,1
C000000001__SWE_01_SW_data_21-April-2026_12-17-37,26,0.42257772020738055,0.2328777313232422,0.22538089752197266,1,True,True,0
C000000001__SWE_01_SW_data_21-April-2026_12-17-37,26,0.4372668393783228,0.1837722659111023,0.2630326747894287,1,True,True,0
C000000001__SWE_01_SW_data_21-April-2026_12-17-37,26,0.451955958549265,0.2562737464904785,0.25527799129486084,1,True,True,0
C000000001__SWE_01_SW_data_21-April-2026_12-17-37,26,0.46664507772020725,0.26065635681152344,0.18840914964675903,1,True,True,0
C000000001__SWE_01_SW_data_21-April-2026_12-17-37,26,0.4813341968913003,0.38390052318573,0.25579309463500977,1,True,True,0
C000000001__SWE_01_SW_data_21-April-2026_12-17-37,26,0.49602331606224254,0.5714130997657776,0.3234322667121887,1,True,True,0
C000000001__SWE_01_SW_data_21-April-2026_12-17-37,26,0.5107124352331848,0.5756787061691284,0.1753392219543457,1,True,True,0
C000000001__SWE_01_SW_data_21-April-2026_12-17-37,26,0.525401554404127,0.6231798529624939,0.24225711822509766,1,True,True,0
C000000001__SWE_01_SW_data_21-April-2026_12-17-37,26,0.54009067357522,0.5814735293388367,0.408646821975708,1,True,True,0
C000000001__SWE_01_SW_data_21-April-2026_12-17-37,26,0.5547797927461623,0.4226287603378296,0.041731059551239014,1,False,False,1
C000000001__SWE_01_SW_data_21-April-2026_12-17-37,26,0.5694689119171045,0.28560733795166016,0.05241549015045166,1,True,True,0
C000000001__SWE_01_SW_data_21-April-2026_12-17-37,26,0.5841580310881975,0.4000987410545349,0.0010896921157836914,1,False,False,6
C000000001__SWE_01_SW_data_21-April-2026_12-17-37,26,0.5988471502591397,0.4803546667098999,0.01297849416732788,1,False,False,6
C000000001__SWE_01_SW_data_21-April-2026_12-17-37,26,0.613536269430082,0.5348710417747498,0.022015690803527832,2,True,False,6
C000000001__SWE_01_SW_data_21-April-2026_12-17-37,26,0.6282253886010242,0.5445895791053772,0.004113554954528809,2,True,True,0
C000000001__SWE_01_SW_data_21-April-2026_12-17-37,26,0.6429145077721172,0.5463918745517731,0.03447979688644409,2,True,True,0
C000000001__SWE_01_SW_data_21-April-2026_12-17-37,26,0.6576036269430595,0.49704134464263916,0.07828670740127563,2,True,True,0
C000000001__SWE_01_SW_data_21-April-2026_12-17-37,26,0.6722927461140017,0.49762964248657227,0.005241692066192627,2,True,False,6
C000000001__SWE_01_SW_data_21-April-2026_12-17-37,26,0.6869818652850948,0.5478747487068176,0.0016633272171020508,2,True,False,6
C000000001__SWE_01_SW_data_21-April-2026_12-17-37,26,0.7016709844560369,0.7116493582725525,0.0013556480407714844,2,True,False,6
C000000001__SWE_01_SW_data_21-April-2026_12-17-37,26,0.7163601036269792,0.8398565948009491,0.02907264232635498,2,False,False,1
C000000001__SWE_01_SW_data_21-April-2026_12-17-37,26,0.7310492227979214,0.6943135261535645,0.08945316076278687,2,True,False,6
C000000001__SWE_01_SW_data_21-April-2026_12-17-37,26,0.7457383419690145,0.6791548728942871,0.0005358457565307617,2,True,True,0
C000000001__SWE_01_SW_data_21-April-2026_12-17-37,26,0.7604274611399567,0.5668568313121796,0.07952481508255005,2,True,True,0
C000000001__SWE_01_SW_data_21-April-2026_12-17-37,26,0.7751165803108989,0.4108127951622009,0.0614168643951416,2,True,False,6
C000000001__SWE_01_SW_data_21-April-2026_12-17-37,26,0.789805699481992,0.3122865557670593,0.031207382678985596,2,True,False,6
C000000001__SWE_01_SW_data_21-April-2026_12-17-37,26,0.8044948186529342,0.5001644790172577,0.006816208362579346,2,True,False,6
C000000001__SWE_01_SW_data_21-April-2026_12-17-37,26,0.8191839378238764,0.6476863920688629,0.016564905643463135,2,True,False,6
C000000001__SWE_01_SW_data_21-April-2026_12-17-37,26,0.8338730569948186,0.8135442137718201,0.04666852951049805,2,True,False,6
C000000001__SWE_01_SW_data_21-April-2026_12-17-37,26,0.8485621761659117,0.7560967803001404,0.002570033073425293,2,False,False,1
C000000001__SWE_01_SW_data_21-April-2026_12-17-37,26,0.863251295336854,0.6184492707252502,0.09937435388565063,2,False,False,1
C000000001__SWE_01_SW_data_21-April-2026_12-17-37,26,0.8779404145077961,0.37297701835632324,0.011903762817382812,2,False,False,3
C000000001__SWE_01_SW_data_21-April-2026_12-17-37,26,0.8926295336787384,0.6089600920677185,0.11942923069000244,2,False,False,1
C000000001__SWE_01_SW_data_21-April-2026_12-17-37,26,0.9073186528498314,0.8194806426763535,0.2710188627243042,2,False,False,1
C000000001__SWE_01_SW_data_21-April-2026_12-17-37,26,0.9220077720207737,1.0233783461153507,0.21742016077041626,1,True,True,0
C000000001__SWE_01_SW_data_21-April-2026_12-17-37,26,0.9366968911917158,0.8650485575199127,0.20238733291625977,1,True,True,0
C000000001__SWE_01_SW_data_21-April-2026_12-17-37,26,0.9513860103628089,0.9057972952723503,0.12137925624847412,1,False,False,1
C000000001__SWE_01_SW_data_21-April-2026_12-17-37,26,0.9660751295337512,0.9968157559633255,0.3228239417076111,1,False,False,1
C000000001__SWE_01_SW_data_21-April-2026_12-17-37,26,0.9807642487046934,0.8809777647256851,0.1274937391281128,1,True,True,0
C000000001__SWE_01_SW_data_21-April-2026_12-17-37,26,0.0058160621761537395,0.7294861674308777,0.2295084297657013,1,True,True,0
C000000001__SWE_01_SW_data_21-April-2026_12-17-37,26,0.02050518134724677,0.46948206424713135,0.5282120704650879,1,True,True,0
C000000001__SWE_01_SW_data_21-April-2026_12-17-37,26,0.035194300518189,0.34070152044296265,0.4040842056274414,1,False,False,1
C000000001__SWE_01_SW_data_21-April-2026_12-17-37,26,0.049883419689131236,0.4639768600463867,0.45277297496795654,1,True,True,0
C000000001__SWE_01_SW_data_21-April-2026_12-17-37,26,0.06457253886022427,0.5802927017211914,0.409085750579834,1,True,True,0
C000000001__SWE_01_SW_data_21-April-2026_12-17-37,26,0.0792616580311665,0.5292437672615051,0.43543049693107605,1,True,True,0
C000000001__SWE_01_SW_data_21-April-2026_12-17-37,26,0.09395077720210873,0.46218669414520264,0.2501887083053589,1,True,True,0
C000000001__SWE_01_SW_data_21-April-2026_12-17-37,26,0.10863989637305096,0.48295915126800537,0.280282586812973,1,True,True,0
C000000001__SWE_01_SW_data_21-April-2026_12-17-37,26,0.123329015544144,0.4735945463180542,0.44148528575897217,1,True,True,0
C000000001__SWE_01_SW_data_21-April-2026_12-17-37,26,0.13801813471508623,0.5945322513580322,0.4269329309463501,1,True,True,0
C000000001__SWE_01_SW_data_21-April-2026_12-17-37,26,0.15270725388602846,0.6282833814620972,0.3863576054573059,1,False,False,1
C000000001__SWE_01_SW_data_21-April-2026_12-17-37,26,0.1673963730571215,0.6175570487976074,0.3795490264892578,1,True,True,0
C000000001__SWE_01_SW_data_21-April-2026_12-17-37,26,0.18208549222806372,0.5069519281387329,0.46522194147109985,1,True,True,0
C000000001__SWE_01_SW_data_21-April-2026_12-17-37,26,0.19677461139900596,0.37529754638671875,0.34027811884880066,1,False,False,1
C000000001__SWE_01_SW_data_21-April-2026_12-17-37,26,0.2114637305699482,0.25667011737823486,0.5413353443145752,1,True,True,0
C000000001__SWE_01_SW_data_21-April-2026_12-17-37,26,0.22615284974104122,0.1490877866744995,0.49478691816329956,1,True,True,0
C000000001__SWE_01_SW_data_21-April-2026_12-17-37,26,0.24084196891198345,1.7881393432617188e-07,0.3865016996860504,1,True,True,0
C000000001__SWE_01_SW_data_21-April-2026_12-18-31,26,0.12252217997470458,0.7360556423664093,0.12285047769546509,1,False,False,1
C000000001__SWE_01_SW_data_21-April-2026_12-18-31,26,0.13689480354880776,0.6301552951335907,0.4290851354598999,1,True,True,0
C000000001__SWE_01_SW_data_21-April-2026_12-18-31,26,0.15126742712305846,0.5670633912086487,0.5661354064941406,1,True,True,0
C000000001__SWE_01_SW_data_21-April-2026_12-18-31,26,0.16564005069716164,0.5481989681720734,0.4178165793418884,1,True,True,0
C000000001__SWE_01_SW_data_21-April-2026_12-18-31,26,0.18001267427126483,0.5005671381950378,0.5320237874984741,1,True,True,0
C000000001__SWE_01_SW_data_21-April-2026_12-18-31,26,0.19438529784536798,0.5551142990589142,0.5854827165603638,1,True,True,0
C000000001__SWE_01_SW_data_21-April-2026_12-18-31,26,0.2087579214196187,0.5375840067863464,0.4568811357021332,1,True,True,0
C000000001__SWE_01_SW_data_21-April-2026_12-18-31,26,0.2231305449937219,0.5519140958786011,0.22771096229553223,1,False,False,1
C000000001__SWE_01_SW_data_21-April-2026_12-18-31,26,0.23750316856782505,0.43419086933135986,0.40575194358825684,1,True,True,0
C000000001__SWE_01_SW_data_21-April-2026_12-18-31,26,0.2518757921420758,0.44435393810272217,0.31406208872795105,1,True,True,0
C000000001__SWE_01_SW_data_21-April-2026_12-18-31,26,0.26624841571617897,0.4488741159439087,0.1653948426246643,1,True,True,0
C000000001__SWE_01_SW_data_21-April-2026_12-18-31,26,0.28062103929028215,0.39336538314819336,0.23210638761520386,1,True,True,0
C000000001__SWE_01_SW_data_21-April-2026_12-18-31,26,0.2949936628643853,0.3582794666290283,0.18948262929916382,1,True,True,0
C000000001__SWE_01_SW_data_21-April-2026_12-18-31,26,0.309366286438636,0.321966290473938,0.15339773893356323,1,False,False,1
C000000001__SWE_01_SW_data_21-April-2026_12-18-31,26,0.3237389100127392,0.312502384185791,0.20364737510681152,1,True,True,0
C000000001__SWE_01_SW_data_21-April-2026_12-18-31,26,0.33811153358684237,0.2785337567329407,0.1420544981956482,1,True,True,0
C000000001__SWE_01_SW_data_21-April-2026_12-18-31,26,0.35248415716094555,0.22983819246292114,0.19279563426971436,1,False,False,1
C000000001__SWE_01_SW_data_21-April-2026_12-18-31,26,0.3668567807351963,0.28504836559295654,0.23093581199645996,1,False,False,1
C000000001__SWE_01_SW_data_21-April-2026_12-18-31,26,0.3812294043092994,0.31368017196655273,0.2710767388343811,1,True,True,0
C000000001__SWE_01_SW_data_21-April-2026_12-18-31,26,0.3956020278834026,0.35553401708602905,0.3063808083534241,1,True,True,0
C000000001__SWE_01_SW_data_21-April-2026_12-18-31,26,0.4099746514576533,0.3731328845024109,0.27501922845840454,1,True,True,0
C000000001__SWE_01_SW_data_21-April-2026_12-18-31,26,0.4243472750317565,0.35132843255996704,0.12205320596694946,1,True,True,0
C000000001__SWE_01_SW_data_21-April-2026_12-18-31,26,0.4387198986058597,0.35921603441238403,0.21290451288223267,1,True,True,0
C000000001__SWE_01_SW_data_21-April-2026_12-18-31,26,0.4530925221799628,0.3307790756225586,0.22094357013702393,1,True,True,0
C000000001__SWE_01_SW_data_21-April-2026_12-18-31,26,0.46746514575421355,0.3649865388870239,0.21264636516571045,1,False,False,1
C000000001__SWE_01_SW_data_21-April-2026_12-18-31,26,0.48183776932831673,0.6696600615978241,0.3056877851486206,1,True,True,0
C000000001__SWE_01_SW_data_21-April-2026_12-18-31,26,0.4962103929024199,0.9467662051320076,0.3964274227619171,1,True,True,0
C000000001__SWE_01_SW_data_21-April-2026_12-18-31,26,0.5105830164766706,1.0165736954659224,0.45213383436203003,1,True,True,0
C000000001__SWE_01_SW_data_21-April-2026_12-18-31,26,0.5249556400507738,1.0361248329281807,0.42435261607170105,1,False,False,1
C000000001__SWE_01_SW_data_21-April-2026_12-18-31,26,0.539328263624877,0.6941413283348083,0.5680608153343201,1,True,True,0
C000000001__SWE_01_SW_data_21-April-2026_12-18-31,26,0.5537008871989801,0.5219007730484009,0.3415069878101349,1,True,True,0
C000000001__SWE_01_SW_data_21-April-2026_12-18-31,26,0.5680735107732309,0.3810238242149353,0.12124109268188477,1,True,True,0
C000000001__SWE_01_SW_data_21-April-2026_12-18-31,26,0.582446134347334,0.3558388948440552,0.37047889828681946,1,True,True,0
C000000001__SWE_01_SW_data_21-April-2026_12-18-31,26,0.5968187579214372,0.4343804121017456,0.412192165851593,1,True,True,0
C000000001__SWE_01_SW_data_21-April-2026_12-18-31,26,0.611191381495688,0.424399733543396,0.2920745313167572,1,True,True,0
C000000001__SWE_01_SW_data_21-April-2026_12-18-31,26,0.6255640050697912,0.44339460134506226,0.43789148330688477,1,True,True,0
C000000001__SWE_01_SW_data_21-April-2026_12-18-31,26,0.6399366286438943,0.5338932275772095,0.4998689293861389,1,True,True,0
C000000001__SWE_01_SW_data_21-April-2026_12-18-31,26,0.6543092522179975,0.5410001277923584,0.40583309531211853,1,True,True,0
C000000001__SWE_01_SW_data_21-April-2026_12-18-31,26,0.6686818757922481,0.4290292263031006,0.2884388566017151,1,True,True,0
C000000001__SWE_01_SW_data_21-April-2026_12-18-31,26,0.6830544993663513,0.40282881259918213,0.26689082384109497,1,True,True,0
C000000001__SWE_01_SW_data_21-April-2026_12-18-31,26,0.6974271229404545,0.3730388879776001,0.22652840614318848,1,True,True,0
C000000001__SWE_01_SW_data_21-April-2026_12-18-31,26,0.7117997465145577,0.302254855632782,0.19892597198486328,1,True,True,0
C000000001__SWE_01_SW_data_21-April-2026_12-18-31,26,0.7261723700888084,0.3247230648994446,0.18406039476394653,1,True,True,0
C000000001__SWE_01_SW_data_21-April-2026_12-18-31,26,0.7405449936629116,0.3401697874069214,0.16313928365707397,1,True,True,0
C000000001__SWE_01_SW_data_21-April-2026_12-18-31,26,0.7549176172370148,0.2638587951660156,0.07600504159927368,1,True,True,0
C000000001__SWE_01_SW_data_21-April-2026_12-18-31,26,0.7692902408112655,0.2662324905395508,0.0528864860534668,1,False,False,1
C000000001__SWE_01_SW_data_21-April-2026_12-18-31,26,0.7836628643853687,0.2541842460632324,0.044385433197021484,1,True,True,0
C000000001__SWE_01_SW_data_21-April-2026_12-18-31,26,0.7980354879594719,0.2620735168457031,0.053418874740600586,1,True,True,0
C000000001__SWE_01_SW_data_21-April-2026_12-18-31,26,0.8124081115335751,0.20510965585708618,0.02608931064605713,2,False,False,6
C000000001__SWE_01_SW_data_21-April-2026_12-18-31,26,0.8267807351078257,0.25900280475616455,0.018132507801055908,2,True,False,6
C000000001__SWE_01_SW_data_21-April-2026_12-18-31,26,0.8411533586819289,0.3299054503440857,0.037574708461761475,2,True,False,6
C000000001__SWE_01_SW_data_21-April-2026_12-18-31,26,0.855525982256032,0.3458305597305298,0.02211850881576538,2,True,False,7
C000000001__SWE_01_SW_data_21-April-2026_12-18-31,26,0.8698986058302828,0.36288726329803467,0.020398437976837158,2,False,False,7
C000000001__SWE_01_SW_data_21-April-2026_12-18-31,26,0.884271229404386,0.34701740741729736,0.00020259618759155273,2,False,False,7
C000000001__SWE_01_SW_data_21-April-2026_12-18-31,26,0.8986438529784891,0.2844424247741699,0.10765844583511353,2,True,False,6
C000000001__SWE_01_SW_data_21-April-2026_12-18-31,26,0.9130164765525923,0.311958909034729,0.07200849056243896,2,True,False,7
C000000001__SWE_01_SW_data_21-April-2026_12-18-31,26,0.9273891001268431,0.22096621990203857,0.060584068298339844,2,True,False,6
C000000001__SWE_01_SW_data_21-April-2026_12-18-31,26,0.9417617237009462,0.26191484928131104,0.07155591249465942,2,True,False,6
C000000001__SWE_01_SW_data_21-April-2026_12-18-31,26,0.9561343472750494,0.1830766201019287,0.017154991626739502,2,True,False,7
C000000001__SWE_01_SW_data_21-April-2026_12-18-31,26,0.9705069708493002,0.19338703155517578,0.01572704315185547,2,True,True,0
C000000001__SWE_01_SW_data_21-April-2026_12-18-31,26,0.9848795944234033,0.4864286184310913,0.012150824069976807,2,True,False,6
C000000001__SWE_01_SW_data_21-April-2026_12-18-31,26,0.9992522179975064,0.529550701379776,0.04613661766052246,1,True,True,0
C000000001__SWE_01_SW_data_21-April-2026_12-18-31,26,0.030963244613499648,0.2811974287033081,0.05478525161743164,2,True,True,0
C000000001__SWE_01_SW_data_21-April-2026_12-18-31,26,0.045335868187602824,0.3048112392425537,0.01580953598022461,2,True,True,0
C000000001__SWE_01_SW_data_21-April-2026_12-18-31,26,0.05970849176170599,0.45056116580963135,0.00036722421646118164,2,True,False,6
C000000001__SWE_01_SW_data_21-April-2026_12-18-31,26,0.07408111533595671,0.5541783571243286,0.038285672664642334,2,False,False,7
C000000001__SWE_01_SW_data_21-April-2026_12-18-31,26,0.08845373891005989,0.7018063962459564,0.045293211936950684,2,True,True,0
C000000001__SWE_01_SW_data_21-April-2026_12-18-31,26,0.10282636248416306,0.6815657317638397,0.11405801773071289,2,True,True,0
C000000001__SWE_01_SW_data_21-April-2026_12-18-31,26,0.11719898605841378,0.6851223111152649,0.1252031922340393,2,True,True,0
C000000001__SWE_01_SW_data_21-April-2026_12-18-31,26,0.13157160963251696,0.6646003127098083,0.3108782172203064,1,True,True,0
C000000001__SWE_01_SW_data_21-April-2026_12-18-31,26,0.14594423320662014,0.6092845499515533,0.5602459907531738,1,True,True,0
C000000001__SWE_01_SW_data_21-April-2026_12-18-31,26,0.1603168567807233,0.6599366366863251,0.47766903042793274,1,True,True,0
C000000001__SWE_01_SW_data_21-April-2026_12-18-31,26,0.17468948035497403,0.4894276261329651,0.47149279713630676,1,True,True,0
C000000001__SWE_01_SW_data_21-April-2026_12-18-31,26,0.18906210392907719,0.5622938573360443,0.5132119655609131,1,True,True,0
C000000001__SWE_01_SW_data_21-April-2026_12-18-31,26,0.20343472750318037,0.5510534346103668,0.47376376390457153,1,True,True,0
C000000001__SWE_01_SW_data_21-April-2026_12-18-31,26,0.2178073510774311,0.5410352349281311,0.28225839138031006,1,True,True,0
C000000001__SWE_01_SW_data_21-April-2026_12-18-31,26,0.23217997465153425,0.5712317824363708,0.3868458867073059,1,True,True,0
C000000001__SWE_01_SW_data_21-April-2026_12-18-31,26,0.24655259822563744,0.5115464925765991,0.3723176121711731,1,True,True,0
C000000001__SWE_01_SW_data_21-April-2026_12-18-31,26,0.2609252217997406,0.46127188205718994,0.21918439865112305,1,True,True,0
C000000001__SWE_01_SW_data_21-April-2026_12-18-31,26,0.2752978453739913,0.438595175743103,0.23746651411056519,1,True,True,0
C000000001__SWE_01_SW_data_21-April-2026_12-18-31,26,0.2896704689480945,0.3577951192855835,0.17903536558151245,1,True,True,0
C000000001__SWE_01_SW_data_21-April-2026_12-18-31,26,0.3040430925221977,0.3113287687301636,0.1816985011100769,1,False,False,1
C000000001__SWE_01_SW_data_21-April-2026_12-18-31,26,0.3184157160964484,0.32880306243896484,0.14746028184890747,1,True,True,0
C000000001__SWE_01_SW_data_21-April-2026_12-18-31,26,0.33278833967055155,0.30852919816970825,0.18337053060531616,1,True,True,0
C000000001__SWE_01_SW_data_21-April-2026_12-18-31,26,0.34716096324465473,0.21973741054534912,0.1158708930015564,1,True,True,0
C000000001__SWE_01_SW_data_21-April-2026_12-18-31,26,0.3615335868187579,0.18803924322128296,0.21922791004180908,1,False,False,1
C000000001__SWE_01_SW_data_21-April-2026_12-18-31,26,0.37590621039300864,0.12706291675567627,0.26929837465286255,1,True,True,0
C000000001__SWE_01_SW_data_21-April-2026_12-18-31,26,0.3902788339671118,-2.384185791015625e-07,0.27568262815475464,1,True,True,0
C000000001__SWE_01_SW_data_21-April-2026_12-19-03,26,0.4749304677623791,0.5735390186309814,0.020914733409881592,1,False,False,1
C000000001__SWE_01_SW_data_21-April-2026_12-19-03,26,0.4892667509481787,0.6264481544494629,0.09196412563323975,1,True,True,0
C000000001__SWE_01_SW_data_21-April-2026_12-19-03,26,0.5036030341341253,0.7098179757595062,0.1918618083000183,1,True,True,0
C000000001__SWE_01_SW_data_21-April-2026_12-19-03,26,0.5179393173199248,0.8094116300344467,0.1497354507446289,1,True,True,0
C000000001__SWE_01_SW_data_21-April-2026_12-19-03,26,0.5322756005057243,0.8628529012203217,0.11507779359817505,1,True,True,0
C000000001__SWE_01_SW_data_21-April-2026_12-19-03,26,0.5466118836915238,0.7890990376472473,0.3472743034362793,1,True,True,0
C000000001__SWE_01_SW_data_21-April-2026_12-19-03,26,0.5609481668774705,0.7757383286952972,0.31987959146499634,1,True,True,0
C000000001__SWE_01_SW_data_21-April-2026_12-19-03,26,0.57528445006327,0.8831956014037132,0.3345434367656708,1,False,False,1
C000000001__SWE_01_SW_data_21-April-2026_12-19-03,26,0.5896207332490695,0.8276373147964478,0.3543044626712799,1,True,True,0
C000000001__SWE_01_SW_data_21-April-2026_12-19-03,26,0.6039570164350162,0.728368490934372,0.18069398403167725,1,True,True,0
C000000001__SWE_01_SW_data_21-April-2026_12-19-03,26,0.6182932996208157,0.78437140583992,0.1087179183959961,1,True,True,0
C000000001__SWE_01_SW_data_21-April-2026_12-19-03,26,0.6326295828066152,0.6984312832355499,0.10185474157333374,1,True,True,0
C000000001__SWE_01_SW_data_21-April-2026_12-19-03,26,0.6469658659924147,0.6007072925567627,0.09655636548995972,1,True,True,0
C000000001__SWE_01_SW_data_21-April-2026_12-19-03,26,0.6613021491783614,0.5743795037269592,0.051796168088912964,1,False,False,1
C000000001__SWE_01_SW_data_21-April-2026_12-19-03,26,0.6756384323641609,0.4529498815536499,0.13678768277168274,1,True,True,0
C000000001__SWE_01_SW_data_21-April-2026_12-19-03,26,0.6899747155499604,0.4068531394004822,0.0752599835395813,1,True,True,0
C000000001__SWE_01_SW_data_21-April-2026_12-19-03,26,0.7043109987357599,0.35684889554977417,0.09115105867385864,1,True,True,0
C000000001__SWE_01_SW_data_21-April-2026_12-19-03,26,0.7186472819217065,0.3596293330192566,0.045072346925735474,1,False,False,1
C000000001__SWE_01_SW_data_21-April-2026_12-19-03,26,0.7329835651075061,0.38585203886032104,0.009240984916687012,1,False,False,3
C000000001__SWE_01_SW_data_21-April-2026_12-19-03,26,0.7473198482933056,0.3960907459259033,0.02816176414489746,1,False,False,2
C000000001__SWE_01_SW_data_21-April-2026_12-19-03,26,0.7616561314792522,0.4253915548324585,0.042888522148132324,1,True,True,0
C000000001__SWE_01_SW_data_21-April-2026_12-19-03,26,0.7759924146650516,0.4035264253616333,0.004646003246307373,1,True,True,0
C000000001__SWE_01_SW_data_21-April-2026_12-19-03,26,0.7903286978508511,0.426430881023407,0.03109443187713623,1,False,False,2
C000000001__SWE_01_SW_data_21-April-2026_12-19-03,26,0.8046649810366506,0.3590661287307739,0.023021697998046875,1,True,True,0
C000000001__SWE_01_SW_data_21-April-2026_12-19-03,26,0.8190012642225973,0.41576504707336426,0.021343111991882324,1,True,True,0
C000000001__SWE_01_SW_data_21-April-2026_12-19-03,26,0.8333375474083968,0.43716156482696533,0.02510833740234375,1,False,False,1
C000000001__SWE_01_SW_data_21-April-2026_12-19-03,26,0.8476738305941963,0.4306269884109497,0.00020802021026611328,1,False,False,1
C000000001__SWE_01_SW_data_21-April-2026_12-19-03,26,0.862010113780143,0.513306736946106,0.0723564624786377,1,False,False,1
C000000001__SWE_01_SW_data_21-April-2026_12-19-03,26,0.8763463969659425,0.5177087783813477,0.06583988666534424,1,True,True,0
C000000001__SWE_01_SW_data_21-April-2026_12-19-03,26,0.890682680151742,0.5408965051174164,0.08946055173873901,1,True,True,0
C000000001__SWE_01_SW_data_21-April-2026_12-19-03,26,0.9050189633375415,0.39524197578430176,0.005586981773376465,1,True,True,0
C000000001__SWE_01_SW_data_21-April-2026_12-19-03,26,0.9193552465234882,0.3415769338607788,0.18547171354293823,1,False,False,1
C000000001__SWE_01_SW_data_21-April-2026_12-19-03,26,0.9336915297092877,0.323092520236969,0.2777749001979828,1,True,True,0
C000000001__SWE_01_SW_data_21-April-2026_12-19-03,26,0.9480278128950872,0.3041984438896179,0.21396201848983765,1,False,False,1
C000000001__SWE_01_SW_data_21-April-2026_12-19-03,26,0.9623640960810339,0.24244028329849243,0.26062166690826416,1,True,True,0
C000000001__SWE_01_SW_data_21-April-2026_12-19-03,26,0.9767003792668334,0.34368836879730225,0.23915573954582214,1,False,False,1
C000000001__SWE_01_SW_data_21-April-2026_12-19-03,26,0.9910366624526329,0.5158203840255737,0.23100078105926514,1,False,False,1
C000000001__SWE_01_SW_data_21-April-2026_12-19-03,26,1.0053729456384324,0.4927937984466553,0.2132396697998047,1,False,False,1
C000000001__SWE_01_SW_data_21-April-2026_12-19-03,26,0.023931731984894088,0.6395547389984131,0.18272298574447632,1,False,False,1
C000000001__SWE_01_SW_data_21-April-2026_12-19-03,26,0.03826801517069359,0.6499241888523102,0.15133404731750488,1,False,False,1
C000000001__SWE_01_SW_data_21-April-2026_12-19-03,26,0.052604298356493086,0.7349424362182617,0.21666082739830017,1,False,False,1
C000000001__SWE_01_SW_data_21-April-2026_12-19-03,26,0.06694058154243976,0.7443568706512451,0.2154845893383026,1,False,False,1
C000000001__SWE_01_SW_data_21-April-2026_12-19-03,26,0.08127686472823925,0.9578127264976501,0.15027707815170288,1,False,False,2
C000000001__SWE_01_SW_data_21-April-2026_12-19-03,26,0.09561314791403876,0.8552190363407135,0.04245993494987488,1,False,False,2
C000000001__SWE_01_SW_data_21-April-2026_12-19-03,26,0.10994943109998544,0.7047079205513,0.23455573618412018,1,True,True,0
C000000001__SWE_01_SW_data_21-April-2026_12-19-03,26,0.12428571428578493,0.6279981136322021,0.17228102684020996,1,False,False,1
C000000001__SWE_01_SW_data_21-April-2026_12-19-03,26,0.13862199747158443,0.4924720525741577,0.1312946379184723,1,True,True,0
C000000001__SWE_01_SW_data_21-April-2026_12-19-03,26,0.15295828065738393,0.4798087477684021,0.16233688592910767,1,True,True,0
C000000001__SWE_01_SW_data_21-April-2026_12-19-03,26,0.1672945638433306,0.49105048179626465,0.17977502942085266,1,True,True,0
C000000001__SWE_01_SW_data_21-April-2026_12-19-03,26,0.1816308470291301,0.43444180488586426,0.11123347282409668,2,True,False,6
C000000001__SWE_01_SW_data_21-April-2026_12-19-03,26,0.1959671302149296,0.4149913787841797,0.16075092554092407,2,True,False,6
C000000001__SWE_01_SW_data_21-April-2026_12-19-03,26,0.21030341340087627,0.3328160047531128,0.16311410069465637,2,True,False,6
C000000001__SWE_01_SW_data_21-April-2026_12-19-03,26,0.22463969658667576,0.40404200553894043,0.1322333812713623,2,True,False,6
C000000001__SWE_01_SW_data_21-April-2026_12-19-03,26,0.23897597977247528,0.35690826177597046,0.178167462348938,2,True,False,6
C000000001__SWE_01_SW_data_21-April-2026_12-19-03,26,0.25331226295827475,0.4290861487388611,0.1881331205368042,2,True,False,6
C000000001__SWE_01_SW_data_21-April-2026_12-19-03,26,0.26764854614422146,0.38885486125946045,0.18580007553100586,2,False,False,5
C000000001__SWE_01_SW_data_21-April-2026_12-19-03,26,0.28198482933002095,0.3991183638572693,0.21830695867538452,2,True,False,6
C000000001__SWE_01_SW_data_21-April-2026_12-19-03,26,0.29632111251582044,0.34031999111175537,0.229375958442688,2,True,False,6
C000000001__SWE_01_SW_data_21-April-2026_12-19-03,26,0.3106573957017671,0.34148359298706055,0.1496782898902893,2,False,False,5
C000000001__SWE_01_SW_data_21-April-2026_12-19-03,26,0.32499367888756664,0.28804272413253784,0.11210191249847412,2,True,False,6
C000000001__SWE_01_SW_data_21-April-2026_12-19-03,26,0.33932996207336613,0.2615104913711548,0.09381264448165894,2,True,False,6
C000000001__SWE_01_SW_data_21-April-2026_12-19-03,26,0.3536662452591656,0.22700679302215576,0.09698086977005005,2,False,False,5
C000000001__SWE_01_SW_data_21-April-2026_12-19-03,26,0.3680025284451123,0.21508103609085083,0.12852805852890015,2,False,False,5
C000000001__SWE_01_SW_data_21-April-2026_12-19-03,26,0.38233881163091177,0.240669846534729,0.14501219987869263,2,True,False,6
C000000001__SWE_01_SW_data_21-April-2026_12-19-03,26,0.39667509481671126,0.23383331298828125,0.15556049346923828,2,True,False,6
C000000001__SWE_01_SW_data_21-April-2026_12-19-03,26,0.4110113780025108,0.29831838607788086,0.09581679105758667,2,True,False,6
C000000001__SWE_01_SW_data_21-April-2026_12-19-03,26,0.42534766118845746,0.41675829887390137,0.11016982793807983,2,False,False,7
C000000001__SWE_01_SW_data_21-April-2026_12-19-03,26,0.43968394437425695,0.36037421226501465,0.08390462398529053,2,False,False,7
C000000001__SWE_01_SW_data_21-April-2026_12-19-03,26,0.45402022756005644,0.4523792862892151,0.13368266820907593,2,False,False,7
C000000001__SWE_01_SW_data_21-April-2026_12-19-03,26,0.46835651074600315,0.46504366397857666,0.05304354429244995,2,False,False,7
C000000001__SWE_01_SW_data_21-April-2026_12-19-03,26,0.48269279393180264,0.5768082737922668,0.03285956382751465,1,False,False,8
C000000001__SWE_01_SW_data_21-April-2026_12-19-03,26,0.49702907711760214,0.8673403859138489,0.023111820220947266,1,False,False,8
C000000001__SWE_01_SW_data_21-April-2026_12-19-03,26,0.5113653603034016,0.8309870511293411,0.10392770171165466,1,True,True,0
C000000001__SWE_01_SW_data_21-April-2026_12-19-03,26,0.5257016434893483,0.7487222254276276,0.1435602605342865,1,False,False,1
C000000001__SWE_01_SW_data_21-April-2026_12-19-03,26,0.5400379266751478,0.782117173075676,0.25166574120521545,1,True,True,0
C000000001__SWE_01_SW_data_21-April-2026_12-19-03,26,0.5543742098609473,0.7520670294761658,0.27171018719673157,1,True,True,0
C000000001__SWE_01_SW_data_21-April-2026_12-19-03,26,0.568710493046894,0.6847354769706726,0.20335155725479126,1,False,False,1
C000000001__SWE_01_SW_data_21-April-2026_12-19-03,26,0.5830467762326935,0.8960895091295242,0.36713528633117676,1,True,True,0
C000000001__SWE_01_SW_data_21-April-2026_12-19-03,26,0.597383059418493,0.802289754152298,0.23135700821876526,1,True,True,0
C000000001__SWE_01_SW_data_21-April-2026_12-19-03,26,0.6117193426042925,0.698104739189148,0.025436758995056152,1,True,True,0
C000000001__SWE_01_SW_data_21-April-2026_12-19-03,26,0.6260556257902391,0.6988984942436218,0.046396613121032715,1,True,True,0
C000000001__SWE_01_SW_data_21-April-2026_12-19-03,26,0.6403919089760386,0.6995477080345154,0.024137765169143677,1,True,True,0
C000000001__SWE_01_SW_data_21-April-2026_12-19-03,26,0.6547281921618382,0.49889129400253296,0.04820924997329712,1,False,False,2
C000000001__SWE_01_SW_data_21-April-2026_12-19-03,26,0.6690644753477848,0.445684552192688,0.020826280117034912,1,False,False,1
C000000001__SWE_01_SW_data_21-April-2026_12-19-03,26,0.6834007585335843,0.40073227882385254,0.038521528244018555,1,False,False,1
C000000001__SWE_01_SW_data_21-April-2026_12-19-03,26,0.6977370417193838,0.3907410502433777,0.00018084049224853516,1,False,False,2
C000000001__SWE_01_SW_data_21-April-2026_12-19-03,26,0.7120733249051833,0.35566073656082153,0.026677250862121582,1,True,True,0
C000000001__SWE_01_SW_data_21-April-2026_12-19-03,26,0.72640960809113,0.3075430393218994,0.015554219484329224,1,False,False,1
C000000001__SWE_01_SW_data_21-April-2026_12-19-03,26,0.7407458912769295,0.0,0.015484511852264404,1,False,False,1
C000000001__SWE_01_SW_data_21-April-2026_12-19-36,26,0.011359477124262139,0.49813687801361084,0.26520198583602905,1,True,True,0
C000000001__SWE_01_SW_data_21-April-2026_12-19-36,26,0.026183006535984234,0.5005751550197601,0.13299143314361572,1,True,True,0
C000000001__SWE_01_SW_data_21-April-2026_12-19-36,26,0.041006535947706334,0.6313613653182983,0.12193340063095093,1,True,True,0
C000000001__SWE_01_SW_data_21-April-2026_12-19-36,26,0.055830065359580607,0.7659871876239777,0.1718883514404297,1,True,True,0
C000000001__SWE_01_SW_data_21-April-2026_12-19-36,26,0.0706535947713027,0.7122606039047241,0.151391863822937,1,True,True,0
C000000001__SWE_01_SW_data_21-April-2026_12-19-36,26,0.08547712418302479,0.8376504182815552,0.14569339156150818,1,False,False,1
C000000001__SWE_01_SW_data_21-April-2026_12-19-36,26,0.10030065359489906,0.7809291034936905,0.265214204788208,1,True,True,0
C000000001__SWE_01_SW_data_21-April-2026_12-19-36,26,0.11512418300662117,0.7563639283180237,0.3533802330493927,1,True,True,0
C000000001__SWE_01_SW_data_21-April-2026_12-19-36,26,0.12994771241834327,0.7595122009515762,0.2098785638809204,1,True,True,0
C000000001__SWE_01_SW_data_21-April-2026_12-19-36,26,0.14477124183006537,0.6908720433712006,0.3109516203403473,1,True,True,0
C000000001__SWE_01_SW_data_21-April-2026_12-19-36,26,0.15959477124193963,0.5666459202766418,0.4943479895591736,1,True,True,0
C000000001__SWE_01_SW_data_21-April-2026_12-19-36,26,0.17441830065366173,0.5308447778224945,0.3199574947357178,1,True,True,0
C000000001__SWE_01_SW_data_21-April-2026_12-19-36,26,0.18924183006538384,0.4924945831298828,0.43978235125541687,1,True,True,0
C000000001__SWE_01_SW_data_21-April-2026_12-19-36,26,0.2040653594771059,0.41895174980163574,0.385971337556839,1,True,True,0
C000000001__SWE_01_SW_data_21-April-2026_12-19-36,26,0.2188888888889802,0.35038208961486816,0.2837725877761841,1,True,True,0
C000000001__SWE_01_SW_data_21-April-2026_12-19-36,26,0.2337124183007023,0.35450541973114014,0.18641215562820435,1,True,True,0
C000000001__SWE_01_SW_data_21-April-2026_12-19-36,26,0.24853594771242438,0.34768223762512207,0.24805328249931335,1,True,True,0
C000000001__SWE_01_SW_data_21-April-2026_12-19-36,26,0.26335947712429864,0.36230456829071045,0.18404555320739746,1,True,True,0
C000000001__SWE_01_SW_data_21-April-2026_12-19-36,26,0.27818300653602074,0.25853216648101807,0.17706966400146484,1,False,False,1
C000000001__SWE_01_SW_data_21-April-2026_12-19-36,26,0.29300653594774284,0.2615988850593567,0.16242170333862305,1,True,True,0
C000000001__SWE_01_SW_data_21-April-2026_12-19-36,26,0.30783006535946494,0.2312459945678711,0.09951144456863403,1,True,True,0
C000000001__SWE_01_SW_data_21-April-2026_12-19-36,26,0.3226535947713392,0.1632136106491089,0.03167504072189331,1,True,True,0
C000000001__SWE_01_SW_data_21-April-2026_12-19-36,26,0.3374771241830613,0.18637579679489136,0.07651293277740479,1,True,True,0
C000000001__SWE_01_SW_data_21-April-2026_12-19-36,26,0.3523006535947834,0.1645835041999817,0.08734250068664551,1,True,True,0
C000000001__SWE_01_SW_data_21-April-2026_12-19-36,26,0.36712418300665767,0.1561063528060913,0.07477182149887085,1,True,True,0
C000000001__SWE_01_SW_data_21-April-2026_12-19-36,26,0.38194771241837977,0.2170642614364624,0.13521528244018555,1,False,False,1
C000000001__SWE_01_SW_data_21-April-2026_12-19-36,26,0.3967712418301019,0.18670547008514404,0.1958557367324829,1,True,True,0
C000000001__SWE_01_SW_data_21-April-2026_12-19-36,26,0.411594771241824,0.20345395803451538,0.19654619693756104,1,True,True,0
C000000001__SWE_01_SW_data_21-April-2026_12-19-36,26,0.42641830065369823,0.2515840530395508,0.1919364333152771,1,True,True,0
C000000001__SWE_01_SW_data_21-April-2026_12-19-36,26,0.44124183006542034,0.32191789150238037,0.16033822298049927,1,False,False,1
C000000001__SWE_01_SW_data_21-April-2026_12-19-36,26,0.45606535947714244,0.29518216848373413,0.08233320713043213,1,True,True,0
C000000001__SWE_01_SW_data_21-April-2026_12-19-36,26,0.4708888888890167,0.36953526735305786,0.12798583507537842,1,True,True,0
C000000001__SWE_01_SW_data_21-April-2026_12-19-36,26,0.4857124183007388,0.37115538120269775,0.13320201635360718,1,True,True,0
C000000001__SWE_01_SW_data_21-April-2026_12-19-36,26,0.5005359477124609,0.5268099308013916,0.16624021530151367,1,False,False,1
C000000001__SWE_01_SW_data_21-April-2026_12-19-36,26,0.515359477124183,0.5370476841926575,0.17804086208343506,1,True,True,0
C000000001__SWE_01_SW_data_21-April-2026_12-19-36,26,0.5301830065360573,0.527255117893219,0.22572803497314453,1,True,True,0
C000000001__SWE_01_SW_data_21-April-2026_12-19-36,26,0.5450065359477794,0.5899681150913239,0.17027050256729126,1,True,True,0
C000000001__SWE_01_SW_data_21-April-2026_12-19-36,26,0.5598300653595015,0.6214109659194946,0.13947486877441406,1,True,True,0
C000000001__SWE_01_SW_data_21-April-2026_12-19-36,26,0.5746535947712236,0.5824462175369263,0.07987040281295776,2,True,False,7
C000000001__SWE_01_SW_data_21-April-2026_12-19-36,26,0.5894771241830978,0.5563763380050659,0.03420829772949219,2,True,False,7
C000000001__SWE_01_SW_data_21-April-2026_12-19-36,26,0.60430065359482,0.7151906192302704,0.07191962003707886,2,True,False,6
C000000001__SWE_01_SW_data_21-April-2026_12-19-36,26,0.619124183006542,0.7729808539152145,0.027335762977600098,2,True,False,7
C000000001__SWE_01_SW_data_21-April-2026_12-19-36,26,0.6339477124184163,0.7991180121898651,0.011376261711120605,2,True,True,0
C000000001__SWE_01_SW_data_21-April-2026_12-19-36,26,0.6487712418301385,0.6270516514778137,0.05834627151489258,2,True,True,0
C000000001__SWE_01_SW_data_21-April-2026_12-19-36,26,0.6635947712418605,0.5188971161842346,0.010947167873382568,2,True,False,6
C000000001__SWE_01_SW_data_21-April-2026_12-19-36,26,0.6784183006535826,0.47217559814453125,0.0016406774520874023,2,True,True,0
C000000001__SWE_01_SW_data_21-April-2026_12-19-36,26,0.6932418300654569,0.39041149616241455,0.029479682445526123,2,False,False,6
C000000001__SWE_01_SW_data_21-April-2026_12-19-36,26,0.708065359477179,0.345994770526886,0.050309598445892334,2,True,False,6
C000000001__SWE_01_SW_data_21-April-2026_12-19-36,26,0.722888888888901,0.34330523014068604,0.04121667146682739,2,True,False,7
C000000001__SWE_01_SW_data_21-April-2026_12-19-36,26,0.7377124183007754,0.32720160484313965,0.039695024490356445,2,True,False,7
C000000001__SWE_01_SW_data_21-April-2026_12-19-36,26,0.7525359477124974,0.343047559261322,0.020645201206207275,2,False,False,4
C000000001__SWE_01_SW_data_21-April-2026_12-19-36,26,0.7673594771242195,0.27408087253570557,0.020283281803131104,2,False,False,4
C000000001__SWE_01_SW_data_21-April-2026_12-19-36,26,0.7821830065359416,0.29655957221984863,0.02687758207321167,2,False,False,5
C000000001__SWE_01_SW_data_21-April-2026_12-19-36,26,0.7970065359478159,0.2667919993400574,0.06520354747772217,2,False,False,6
C000000001__SWE_01_SW_data_21-April-2026_12-19-36,26,0.811830065359538,0.3250982165336609,0.0741645097732544,2,False,False,5
C000000001__SWE_01_SW_data_21-April-2026_12-19-36,26,0.8266535947712601,0.370297908782959,0.039357006549835205,2,True,False,7
C000000001__SWE_01_SW_data_21-April-2026_12-19-36,26,0.8414771241831344,0.45059722661972046,0.08056801557540894,2,False,False,6
C000000001__SWE_01_SW_data_21-April-2026_12-19-36,26,0.8563006535948564,0.45912814140319824,0.06934535503387451,2,True,False,6
C000000001__SWE_01_SW_data_21-April-2026_12-19-36,26,0.8711241830065786,0.5171735286712646,0.13600856065750122,2,True,False,6
C000000001__SWE_01_SW_data_21-April-2026_12-19-36,26,0.8859477124183006,0.5291539430618286,0.09065133333206177,2,True,False,7
C000000001__SWE_01_SW_data_21-April-2026_12-19-36,26,0.9007712418301749,0.4437006711959839,0.01072227954864502,2,True,True,0
C000000001__SWE_01_SW_data_21-April-2026_12-19-36,26,0.915594771241897,0.3646509647369385,0.08652251958847046,1,False,False,1
C000000001__SWE_01_SW_data_21-April-2026_12-19-36,26,0.9304183006536191,0.3178595304489136,0.18191534280776978,1,True,True,0
C000000001__SWE_01_SW_data_21-April-2026_12-19-36,26,0.9452418300653412,0.19531190395355225,0.19156968593597412,1,True,True,0
C000000001__SWE_01_SW_data_21-April-2026_12-19-36,26,0.9600653594772155,0.1622292399406433,0.18641197681427002,1,False,False,1
C000000001__SWE_01_SW_data_21-April-2026_12-19-36,26,0.9748888888889375,0.257523775100708,0.15156805515289307,1,True,True,0
C000000001__SWE_01_SW_data_21-April-2026_12-19-36,26,0.012823529411837752,0.4152069091796875,0.22905981540679932,1,True,True,0
C000000001__SWE_01_SW_data_21-April-2026_12-19-36,26,0.027647058823559847,0.456432580947876,0.25588157773017883,1,True,True,0
C000000001__SWE_01_SW_data_21-April-2026_12-19-36,26,0.04247058823528194,0.49487102031707764,0.19694989919662476,1,False,False,1
C000000001__SWE_01_SW_data_21-April-2026_12-19-36,26,0.057294117647156216,0.6512614488601685,0.15159672498703003,1,False,False,1
C000000001__SWE_01_SW_data_21-April-2026_12-19-36,26,0.07211764705887831,0.7451586723327637,0.09329980611801147,1,True,True,0
C000000001__SWE_01_SW_data_21-April-2026_12-19-36,26,0.08694117647060041,0.8114027380943298,0.11167594790458679,1,False,False,1
C000000001__SWE_01_SW_data_21-April-2026_12-19-36,26,0.10176470588247469,0.8082975447177887,0.019309312105178833,1,False,False,1
C000000001__SWE_01_SW_data_21-April-2026_12-19-36,26,0.11658823529419678,0.7028602957725525,0.2415671944618225,1,True,True,0
C000000001__SWE_01_SW_data_21-April-2026_12-19-36,26,0.13141176470591887,0.6541301608085632,0.2971644699573517,1,False,False,1
C000000001__SWE_01_SW_data_21-April-2026_12-19-36,26,0.14623529411764097,0.5158175230026245,0.31645625829696655,1,True,True,0
C000000001__SWE_01_SW_data_21-April-2026_12-19-36,26,0.16105882352951525,0.507401168346405,0.48570266366004944,1,True,True,0
C000000001__SWE_01_SW_data_21-April-2026_12-19-36,26,0.17588235294123733,0.4898300766944885,0.4390355348587036,1,True,True,0
C000000001__SWE_01_SW_data_21-April-2026_12-19-36,26,0.19070588235295943,0.5314338207244873,0.3668581545352936,1,False,False,1
C000000001__SWE_01_SW_data_21-April-2026_12-19-36,26,0.20552941176483372,0.46122974157333374,0.21889734268188477,1,False,False,1
C000000001__SWE_01_SW_data_21-April-2026_12-19-36,26,0.2203529411765558,0.4444168210029602,0.3292366564273834,1,True,True,0
C000000001__SWE_01_SW_data_21-April-2026_12-19-36,26,0.2351764705882779,0.3597778081893921,0.2121870517730713,1,False,False,1
C000000001__SWE_01_SW_data_21-April-2026_12-19-36,26,0.25,0.27657026052474976,0.1915532350540161,1,True,True,0
C000000001__SWE_01_SW_data_21-April-2026_12-19-36,26,0.26482352941187426,0.18698519468307495,0.11749404668807983,1,True,True,0
C000000001__SWE_01_SW_data_21-April-2026_12-19-36,26,0.27964705882359636,-1.1920928955078125e-07,0.1232176423072815,1,False,False,1
C000000001__SWE_01_SW_data_21-April-2026_12-20-24,26,0.1311447368421604,0.6400874257087708,0.4270084500312805,1,True,True,0
C000000001__SWE_01_SW_data_21-April-2026_12-20-24,26,0.14606578947369647,0.5409820079803467,0.5177999138832092,1,True,True,0
C000000001__SWE_01_SW_data_21-April-2026_12-20-24,26,0.1609868421053857,0.6124163269996643,0.4144364595413208,1,True,True,0
C000000001__SWE_01_SW_data_21-April-2026_12-20-24,26,0.17590789473692175,0.5814623236656189,0.4364908039569855,1,True,True,0
C000000001__SWE_01_SW_data_21-April-2026_12-20-24,26,0.19082894736845782,0.5701876282691956,0.4435381591320038,1,True,True,0
C000000001__SWE_01_SW_data_21-April-2026_12-20-24,26,0.20574999999999388,0.49502134323120117,0.412179172039032,1,True,True,0
C000000001__SWE_01_SW_data_21-April-2026_12-20-24,26,0.2206710526316831,0.5001591444015503,0.3007259964942932,1,False,False,1
C000000001__SWE_01_SW_data_21-April-2026_12-20-24,26,0.23559210526321916,0.37725830078125,0.29665055871009827,1,True,True,0
C000000001__SWE_01_SW_data_21-April-2026_12-20-24,26,0.2505131578947552,0.4337974786758423,0.2361953854560852,1,True,True,0
C000000001__SWE_01_SW_data_21-April-2026_12-20-24,26,0.26543421052644445,0.48915624618530273,0.09592467546463013,1,False,False,1
C000000001__SWE_01_SW_data_21-April-2026_12-20-24,26,0.28035526315798054,0.4521167278289795,0.17754298448562622,1,True,True,0
C000000001__SWE_01_SW_data_21-April-2026_12-20-24,26,0.2952763157895166,0.4326251745223999,0.2206442952156067,1,True,True,0
C000000001__SWE_01_SW_data_21-April-2026_12-20-24,26,0.3101973684210526,0.4145240783691406,0.11873555183410645,1,True,True,0
C000000001__SWE_01_SW_data_21-April-2026_12-20-24,26,0.32511842105274186,0.40738606452941895,0.10558736324310303,1,False,False,1
C000000001__SWE_01_SW_data_21-April-2026_12-20-24,26,0.34003947368427795,0.37180060148239136,0.18781214952468872,1,True,True,0
C000000001__SWE_01_SW_data_21-April-2026_12-20-24,26,0.354960526315814,0.3548421263694763,0.09597402811050415,1,True,True,0
C000000001__SWE_01_SW_data_21-April-2026_12-20-24,26,0.36988157894735,0.36513984203338623,0.10048019886016846,1,False,False,1
C000000001__SWE_01_SW_data_21-April-2026_12-20-24,26,0.38480263157903927,0.47967225313186646,0.1827194094657898,1,True,True,0
C000000001__SWE_01_SW_data_21-April-2026_12-20-24,26,0.39972368421057536,0.5904121994972229,0.15541011095046997,1,True,True,0
C000000001__SWE_01_SW_data_21-April-2026_12-20-24,26,0.4146447368421114,0.5943493247032166,0.2230609953403473,1,True,True,0
C000000001__SWE_01_SW_data_21-April-2026_12-20-24,26,0.42956578947380064,0.5666550695896149,0.1623828411102295,1,True,True,0
C000000001__SWE_01_SW_data_21-April-2026_12-20-24,26,0.4444868421053367,0.5192178189754486,0.2702670693397522,1,True,True,0
C000000001__SWE_01_SW_data_21-April-2026_12-20-24,26,0.45940789473687277,0.3975716829299927,0.32643255591392517,1,False,False,1
C000000001__SWE_01_SW_data_21-April-2026_12-20-24,26,0.4743289473684088,0.5965409576892853,0.4389219880104065,1,True,True,0
C000000001__SWE_01_SW_data_21-April-2026_12-20-24,26,0.48925000000009805,0.9450981579720974,0.5420128703117371,1,True,True,0
C000000001__SWE_01_SW_data_21-April-2026_12-20-24,26,0.5041710526316341,1.0241863317787647,0.5997591614723206,1,True,True,0
C000000001__SWE_01_SW_data_21-April-2026_12-20-24,26,0.5190921052631702,1.045769888907671,0.5553576946258545,1,True,True,0
C000000001__SWE_01_SW_data_21-April-2026_12-20-24,26,0.5340131578948594,0.7784010767936707,0.3695381283760071,1,True,True,0
C000000001__SWE_01_SW_data_21-April-2026_12-20-24,26,0.5489342105263955,0.5984224379062653,0.503129243850708,1,True,True,0
C000000001__SWE_01_SW_data_21-April-2026_12-20-24,26,0.5638552631579316,0.5675252676010132,0.1438177525997162,1,True,True,0
C000000001__SWE_01_SW_data_21-April-2026_12-20-24,26,0.5787763157894675,0.287603497505188,0.34383508563041687,1,False,False,1
C000000001__SWE_01_SW_data_21-April-2026_12-20-24,26,0.5936973684211568,0.42529726028442383,0.6089586615562439,1,True,True,0
C000000001__SWE_01_SW_data_21-April-2026_12-20-24,26,0.6086184210526928,0.4443875551223755,0.6045148968696594,1,True,True,0
C000000001__SWE_01_SW_data_21-April-2026_12-20-24,26,0.6235394736842289,0.6197691559791565,0.538581132888794,1,True,True,0
C000000001__SWE_01_SW_data_21-April-2026_12-20-24,26,0.6384605263159181,0.7919475734233856,0.5204821825027466,1,True,True,0
C000000001__SWE_01_SW_data_21-April-2026_12-20-24,26,0.6533815789474542,0.656635582447052,0.34384235739707947,1,True,True,0
C000000001__SWE_01_SW_data_21-April-2026_12-20-24,26,0.6683026315789903,0.5214506387710571,0.15024042129516602,1,True,True,0
C000000001__SWE_01_SW_data_21-April-2026_12-20-24,26,0.6832236842105263,0.44861894845962524,0.024017333984375,2,True,False,7
C000000001__SWE_01_SW_data_21-April-2026_12-20-24,26,0.6981447368422156,0.5622422099113464,0.07314425706863403,2,True,False,7
C000000001__SWE_01_SW_data_21-April-2026_12-20-24,26,0.7130657894737517,0.5013342201709747,0.0819854736328125,2,True,False,7
C000000001__SWE_01_SW_data_21-April-2026_12-20-24,26,0.7279868421052876,0.5479204058647156,0.08342432975769043,2,False,False,6
C000000001__SWE_01_SW_data_21-April-2026_12-20-24,26,0.7429078947368237,0.6155383288860321,0.04430669546127319,2,True,False,7
C000000001__SWE_01_SW_data_21-April-2026_12-20-24,26,0.7578289473685129,0.6812388598918915,0.04875415563583374,2,True,False,7
C000000001__SWE_01_SW_data_21-April-2026_12-20-24,26,0.772750000000049,0.7940958589315414,0.044638633728027344,2,True,False,7
C000000001__SWE_01_SW_data_21-April-2026_12-20-24,26,0.7876710526315851,0.6004279553890228,0.03980785608291626,2,False,False,3
C000000001__SWE_01_SW_data_21-April-2026_12-20-24,26,0.8025921052632743,0.43416357040405273,0.05611151456832886,2,True,False,7
C000000001__SWE_01_SW_data_21-April-2026_12-20-24,26,0.8175131578948104,0.44397830963134766,0.0019884109497070312,2,True,False,7
C000000001__SWE_01_SW_data_21-April-2026_12-20-24,26,0.8324342105263465,0.6056370139122009,0.008840501308441162,2,False,False,6
C000000001__SWE_01_SW_data_21-April-2026_12-20-24,26,0.8473552631578825,0.5850236415863037,0.08054399490356445,2,True,False,7
C000000001__SWE_01_SW_data_21-April-2026_12-20-24,26,0.8622763157895718,0.5913566946983337,0.0937013030052185,2,True,False,7
C000000001__SWE_01_SW_data_21-April-2026_12-20-24,26,0.8771973684211077,0.39327096939086914,0.05055505037307739,2,False,False,6
C000000001__SWE_01_SW_data_21-April-2026_12-20-24,26,0.8921184210526438,0.2888086438179016,0.08081817626953125,2,True,False,7
C000000001__SWE_01_SW_data_21-April-2026_12-20-24,26,0.907039473684333,0.30992352962493896,0.06872636079788208,2,True,False,7
C000000001__SWE_01_SW_data_21-April-2026_12-20-24,26,0.9219605263158691,0.34232503175735474,0.06283187866210938,2,True,False,7
C000000001__SWE_01_SW_data_21-April-2026_12-20-24,26,0.9368815789474052,0.31483912467956543,0.06739133596420288,2,True,False,7
C000000001__SWE_01_SW_data_21-April-2026_12-20-24,26,0.9518026315789413,0.5777815580368042,0.04065978527069092,2,True,False,7
C000000001__SWE_01_SW_data_21-April-2026_12-20-24,26,0.9667236842106305,0.7119277119636536,0.08929401636123657,2,True,False,7
C000000001__SWE_01_SW_data_21-April-2026_12-20-24,26,0.9816447368421666,0.6100629568099976,0.08922761678695679,2,True,False,7
C000000001__SWE_01_SW_data_21-April-2026_12-20-24,26,0.008407894736860487,0.5536959171295166,0.0018456578254699707,2,False,False,8
C000000001__SWE_01_SW_data_21-April-2026_12-20-24,26,0.02332894736854972,0.5240679979324341,0.0018478035926818848,2,True,False,7
C000000001__SWE_01_SW_data_21-April-2026_12-20-24,26,0.03825000000008578,0.34809696674346924,0.0052509307861328125,2,True,False,7
C000000001__SWE_01_SW_data_21-April-2026_12-20-24,26,0.053171052631621835,0.4978392720222473,0.12135928869247437,2,False,False,1
C000000001__SWE_01_SW_data_21-April-2026_12-20-24,26,0.0680921052631579,0.7351675033569336,0.0794023871421814,1,True,True,0
C000000001__SWE_01_SW_data_21-April-2026_12-20-24,26,0.08301315789484713,0.8642768859863281,0.13385897874832153,1,True,True,0
C000000001__SWE_01_SW_data_21-April-2026_12-20-24,26,0.0979342105263832,0.9457680135965347,0.21924778819084167,1,True,True,0
C000000001__SWE_01_SW_data_21-April-2026_12-20-24,26,0.11285526315791924,0.8716773837804794,0.243146151304245,1,False,False,1
C000000001__SWE_01_SW_data_21-April-2026_12-20-24,26,0.1277763157894553,0.6651934385299683,0.35490885376930237,1,True,True,0
C000000001__SWE_01_SW_data_21-April-2026_12-20-24,26,0.14269736842114453,0.512013703584671,0.3609086871147156,1,True,True,0
C000000001__SWE_01_SW_data_21-April-2026_12-20-24,26,0.1576184210526806,0.5921974778175354,0.3542344570159912,1,True,True,0
C000000001__SWE_01_SW_data_21-April-2026_12-20-24,26,0.17253947368421665,0.5817603170871735,0.32006147503852844,1,True,True,0
C000000001__SWE_01_SW_data_21-April-2026_12-20-24,26,0.1874605263159059,0.493852436542511,0.4454692304134369,1,True,True,0
C000000001__SWE_01_SW_data_21-April-2026_12-20-24,26,0.20238157894744194,0.4609183669090271,0.3408396244049072,1,True,True,0
C000000001__SWE_01_SW_data_21-April-2026_12-20-24,26,0.217302631578978,0.4553428888320923,0.20278269052505493,1,False,False,1
C000000001__SWE_01_SW_data_21-April-2026_12-20-24,26,0.23222368421051406,0.363785982131958,0.27292391657829285,1,True,True,0
C000000001__SWE_01_SW_data_21-April-2026_12-20-24,26,0.2471447368422033,0.3856116533279419,0.2036077380180359,1,True,True,0
C000000001__SWE_01_SW_data_21-April-2026_12-20-24,26,0.2620657894737394,0.35625189542770386,0.15231871604919434,1,False,False,1
C000000001__SWE_01_SW_data_21-April-2026_12-20-24,26,0.2769868421052754,0.407761812210083,0.21760088205337524,1,True,True,0
C000000001__SWE_01_SW_data_21-April-2026_12-20-24,26,0.29190789473696466,0.41796785593032837,0.16757696866989136,1,True,True,0
C000000001__SWE_01_SW_data_21-April-2026_12-20-24,26,0.3068289473685007,0.39500200748443604,0.11739063262939453,1,True,True,0
C000000001__SWE_01_SW_data_21-April-2026_12-20-24,26,0.3217500000000368,0.42501741647720337,0.13875985145568848,1,True,True,0
C000000001__SWE_01_SW_data_21-April-2026_12-20-24,26,0.3366710526315728,0.44171082973480225,0.1810901165008545,1,True,True,0
C000000001__SWE_01_SW_data_21-April-2026_12-20-24,26,0.35159210526326207,0.4995255470275879,0.14042294025421143,1,True,True,0
C000000001__SWE_01_SW_data_21-April-2026_12-20-24,26,0.3665131578947981,0.4889085292816162,0.13189029693603516,1,False,False,1
C000000001__SWE_01_SW_data_21-April-2026_12-20-24,26,0.3814342105263342,0.5294504165649414,0.16636157035827637,1,True,True,0
C000000001__SWE_01_SW_data_21-April-2026_12-20-24,26,0.3963552631580234,0.5266370475292206,0.19822841882705688,1,True,True,0
C000000001__SWE_01_SW_data_21-April-2026_12-20-24,26,0.4112763157895595,0.5195275545120239,0.15957477688789368,1,True,True,0
C000000001__SWE_01_SW_data_21-April-2026_12-20-24,26,0.4261973684210955,0.4507451057434082,0.2335415482521057,1,True,True,0
C000000001__SWE_01_SW_data_21-April-2026_12-20-24,26,0.4411184210526316,0.4312760829925537,0.27217817306518555,1,True,True,0
C000000001__SWE_01_SW_data_21-April-2026_12-20-24,26,0.4560394736843208,0.21110117435455322,0.26532894372940063,1,False,False,1
C000000001__SWE_01_SW_data_21-April-2026_12-20-24,26,0.4709605263158569,0.0,0.39770346879959106,1,False,False,1
C000000001__SWE_01_SW_data_21-April-2026_12-21-32,26,0.6301865671642313,0.5755226016044617,0.2792763411998749,1,True,True,0
C000000001__SWE_01_SW_data_21-April-2026_12-21-32,26,0.644291044776131,0.48262739181518555,0.26323914527893066,1,True,True,0
C000000001__SWE_01_SW_data_21-April-2026_12-21-32,26,0.6583955223881756,0.6001642346382141,0.29043078422546387,1,True,True,0
C000000001__SWE_01_SW_data_21-April-2026_12-21-32,26,0.6725000000000753,0.774346724152565,0.4671293795108795,1,True,True,0
C000000001__SWE_01_SW_data_21-April-2026_12-21-32,26,0.6866044776119751,1.0006404425948858,0.5078900456428528,1,True,True,0
C000000001__SWE_01_SW_data_21-April-2026_12-21-32,26,0.7007089552238748,1.0789755135774612,0.32692980766296387,1,True,True,0
C000000001__SWE_01_SW_data_21-April-2026_12-21-32,26,0.7148134328359194,1.1477355509996414,0.3007025122642517,1,True,True,0
C000000001__SWE_01_SW_data_21-April-2026_12-21-32,26,0.7289179104478191,1.2293552309274673,0.21614289283752441,1,True,True,0
C000000001__SWE_01_SW_data_21-April-2026_12-21-32,26,0.7430223880597189,0.9308483153581619,0.06153038144111633,1,True,True,0
C000000001__SWE_01_SW_data_21-April-2026_12-21-32,26,0.7571268656717635,0.7072928547859192,0.18462353944778442,1,True,True,0
C000000001__SWE_01_SW_data_21-April-2026_12-21-32,26,0.7712313432836632,0.42919379472732544,0.15318119525909424,1,True,True,0
C000000001__SWE_01_SW_data_21-April-2026_12-21-32,26,0.785335820895563,0.29709041118621826,0.002628505229949951,1,False,False,2
C000000001__SWE_01_SW_data_21-April-2026_12-21-32,26,0.7994402985074627,0.239149808883667,0.2966313660144806,1,False,False,1
C000000001__SWE_01_SW_data_21-April-2026_12-21-32,26,0.8135447761195073,0.3215411305427551,0.3790527582168579,1,True,True,0
C000000001__SWE_01_SW_data_21-April-2026_12-21-32,26,0.827649253731407,0.5213257074356079,0.3538823425769806,1,True,True,0
C000000001__SWE_01_SW_data_21-April-2026_12-21-32,26,0.8417537313433068,0.7995307147502899,0.356414258480072,1,True,True,0
C000000001__SWE_01_SW_data_21-April-2026_12-21-32,26,0.8558582089552065,0.9655417762696743,0.2904086112976074,1,False,False,1
C000000001__SWE_01_SW_data_21-April-2026_12-21-32,26,0.8699626865672511,0.9362433031201363,0.19945627450942993,1,True,True,0
C000000001__SWE_01_SW_data_21-April-2026_12-21-32,26,0.8840671641791508,0.7930924594402313,0.06384551525115967,1,True,True,0
C000000001__SWE_01_SW_data_21-April-2026_12-21-32,26,0.8981716417910506,0.4420619010925293,0.09105044603347778,1,False,False,2
C000000001__SWE_01_SW_data_21-April-2026_12-21-32,26,0.9122761194030952,0.2246037721633911,0.2998865246772766,1,True,True,0
C000000001__SWE_01_SW_data_21-April-2026_12-21-32,26,0.9263805970149949,0.3879389762878418,0.34384334087371826,1,True,True,0
C000000001__SWE_01_SW_data_21-April-2026_12-21-32,26,0.9404850746268947,0.5844912230968475,0.31285595893859863,1,True,True,0
C000000001__SWE_01_SW_data_21-April-2026_12-21-32,26,0.9545895522387944,0.7232195138931274,0.2813194990158081,1,False,False,1
C000000001__SWE_01_SW_data_21-April-2026_12-21-32,26,0.968694029850839,0.8349726051092148,0.2782227396965027,1,True,True,0
C000000001__SWE_01_SW_data_21-April-2026_12-21-32,26,0.9827985074627387,0.9523476846516132,0.3392108082771301,1,True,True,0
C000000001__SWE_01_SW_data_21-April-2026_12-21-32,26,0.003967661691617582,0.7601290345191956,0.13642990589141846,1,True,True,0
C000000001__SWE_01_SW_data_21-April-2026_12-21-32,26,0.018072139303517337,0.5481041669845581,0.11666205525398254,1,False,False,4
C000000001__SWE_01_SW_data_21-April-2026_12-21-32,26,0.032176616915417094,0.2896427512168884,0.4152512550354004,1,True,True,0
C000000001__SWE_01_SW_data_21-April-2026_12-21-32,26,0.046281094527461646,0.3407331705093384,0.5458300709724426,1,True,True,0
C000000001__SWE_01_SW_data_21-April-2026_12-21-32,26,0.0603855721393614,0.5221742689609528,0.5500854253768921,1,True,True,0
C000000001__SWE_01_SW_data_21-April-2026_12-21-32,26,0.07449004975126115,0.675460934638977,0.5838442444801331,1,True,True,0
C000000001__SWE_01_SW_data_21-April-2026_12-21-32,26,0.08859452736330571,0.7758394479751587,0.597061276435852,1,False,False,1
C000000001__SWE_01_SW_data_21-April-2026_12-21-32,26,0.10269900497520547,0.7819615453481674,0.6155722141265869,1,True,True,0
C000000001__SWE_01_SW_data_21-April-2026_12-21-32,26,0.11680348258710523,0.6227293014526367,0.453207403421402,1,True,True,0
C000000001__SWE_01_SW_data_21-April-2026_12-21-32,26,0.13090796019900497,0.45950180292129517,0.36599183082580566,1,True,True,0
C000000001__SWE_01_SW_data_21-April-2026_12-21-32,26,0.14501243781104953,0.3472592830657959,0.3628595471382141,1,True,True,0
C000000001__SWE_01_SW_data_21-April-2026_12-21-32,26,0.15911691542294928,0.30035483837127686,0.3262425661087036,1,True,True,0
C000000001__SWE_01_SW_data_21-April-2026_12-21-32,26,0.17322139303484904,0.28245556354522705,0.20985043048858643,1,True,True,0
C000000001__SWE_01_SW_data_21-April-2026_12-21-32,26,0.1873258706467488,0.2361907958984375,0.24677973985671997,1,True,True,0
C000000001__SWE_01_SW_data_21-April-2026_12-21-32,26,0.20143034825879336,0.23488271236419678,0.2343013882637024,1,True,True,0
C000000001__SWE_01_SW_data_21-April-2026_12-21-32,26,0.21553482587069311,0.19841420650482178,0.19367355108261108,1,True,True,0
C000000001__SWE_01_SW_data_21-April-2026_12-21-32,26,0.22963930348259284,0.20580065250396729,0.13757753372192383,1,False,False,1
C000000001__SWE_01_SW_data_21-April-2026_12-21-32,26,0.2437437810946374,0.2329416275024414,0.09334135055541992,1,False,False,1
C000000001__SWE_01_SW_data_21-April-2026_12-21-32,26,0.25784825870653716,0.21921098232269287,0.09607809782028198,1,True,True,0
C000000001__SWE_01_SW_data_21-April-2026_12-21-32,26,0.2719527363184369,0.1760094165802002,0.08384042978286743,1,True,True,0
C000000001__SWE_01_SW_data_21-April-2026_12-21-32,26,0.2860572139303367,0.16726720333099365,0.00656735897064209,1,True,True,0
C000000001__SWE_01_SW_data_21-April-2026_12-21-32,26,0.3001616915423812,0.21161776781082153,0.00796651840209961,1,False,False,6
C000000001__SWE_01_SW_data_21-April-2026_12-21-32,26,0.31426616915428096,0.233076810836792,0.019078493118286133,1,False,False,6
C000000001__SWE_01_SW_data_21-April-2026_12-21-32,26,0.3283706467661807,0.1972295045852661,0.01890188455581665,1,False,False,5
C000000001__SWE_01_SW_data_21-April-2026_12-21-32,26,0.3424751243782253,0.16938239336013794,0.0046784281730651855,1,False,False,5
C000000001__SWE_01_SW_data_21-April-2026_12-21-32,26,0.35657960199012506,0.19778335094451904,0.003321707248687744,1,False,False,5
C000000001__SWE_01_SW_data_21-April-2026_12-21-32,26,0.3706840796020248,0.22897255420684814,0.011002182960510254,2,True,True,0
C000000001__SWE_01_SW_data_21-April-2026_12-21-32,26,0.3847885572139246,0.30010688304901123,0.028969287872314453,2,True,True,0
C000000001__SWE_01_SW_data_21-April-2026_12-21-32,26,0.3988930348259691,0.3546879291534424,0.015535950660705566,2,True,False,5
C000000001__SWE_01_SW_data_21-April-2026_12-21-32,26,0.41299751243786886,0.4641435146331787,0.030832886695861816,2,True,True,0
C000000001__SWE_01_SW_data_21-April-2026_12-21-32,26,0.4271019900497686,0.6571996808052063,0.067038893699646,2,True,True,0
C000000001__SWE_01_SW_data_21-April-2026_12-21-32,26,0.44120646766181315,0.7962631583213806,0.025253772735595703,2,True,False,5
C000000001__SWE_01_SW_data_21-April-2026_12-21-32,26,0.4553109452737129,0.8875547796487808,0.08106642961502075,2,True,False,5
C000000001__SWE_01_SW_data_21-April-2026_12-21-32,26,0.46941542288561267,0.940573088824749,0.0705292820930481,2,True,False,6
C000000001__SWE_01_SW_data_21-April-2026_12-21-32,26,0.4835199004975124,0.7997114956378937,0.06163680553436279,2,True,True,0
C000000001__SWE_01_SW_data_21-April-2026_12-21-32,26,0.497624378109557,0.6077097356319427,0.08694279193878174,2,True,False,5
C000000001__SWE_01_SW_data_21-April-2026_12-21-32,26,0.5117288557214568,0.5470040440559387,0.1891714334487915,2,True,True,0
C000000001__SWE_01_SW_data_21-April-2026_12-21-32,26,0.5258333333333565,0.45656150579452515,0.15866398811340332,2,True,True,0
C000000001__SWE_01_SW_data_21-April-2026_12-21-32,26,0.5399378109452563,0.5366628766059875,0.023451685905456543,2,True,False,5
C000000001__SWE_01_SW_data_21-April-2026_12-21-32,26,0.5540422885573008,0.34595513343811035,0.05868655443191528,2,True,False,5
C000000001__SWE_01_SW_data_21-April-2026_12-21-32,26,0.5681467661692006,0.40495604276657104,0.1714300513267517,2,True,True,0
C000000001__SWE_01_SW_data_21-April-2026_12-21-32,26,0.5822512437811003,0.40585219860076904,0.19031184911727905,2,True,True,0
C000000001__SWE_01_SW_data_21-April-2026_12-21-32,26,0.5963557213931449,0.49583470821380615,0.21462303400039673,2,True,True,0
C000000001__SWE_01_SW_data_21-April-2026_12-21-32,26,0.6104601990050447,0.570801854133606,0.15798664093017578,2,True,True,0
C000000001__SWE_01_SW_data_21-April-2026_12-21-32,26,0.6245646766169444,0.4837229251861572,0.31040555238723755,1,True,True,0
C000000001__SWE_01_SW_data_21-April-2026_12-21-32,26,0.6386691542288442,0.5649900436401367,0.337697297334671,1,True,True,0
C000000001__SWE_01_SW_data_21-April-2026_12-21-32,26,0.6527736318408887,0.5378590226173401,0.25298169255256653,1,False,False,1
C000000001__SWE_01_SW_data_21-April-2026_12-21-32,26,0.6668781094527885,0.647543340921402,0.40850621461868286,1,True,True,0
C000000001__SWE_01_SW_data_21-April-2026_12-21-32,26,0.6809825870646882,0.7855972349643707,0.42718303203582764,1,True,True,0
C000000001__SWE_01_SW_data_21-April-2026_12-21-32,26,0.6950870646767328,0.9731301330029964,0.38279202580451965,1,True,True,0
C000000001__SWE_01_SW_data_21-April-2026_12-21-32,26,0.7091915422886325,1.2269532680511475,0.2969934940338135,1,True,True,0
C000000001__SWE_01_SW_data_21-April-2026_12-21-32,26,0.7232960199005323,1.2324297577142715,0.25657081604003906,1,True,True,0
C000000001__SWE_01_SW_data_21-April-2026_12-21-32,26,0.737400497512432,1.1144918650388718,0.10849052667617798,1,True,True,0
C000000001__SWE_01_SW_data_21-April-2026_12-21-32,26,0.7515049751244766,0.8355878293514252,0.1654340922832489,1,True,True,0
C000000001__SWE_01_SW_data_21-April-2026_12-21-32,26,0.7656094527363764,0.5498846173286438,0.2323932647705078,1,True,True,0
C000000001__SWE_01_SW_data_21-April-2026_12-21-32,26,0.7797139303482761,0.40937066078186035,0.0262758731842041,1,True,True,0
C000000001__SWE_01_SW_data_21-April-2026_12-21-32,26,0.7938184079603207,0.30253851413726807,0.2231043577194214,1,False,False,1
C000000001__SWE_01_SW_data_21-April-2026_12-21-32,26,0.8079228855722204,0.22377878427505493,0.3868037462234497,1,True,True,0
C000000001__SWE_01_SW_data_21-April-2026_12-21-32,26,0.8220273631841202,0.23916566371917725,0.4359514117240906,1,True,True,0
C000000001__SWE_01_SW_data_21-April-2026_12-21-32,26,0.8361318407960199,0.19548285007476807,0.40168681740760803,1,True,True,0
C000000001__SWE_01_SW_data_21-April-2026_12-21-32,26,0.8502363184080645,0.14156490564346313,0.34927815198898315,1,False,False,1
C000000001__SWE_01_SW_data_21-April-2026_12-21-32,26,0.8643407960199642,2.384185791015625e-07,0.1831827163696289,1,False,False,1
C000000001__SWE_01_SW_data_21-April-2026_12-22-36,26,0.6927369668246942,0.6651152074337006,0.1506471037864685,1,True,True,0
C000000001__SWE_01_SW_data_21-April-2026_12-22-36,26,0.7061729857820016,0.5292449593544006,0.04548591375350952,1,False,False,1
C000000001__SWE_01_SW_data_21-April-2026_12-22-36,26,0.7196090047394469,0.5627538561820984,0.02370169758796692,1,True,True,0
C000000001__SWE_01_SW_data_21-April-2026_12-22-36,26,0.7330450236967542,0.4942184090614319,0.01369011402130127,1,False,False,2
C000000001__SWE_01_SW_data_21-April-2026_12-22-36,26,0.7464810426540616,0.38385409116744995,0.011124491691589355,1,False,False,2
C000000001__SWE_01_SW_data_21-April-2026_12-22-36,26,0.7599170616113688,0.48520153760910034,0.0016461014747619629,1,False,False,2
C000000001__SWE_01_SW_data_21-April-2026_12-22-36,26,0.7733530805688141,0.5023086965084076,0.008470118045806885,1,False,False,2
C000000001__SWE_01_SW_data_21-April-2026_12-22-36,26,0.7867890995261215,0.49433159828186035,0.02367103099822998,1,False,False,2
C000000001__SWE_01_SW_data_21-April-2026_12-22-36,26,0.8002251184834289,0.47315216064453125,0.05101454257965088,1,False,False,1
C000000001__SWE_01_SW_data_21-April-2026_12-22-36,26,0.8136611374408742,0.3944277763366699,0.09499603509902954,1,False,False,1
C000000001__SWE_01_SW_data_21-April-2026_12-22-36,26,0.8270971563981815,0.3352282643318176,0.1099402904510498,1,False,False,1
C000000001__SWE_01_SW_data_21-April-2026_12-22-36,26,0.8405331753554889,0.4214705228805542,0.09616553783416748,1,False,False,1
C000000001__SWE_01_SW_data_21-April-2026_12-22-36,26,0.8539691943127962,0.4372519254684448,0.05820882320404053,1,False,False,1
C000000001__SWE_01_SW_data_21-April-2026_12-22-36,26,0.8674052132702414,0.4218570590019226,0.012232780456542969,1,False,False,1
C000000001__SWE_01_SW_data_21-April-2026_12-22-36,26,0.8808412322275488,0.4366145730018616,0.040790855884552,1,False,False,1
C000000001__SWE_01_SW_data_21-April-2026_12-22-36,26,0.8942772511848562,0.5312823057174683,0.0840005874633789,1,True,True,0
C000000001__SWE_01_SW_data_21-April-2026_12-22-36,26,0.9077132701421635,0.6119353175163269,0.10615497827529907,1,True,True,0
C000000001__SWE_01_SW_data_21-April-2026_12-22-36,26,0.9211492890996088,0.48799675703048706,0.0709458589553833,1,True,True,0
C000000001__SWE_01_SW_data_21-April-2026_12-22-36,26,0.9345853080569162,0.454609751701355,0.09643959999084473,1,False,False,1
C000000001__SWE_01_SW_data_21-April-2026_12-22-36,26,0.9480213270142235,0.4484776258468628,0.14560291171073914,1,True,True,0
C000000001__SWE_01_SW_data_21-April-2026_12-22-36,26,0.9614573459716688,0.3967825174331665,0.130129873752594,1,True,True,0
C000000001__SWE_01_SW_data_21-April-2026_12-22-36,26,0.9748933649289762,0.339566171169281,0.138882577419281,1,False,False,1
C000000001__SWE_01_SW_data_21-April-2026_12-22-36,26,0.9883293838862836,0.37511754035949707,0.23545241355895996,1,True,True,0
C000000001__SWE_01_SW_data_21-April-2026_12-22-36,26,1.001765402843591,0.5286510586738586,0.20666638016700745,1,True,True,0
C000000001__SWE_01_SW_data_21-April-2026_12-22-36,26,1.0152014218010361,0.5688683688640594,0.1592848300933838,1,True,True,0
C000000001__SWE_01_SW_data_21-April-2026_12-22-36,26,0.023116113744086866,0.5668569207191467,0.11977270245552063,1,False,False,1
C000000001__SWE_01_SW_data_21-April-2026_12-22-36,26,0.036552132701532146,0.6514490842819214,0.007540643215179443,1,False,False,2
C000000001__SWE_01_SW_data_21-April-2026_12-22-36,26,0.0499881516588395,0.6754665970802307,0.03254079818725586,1,False,False,2
C000000001__SWE_01_SW_data_21-April-2026_12-22-36,26,0.06342417061614684,0.8240472078323364,0.004376113414764404,1,False,False,3
C000000001__SWE_01_SW_data_21-April-2026_12-22-36,26,0.0768601895734542,0.8104635626077652,0.051448285579681396,1,True,True,0
C000000001__SWE_01_SW_data_21-April-2026_12-22-36,26,0.09029620853089948,0.7634162157773972,0.16555315256118774,1,True,True,0
C000000001__SWE_01_SW_data_21-April-2026_12-22-36,26,0.10373222748820683,0.7015060782432556,0.19897371530532837,1,True,True,0
C000000001__SWE_01_SW_data_21-April-2026_12-22-36,26,0.11716824644551418,0.6745091676712036,0.3678068220615387,1,True,True,0
C000000001__SWE_01_SW_data_21-April-2026_12-22-36,26,0.13060426540295947,0.6806970834732056,0.36208850145339966,1,True,True,0
C000000001__SWE_01_SW_data_21-April-2026_12-22-36,26,0.1440402843602668,0.5817268490791321,0.25206923484802246,1,True,True,0
C000000001__SWE_01_SW_data_21-April-2026_12-22-36,26,0.15747630331757417,0.5019974112510681,0.27839934825897217,1,True,True,0
C000000001__SWE_01_SW_data_21-April-2026_12-22-36,26,0.1709123222748815,0.5389016270637512,0.4071837067604065,1,True,True,0
C000000001__SWE_01_SW_data_21-April-2026_12-22-36,26,0.1843483412323268,0.5553632974624634,0.35485193133354187,1,True,True,0
C000000001__SWE_01_SW_data_21-April-2026_12-22-36,26,0.19778436018963416,0.5485743284225464,0.2595621347427368,1,True,True,0
C000000001__SWE_01_SW_data_21-April-2026_12-22-36,26,0.2112203791469415,0.5452753901481628,0.29615724086761475,1,True,True,0
C000000001__SWE_01_SW_data_21-April-2026_12-22-36,26,0.22465639810424884,0.6005796194076538,0.27992570400238037,1,True,True,0
C000000001__SWE_01_SW_data_21-April-2026_12-22-36,26,0.23809241706169412,0.5878051817417145,0.2794633209705353,1,False,False,1
C000000001__SWE_01_SW_data_21-April-2026_12-22-36,26,0.2515284360190015,0.5289029479026794,0.33140984177589417,1,True,True,0
C000000001__SWE_01_SW_data_21-April-2026_12-22-36,26,0.2649644549763088,0.5662726163864136,0.2341214418411255,1,True,True,0
C000000001__SWE_01_SW_data_21-April-2026_12-22-36,26,0.2784004739337541,0.4975448250770569,0.11546418070793152,1,True,True,0
C000000001__SWE_01_SW_data_21-April-2026_12-22-36,26,0.29183649289106145,0.49267590045928955,0.14187470078468323,1,False,False,1
C000000001__SWE_01_SW_data_21-April-2026_12-22-36,26,0.30527251184836884,0.4452441334724426,0.0492781400680542,1,True,True,0
C000000001__SWE_01_SW_data_21-April-2026_12-22-36,26,0.3187085308056762,0.39325106143951416,0.009006500244140625,1,True,True,0
C000000001__SWE_01_SW_data_21-April-2026_12-22-36,26,0.33214454976312147,0.43561267852783203,0.07790637016296387,1,False,False,2
C000000001__SWE_01_SW_data_21-April-2026_12-22-36,26,0.3455805687204288,0.32208478450775146,0.07326138019561768,1,True,True,0
C000000001__SWE_01_SW_data_21-April-2026_12-22-36,26,0.35901658767773614,0.2882721424102783,0.0634416937828064,1,True,True,0
C000000001__SWE_01_SW_data_21-April-2026_12-22-36,26,0.3724526066351814,0.2892707586288452,0.0743761658668518,1,False,False,1
C000000001__SWE_01_SW_data_21-April-2026_12-22-36,26,0.38588862559248877,0.37074220180511475,0.045403480529785156,1,True,True,0
C000000001__SWE_01_SW_data_21-April-2026_12-22-36,26,0.39932464454979616,0.38629913330078125,0.08842355012893677,1,True,True,0
C000000001__SWE_01_SW_data_21-April-2026_12-22-36,26,0.4127606635071035,0.41175782680511475,0.06990975141525269,1,True,True,0
C000000001__SWE_01_SW_data_21-April-2026_12-22-36,26,0.4261966824645488,0.40467512607574463,0.019820034503936768,2,True,True,0
C000000001__SWE_01_SW_data_21-April-2026_12-22-36,26,0.4396327014218561,0.3353857398033142,0.041355133056640625,2,True,False,4
C000000001__SWE_01_SW_data_21-April-2026_12-22-36,26,0.45306872037916346,0.31151849031448364,0.019017279148101807,2,True,False,4
C000000001__SWE_01_SW_data_21-April-2026_12-22-36,26,0.46650473933660874,0.26785778999328613,0.04846924543380737,2,False,False,3
C000000001__SWE_01_SW_data_21-April-2026_12-22-36,26,0.4799407582939161,0.25868064165115356,0.04344654083251953,2,True,False,4
C000000001__SWE_01_SW_data_21-April-2026_12-22-36,26,0.4933767772512235,0.3518059253692627,0.040319085121154785,2,True,False,4
C000000001__SWE_01_SW_data_21-April-2026_12-22-36,26,0.5068127962085308,0.43190038204193115,0.03347063064575195,2,True,False,4
C000000001__SWE_01_SW_data_21-April-2026_12-22-36,26,0.5202488151659761,0.4904841184616089,0.06402921676635742,2,True,False,5
C000000001__SWE_01_SW_data_21-April-2026_12-22-36,26,0.5336848341232835,0.6281758844852448,0.00878971815109253,2,False,False,5
C000000001__SWE_01_SW_data_21-April-2026_12-22-36,26,0.5471208530805908,0.627856433391571,0.0018599629402160645,2,True,True,0
C000000001__SWE_01_SW_data_21-April-2026_12-22-36,26,0.5605568720378982,0.8868603259325027,0.031037211418151855,2,True,False,4
C000000001__SWE_01_SW_data_21-April-2026_12-22-36,26,0.5739928909953435,0.9019440710544586,0.07274073362350464,2,False,False,5
C000000001__SWE_01_SW_data_21-April-2026_12-22-36,26,0.5874289099526507,0.9376948140561581,0.08679822087287903,2,True,True,0
C000000001__SWE_01_SW_data_21-April-2026_12-22-36,26,0.6008649289099581,1.0951890498399734,0.005235791206359863,2,True,False,4
C000000001__SWE_01_SW_data_21-April-2026_12-22-36,26,0.6143009478674034,0.9283692911267281,0.04493352770805359,2,True,False,5
C000000001__SWE_01_SW_data_21-April-2026_12-22-36,26,0.6277369668247108,0.7987088263034821,0.2676301598548889,1,True,True,0
C000000001__SWE_01_SW_data_21-April-2026_12-22-36,26,0.6411729857820181,0.7038745880126953,0.1844368427991867,1,True,True,0
C000000001__SWE_01_SW_data_21-April-2026_12-22-36,26,0.6546090047393255,0.5854981243610382,0.1984095722436905,1,False,False,1
C000000001__SWE_01_SW_data_21-April-2026_12-22-36,26,0.6680450236967708,0.6476930975914001,0.14706045389175415,1,True,True,0
C000000001__SWE_01_SW_data_21-April-2026_12-22-36,26,0.681481042654078,0.6670047640800476,0.1375049650669098,1,True,True,0
C000000001__SWE_01_SW_data_21-April-2026_12-22-36,26,0.6949170616113854,0.5895135402679443,0.09650063514709473,1,True,True,0
C000000001__SWE_01_SW_data_21-April-2026_12-22-36,26,0.7083530805688307,0.6710336208343506,0.1003575325012207,1,False,False,1
C000000001__SWE_01_SW_data_21-April-2026_12-22-36,26,0.7217890995261381,0.5630900859832764,0.06937640905380249,1,True,True,0
C000000001__SWE_01_SW_data_21-April-2026_12-22-36,26,0.7352251184834454,0.39893394708633423,0.08314716815948486,1,True,True,0
C000000001__SWE_01_SW_data_21-April-2026_12-22-36,26,0.7486611374407528,0.4536295533180237,0.12364068627357483,1,True,True,0
C000000001__SWE_01_SW_data_21-April-2026_12-22-36,26,0.7620971563981981,0.439767062664032,0.03952792286872864,1,True,True,0
C000000001__SWE_01_SW_data_21-April-2026_12-22-36,26,0.7755331753555054,0.49903416633605957,0.09742885828018188,1,True,True,0
C000000001__SWE_01_SW_data_21-April-2026_12-22-36,26,0.7889691943128128,0.5400315523147583,0.03267517685890198,1,True,True,0
C000000001__SWE_01_SW_data_21-April-2026_12-22-36,26,0.802405213270258,0.5326933860778809,0.007211118936538696,1,False,False,1
C000000001__SWE_01_SW_data_21-April-2026_12-22-36,26,0.8158412322275654,0.5296218693256378,0.05143004655838013,1,False,False,2
C000000001__SWE_01_SW_data_21-April-2026_12-22-36,26,0.8292772511848727,0.4917674660682678,0.010486185550689697,1,False,False,2
C000000001__SWE_01_SW_data_21-April-2026_12-22-36,26,0.8427132701421801,0.37233448028564453,0.007532835006713867,1,True,True,0
C000000001__SWE_01_SW_data_21-April-2026_12-22-36,26,0.8561492890996254,0.30564552545547485,0.008424252271652222,1,False,False,4
C000000001__SWE_01_SW_data_21-April-2026_12-22-36,26,0.8695853080569327,0.0,0.02807903289794922,1,False,False,1
C000000001__SWE_01_SW_data_21-April-2026_12-23-44,26,0.18900773195866688,0.38702380657196045,0.07302173972129822,1,True,True,0
C000000001__SWE_01_SW_data_21-April-2026_12-23-44,26,0.20362113402063056,0.38354814052581787,0.1239023506641388,1,True,True,0
C000000001__SWE_01_SW_data_21-April-2026_12-23-44,26,0.2182345360822942,0.4472074508666992,0.1722847819328308,1,True,True,0
C000000001__SWE_01_SW_data_21-April-2026_12-23-44,26,0.2328479381442579,0.5798234045505524,0.3613719344139099,1,True,True,0
C000000001__SWE_01_SW_data_21-April-2026_12-23-44,26,0.24746134020622157,0.5487211048603058,0.43162640929222107,1,True,True,0
C000000001__SWE_01_SW_data_21-April-2026_12-23-44,26,0.26207474226788524,0.6414845287799835,0.3832947313785553,1,False,False,1
C000000001__SWE_01_SW_data_21-April-2026_12-23-44,26,0.2766881443298489,0.6828362941741943,0.2991771996021271,1,True,True,0
C000000001__SWE_01_SW_data_21-April-2026_12-23-44,26,0.29130154639151257,0.5622550249099731,0.3360978066921234,1,True,True,0
C000000001__SWE_01_SW_data_21-April-2026_12-23-44,26,0.3059149484534762,0.5442782044410706,0.13863235712051392,1,False,False,1
C000000001__SWE_01_SW_data_21-April-2026_12-23-44,26,0.32052835051543993,0.44042158126831055,0.1341957449913025,1,True,True,0
C000000001__SWE_01_SW_data_21-April-2026_12-23-44,26,0.33514175257710355,0.37072527408599854,0.09175378084182739,1,True,True,0
C000000001__SWE_01_SW_data_21-April-2026_12-23-44,26,0.34975515463906726,0.36916881799697876,0.14642620086669922,1,False,False,1
C000000001__SWE_01_SW_data_21-April-2026_12-23-44,26,0.3643685567010309,0.27476924657821655,0.14565908908843994,1,True,True,0
C000000001__SWE_01_SW_data_21-April-2026_12-23-44,26,0.3789819587626946,0.3333796262741089,0.10187643766403198,1,True,True,0
C000000001__SWE_01_SW_data_21-April-2026_12-23-44,26,0.39359536082465824,0.31986021995544434,0.1048516035079956,1,True,True,0
C000000001__SWE_01_SW_data_21-April-2026_12-23-44,26,0.40820876288662195,0.317230761051178,0.1522742509841919,1,True,True,0
C000000001__SWE_01_SW_data_21-April-2026_12-23-44,26,0.42282216494828556,0.3425808548927307,0.1187557578086853,1,True,True,0
C000000001__SWE_01_SW_data_21-April-2026_12-23-44,26,0.43743556701024927,0.4397316575050354,0.1441282033920288,1,True,True,0
C000000001__SWE_01_SW_data_21-April-2026_12-23-44,26,0.452048969072213,0.4178706407546997,0.09630614519119263,1,False,False,1
C000000001__SWE_01_SW_data_21-April-2026_12-23-44,26,0.4666623711338766,0.42337214946746826,0.051240742206573486,1,True,True,0
C000000001__SWE_01_SW_data_21-April-2026_12-23-44,26,0.4812757731958403,0.3722034692764282,0.10630428791046143,1,True,True,0
C000000001__SWE_01_SW_data_21-April-2026_12-23-44,26,0.4958891752575039,0.3121872544288635,0.10089534521102905,1,True,True,0
C000000001__SWE_01_SW_data_21-April-2026_12-23-44,26,0.5105025773194676,0.3635540008544922,0.083260178565979,1,True,True,0
C000000001__SWE_01_SW_data_21-April-2026_12-23-44,26,0.5251159793814313,0.486461877822876,0.13211661577224731,1,True,True,0
C000000001__SWE_01_SW_data_21-April-2026_12-23-44,26,0.5397293814430949,0.7256051301956177,0.13884389400482178,1,True,True,0
C000000001__SWE_01_SW_data_21-April-2026_12-23-44,26,0.5543427835050586,0.6861918270587921,0.13809728622436523,1,False,False,1
C000000001__SWE_01_SW_data_21-April-2026_12-23-44,26,0.5689561855670223,0.8282486796379089,0.18314099311828613,1,True,True,0
C000000001__SWE_01_SW_data_21-April-2026_12-23-44,26,0.5835695876286859,0.9228468239307404,0.23509004712104797,1,True,True,0
C000000001__SWE_01_SW_data_21-April-2026_12-23-44,26,0.5981829896906496,0.7481768727302551,0.25183284282684326,1,False,False,1
C000000001__SWE_01_SW_data_21-April-2026_12-23-44,26,0.6127963917526134,0.7265065312385559,0.35996466875076294,1,True,True,0
C000000001__SWE_01_SW_data_21-April-2026_12-23-44,26,0.627409793814277,0.7010374665260315,0.19465181231498718,1,True,True,0
C000000001__SWE_01_SW_data_21-April-2026_12-23-44,26,0.6420231958762407,0.5565551519393921,0.062227874994277954,1,True,True,0
C000000001__SWE_01_SW_data_21-April-2026_12-23-44,26,0.6566365979379043,0.5731611251831055,0.07753825187683105,1,True,True,0
C000000001__SWE_01_SW_data_21-April-2026_12-23-44,26,0.671249999999868,0.4387044906616211,0.06346112489700317,1,True,True,0
C000000001__SWE_01_SW_data_21-April-2026_12-23-44,26,0.6858634020618317,0.4816247820854187,0.08271902799606323,1,True,True,0
C000000001__SWE_01_SW_data_21-April-2026_12-23-44,26,0.7004768041234953,0.37372690439224243,0.03230983018875122,1,False,False,1
C000000001__SWE_01_SW_data_21-April-2026_12-23-44,26,0.715090206185459,0.33851444721221924,0.01915985345840454,1,False,False,13
C000000001__SWE_01_SW_data_21-April-2026_12-23-44,26,0.7297036082474226,0.29301875829696655,0.009042322635650635,1,False,False,10
C000000001__SWE_01_SW_data_21-April-2026_12-23-44,26,0.7443170103090864,0.317160964012146,0.04743415117263794,1,True,True,0
C000000001__SWE_01_SW_data_21-April-2026_12-23-44,26,0.75893041237105,0.2613171339035034,0.01185375452041626,1,False,False,1
C000000001__SWE_01_SW_data_21-April-2026_12-23-44,26,0.7735438144330137,0.2742725610733032,0.004684507846832275,1,False,False,2
C000000001__SWE_01_SW_data_21-April-2026_12-23-44,26,0.7881572164946773,0.26927995681762695,0.0031389594078063965,1,False,False,2
C000000001__SWE_01_SW_data_21-April-2026_12-23-44,26,0.802770618556641,0.26803940534591675,0.0030035972595214844,1,False,False,9
C000000001__SWE_01_SW_data_21-April-2026_12-23-44,26,0.8173840206186047,0.2839975357055664,0.004289686679840088,1,False,False,6
C000000001__SWE_01_SW_data_21-April-2026_12-23-44,26,0.8319974226802683,0.35514020919799805,0.019873619079589844,2,False,False,6
C000000001__SWE_01_SW_data_21-April-2026_12-23-44,26,0.846610824742232,0.4628264904022217,0.013860642910003662,2,False,False,6
C000000001__SWE_01_SW_data_21-April-2026_12-23-44,26,0.8612242268038957,0.49746155738830566,0.009307384490966797,2,True,False,6
C000000001__SWE_01_SW_data_21-April-2026_12-23-44,26,0.8758376288658594,0.4881514310836792,0.018665730953216553,2,False,False,1
C000000001__SWE_01_SW_data_21-April-2026_12-23-44,26,0.8904510309278231,0.46075743436813354,0.02308058738708496,2,True,True,0
C000000001__SWE_01_SW_data_21-April-2026_12-23-44,26,0.9050644329894867,0.3253052234649658,0.028386354446411133,2,False,False,2
C000000001__SWE_01_SW_data_21-April-2026_12-23-44,26,0.9196778350514504,0.24535274505615234,0.025535225868225098,2,False,False,2
C000000001__SWE_01_SW_data_21-April-2026_12-23-44,26,0.9342912371134141,0.23772108554840088,0.017616569995880127,2,True,True,0
C000000001__SWE_01_SW_data_21-April-2026_12-23-44,26,0.9489046391750777,0.34907984733581543,0.031686484813690186,2,True,True,0
C000000001__SWE_01_SW_data_21-April-2026_12-23-44,26,0.9635180412370414,0.3642001748085022,0.04191786050796509,1,True,True,0
C000000001__SWE_01_SW_data_21-April-2026_12-23-44,26,0.978131443299005,0.4055668115615845,0.02327251434326172,1,False,False,1
C000000001__SWE_01_SW_data_21-April-2026_12-23-44,26,0.012074742267885217,0.325275182723999,0.05995875597000122,2,True,True,0
C000000001__SWE_01_SW_data_21-April-2026_12-23-44,26,0.026688144329848902,0.37635135650634766,0.056503355503082275,2,True,True,0
C000000001__SWE_01_SW_data_21-April-2026_12-23-44,26,0.041301546391512546,0.3294069170951843,0.03062260150909424,2,False,False,1
C000000001__SWE_01_SW_data_21-April-2026_12-23-44,26,0.05591494845347623,0.47597241401672363,0.0462377667427063,2,True,True,0
C000000001__SWE_01_SW_data_21-April-2026_12-23-44,26,0.07052835051543992,0.5565648674964905,0.04343372583389282,2,True,True,0
C000000001__SWE_01_SW_data_21-April-2026_12-23-44,26,0.08514175257710356,0.6292336583137512,0.0155906081199646,2,True,True,0
C000000001__SWE_01_SW_data_21-April-2026_12-23-44,26,0.09975515463906724,0.7012101113796234,0.019402742385864258,2,False,False,1
C000000001__SWE_01_SW_data_21-April-2026_12-23-44,26,0.11436855670103092,0.5535330474376678,0.07843261957168579,2,True,True,0
C000000001__SWE_01_SW_data_21-April-2026_12-23-44,26,0.12898195876269458,0.5458196401596069,0.07998958230018616,2,True,True,0
C000000001__SWE_01_SW_data_21-April-2026_12-23-44,26,0.14359536082465826,0.48049741983413696,0.15654027462005615,2,False,False,1
C000000001__SWE_01_SW_data_21-April-2026_12-23-44,26,0.15820876288662195,0.43602848052978516,0.23398920893669128,2,True,True,0
C000000001__SWE_01_SW_data_21-April-2026_12-23-44,26,0.1728221649482856,0.4686129093170166,0.22318845987319946,2,True,True,0
C000000001__SWE_01_SW_data_21-April-2026_12-23-44,26,0.18743556701024927,0.5683495700359344,0.22700220346450806,1,True,True,0
C000000001__SWE_01_SW_data_21-April-2026_12-23-44,26,0.20204896907221295,0.620193213224411,0.30045121908187866,1,False,False,1
C000000001__SWE_01_SW_data_21-April-2026_12-23-44,26,0.2166623711338766,0.5687243342399597,0.374204158782959,1,True,True,0
C000000001__SWE_01_SW_data_21-April-2026_12-23-44,26,0.23127577319584028,0.6666845381259918,0.36418330669403076,1,True,True,0
C000000001__SWE_01_SW_data_21-April-2026_12-23-44,26,0.24588917525750392,0.6805889010429382,0.2631274461746216,1,True,True,0
C000000001__SWE_01_SW_data_21-April-2026_12-23-44,26,0.26050257731946763,0.625196784734726,0.24124668538570404,1,True,True,0
C000000001__SWE_01_SW_data_21-April-2026_12-23-44,26,0.2751159793814313,0.5817339420318604,0.16633862257003784,1,True,True,0
C000000001__SWE_01_SW_data_21-April-2026_12-23-44,26,0.28972938144309496,0.5023949146270752,0.10092836618423462,1,False,False,1
C000000001__SWE_01_SW_data_21-April-2026_12-23-44,26,0.3043427835050586,0.3680678606033325,0.07686907052993774,1,True,True,0
C000000001__SWE_01_SW_data_21-April-2026_12-23-44,26,0.3189561855670223,0.4068934917449951,0.09369808435440063,1,True,True,0
C000000001__SWE_01_SW_data_21-April-2026_12-23-44,26,0.33356958762868594,0.34720444679260254,0.02656501531600952,1,False,False,1
C000000001__SWE_01_SW_data_21-April-2026_12-23-44,26,0.34818298969064965,0.32822901010513306,0.03912782669067383,1,False,False,1
C000000001__SWE_01_SW_data_21-April-2026_12-23-44,26,0.3627963917526133,0.27487581968307495,0.05720275640487671,1,True,True,0
C000000001__SWE_01_SW_data_21-April-2026_12-23-44,26,0.377409793814277,0.25913453102111816,0.06576007604598999,1,False,False,1
C000000001__SWE_01_SW_data_21-April-2026_12-23-44,26,0.3920231958762406,0.23920154571533203,0.05001497268676758,1,False,False,1
C000000001__SWE_01_SW_data_21-April-2026_12-23-44,26,0.4066365979379043,0.23411893844604492,0.03272491693496704,1,True,True,0
C000000001__SWE_01_SW_data_21-April-2026_12-23-44,26,0.421249999999868,0.26737457513809204,0.0670517086982727,1,True,True,0
C000000001__SWE_01_SW_data_21-April-2026_12-23-44,26,0.43586340206183166,0.29778844118118286,0.07271426916122437,1,True,True,0
C000000001__SWE_01_SW_data_21-April-2026_12-23-44,26,0.45047680412349533,0.30927717685699463,0.05024218559265137,1,True,True,0
C000000001__SWE_01_SW_data_21-April-2026_12-23-44,26,0.465090206185459,0.22336071729660034,0.07254374027252197,1,True,True,0
C000000001__SWE_01_SW_data_21-April-2026_12-23-44,26,0.4797036082474227,0.18404734134674072,0.07377803325653076,1,True,True,0
C000000001__SWE_01_SW_data_21-April-2026_12-23-44,26,0.4943170103090863,0.08792984485626221,0.10568875074386597,1,True,True,0
C000000001__SWE_01_SW_data_21-April-2026_12-23-44,26,0.50893041237105,0.0,0.1303325891494751,1,False,False,1
C000000001__SWE_01_SW_data_21-April-2026_12-24-24,26,0.002173913043478261,0.4747743010520935,0.015791714191436768,1,True,True,0
C000000001__SWE_01_SW_data_21-April-2026_12-24-24,26,0.016260869565032282,0.4721217155456543,0.02672499418258667,1,True,True,0
C000000001__SWE_01_SW_data_21-April-2026_12-24-24,26,0.030347826086875536,0.5616148114204407,0.011445581912994385,1,False,False,1
C000000001__SWE_01_SW_data_21-April-2026_12-24-24,26,0.04443478260871879,0.6780319511890411,0.05874714255332947,1,False,False,1
C000000001__SWE_01_SW_data_21-April-2026_12-24-24,26,0.05852173913027282,0.6165416240692139,0.08220121264457703,1,False,False,2
C000000001__SWE_01_SW_data_21-April-2026_12-24-24,26,0.07260869565211607,0.7747867852449417,0.01435309648513794,1,False,False,1
C000000001__SWE_01_SW_data_21-April-2026_12-24-24,26,0.08669565217395932,0.8775153756141663,0.11154501140117645,1,False,False,2
C000000001__SWE_01_SW_data_21-April-2026_12-24-24,26,0.10078260869551334,0.8319354057312012,0.10829512774944305,1,False,False,1
C000000001__SWE_01_SW_data_21-April-2026_12-24-24,26,0.1148695652173566,0.8555797934532166,0.12102164328098297,2,False,False,12
C000000001__SWE_01_SW_data_21-April-2026_12-24-24,26,0.12895652173891062,0.8358220160007477,0.057897672057151794,2,False,False,12
C000000001__SWE_01_SW_data_21-April-2026_12-24-24,26,0.14304347826075386,0.6880804002285004,0.12019284069538116,2,True,False,12
C000000001__SWE_01_SW_data_21-April-2026_12-24-24,26,0.15713043478259714,0.6100614666938782,0.05511903762817383,2,True,False,13
C000000001__SWE_01_SW_data_21-April-2026_12-24-24,26,0.17121739130415115,0.5295173525810242,0.029021501541137695,2,True,False,13
C000000001__SWE_01_SW_data_21-April-2026_12-24-24,26,0.1853043478259944,0.6205441653728485,0.1272483468055725,2,True,False,12
C000000001__SWE_01_SW_data_21-April-2026_12-24-24,26,0.19939130434783767,0.5845016837120056,0.15614673495292664,2,True,False,12
C000000001__SWE_01_SW_data_21-April-2026_12-24-24,26,0.21347826086939167,0.5341638326644897,0.16770291328430176,2,True,False,13
C000000001__SWE_01_SW_data_21-April-2026_12-24-24,26,0.22756521739123492,0.5667495727539062,0.1025884747505188,2,True,False,13
C000000001__SWE_01_SW_data_21-April-2026_12-24-24,26,0.2416521739130782,0.6046611666679382,0.1058311015367508,2,True,False,12
C000000001__SWE_01_SW_data_21-April-2026_12-24-24,26,0.2557391304346322,0.592847466468811,0.19584110379219055,2,True,False,13
C000000001__SWE_01_SW_data_21-April-2026_12-24-24,26,0.2698260869564755,0.5992215573787689,0.2459564507007599,2,True,False,13
C000000001__SWE_01_SW_data_21-April-2026_12-24-24,26,0.2839130434780295,0.5324151515960693,0.16932985186576843,2,False,False,13
C000000001__SWE_01_SW_data_21-April-2026_12-24-24,26,0.29799999999987276,0.5036909580230713,0.13142001628875732,2,True,False,12
C000000001__SWE_01_SW_data_21-April-2026_12-24-24,26,0.312086956521716,0.3634023666381836,0.06146755814552307,2,True,False,13
C000000001__SWE_01_SW_data_21-April-2026_12-24-24,26,0.32617391304327004,0.33852142095565796,0.08384060859680176,2,True,False,13
C000000001__SWE_01_SW_data_21-April-2026_12-24-24,26,0.34026086956511326,0.3308566212654114,0.038252055644989014,2,False,False,13
C000000001__SWE_01_SW_data_21-April-2026_12-24-24,26,0.35434782608695653,0.2855944037437439,0.04537591338157654,2,False,False,12
C000000001__SWE_01_SW_data_21-April-2026_12-24-24,26,0.36843478260851054,0.25288647413253784,0.05745998024940491,2,False,False,12
C000000001__SWE_01_SW_data_21-April-2026_12-24-24,26,0.3825217391303538,0.27848613262176514,0.0518779456615448,2,True,False,12
C000000001__SWE_01_SW_data_21-April-2026_12-24-24,26,0.39660869565219703,0.30249273777008057,0.08743283152580261,2,True,False,13
C000000001__SWE_01_SW_data_21-April-2026_12-24-24,26,0.4106956521737511,0.32675468921661377,0.06477111577987671,2,True,False,13
C000000001__SWE_01_SW_data_21-April-2026_12-24-24,26,0.4247826086955943,0.34171438217163086,0.022448599338531494,2,False,False,11
C000000001__SWE_01_SW_data_21-April-2026_12-24-24,26,0.4388695652174376,0.3048053979873657,0.027345597743988037,2,False,False,13
C000000001__SWE_01_SW_data_21-April-2026_12-24-24,26,0.4529565217389916,0.30350232124328613,0.03976282477378845,2,False,False,11
C000000001__SWE_01_SW_data_21-April-2026_12-24-24,26,0.46704347826083487,0.27940332889556885,0.05872073769569397,2,False,False,12
C000000001__SWE_01_SW_data_21-April-2026_12-24-24,26,0.48113043478238887,0.279712438583374,0.01780480146408081,2,False,False,12
C000000001__SWE_01_SW_data_21-April-2026_12-24-24,26,0.49521739130423215,0.37588316202163696,0.039877504110336304,2,False,False,11
C000000001__SWE_01_SW_data_21-April-2026_12-24-24,26,0.5093043478260754,0.4174879193305969,0.01511576771736145,2,False,False,12
C000000001__SWE_01_SW_data_21-April-2026_12-24-24,26,0.5233913043476294,0.4521639347076416,0.04495900869369507,2,False,False,11
C000000001__SWE_01_SW_data_21-April-2026_12-24-24,26,0.5374782608694727,0.5060498118400574,0.06870728731155396,2,False,False,11
C000000001__SWE_01_SW_data_21-April-2026_12-24-24,26,0.5515652173913159,0.5836002230644226,0.07814639806747437,2,False,False,10
C000000001__SWE_01_SW_data_21-April-2026_12-24-24,26,0.5656521739128699,0.7340781986713409,0.052690356969833374,2,False,False,10
C000000001__SWE_01_SW_data_21-April-2026_12-24-24,26,0.5797391304347131,0.7470097541809082,0.0763448178768158,2,False,False,10
C000000001__SWE_01_SW_data_21-April-2026_12-24-24,26,0.5938260869565565,0.7857655435800552,0.02142903208732605,2,False,False,9
C000000001__SWE_01_SW_data_21-April-2026_12-24-24,26,0.6079130434781105,0.8254684209823608,0.08446991443634033,2,False,False,5
C000000001__SWE_01_SW_data_21-April-2026_12-24-24,26,0.6219999999999537,0.9415997341275215,0.030710622668266296,2,False,False,5
C000000001__SWE_01_SW_data_21-April-2026_12-24-24,26,0.6360869565215077,0.9049683138728142,0.08337780833244324,2,False,False,5
C000000001__SWE_01_SW_data_21-April-2026_12-24-24,26,0.650173913043351,0.7381133437156677,0.06911866366863251,1,False,False,9
C000000001__SWE_01_SW_data_21-April-2026_12-24-24,26,0.6642608695651943,0.7243253886699677,0.006676346063613892,1,False,False,2
C000000001__SWE_01_SW_data_21-April-2026_12-24-24,26,0.6783478260867483,0.5824466049671173,0.011356130242347717,1,False,False,4
C000000001__SWE_01_SW_data_21-April-2026_12-24-24,26,0.6924347826085915,0.4407007694244385,0.042459771037101746,1,False,False,3
C000000001__SWE_01_SW_data_21-April-2026_12-24-24,26,0.7065217391304348,0.4766281843185425,0.012938126921653748,1,False,False,3
C000000001__SWE_01_SW_data_21-April-2026_12-24-24,26,0.7206086956519888,0.5706600844860077,0.005342260003089905,1,False,False,11
C000000001__SWE_01_SW_data_21-April-2026_12-24-24,26,0.0063478260867945524,0.4259291887283325,0.05149520933628082,1,False,False,3
C000000001__SWE_01_SW_data_21-April-2026_12-24-24,26,0.020434782608637805,0.48377275466918945,0.04743462800979614,1,False,False,3
C000000001__SWE_01_SW_data_21-April-2026_12-24-24,26,0.03452173913048106,0.47592639923095703,0.09133870899677277,1,False,False,3
C000000001__SWE_01_SW_data_21-April-2026_12-24-24,26,0.04860869565203508,0.5369240939617157,0.11867690086364746,1,False,False,2
C000000001__SWE_01_SW_data_21-April-2026_12-24-24,26,0.06269565217387833,0.5196114480495453,0.0016820281744003296,1,False,False,2
C000000001__SWE_01_SW_data_21-April-2026_12-24-24,26,0.07678260869543235,0.4887021780014038,0.020851388573646545,1,False,False,2
C000000001__SWE_01_SW_data_21-April-2026_12-24-24,26,0.09086956521727561,0.5351034998893738,0.001284971833229065,1,False,False,3
C000000001__SWE_01_SW_data_21-April-2026_12-24-24,26,0.10495652173911886,0.6097577512264252,0.028683483600616455,2,False,False,6
C000000001__SWE_01_SW_data_21-April-2026_12-24-24,26,0.1190434782606729,0.5128218531608582,0.03499303758144379,2,False,False,10
C000000001__SWE_01_SW_data_21-April-2026_12-24-24,26,0.13313043478251615,0.5470715165138245,0.03870733082294464,2,False,False,10
C000000001__SWE_01_SW_data_21-April-2026_12-24-24,26,0.1472173913043594,0.42695891857147217,0.03632466495037079,2,False,False,10
C000000001__SWE_01_SW_data_21-April-2026_12-24-24,26,0.1613043478259134,0.3388407230377197,0.03648822009563446,2,False,False,9
C000000001__SWE_01_SW_data_21-April-2026_12-24-24,26,0.17539130434775668,0.41366899013519287,0.07098457217216492,2,False,False,9
C000000001__SWE_01_SW_data_21-April-2026_12-24-24,26,0.18947826086959993,0.5306198298931122,0.1309107393026352,2,False,False,10
C000000001__SWE_01_SW_data_21-April-2026_12-24-24,26,0.20356521739115394,0.5034432113170624,0.11964152753353119,2,False,False,8
C000000001__SWE_01_SW_data_21-April-2026_12-24-24,26,0.2176521739129972,0.5623924434185028,0.13575351238250732,2,False,False,9
C000000001__SWE_01_SW_data_21-April-2026_12-24-24,26,0.23173913043455122,0.5487337112426758,0.09202109277248383,2,False,False,8
C000000001__SWE_01_SW_data_21-April-2026_12-24-24,26,0.2458260869563945,0.5355742573738098,0.07639837265014648,2,False,False,8
C000000001__SWE_01_SW_data_21-April-2026_12-24-24,26,0.25991304347823774,0.5919102728366852,0.029394596815109253,2,False,False,7
C000000001__SWE_01_SW_data_21-April-2026_12-24-24,26,0.27399999999979174,0.5941230654716492,0.04168786108493805,2,False,False,9
C000000001__SWE_01_SW_data_21-April-2026_12-24-24,26,0.288086956521635,0.5318769812583923,0.0009579956531524658,2,False,False,9
C000000001__SWE_01_SW_data_21-April-2026_12-24-24,26,0.30217391304347824,0.4661492705345154,0.043180808424949646,2,False,False,8
C000000001__SWE_01_SW_data_21-April-2026_12-24-24,26,0.3162608695650323,0.37864530086517334,0.026570595800876617,2,False,False,8
C000000001__SWE_01_SW_data_21-April-2026_12-24-24,26,0.3303478260868755,-1.1920928955078125e-07,0.12229758501052856,2,False,False,8
C000000002__SWE02_SW_data_28-April-2026_10-09-45,26,0.9423614663256726,0.4996683597564697,0.3831433355808258,1,True,True,0
C000000002__SWE02_SW_data_28-April-2026_10-09-45,26,0.9520289855073297,0.384601354598999,0.2618817687034607,1,True,True,0
C000000002__SWE02_SW_data_28-April-2026_10-09-45,26,0.9616965046888877,0.37549465894699097,0.2230563759803772,1,False,False,1
C000000002__SWE02_SW_data_28-April-2026_10-09-45,26,0.9713640238704455,0.2985125184059143,0.26205718517303467,1,True,True,0
C000000002__SWE02_SW_data_28-April-2026_10-09-45,26,0.9810315430520035,0.23020213842391968,0.15107613801956177,1,True,True,0
C000000002__SWE02_SW_data_28-April-2026_10-09-45,26,0.004339300937837868,0.20966553688049316,0.181219220161438,1,True,True,0
C000000002__SWE02_SW_data_28-April-2026_10-09-45,26,0.014006820119395757,0.1442226767539978,0.16106462478637695,1,True,True,0
C000000002__SWE02_SW_data_28-April-2026_10-09-45,26,0.023674339300953647,0.13542979955673218,0.11727017164230347,1,True,True,0
C000000002__SWE02_SW_data_28-April-2026_10-09-45,26,0.03334185848251153,0.15274035930633545,0.12927454710006714,1,True,True,0
C000000002__SWE02_SW_data_28-April-2026_10-09-45,26,0.043009377664168666,0.24844229221343994,0.16791224479675293,1,True,True,0
C000000002__SWE02_SW_data_28-April-2026_10-09-45,26,0.05267689684572656,0.2554618716239929,0.20202529430389404,1,True,True,0
C000000002__SWE02_SW_data_28-April-2026_10-09-45,26,0.062344416027284445,0.3520975112915039,0.17473942041397095,1,True,True,0
C000000002__SWE02_SW_data_28-April-2026_10-09-45,26,0.07201193520894159,0.4169292449951172,0.17071747779846191,1,False,False,1
C000000002__SWE02_SW_data_28-April-2026_10-09-45,26,0.08167945439049946,0.3867124319076538,0.11703729629516602,1,True,True,0
C000000002__SWE02_SW_data_28-April-2026_10-09-45,26,0.09134697357205736,0.4644124507904053,0.15530413389205933,1,True,True,0
C000000002__SWE02_SW_data_28-April-2026_10-09-45,26,0.10101449275361525,0.39674997329711914,0.19839584827423096,1,True,True,0
C000000002__SWE02_SW_data_28-April-2026_10-09-45,26,0.11068201193527238,0.40689724683761597,0.30219221115112305,1,True,True,0
C000000002__SWE02_SW_data_28-April-2026_10-09-45,26,0.12034953111683028,0.46222448348999023,0.40276604890823364,1,True,True,0
C000000002__SWE02_SW_data_28-April-2026_10-09-45,26,0.13001705029838817,0.48671168088912964,0.44729775190353394,1,True,True,0
C000000002__SWE02_SW_data_28-April-2026_10-09-45,26,0.1396845694800453,0.5957180261611938,0.3670511245727539,1,True,True,0
C000000002__SWE02_SW_data_28-April-2026_10-09-45,26,0.14935208866160318,0.5291599333286285,0.5330966711044312,1,True,True,0
C000000002__SWE02_SW_data_28-April-2026_10-09-45,26,0.15901960784316108,0.5974622368812561,0.6125898361206055,1,True,True,0
C000000002__SWE02_SW_data_28-April-2026_10-09-45,26,0.16868712702471897,0.4767398238182068,0.3231610655784607,1,True,True,0
C000000002__SWE02_SW_data_28-April-2026_10-09-45,26,0.1783546462063761,0.5154584348201752,0.47593995928764343,1,True,True,0
C000000002__SWE02_SW_data_28-April-2026_10-09-45,26,0.18802216538793398,0.41074514389038086,0.37202051281929016,1,True,True,0
C000000002__SWE02_SW_data_28-April-2026_10-09-45,26,0.19768968456949187,0.37506985664367676,0.1898452639579773,1,False,False,1
C000000002__SWE02_SW_data_28-April-2026_10-09-45,26,0.20735720375114902,0.2765492796897888,0.2488720417022705,1,True,True,0
C000000002__SWE02_SW_data_28-April-2026_10-09-45,26,0.2170247229327069,0.23376381397247314,0.17360007762908936,1,True,True,0
C000000002__SWE02_SW_data_28-April-2026_10-09-45,26,0.22669224211426478,0.22406363487243652,0.08230733871459961,1,True,True,0
C000000002__SWE02_SW_data_28-April-2026_10-09-45,26,0.23635976129582267,0.18774068355560303,0.06471943855285645,1,False,False,1
C000000002__SWE02_SW_data_28-April-2026_10-09-45,26,0.24602728047747982,0.177115797996521,0.052744507789611816,1,True,True,0
C000000002__SWE02_SW_data_28-April-2026_10-09-45,26,0.2556947996590377,0.149064302444458,0.024444937705993652,1,True,True,0
C000000002__SWE02_SW_data_28-April-2026_10-09-45,26,0.2653623188405956,0.12124276161193848,0.03766000270843506,1,False,False,1
C000000002__SWE02_SW_data_28-April-2026_10-09-45,26,0.27502983802215347,0.11504209041595459,0.04115861654281616,1,True,True,0
C000000002__SWE02_SW_data_28-April-2026_10-09-45,26,0.2846973572038106,0.09544587135314941,0.04626423120498657,1,True,True,0
C000000002__SWE02_SW_data_28-April-2026_10-09-45,26,0.2943648763853685,0.0871807336807251,0.05744737386703491,1,False,False,1
C000000002__SWE02_SW_data_28-April-2026_10-09-45,26,0.3040323955669264,0.09039318561553955,0.053924620151519775,1,False,False,1
C000000002__SWE02_SW_data_28-April-2026_10-09-45,26,0.31369991474858355,0.09295904636383057,0.05093669891357422,1,True,True,0
C000000002__SWE02_SW_data_28-April-2026_10-09-45,26,0.3233674339301414,0.12995916604995728,0.042673349380493164,1,True,True,0
C000000002__SWE02_SW_data_28-April-2026_10-09-45,26,0.3330349531116993,0.11843514442443848,0.06410461664199829,1,True,True,0
C000000002__SWE02_SW_data_28-April-2026_10-09-45,26,0.3427024722932572,0.12263959646224976,0.0638541579246521,1,False,False,1
C000000002__SWE02_SW_data_28-April-2026_10-09-45,26,0.3523699914749143,0.1029546856880188,0.02844303846359253,1,True,True,0
C000000002__SWE02_SW_data_28-April-2026_10-09-45,26,0.3620375106564722,0.12922203540802002,0.04900062084197998,1,True,True,0
C000000002__SWE02_SW_data_28-April-2026_10-09-45,26,0.3717050298380301,0.12776196002960205,0.01387488842010498,1,False,False,1
C000000002__SWE02_SW_data_28-April-2026_10-09-45,26,0.38137254901968726,0.23339974880218506,0.024575114250183105,1,True,True,0
C000000002__SWE02_SW_data_28-April-2026_10-09-45,26,0.39104006820124515,0.32115626335144043,0.03527110815048218,1,True,True,0
C000000002__SWE02_SW_data_28-April-2026_10-09-45,26,0.40070758738280304,0.3969995379447937,0.03652751445770264,1,True,True,0
C000000002__SWE02_SW_data_28-April-2026_10-09-45,26,0.4103751065643609,0.5562505125999451,0.054123103618621826,1,False,False,1
C000000002__SWE02_SW_data_28-April-2026_10-09-45,26,0.42004262574601803,0.5871237218379974,0.10011249780654907,1,True,True,0
C000000002__SWE02_SW_data_28-April-2026_10-09-45,26,0.4297101449275759,0.5612799823284149,0.20842218399047852,1,True,True,0
C000000002__SWE02_SW_data_28-April-2026_10-09-45,26,0.4393776641091338,0.49487221240997314,0.21455395221710205,1,True,True,0
C000000002__SWE02_SW_data_28-April-2026_10-09-45,26,0.44904518329079096,0.5626858770847321,0.3316407799720764,1,True,True,0
C000000002__SWE02_SW_data_28-April-2026_10-09-45,26,0.45871270247234885,0.5284458994865417,0.5530269145965576,1,True,True,0
C000000002__SWE02_SW_data_28-April-2026_10-09-45,26,0.46838022165390675,0.45573335886001587,0.5550374984741211,1,True,True,0
C000000002__SWE02_SW_data_28-April-2026_10-09-45,26,0.47804774083546464,0.5073688626289368,0.36598968505859375,1,False,False,1
C000000002__SWE02_SW_data_28-April-2026_10-09-45,26,0.48771526001712173,0.48961496353149414,0.5548829436302185,1,True,True,0
C000000002__SWE02_SW_data_28-April-2026_10-09-45,26,0.4973827791986796,0.5786585807800293,0.5793277025222778,1,True,True,0
C000000002__SWE02_SW_data_28-April-2026_10-09-45,26,0.5070502983802375,0.5784060955047607,0.4222729802131653,1,True,True,0
C000000002__SWE02_SW_data_28-April-2026_10-09-45,26,0.5167178175617955,0.6345428228378296,0.3626912534236908,1,False,False,1
C000000002__SWE02_SW_data_28-April-2026_10-09-45,26,0.5263853367434526,0.539236843585968,0.3253112733364105,1,True,True,0
C000000002__SWE02_SW_data_28-April-2026_10-09-45,26,0.5360528559250104,0.5447734594345093,0.2436474859714508,1,True,True,0
C000000002__SWE02_SW_data_28-April-2026_10-09-45,26,0.5457203751065683,0.43535685539245605,0.22543704509735107,1,True,True,0
C000000002__SWE02_SW_data_28-April-2026_10-09-45,26,0.5553878942882254,0.4752379059791565,0.27903228998184204,1,True,True,0
C000000002__SWE02_SW_data_28-April-2026_10-09-45,26,0.5650554134697834,0.4207838177680969,0.21668249368667603,1,True,True,0
C000000002__SWE02_SW_data_28-April-2026_10-09-45,26,0.5747229326513412,0.4631553292274475,0.1597299575805664,1,True,True,0
C000000002__SWE02_SW_data_28-April-2026_10-09-45,26,0.5843904518328992,0.4360809326171875,0.22863996028900146,1,True,True,0
C000000002__SWE02_SW_data_28-April-2026_10-09-45,26,0.5940579710145563,0.4740251302719116,0.24887213110923767,1,True,True,0
C000000002__SWE02_SW_data_28-April-2026_10-09-45,26,0.6037254901961142,0.47521090507507324,0.18544459342956543,1,True,True,0
C000000002__SWE02_SW_data_28-April-2026_10-09-45,26,0.613393009377672,0.34467828273773193,0.08994030952453613,1,True,True,0
C000000002__SWE02_SW_data_28-April-2026_10-09-45,26,0.6230605285593291,0.3939701318740845,0.06573379039764404,1,True,True,0
C000000002__SWE02_SW_data_28-April-2026_10-09-45,26,0.6327280477408871,0.30435508489608765,0.053261637687683105,1,True,True,0
C000000002__SWE02_SW_data_28-April-2026_10-09-45,26,0.6423955669224449,0.29165124893188477,0.1374497413635254,1,True,True,0
C000000002__SWE02_SW_data_28-April-2026_10-09-45,26,0.6520630861040029,0.28163039684295654,0.1479000449180603,1,True,True,0
C000000002__SWE02_SW_data_28-April-2026_10-09-45,26,0.66173060528566,0.28420472145080566,0.07612133026123047,1,False,False,1
C000000002__SWE02_SW_data_28-April-2026_10-09-45,26,0.6713981244672179,0.2594049572944641,0.10412943363189697,1,True,True,0
C000000002__SWE02_SW_data_28-April-2026_10-09-45,26,0.6810656436487758,0.251924991607666,0.08530300855636597,1,True,True,0
C000000002__SWE02_SW_data_28-April-2026_10-09-45,26,0.6907331628304328,0.2610189914703369,0.10865771770477295,1,True,True,0
C000000002__SWE02_SW_data_28-April-2026_10-09-45,26,0.7004006820119908,0.2104586362838745,0.06770443916320801,1,True,True,0
C000000002__SWE02_SW_data_28-April-2026_10-09-45,26,0.7100682011935486,0.19026684761047363,0.04213815927505493,1,True,True,0
C000000002__SWE02_SW_data_28-April-2026_10-09-45,26,0.7197357203751066,0.16055971384048462,0.08485382795333862,1,True,True,0
C000000002__SWE02_SW_data_28-April-2026_10-09-45,26,0.7294032395567637,0.12730014324188232,0.04194748401641846,1,False,False,1
C000000002__SWE02_SW_data_28-April-2026_10-09-45,26,0.7390707587383216,0.0,0.05396544933319092,1,True,True,0
C000000002__SWE02_SW_data_28-April-2026_10-11-53,26,0.544378238341981,0.6779625415802002,0.2157084345817566,1,True,True,0
C000000002__SWE02_SW_data_28-April-2026_10-11-53,26,0.554170984456043,0.5862550735473633,0.3186483085155487,1,True,True,0
C000000002__SWE02_SW_data_28-April-2026_10-11-53,26,0.5639637305700045,0.44474971294403076,0.19912317395210266,1,True,True,0
C000000002__SWE02_SW_data_28-April-2026_10-11-53,26,0.573756476683966,0.47930365800857544,0.37625735998153687,1,False,False,1
C000000002__SWE02_SW_data_28-April-2026_10-11-53,26,0.5835492227979274,0.5049527883529663,0.32585379481315613,1,True,True,0
C000000002__SWE02_SW_data_28-April-2026_10-11-53,26,0.5933419689119894,0.5600825548171997,0.29972490668296814,1,True,True,0
C000000002__SWE02_SW_data_28-April-2026_10-11-53,26,0.603134715025951,0.6704944372177124,0.2605617046356201,1,True,True,0
C000000002__SWE02_SW_data_28-April-2026_10-11-53,26,0.6129274611399125,0.7093692719936371,0.19326156377792358,1,False,False,1
C000000002__SWE02_SW_data_28-April-2026_10-11-53,26,0.6227202072538739,0.6661809682846069,0.12895458936691284,1,True,True,0
C000000002__SWE02_SW_data_28-April-2026_10-11-53,26,0.632512953367936,0.5713377892971039,0.06501346826553345,1,True,True,0
C000000002__SWE02_SW_data_28-April-2026_10-11-53,26,0.6423056994818974,0.5452333390712738,0.02300560474395752,1,False,False,1
C000000002__SWE02_SW_data_28-April-2026_10-11-53,26,0.6520984455958589,0.4924808144569397,0.020496785640716553,1,True,True,0
C000000002__SWE02_SW_data_28-April-2026_10-11-53,26,0.661891191709921,0.5459199845790863,0.04121279716491699,1,True,True,0
C000000002__SWE02_SW_data_28-April-2026_10-11-53,26,0.6716839378238825,0.5136846005916595,0.019348621368408203,1,True,True,0
C000000002__SWE02_SW_data_28-April-2026_10-11-53,26,0.6814766839378439,0.5617027878761292,0.09666246175765991,1,True,True,0
C000000002__SWE02_SW_data_28-April-2026_10-11-53,26,0.6912694300518054,0.5052420496940613,0.025007903575897217,1,False,False,1
C000000002__SWE02_SW_data_28-April-2026_10-11-53,26,0.7010621761658674,0.4768170714378357,0.030542492866516113,1,False,False,1
C000000002__SWE02_SW_data_28-April-2026_10-11-53,26,0.7108549222798289,0.4752002954483032,0.0846666693687439,1,True,True,0
C000000002__SWE02_SW_data_28-April-2026_10-11-53,26,0.7206476683937905,0.48275578022003174,0.028137177228927612,1,True,True,0
C000000002__SWE02_SW_data_28-April-2026_10-11-53,26,0.7304404145078525,0.5652663707733154,0.06166142225265503,1,True,True,0
C000000002__SWE02_SW_data_28-April-2026_10-11-53,26,0.7402331606218139,0.5280385315418243,0.08437913656234741,1,True,True,0
C000000002__SWE02_SW_data_28-April-2026_10-11-53,26,0.7500259067357754,0.5098291039466858,0.0870647132396698,1,False,False,1
C000000002__SWE02_SW_data_28-April-2026_10-11-53,26,0.7598186528497369,0.41190290451049805,0.08534702658653259,1,True,True,0
C000000002__SWE02_SW_data_28-April-2026_10-11-53,26,0.7696113989637989,0.46320903301239014,0.044033944606781006,1,True,True,0
C000000002__SWE02_SW_data_28-April-2026_10-11-53,26,0.7794041450777605,0.44768190383911133,0.05159047245979309,1,False,False,1
C000000002__SWE02_SW_data_28-April-2026_10-11-53,26,0.7891968911917219,0.39654260873794556,0.03899991512298584,1,False,False,1
C000000002__SWE02_SW_data_28-April-2026_10-11-53,26,0.7989896373057839,0.34728074073791504,0.04188781976699829,1,False,False,1
C000000002__SWE02_SW_data_28-April-2026_10-11-53,26,0.8087823834197454,0.3408682346343994,0.0253869891166687,1,False,False,1
C000000002__SWE02_SW_data_28-April-2026_10-11-53,26,0.8185751295337069,0.3794562816619873,0.014929890632629395,1,False,False,2
C000000002__SWE02_SW_data_28-April-2026_10-11-53,26,0.8283678756476683,0.3423371911048889,0.024961233139038086,1,False,False,1
C000000002__SWE02_SW_data_28-April-2026_10-11-53,26,0.8381606217617305,0.3568877577781677,0.05235922336578369,1,False,False,1
C000000002__SWE02_SW_data_28-April-2026_10-11-53,26,0.8479533678756919,0.42730337381362915,0.0330774188041687,1,False,False,2
C000000002__SWE02_SW_data_28-April-2026_10-11-53,26,0.8577461139896534,0.41755199432373047,0.011438846588134766,1,False,False,2
C000000002__SWE02_SW_data_28-April-2026_10-11-53,26,0.8675388601036149,0.36762839555740356,0.029591619968414307,1,True,True,0
C000000002__SWE02_SW_data_28-April-2026_10-11-53,26,0.8773316062176769,0.3691507577896118,0.014165222644805908,1,False,False,2
C000000002__SWE02_SW_data_28-April-2026_10-11-53,26,0.8871243523316383,0.352962851524353,0.019103288650512695,1,False,False,3
C000000002__SWE02_SW_data_28-April-2026_10-11-53,26,0.8969170984455999,0.3596864938735962,0.0036278367042541504,1,False,False,3
C000000002__SWE02_SW_data_28-April-2026_10-11-53,26,0.9067098445596619,0.3557014465332031,9.995698928833008e-05,1,False,False,1
C000000002__SWE02_SW_data_28-April-2026_10-11-53,26,0.9165025906736234,0.34134888648986816,0.002346634864807129,1,False,False,4
C000000002__SWE02_SW_data_28-April-2026_10-11-53,26,0.9262953367875849,0.3960511088371277,0.005687296390533447,1,False,False,3
C000000002__SWE02_SW_data_28-April-2026_10-11-53,26,0.9360880829015463,0.4941004514694214,0.025539875030517578,1,False,False,3
C000000002__SWE02_SW_data_28-April-2026_10-11-53,26,0.9458808290156083,0.5140999257564545,0.0027211904525756836,1,False,False,4
C000000002__SWE02_SW_data_28-April-2026_10-11-53,26,0.9556735751295699,0.4781663417816162,0.001792311668395996,1,False,False,2
C000000002__SWE02_SW_data_28-April-2026_10-11-53,26,0.9654663212435314,0.7054488658905029,0.013003945350646973,1,False,False,3
C000000002__SWE02_SW_data_28-April-2026_10-11-53,26,0.9752590673575934,0.6587316393852234,0.04768705368041992,1,False,False,1
C000000002__SWE02_SW_data_28-April-2026_10-11-53,26,0.9850518134715549,0.5155624151229858,0.20029568672180176,1,False,False,2
C000000002__SWE02_SW_data_28-April-2026_10-11-53,26,0.9948445595855163,0.5894639492034912,0.13629695773124695,1,False,False,1
C000000002__SWE02_SW_data_28-April-2026_10-11-53,26,1.0046373056994777,0.7035856246948242,0.3651489019393921,1,False,False,1
C000000002__SWE02_SW_data_28-April-2026_10-11-53,26,1.0144300518135398,0.6317853331565857,0.41406092047691345,1,False,False,1
C000000002__SWE02_SW_data_28-April-2026_10-11-53,26,0.017055267702936097,0.27408623695373535,0.29616594314575195,1,True,True,0
C000000002__SWE02_SW_data_28-April-2026_10-11-53,26,0.026848013816998115,0.21648377180099487,0.2898797392845154,1,True,True,0
C000000002__SWE02_SW_data_28-April-2026_10-11-53,26,0.0366407599309596,0.27997732162475586,0.22893959283828735,1,False,False,1
C000000002__SWE02_SW_data_28-April-2026_10-11-53,26,0.046433506044921094,0.33608317375183105,0.24716722965240479,1,True,True,0
C000000002__SWE02_SW_data_28-April-2026_10-11-53,26,0.056226252158882585,0.37748730182647705,0.2729753255844116,1,True,True,0
C000000002__SWE02_SW_data_28-April-2026_10-11-53,26,0.0660189982729446,0.32749390602111816,0.2914593815803528,1,True,True,0
C000000002__SWE02_SW_data_28-April-2026_10-11-53,26,0.07581174438690609,0.5122620463371277,0.3037615120410919,1,False,False,1
C000000002__SWE02_SW_data_28-April-2026_10-11-53,26,0.08560449050086757,0.46341007947921753,0.1504455804824829,1,True,True,0
C000000002__SWE02_SW_data_28-April-2026_10-11-53,26,0.0953972366149296,0.5360628962516785,0.2145882248878479,1,True,True,0
C000000002__SWE02_SW_data_28-April-2026_10-11-53,26,0.10518998272889109,0.5766106247901917,0.16958671808242798,1,True,True,0
C000000002__SWE02_SW_data_28-April-2026_10-11-53,26,0.11498272884285257,0.5926907658576965,0.24553292989730835,1,True,True,0
C000000002__SWE02_SW_data_28-April-2026_10-11-53,26,0.12477547495681407,0.5369164347648621,0.3732486963272095,1,True,True,0
C000000002__SWE02_SW_data_28-April-2026_10-11-53,26,0.13456822107087607,0.5418263375759125,0.3765825629234314,1,True,True,0
C000000002__SWE02_SW_data_28-April-2026_10-11-53,26,0.14436096718483757,0.46198827028274536,0.3991764187812805,1,True,True,0
C000000002__SWE02_SW_data_28-April-2026_10-11-53,26,0.15415371329879907,0.4493263363838196,0.3173269033432007,1,True,True,0
C000000002__SWE02_SW_data_28-April-2026_10-11-53,26,0.1639464594128611,0.370857834815979,0.15056920051574707,1,True,True,0
C000000002__SWE02_SW_data_28-April-2026_10-11-53,26,0.17373920552682257,0.30538320541381836,0.2355339527130127,1,False,False,1
C000000002__SWE02_SW_data_28-April-2026_10-11-53,26,0.18353195164078406,0.21057915687561035,0.141970694065094,1,True,True,0
C000000002__SWE02_SW_data_28-April-2026_10-11-53,26,0.19332469775474553,0.20616745948791504,0.15514153242111206,1,False,False,1
C000000002__SWE02_SW_data_28-April-2026_10-11-53,26,0.20311744386880756,0.1799677610397339,0.12454283237457275,1,False,False,1
C000000002__SWE02_SW_data_28-April-2026_10-11-53,26,0.21291018998276906,0.13901883363723755,0.07266175746917725,1,True,True,0
C000000002__SWE02_SW_data_28-April-2026_10-11-53,26,0.22270293609673053,0.12801039218902588,0.05604285001754761,1,True,True,0
C000000002__SWE02_SW_data_28-April-2026_10-11-53,26,0.23249568221079256,0.12096178531646729,0.03796511888504028,1,False,False,1
C000000002__SWE02_SW_data_28-April-2026_10-11-53,26,0.24228842832475406,0.082583487033844,0.020961105823516846,1,False,False,1
C000000002__SWE02_SW_data_28-April-2026_10-11-53,26,0.2520811744387155,0.06885349750518799,0.01992630958557129,1,True,True,0
C000000002__SWE02_SW_data_28-April-2026_10-11-53,26,0.26187392055267705,0.049303650856018066,0.019422948360443115,1,False,False,1
C000000002__SWE02_SW_data_28-April-2026_10-11-53,26,0.27166666666673905,0.04694068431854248,0.016300618648529053,1,False,False,1
C000000002__SWE02_SW_data_28-April-2026_10-11-53,26,0.2814594127807005,0.0,0.011989772319793701,1,True,True,0
C000000002__SWE02_SW_data_28-April-2026_10-12-32,26,0.8435911602210533,0.20949971675872803,0.0032425522804260254,1,True,True,0
C000000002__SWE02_SW_data_28-April-2026_10-12-32,26,0.8525414364641215,0.21370601654052734,0.004329979419708252,1,False,False,3
C000000002__SWE02_SW_data_28-April-2026_10-12-32,26,0.8614917127071897,0.21619641780853271,0.029413163661956787,1,False,False,1
C000000002__SWE02_SW_data_28-April-2026_10-12-32,26,0.8704419889503497,0.2020600438117981,0.004255533218383789,1,False,False,1
C000000002__SWE02_SW_data_28-April-2026_10-12-32,26,0.879392265193418,0.22413814067840576,0.007185161113739014,1,False,False,1
C000000002__SWE02_SW_data_28-April-2026_10-12-32,26,0.8883425414364862,0.2955229878425598,0.0075452327728271484,1,True,True,0
C000000002__SWE02_SW_data_28-April-2026_10-12-32,26,0.8972928176795544,0.3346455693244934,0.008359789848327637,1,False,False,2
C000000002__SWE02_SW_data_28-April-2026_10-12-32,26,0.9062430939227144,0.4373652935028076,0.023111581802368164,1,False,False,1
C000000002__SWE02_SW_data_28-April-2026_10-12-32,26,0.9151933701657826,0.6150801479816437,0.021743595600128174,1,False,False,2
C000000002__SWE02_SW_data_28-April-2026_10-12-32,26,0.9241436464088508,0.5385210514068604,0.010881781578063965,1,False,False,1
C000000002__SWE02_SW_data_28-April-2026_10-12-32,26,0.9330939226520109,0.45693379640579224,0.019839704036712646,1,True,True,0
C000000002__SWE02_SW_data_28-April-2026_10-12-32,26,0.9420441988950791,0.48392224311828613,0.15617555379867554,1,False,False,1
C000000002__SWE02_SW_data_28-April-2026_10-12-32,26,0.9509944751381473,0.6444448828697205,0.2007228136062622,1,False,False,1
C000000002__SWE02_SW_data_28-April-2026_10-12-32,26,0.9599447513812155,0.6064580082893372,0.24019074440002441,1,False,False,1
C000000002__SWE02_SW_data_28-April-2026_10-12-32,26,0.9688950276243755,0.5693436861038208,0.32048797607421875,1,True,True,0
C000000002__SWE02_SW_data_28-April-2026_10-12-32,26,0.9778453038674437,0.4425234794616699,0.2652190923690796,1,False,False,1
C000000002__SWE02_SW_data_28-April-2026_10-12-32,26,0.9867955801105119,0.3779832124710083,0.33908283710479736,1,False,False,1
C000000002__SWE02_SW_data_28-April-2026_10-12-32,26,0.9957458563535801,0.27271848917007446,0.14824753999710083,1,True,True,0
C000000002__SWE02_SW_data_28-April-2026_10-12-32,26,0.007063930544648657,0.25184518098831177,0.2743310332298279,1,True,True,0
C000000002__SWE02_SW_data_28-April-2026_10-12-32,26,0.016014206787716853,0.23212862014770508,0.25134265422821045,1,True,True,0
C000000002__SWE02_SW_data_28-April-2026_10-12-32,26,0.024964483030785047,0.20534855127334595,0.180223286151886,1,True,True,0
C000000002__SWE02_SW_data_28-April-2026_10-12-32,26,0.033914759273945126,0.2513200044631958,0.28609800338745117,1,True,True,0
C000000002__SWE02_SW_data_28-April-2026_10-12-32,26,0.042865035517013324,0.30782997608184814,0.3680594563484192,1,True,True,0
C000000002__SWE02_SW_data_28-April-2026_10-12-32,26,0.051815311760081514,0.35471946001052856,0.36682382225990295,1,True,True,0
C000000002__SWE02_SW_data_28-April-2026_10-12-32,26,0.06076558800314971,0.35517454147338867,0.21574074029922485,1,True,True,0
C000000002__SWE02_SW_data_28-April-2026_10-12-32,26,0.0697158642463098,0.369808554649353,0.1754482388496399,1,True,True,0
C000000002__SWE02_SW_data_28-April-2026_10-12-32,26,0.07866614048937799,0.38448989391326904,0.25445371866226196,1,True,True,0
C000000002__SWE02_SW_data_28-April-2026_10-12-32,26,0.08761641673244618,0.4140012264251709,0.26472747325897217,1,True,True,0
C000000002__SWE02_SW_data_28-April-2026_10-12-32,26,0.09656669297560626,0.42989587783813477,0.3150314390659332,1,True,True,0
C000000002__SWE02_SW_data_28-April-2026_10-12-32,26,0.10551696921867446,0.45254677534103394,0.3985280990600586,1,True,True,0
C000000002__SWE02_SW_data_28-April-2026_10-12-32,26,0.11446724546174265,0.44737160205841064,0.5222524404525757,1,True,True,0
C000000002__SWE02_SW_data_28-April-2026_10-12-32,26,0.12341752170481085,0.5528483986854553,0.2672575116157532,1,False,False,1
C000000002__SWE02_SW_data_28-April-2026_10-12-32,26,0.13236779794797093,0.621537059545517,0.3801383376121521,1,True,True,0
C000000002__SWE02_SW_data_28-April-2026_10-12-32,26,0.14131807419103912,0.508906364440918,0.5415855050086975,1,True,True,0
C000000002__SWE02_SW_data_28-April-2026_10-12-32,26,0.15026835043410733,0.5018558204174042,0.432255357503891,1,True,True,0
C000000002__SWE02_SW_data_28-April-2026_10-12-32,26,0.15921862667726738,0.46432268619537354,0.35927045345306396,1,True,True,0
C000000002__SWE02_SW_data_28-April-2026_10-12-32,26,0.1681689029203356,0.41047632694244385,0.3249921202659607,1,True,True,0
C000000002__SWE02_SW_data_28-April-2026_10-12-32,26,0.17711917916340378,0.40434789657592773,0.22582250833511353,1,True,True,0
C000000002__SWE02_SW_data_28-April-2026_10-12-32,26,0.186069455406472,0.3462691903114319,0.21717041730880737,1,False,False,1
C000000002__SWE02_SW_data_28-April-2026_10-12-32,26,0.19501973164963207,0.3142912983894348,0.23798680305480957,1,True,True,0
C000000002__SWE02_SW_data_28-April-2026_10-12-32,26,0.20397000789270026,0.2884707450866699,0.14792633056640625,1,True,True,0
C000000002__SWE02_SW_data_28-April-2026_10-12-32,26,0.21292028413576844,0.24775099754333496,0.1534598469734192,1,False,False,1
C000000002__SWE02_SW_data_28-April-2026_10-12-32,26,0.22187056037883665,0.16440999507904053,0.09430301189422607,1,True,True,0
C000000002__SWE02_SW_data_28-April-2026_10-12-32,26,0.23082083662199673,0.17556887865066528,0.056757330894470215,1,True,True,0
C000000002__SWE02_SW_data_28-April-2026_10-12-32,26,0.23977111286506492,0.15415692329406738,0.046537697315216064,1,False,False,1
C000000002__SWE02_SW_data_28-April-2026_10-12-32,26,0.24872138910813313,0.12440872192382812,0.019859015941619873,1,False,False,1
C000000002__SWE02_SW_data_28-April-2026_10-12-32,26,0.2576716653512932,0.12525856494903564,0.0033231377601623535,1,True,True,0
C000000002__SWE02_SW_data_28-April-2026_10-12-32,26,0.26662194159436137,0.09461814165115356,0.0864914059638977,1,False,False,1
C000000002__SWE02_SW_data_28-April-2026_10-12-32,26,0.2755722178374296,0.08582127094268799,0.08835011720657349,1,False,False,1
C000000002__SWE02_SW_data_28-April-2026_10-12-32,26,0.2845224940804978,0.08424055576324463,0.08390837907791138,1,True,True,0
C000000002__SWE02_SW_data_28-April-2026_10-12-32,26,0.29347277032365787,0.09777605533599854,0.08797562122344971,1,True,True,0
C000000002__SWE02_SW_data_28-April-2026_10-12-32,26,0.30242304656672603,0.07821774482727051,0.0836140513420105,1,True,True,0
C000000002__SWE02_SW_data_28-April-2026_10-12-32,26,0.31137332280979424,0.12232470512390137,0.07866430282592773,1,False,False,1
C000000002__SWE02_SW_data_28-April-2026_10-12-32,26,0.3203235990529543,0.1636108160018921,0.08430624008178711,1,False,False,1
C000000002__SWE02_SW_data_28-April-2026_10-12-32,26,0.32927387529602253,0.16471636295318604,0.06107652187347412,1,True,True,0
C000000002__SWE02_SW_data_28-April-2026_10-12-32,26,0.33822415153909074,0.11814737319946289,0.055436551570892334,1,True,True,0
C000000002__SWE02_SW_data_28-April-2026_10-12-32,26,0.3471744277821589,0.1721055507659912,0.023202896118164062,1,True,True,0
C000000002__SWE02_SW_data_28-April-2026_10-12-32,26,0.356124704025319,0.13665103912353516,0.07247841358184814,1,True,True,0
C000000002__SWE02_SW_data_28-April-2026_10-12-32,26,0.3650749802683872,0.23357319831848145,0.09023356437683105,1,True,True,0
C000000002__SWE02_SW_data_28-April-2026_10-12-32,26,0.3740252565114554,0.3355621099472046,0.07270151376724243,1,False,False,1
C000000002__SWE02_SW_data_28-April-2026_10-12-32,26,0.38297553275461543,0.3872720003128052,0.06549566984176636,1,True,True,0
C000000002__SWE02_SW_data_28-April-2026_10-12-32,26,0.39192580899768364,0.493766188621521,0.09018439054489136,1,True,True,0
C000000002__SWE02_SW_data_28-April-2026_10-12-32,26,0.40087608524075186,0.4133228063583374,0.14494997262954712,1,True,True,0
C000000002__SWE02_SW_data_28-April-2026_10-12-32,26,0.40982636148382007,0.3076789379119873,0.11497360467910767,1,True,True,0
C000000002__SWE02_SW_data_28-April-2026_10-12-32,26,0.41877663772698015,0.1549396514892578,0.32533544301986694,1,True,True,0
C000000002__SWE02_SW_data_28-April-2026_10-12-32,26,0.4277269139700483,0.0,0.3582361936569214,1,True,True,0
C000000002__SWE02_SW_data_28-April-2026_10-13-12,26,0.27576659038903734,0.1013484001159668,0.09084445238113403,1,True,True,0
C000000002__SWE02_SW_data_28-April-2026_10-13-12,26,0.2844164759725365,0.11675405502319336,0.10246765613555908,1,True,True,0
C000000002__SWE02_SW_data_28-April-2026_10-13-12,26,0.2930663615561245,0.1197543740272522,0.08820736408233643,1,True,True,0
C000000002__SWE02_SW_data_28-April-2026_10-13-12,26,0.30171624713962364,0.16893267631530762,0.0927157998085022,1,False,False,1
C000000002__SWE02_SW_data_28-April-2026_10-13-12,26,0.3103661327231228,0.14600199460983276,0.0812881588935852,1,True,True,0
C000000002__SWE02_SW_data_28-April-2026_10-13-12,26,0.3190160183067107,0.14033198356628418,0.07310938835144043,1,True,True,0
C000000002__SWE02_SW_data_28-April-2026_10-13-12,26,0.3276659038902099,0.13466918468475342,0.061722755432128906,1,True,True,0
C000000002__SWE02_SW_data_28-April-2026_10-13-12,26,0.33631578947370905,0.15506315231323242,0.04305100440979004,1,True,True,0
C000000002__SWE02_SW_data_28-April-2026_10-13-12,26,0.34496567505720827,0.16821885108947754,0.06603312492370605,1,True,True,0
C000000002__SWE02_SW_data_28-April-2026_10-13-12,26,0.3536155606407962,0.2311617136001587,0.06640666723251343,1,True,True,0
C000000002__SWE02_SW_data_28-April-2026_10-13-12,26,0.36226544622429535,0.3598853349685669,0.05955725908279419,1,False,False,1
C000000002__SWE02_SW_data_28-April-2026_10-13-12,26,0.3709153318077945,0.4536375403404236,0.052203595638275146,1,True,True,0
C000000002__SWE02_SW_data_28-April-2026_10-13-12,26,0.3795652173912937,0.49943971633911133,0.09835487604141235,1,True,True,0
C000000002__SWE02_SW_data_28-April-2026_10-13-12,26,0.38821510297488165,0.5498258471488953,0.15299248695373535,1,True,True,0
C000000002__SWE02_SW_data_28-April-2026_10-13-12,26,0.3968649885583808,0.521630048751831,0.10186749696731567,1,True,True,0
C000000002__SWE02_SW_data_28-April-2026_10-13-12,26,0.40551487414188,0.6148443818092346,0.20962059497833252,1,True,True,0
C000000002__SWE02_SW_data_28-April-2026_10-13-12,26,0.41416475972546796,0.5183324217796326,0.379584938287735,1,True,True,0
C000000002__SWE02_SW_data_28-April-2026_10-13-12,26,0.4228146453089671,0.6170327365398407,0.39729541540145874,1,False,False,1
C000000002__SWE02_SW_data_28-April-2026_10-13-12,26,0.4314645308924663,0.5970493853092194,0.560350239276886,1,True,True,0
C000000002__SWE02_SW_data_28-April-2026_10-13-12,26,0.44011441647596544,0.5203261077404022,0.6376275420188904,1,True,True,0
C000000002__SWE02_SW_data_28-April-2026_10-13-12,26,0.4487643020595534,0.545630156993866,0.5186672210693359,1,True,True,0
C000000002__SWE02_SW_data_28-April-2026_10-13-12,26,0.4574141876430526,0.5070452392101288,0.45844709873199463,1,True,True,0
C000000002__SWE02_SW_data_28-April-2026_10-13-12,26,0.46606407322655174,0.6474242508411407,0.339764267206192,1,True,True,0
C000000002__SWE02_SW_data_28-April-2026_10-13-12,26,0.47471395881013967,0.5777618587017059,0.25925585627555847,1,True,True,0
C000000002__SWE02_SW_data_28-April-2026_10-13-12,26,0.48336384439363883,0.5855422019958496,0.16708290576934814,1,True,True,0
C000000002__SWE02_SW_data_28-April-2026_10-13-12,26,0.492013729977138,0.5940609276294708,0.18753713369369507,1,True,True,0
C000000002__SWE02_SW_data_28-April-2026_10-13-12,26,0.5006636155606372,0.48413193225860596,0.12974339723587036,1,True,True,0
C000000002__SWE02_SW_data_28-April-2026_10-13-12,26,0.5093135011442251,0.42709052562713623,0.015693843364715576,1,True,True,0
C000000002__SWE02_SW_data_28-April-2026_10-13-12,26,0.5179633867277244,0.328668475151062,0.11202776432037354,1,True,True,0
C000000002__SWE02_SW_data_28-April-2026_10-13-12,26,0.5266132723112235,0.28481411933898926,0.13013231754302979,1,True,True,0
C000000002__SWE02_SW_data_28-April-2026_10-13-12,26,0.5352631578948114,0.26023173332214355,0.16177427768707275,1,True,True,0
C000000002__SWE02_SW_data_28-April-2026_10-13-12,26,0.5439130434783106,0.33201897144317627,0.1368412971496582,1,False,False,1
C000000002__SWE02_SW_data_28-April-2026_10-13-12,26,0.5525629290618098,0.3256394863128662,0.16362780332565308,1,True,True,0
C000000002__SWE02_SW_data_28-April-2026_10-13-12,26,0.5612128146453089,0.3451073169708252,0.11430919170379639,1,True,True,0
C000000002__SWE02_SW_data_28-April-2026_10-13-12,26,0.5698627002288968,0.322678804397583,0.08564937114715576,1,False,False,1
C000000002__SWE02_SW_data_28-April-2026_10-13-12,26,0.5785125858123961,0.395141065120697,0.08658963441848755,1,False,False,1
C000000002__SWE02_SW_data_28-April-2026_10-13-12,26,0.5871624713958952,0.35266804695129395,0.025293827056884766,1,True,True,0
C000000002__SWE02_SW_data_28-April-2026_10-13-12,26,0.5958123569793944,0.332516074180603,0.0023459792137145996,1,False,False,10
C000000002__SWE02_SW_data_28-April-2026_10-13-12,26,0.6044622425629823,0.29813599586486816,0.007094442844390869,1,False,False,6
C000000002__SWE02_SW_data_28-April-2026_10-13-12,26,0.6131121281464815,0.30867570638656616,0.0030975937843322754,1,False,False,11
C000000002__SWE02_SW_data_28-April-2026_10-13-12,26,0.6217620137299806,0.25260889530181885,0.01509392261505127,1,False,False,1
C000000002__SWE02_SW_data_28-April-2026_10-13-12,26,0.6304118993135687,0.2703756093978882,0.004945516586303711,1,False,False,10
C000000002__SWE02_SW_data_28-April-2026_10-13-12,26,0.6390617848970678,0.26694196462631226,0.02881920337677002,1,True,True,0
C000000002__SWE02_SW_data_28-April-2026_10-13-12,26,0.647711670480567,0.23127341270446777,0.03236585855484009,1,True,True,0
C000000002__SWE02_SW_data_28-April-2026_10-13-12,26,0.6563615560640661,0.2403503656387329,0.012306928634643555,1,True,True,0
C000000002__SWE02_SW_data_28-April-2026_10-13-12,26,0.6650114416476541,0.25234705209732056,0.006873667240142822,1,False,False,1
C000000002__SWE02_SW_data_28-April-2026_10-13-12,26,0.6736613272311532,0.22806060314178467,0.013651847839355469,1,False,False,4
C000000002__SWE02_SW_data_28-April-2026_10-13-12,26,0.6823112128146525,0.24534004926681519,0.005141079425811768,1,False,False,4
C000000002__SWE02_SW_data_28-April-2026_10-13-12,26,0.6909610983982404,0.23885726928710938,0.012519359588623047,1,False,False,3
C000000002__SWE02_SW_data_28-April-2026_10-13-12,26,0.6996109839817395,0.25738221406936646,0.004010498523712158,1,False,False,3
C000000002__SWE02_SW_data_28-April-2026_10-13-12,26,0.7082608695652387,0.22372746467590332,0.01915740966796875,1,False,False,3
C000000002__SWE02_SW_data_28-April-2026_10-13-12,26,0.7169107551487379,0.2053694725036621,0.03374159336090088,1,False,False,3
C000000002__SWE02_SW_data_28-April-2026_10-13-12,26,0.7255606407323258,0.19802379608154297,0.045955777168273926,1,False,False,2
C000000002__SWE02_SW_data_28-April-2026_10-13-12,26,0.734210526315825,0.1922626495361328,0.025701284408569336,1,False,False,2
C000000002__SWE02_SW_data_28-April-2026_10-13-12,26,0.7428604118993242,0.17320919036865234,0.0018694400787353516,1,False,False,2
C000000002__SWE02_SW_data_28-April-2026_10-13-12,26,0.7515102974829121,0.17365050315856934,0.012173473834991455,1,False,False,1
C000000002__SWE02_SW_data_28-April-2026_10-13-12,26,0.7601601830664113,0.17738193273544312,0.03364837169647217,1,False,False,1
C000000002__SWE02_SW_data_28-April-2026_10-13-12,26,0.7688100686499104,0.16351687908172607,0.02928704023361206,1,False,False,1
C000000002__SWE02_SW_data_28-April-2026_10-13-12,26,0.7774599542334096,0.1298917531967163,0.012079775333404541,1,False,False,1
C000000002__SWE02_SW_data_28-April-2026_10-13-12,26,0.7861098398169976,0.10795611143112183,0.03266698122024536,1,True,True,0
C000000002__SWE02_SW_data_28-April-2026_10-13-12,26,0.7947597254004968,-1.1920928955078125e-07,0.014371633529663086,1,True,True,0
C000000002__SWE02_SW_data_28-April-2026_10-13-45,26,0.0011570881226125006,0.2592347264289856,0.17864584922790527,1,True,True,0
C000000002__SWE02_SW_data_28-April-2026_10-13-45,26,0.009846743295090523,0.2603473663330078,0.16701269149780273,1,True,True,0
C000000002__SWE02_SW_data_28-April-2026_10-13-45,26,0.01853639846747934,0.27148735523223877,0.12151795625686646,1,True,True,0
C000000002__SWE02_SW_data_28-April-2026_10-13-45,26,0.02722605363986815,0.219637930393219,0.15988999605178833,1,True,True,0
C000000002__SWE02_SW_data_28-April-2026_10-13-45,26,0.03591570881225697,0.2593382000923157,0.19339019060134888,1,True,True,0
C000000002__SWE02_SW_data_28-April-2026_10-13-45,26,0.04460536398473499,0.3215208053588867,0.17999273538589478,1,True,True,0
C000000002__SWE02_SW_data_28-April-2026_10-13-45,26,0.053295019157123806,0.3121575117111206,0.09906381368637085,1,False,False,1
C000000002__SWE02_SW_data_28-April-2026_10-13-45,26,0.06198467432951262,0.3598141670227051,0.10899531841278076,1,True,True,0
C000000002__SWE02_SW_data_28-April-2026_10-13-45,26,0.07067432950199064,0.310404896736145,0.1806979775428772,1,True,True,0
C000000002__SWE02_SW_data_28-April-2026_10-13-45,26,0.07936398467437945,0.40152406692504883,0.20240050554275513,1,True,True,0
C000000002__SWE02_SW_data_28-April-2026_10-13-45,26,0.08805363984676827,0.4047675132751465,0.19273805618286133,1,True,True,0
C000000002__SWE02_SW_data_28-April-2026_10-13-45,26,0.09674329501915709,0.4469214081764221,0.23519191145896912,1,True,True,0
C000000002__SWE02_SW_data_28-April-2026_10-13-45,26,0.10543295019163511,0.5590289235115051,0.25026777386665344,1,True,True,0
C000000002__SWE02_SW_data_28-April-2026_10-13-45,26,0.11412260536402392,0.6641232371330261,0.23231059312820435,1,True,True,0
C000000002__SWE02_SW_data_28-April-2026_10-13-45,26,0.12281226053641274,0.6852966547012329,0.23671948909759521,1,True,True,0
C000000002__SWE02_SW_data_28-April-2026_10-13-45,26,0.13150191570880154,0.6252387762069702,0.35442495346069336,1,True,True,0
C000000002__SWE02_SW_data_28-April-2026_10-13-45,26,0.14019157088127956,0.6549153923988342,0.1700085997581482,1,False,False,1
C000000002__SWE02_SW_data_28-April-2026_10-13-45,26,0.14888122605366838,0.5295827090740204,0.42388254404067993,1,True,True,0
C000000002__SWE02_SW_data_28-April-2026_10-13-45,26,0.1575708812260572,0.5560217499732971,0.4332857131958008,1,True,True,0
C000000002__SWE02_SW_data_28-April-2026_10-13-45,26,0.16626053639853522,0.4894348382949829,0.25095656514167786,1,True,True,0
C000000002__SWE02_SW_data_28-April-2026_10-13-45,26,0.17495019157092404,0.40830689668655396,0.28650417923927307,1,False,False,1
C000000002__SWE02_SW_data_28-April-2026_10-13-45,26,0.18363984674331285,0.43051058053970337,0.27912071347236633,1,True,True,0
C000000002__SWE02_SW_data_28-April-2026_10-13-45,26,0.19232950191570167,0.37019264698028564,0.162098228931427,1,True,True,0
C000000002__SWE02_SW_data_28-April-2026_10-13-45,26,0.2010191570881797,0.2728816270828247,0.21168071031570435,1,False,False,1
C000000002__SWE02_SW_data_28-April-2026_10-13-45,26,0.2097088122605685,0.2328035831451416,0.14910143613815308,1,True,True,0
C000000002__SWE02_SW_data_28-April-2026_10-13-45,26,0.21839846743295732,0.23185724020004272,0.11809432506561279,1,True,True,0
C000000002__SWE02_SW_data_28-April-2026_10-13-45,26,0.22708812260543534,0.15116631984710693,0.02083563804626465,1,False,False,1
C000000002__SWE02_SW_data_28-April-2026_10-13-45,26,0.23577777777782416,0.12187826633453369,0.0315244197845459,1,False,False,1
C000000002__SWE02_SW_data_28-April-2026_10-13-45,26,0.24446743295021298,0.1452174186706543,0.015051305294036865,1,True,True,0
C000000002__SWE02_SW_data_28-April-2026_10-13-45,26,0.2531570881226018,0.12105238437652588,0.1269245147705078,1,False,False,1
C000000002__SWE02_SW_data_28-April-2026_10-13-45,26,0.26184674329507984,0.10871613025665283,0.1158713698387146,1,False,False,1
C000000002__SWE02_SW_data_28-April-2026_10-13-45,26,0.27053639846746863,0.10031723976135254,0.13216185569763184,1,True,True,0
C000000002__SWE02_SW_data_28-April-2026_10-13-45,26,0.2792260536398575,0.1168292760848999,0.1691097617149353,1,True,True,0
C000000002__SWE02_SW_data_28-April-2026_10-13-45,26,0.28791570881233547,0.14249420166015625,0.1741194725036621,1,True,True,0
C000000002__SWE02_SW_data_28-April-2026_10-13-45,26,0.2966053639847243,0.16114062070846558,0.1548439860343933,1,False,False,1
C000000002__SWE02_SW_data_28-April-2026_10-13-45,26,0.3052950191571131,0.18094795942306519,0.09681868553161621,1,True,True,0
C000000002__SWE02_SW_data_28-April-2026_10-13-45,26,0.3139846743295019,0.1965397596359253,0.09725087881088257,1,True,True,0
C000000002__SWE02_SW_data_28-April-2026_10-13-45,26,0.32267432950197994,0.2046910524368286,0.12009227275848389,1,True,True,0
C000000002__SWE02_SW_data_28-April-2026_10-13-45,26,0.33136398467436873,0.1936185359954834,0.09413349628448486,1,False,False,1
C000000002__SWE02_SW_data_28-April-2026_10-13-45,26,0.34005363984675757,0.18439239263534546,0.07217156887054443,1,True,True,0
C000000002__SWE02_SW_data_28-April-2026_10-13-45,26,0.34874329501914636,0.2825000286102295,0.06985729932785034,1,True,True,0
C000000002__SWE02_SW_data_28-April-2026_10-13-45,26,0.3574329501916244,0.30761003494262695,0.12094146013259888,1,False,False,1
C000000002__SWE02_SW_data_28-April-2026_10-13-45,26,0.3661226053640132,0.40949201583862305,0.09766131639480591,1,True,True,0
C000000002__SWE02_SW_data_28-April-2026_10-13-45,26,0.37481226053640204,0.40878379344940186,0.11147058010101318,1,True,True,0
C000000002__SWE02_SW_data_28-April-2026_10-13-45,26,0.38350191570888004,0.4924697279930115,0.19489580392837524,1,True,True,0
C000000002__SWE02_SW_data_28-April-2026_10-13-45,26,0.3921915708812689,0.5815781354904175,0.14214026927947998,1,False,False,1
C000000002__SWE02_SW_data_28-April-2026_10-13-45,26,0.40088122605365767,0.5933094620704651,0.3029085397720337,1,True,True,0
C000000002__SWE02_SW_data_28-April-2026_10-13-45,26,0.4095708812260465,0.6311837434768677,0.21875637769699097,1,True,True,0
C000000002__SWE02_SW_data_28-April-2026_10-13-45,26,0.4182605363985245,0.7233275771141052,0.2009161114692688,1,False,False,1
C000000002__SWE02_SW_data_28-April-2026_10-13-45,26,0.42695019157091335,0.7338563799858093,0.35809049010276794,1,True,True,0
C000000002__SWE02_SW_data_28-April-2026_10-13-45,26,0.43563984674330214,0.7181943655014038,0.573883056640625,1,True,True,0
C000000002__SWE02_SW_data_28-April-2026_10-13-45,26,0.4443295019157802,0.586906909942627,0.449184775352478,1,True,True,0
C000000002__SWE02_SW_data_28-April-2026_10-13-45,26,0.453019157088169,0.5789598822593689,0.22550725936889648,1,False,False,1
C000000002__SWE02_SW_data_28-April-2026_10-13-45,26,0.4617088122605578,0.5205516219139099,0.3695571720600128,1,True,True,0
C000000002__SWE02_SW_data_28-April-2026_10-13-45,26,0.4703984674329466,0.5382038354873657,0.25690609216690063,1,True,True,0
C000000002__SWE02_SW_data_28-April-2026_10-13-45,26,0.47908812260542466,0.6046483516693115,0.2544535994529724,1,True,True,0
C000000002__SWE02_SW_data_28-April-2026_10-13-45,26,0.48777777777781345,0.5730843245983124,0.2660796642303467,1,True,True,0
C000000002__SWE02_SW_data_28-April-2026_10-13-45,26,0.4964674329502023,0.49883580207824707,0.17579108476638794,1,True,True,0
C000000002__SWE02_SW_data_28-April-2026_10-13-45,26,0.5051570881226803,0.40248292684555054,0.06428056955337524,1,False,False,1
C000000002__SWE02_SW_data_28-April-2026_10-13-45,26,0.5138467432950691,0.39550501108169556,0.0842546820640564,1,True,True,0
C000000002__SWE02_SW_data_28-April-2026_10-13-45,26,0.5225363984674579,0.33068597316741943,0.025832056999206543,1,True,True,0
C000000002__SWE02_SW_data_28-April-2026_10-13-45,26,0.5312260536398468,0.3070865869522095,0.232025146484375,1,False,False,1
C000000002__SWE02_SW_data_28-April-2026_10-13-45,26,0.5399157088123248,0.2730036973953247,0.21551287174224854,1,True,True,0
C000000002__SWE02_SW_data_28-April-2026_10-13-45,26,0.5486053639847136,-1.1920928955078125e-07,0.1323031187057495,1,False,False,1
C000000002__SWE02_SW_data_28-April-2026_10-14-30,26,0.8321494542402047,0.22686368227005005,0.03657740354537964,1,True,True,0
C000000002__SWE02_SW_data_28-April-2026_10-14-30,26,0.8416708648195225,0.2091008424758911,0.050713181495666504,1,False,False,1
C000000002__SWE02_SW_data_28-April-2026_10-14-30,26,0.8511922753988401,0.2249196171760559,0.042874932289123535,1,False,False,1
C000000002__SWE02_SW_data_28-April-2026_10-14-30,26,0.8607136859781579,0.2246919870376587,0.05526602268218994,1,False,False,1
C000000002__SWE02_SW_data_28-April-2026_10-14-30,26,0.8702350965575734,0.23728078603744507,0.019842684268951416,1,True,True,0
C000000002__SWE02_SW_data_28-April-2026_10-14-30,26,0.879756507136891,0.23045027256011963,0.04480618238449097,1,True,True,0
C000000002__SWE02_SW_data_28-April-2026_10-14-30,26,0.8892779177162088,0.2575336694717407,0.03402203321456909,1,True,True,0
C000000002__SWE02_SW_data_28-April-2026_10-14-30,26,0.8987993282956243,0.27541446685791016,0.026494324207305908,1,False,False,1
C000000002__SWE02_SW_data_28-April-2026_10-14-30,26,0.9083207388749419,0.32647836208343506,0.009399175643920898,1,False,False,3
C000000002__SWE02_SW_data_28-April-2026_10-14-30,26,0.9178421494542597,0.3854947090148926,0.0009207725524902344,1,False,False,1
C000000002__SWE02_SW_data_28-April-2026_10-14-30,26,0.9273635600335774,0.4465678930282593,0.016749024391174316,1,False,False,1
C000000002__SWE02_SW_data_28-April-2026_10-14-30,26,0.9368849706129929,0.4010195732116699,0.030792176723480225,1,True,True,0
C000000002__SWE02_SW_data_28-April-2026_10-14-30,26,0.9464063811923106,0.362373948097229,0.0739365816116333,1,True,True,0
C000000002__SWE02_SW_data_28-April-2026_10-14-30,26,0.9559277917716283,0.3421939015388489,0.008430659770965576,1,False,False,1
C000000002__SWE02_SW_data_28-April-2026_10-14-30,26,0.9654492023510438,0.41827666759490967,0.12888723611831665,1,True,True,0
C000000002__SWE02_SW_data_28-April-2026_10-14-30,26,0.9749706129303615,0.328870952129364,0.11242830753326416,1,True,True,0
C000000002__SWE02_SW_data_28-April-2026_10-14-30,26,0.9844920235096792,0.3587043285369873,0.09582012891769409,1,False,False,1
C000000002__SWE02_SW_data_28-April-2026_10-14-30,26,0.9940134340889969,0.37298834323883057,0.11438441276550293,1,False,False,1
C000000002__SWE02_SW_data_28-April-2026_10-14-30,26,1.0035348446684125,0.3147646188735962,0.12607067823410034,1,True,True,0
C000000002__SWE02_SW_data_28-April-2026_10-14-30,26,0.011662468513865635,0.2911112308502197,0.07446330785751343,1,False,False,1
C000000002__SWE02_SW_data_28-April-2026_10-14-30,26,0.021183879093281097,0.2497878074645996,0.16888266801834106,1,True,True,0
C000000002__SWE02_SW_data_28-April-2026_10-14-30,26,0.030705289672598817,0.2444847822189331,0.17691779136657715,1,True,True,0
C000000002__SWE02_SW_data_28-April-2026_10-14-30,26,0.04022670025191654,0.28731513023376465,0.14363455772399902,1,False,False,1
C000000002__SWE02_SW_data_28-April-2026_10-14-30,26,0.04974811083123426,0.2933042645454407,0.08669936656951904,1,True,True,0
C000000002__SWE02_SW_data_28-April-2026_10-14-30,26,0.05926952141064972,0.3419349193572998,0.09521955251693726,1,True,True,0
C000000002__SWE02_SW_data_28-April-2026_10-14-30,26,0.06879093198996744,0.3734331727027893,0.05923110246658325,1,True,True,0
C000000002__SWE02_SW_data_28-April-2026_10-14-30,26,0.07831234256928517,0.2878485321998596,0.10331964492797852,1,True,True,0
C000000002__SWE02_SW_data_28-April-2026_10-14-30,26,0.08783375314860288,0.3435995578765869,0.1195148229598999,1,True,True,0
C000000002__SWE02_SW_data_28-April-2026_10-14-30,26,0.09735516372801835,0.4100273847579956,0.12489920854568481,1,True,True,0
C000000002__SWE02_SW_data_28-April-2026_10-14-30,26,0.10687657430733606,0.48436862230300903,0.18418455123901367,1,True,True,0
C000000002__SWE02_SW_data_28-April-2026_10-14-30,26,0.11639798488665379,0.5653127431869507,0.26472675800323486,1,True,True,0
C000000002__SWE02_SW_data_28-April-2026_10-14-30,26,0.12591939546606926,0.6607342958450317,0.17380064725875854,1,True,True,0
C000000002__SWE02_SW_data_28-April-2026_10-14-30,26,0.13544080604538697,0.7286739945411682,0.25327831506729126,1,True,True,0
C000000002__SWE02_SW_data_28-April-2026_10-14-30,26,0.14496221662470468,0.7669548988342285,0.2473854124546051,1,True,True,0
C000000002__SWE02_SW_data_28-April-2026_10-14-30,26,0.1544836272040224,0.7480247020721436,0.33231475949287415,1,True,True,0
C000000002__SWE02_SW_data_28-April-2026_10-14-30,26,0.16400503778343786,0.6697034239768982,0.2916066646575928,1,True,True,0
C000000002__SWE02_SW_data_28-April-2026_10-14-30,26,0.1735264483627556,0.6003618240356445,0.3510468304157257,1,True,True,0
C000000002__SWE02_SW_data_28-April-2026_10-14-30,26,0.18304785894207332,0.5205492973327637,0.2763156294822693,1,True,True,0
C000000002__SWE02_SW_data_28-April-2026_10-14-30,26,0.19256926952148878,0.4377179741859436,0.28881990909576416,1,False,False,1
C000000002__SWE02_SW_data_28-April-2026_10-14-30,26,0.2020906801008065,0.40858757495880127,0.2706114649772644,1,False,False,1
C000000002__SWE02_SW_data_28-April-2026_10-14-30,26,0.2116120906801242,0.3096546530723572,0.25803351402282715,1,True,True,0
C000000002__SWE02_SW_data_28-April-2026_10-14-30,26,0.22113350125944192,0.22401702404022217,0.10709810256958008,1,True,True,0
C000000002__SWE02_SW_data_28-April-2026_10-14-30,26,0.2306549118388574,0.18044084310531616,0.06624782085418701,1,False,False,1
C000000002__SWE02_SW_data_28-April-2026_10-14-30,26,0.24017632241817513,0.18062210083007812,0.07063394784927368,1,True,True,0
C000000002__SWE02_SW_data_28-April-2026_10-14-30,26,0.24969773299749284,0.15220820903778076,0.06107902526855469,1,True,True,0
C000000002__SWE02_SW_data_28-April-2026_10-14-30,26,0.2592191435769083,0.13049226999282837,0.04063379764556885,1,False,False,1
C000000002__SWE02_SW_data_28-April-2026_10-14-30,26,0.268740554156226,0.1185564398765564,0.059196650981903076,1,False,False,1
C000000002__SWE02_SW_data_28-April-2026_10-14-30,26,0.27826196473554377,0.09821605682373047,0.057698190212249756,1,True,True,0
C000000002__SWE02_SW_data_28-April-2026_10-14-30,26,0.2877833753148615,0.09619873762130737,0.07953590154647827,1,True,True,0
C000000002__SWE02_SW_data_28-April-2026_10-14-30,26,0.29730478589427695,0.09062004089355469,0.07641208171844482,1,True,True,0
C000000002__SWE02_SW_data_28-April-2026_10-14-30,26,0.30682619647359466,0.10097688436508179,0.12391018867492676,1,True,True,0
C000000002__SWE02_SW_data_28-April-2026_10-14-30,26,0.31634760705291237,0.11698055267333984,0.12273293733596802,1,True,True,0
C000000002__SWE02_SW_data_28-April-2026_10-14-30,26,0.3258690176322301,0.1588442325592041,0.1591605544090271,1,True,True,0
C000000002__SWE02_SW_data_28-April-2026_10-14-30,26,0.33539042821164555,0.18309807777404785,0.1571410894393921,1,False,False,1
C000000002__SWE02_SW_data_28-April-2026_10-14-30,26,0.34491183879096327,0.2109435796737671,0.023461222648620605,1,True,True,0
C000000002__SWE02_SW_data_28-April-2026_10-14-30,26,0.354433249370281,0.15606868267059326,0.0600016713142395,1,True,True,0
C000000002__SWE02_SW_data_28-April-2026_10-14-30,26,0.36395465994969645,0.1934272050857544,0.06993669271469116,1,True,True,0
C000000002__SWE02_SW_data_28-April-2026_10-14-30,26,0.37347607052901416,0.21047520637512207,0.09593164920806885,1,False,False,1
C000000002__SWE02_SW_data_28-April-2026_10-14-30,26,0.38299748110833187,0.2694786787033081,0.07414084672927856,1,True,True,0
C000000002__SWE02_SW_data_28-April-2026_10-14-30,26,0.3925188916876496,0.3535560369491577,0.11287719011306763,1,True,True,0
C000000002__SWE02_SW_data_28-April-2026_10-14-30,26,0.40204030226706505,0.4037742614746094,0.07910782098770142,1,False,False,2
C000000002__SWE02_SW_data_28-April-2026_10-14-30,26,0.4115617128463828,0.48060160875320435,0.11386710405349731,1,False,False,1
C000000002__SWE02_SW_data_28-April-2026_10-14-30,26,0.42108312342570053,0.5198224782943726,0.1474478840827942,1,True,True,0
C000000002__SWE02_SW_data_28-April-2026_10-14-30,26,0.430604534005116,0.5786336064338684,0.24510490894317627,1,True,True,0
C000000002__SWE02_SW_data_28-April-2026_10-14-30,26,0.4401259445844337,0.5768548846244812,0.13838177919387817,1,False,False,1
C000000002__SWE02_SW_data_28-April-2026_10-14-30,26,0.4496473551637514,0.6937676668167114,0.1514989733695984,1,True,True,0
C000000002__SWE02_SW_data_28-April-2026_10-14-30,26,0.45916876574306914,0.6574960350990295,0.39534056186676025,1,True,True,0
C000000002__SWE02_SW_data_28-April-2026_10-14-30,26,0.4686901763224846,0.7279754281044006,0.4688217043876648,1,False,False,1
C000000002__SWE02_SW_data_28-April-2026_10-14-30,26,0.4782115869018023,0.6605397462844849,0.46974289417266846,1,False,False,1
C000000002__SWE02_SW_data_28-April-2026_10-14-30,26,0.48773299748112003,0.5473957061767578,0.515048086643219,1,True,True,0
C000000002__SWE02_SW_data_28-April-2026_10-14-30,26,0.4972544080605355,0.5430219173431396,0.3885180950164795,1,True,True,0
C000000002__SWE02_SW_data_28-April-2026_10-14-30,26,0.5067758186398532,0.5064860582351685,0.25642624497413635,1,False,False,1
C000000002__SWE02_SW_data_28-April-2026_10-14-30,26,0.516297229219171,0.4490962028503418,0.18000662326812744,1,True,True,0
C000000002__SWE02_SW_data_28-April-2026_10-14-30,26,0.5258186397984886,0.3737492561340332,0.22172075510025024,1,True,True,0
C000000002__SWE02_SW_data_28-April-2026_10-14-30,26,0.5353400503779041,0.26021885871887207,0.07972288131713867,1,False,False,1
C000000002__SWE02_SW_data_28-April-2026_10-14-30,26,0.5448614609572219,-1.1920928955078125e-07,0.12707585096359253,1,True,True,0
C000000002__SWE02_SW_data_28-April-2026_10-17-52,26,0.6453696181966448,0.30091965198516846,0.03493154048919678,1,False,False,1
C000000002__SWE02_SW_data_28-April-2026_10-17-52,26,0.6545816409423536,0.3040066957473755,0.1333025097846985,1,True,True,0
C000000002__SWE02_SW_data_28-April-2026_10-17-52,26,0.6637936636880623,0.27185964584350586,0.11678314208984375,1,True,True,0
C000000002__SWE02_SW_data_28-April-2026_10-17-52,26,0.6730056864338655,0.2840351462364197,0.08027207851409912,1,True,True,0
C000000002__SWE02_SW_data_28-April-2026_10-17-52,26,0.6822177091795742,0.2469199299812317,0.08603489398956299,1,True,True,0
C000000002__SWE02_SW_data_28-April-2026_10-17-52,26,0.6914297319252829,0.2642320990562439,0.10261702537536621,1,True,True,0
C000000002__SWE02_SW_data_28-April-2026_10-17-52,26,0.7006417546709917,0.2809574007987976,0.10554200410842896,1,True,True,0
C000000002__SWE02_SW_data_28-April-2026_10-17-52,26,0.7098537774167949,0.32079970836639404,0.08408719301223755,1,False,False,1
C000000002__SWE02_SW_data_28-April-2026_10-17-52,26,0.7190658001625035,0.37400180101394653,0.10353446006774902,1,True,True,0
C000000002__SWE02_SW_data_28-April-2026_10-17-52,26,0.7282778229082123,0.3475383520126343,0.10431265830993652,1,True,True,0
C000000002__SWE02_SW_data_28-April-2026_10-17-52,26,0.7374898456540155,0.3923379182815552,0.10361981391906738,1,True,True,0
C000000002__SWE02_SW_data_28-April-2026_10-17-52,26,0.7467018683997242,0.3595396876335144,0.04897111654281616,1,False,False,1
C000000002__SWE02_SW_data_28-April-2026_10-17-52,26,0.755913891145433,0.3227740526199341,0.0330386757850647,1,False,False,2
C000000002__SWE02_SW_data_28-April-2026_10-17-52,26,0.7651259138911416,0.3059636354446411,0.0509648323059082,1,False,False,2
C000000002__SWE02_SW_data_28-April-2026_10-17-52,26,0.774337936636945,0.29852592945098877,0.056122541427612305,1,True,True,0
C000000002__SWE02_SW_data_28-April-2026_10-17-52,26,0.7835499593826536,0.3018602132797241,0.05130225419998169,1,False,False,1
C000000002__SWE02_SW_data_28-April-2026_10-17-52,26,0.7927619821283622,0.32177531719207764,0.037109315395355225,1,False,False,1
C000000002__SWE02_SW_data_28-April-2026_10-17-52,26,0.8019740048741656,0.239973783493042,0.056110680103302,1,False,False,1
C000000002__SWE02_SW_data_28-April-2026_10-17-52,26,0.8111860276198742,0.251850426197052,0.03550153970718384,1,True,True,0
C000000002__SWE02_SW_data_28-April-2026_10-17-52,26,0.8203980503655829,0.21262359619140625,0.027697980403900146,1,True,True,0
C000000002__SWE02_SW_data_28-April-2026_10-17-52,26,0.8296100731112916,0.23059284687042236,0.01784515380859375,1,True,True,0
C000000002__SWE02_SW_data_28-April-2026_10-17-52,26,0.8388220958570949,0.1969994306564331,0.016845285892486572,1,False,False,1
C000000002__SWE02_SW_data_28-April-2026_10-17-52,26,0.8480341186028036,0.19525045156478882,0.016971707344055176,1,False,False,1
C000000002__SWE02_SW_data_28-April-2026_10-17-52,26,0.8572461413485123,0.14957964420318604,0.01224672794342041,1,False,False,1
C000000002__SWE02_SW_data_28-April-2026_10-17-52,26,0.8664581640942209,0.17157185077667236,0.017519593238830566,1,False,False,1
C000000002__SWE02_SW_data_28-April-2026_10-17-52,26,0.8756701868400243,0.1832425594329834,0.016410112380981445,1,True,True,0
C000000002__SWE02_SW_data_28-April-2026_10-17-52,26,0.8848822095857329,0.18801891803741455,0.005518078804016113,1,True,True,0
C000000002__SWE02_SW_data_28-April-2026_10-17-52,26,0.8940942323314416,0.2607543468475342,0.025775671005249023,1,True,True,0
C000000002__SWE02_SW_data_28-April-2026_10-17-52,26,0.9033062550772449,0.3226456046104431,0.02820301055908203,1,False,False,1
C000000002__SWE02_SW_data_28-April-2026_10-17-52,26,0.9125182778229536,0.45272278785705566,0.021569669246673584,1,True,True,0
C000000002__SWE02_SW_data_28-April-2026_10-17-52,26,0.9217303005686623,0.515201061964035,0.02354806661605835,1,True,True,0
C000000002__SWE02_SW_data_28-April-2026_10-17-52,26,0.930942323314371,0.7448645234107971,0.06110435724258423,1,True,True,0
C000000002__SWE02_SW_data_28-April-2026_10-17-52,26,0.9401543460601742,0.8227488696575165,0.05802619457244873,1,False,False,1
C000000002__SWE02_SW_data_28-April-2026_10-17-52,26,0.949366368805883,0.6538423895835876,0.14370456337928772,1,False,False,1
C000000002__SWE02_SW_data_28-April-2026_10-17-52,26,0.9585783915515916,0.5240589678287506,0.292672336101532,1,True,True,0
C000000002__SWE02_SW_data_28-April-2026_10-17-52,26,0.9677904142973949,0.49834614992141724,0.4599336087703705,1,False,False,1
C000000002__SWE02_SW_data_28-April-2026_10-17-52,26,0.9770024370431036,0.5117566287517548,0.3285643458366394,1,False,False,1
C000000002__SWE02_SW_data_28-April-2026_10-17-52,26,0.9862144597888123,0.5126255750656128,0.26066434383392334,1,True,True,0
C000000002__SWE02_SW_data_28-April-2026_10-17-52,26,0.995426482534521,0.44240671396255493,0.30323436856269836,1,True,True,0
C000000002__SWE02_SW_data_28-April-2026_10-17-52,26,0.010877335499605175,0.489011287689209,0.24161463975906372,1,True,True,0
C000000002__SWE02_SW_data_28-April-2026_10-17-52,26,0.020089358245408438,0.44127267599105835,0.2165813446044922,1,True,True,0
C000000002__SWE02_SW_data_28-April-2026_10-17-52,26,0.029301380991117135,0.31480348110198975,0.09899246692657471,1,True,True,0
C000000002__SWE02_SW_data_28-April-2026_10-17-52,26,0.03851340373682583,0.27578747272491455,0.33242642879486084,1,True,True,0
C000000002__SWE02_SW_data_28-April-2026_10-17-52,26,0.04772542648253453,0.2763649821281433,0.3564240336418152,1,True,True,0
C000000002__SWE02_SW_data_28-April-2026_10-17-52,26,0.05693744922833779,0.29729223251342773,0.23708659410476685,1,True,True,0
C000000002__SWE02_SW_data_28-April-2026_10-17-52,26,0.06614947197404648,0.317510724067688,0.20772337913513184,1,True,True,0
C000000002__SWE02_SW_data_28-April-2026_10-17-52,26,0.07536149471975517,0.4003446102142334,0.16705065965652466,1,True,True,0
C000000002__SWE02_SW_data_28-April-2026_10-17-52,26,0.08457351746546388,0.5179791450500488,0.20419526100158691,1,True,True,0
C000000002__SWE02_SW_data_28-April-2026_10-17-52,26,0.09378554021126714,0.5332106947898865,0.21446233987808228,1,True,True,0
C000000002__SWE02_SW_data_28-April-2026_10-17-52,26,0.10299756295697583,0.577568382024765,0.14201879501342773,1,True,True,0
C000000002__SWE02_SW_data_28-April-2026_10-17-52,26,0.11220958570268454,0.5723642706871033,0.26312604546546936,1,True,True,0
C000000002__SWE02_SW_data_28-April-2026_10-17-52,26,0.12142160844848779,0.6415959298610687,0.34033823013305664,1,True,True,0
C000000002__SWE02_SW_data_28-April-2026_10-17-52,26,0.1306336311941965,0.610552191734314,0.3842158317565918,1,False,False,1
C000000002__SWE02_SW_data_28-April-2026_10-17-52,26,0.1398456539399052,0.5416917204856873,0.5622668862342834,1,True,True,0
C000000002__SWE02_SW_data_28-April-2026_10-17-52,26,0.14905767668561387,0.4462968111038208,0.41279876232147217,1,False,False,1
C000000002__SWE02_SW_data_28-April-2026_10-17-52,26,0.15826969943141714,0.43397557735443115,0.4237644076347351,1,False,False,1
C000000002__SWE02_SW_data_28-April-2026_10-17-52,26,0.16748172217712584,0.2810337543487549,0.25234687328338623,1,True,True,0
C000000002__SWE02_SW_data_28-April-2026_10-17-52,26,0.17669374492283454,0.2605845332145691,0.21460366249084473,1,True,True,0
C000000002__SWE02_SW_data_28-April-2026_10-17-52,26,0.1859057676686378,0.2302076816558838,0.2302829623222351,1,False,False,1
C000000002__SWE02_SW_data_28-April-2026_10-17-52,26,0.1951177904143465,0.16124165058135986,0.18974030017852783,1,True,True,0
C000000002__SWE02_SW_data_28-April-2026_10-17-52,26,0.2043298131600552,0.13530254364013672,0.14125359058380127,1,True,True,0
C000000002__SWE02_SW_data_28-April-2026_10-17-52,26,0.2135418359057639,0.12584710121154785,0.09074270725250244,1,True,True,0
C000000002__SWE02_SW_data_28-April-2026_10-17-52,26,0.22275385865156716,0.07676577568054199,0.07080399990081787,1,False,False,1
C000000002__SWE02_SW_data_28-April-2026_10-17-52,26,0.23196588139727584,0.07528412342071533,0.06422460079193115,1,True,True,0
C000000002__SWE02_SW_data_28-April-2026_10-17-52,26,0.24117790414298454,0.0692129135131836,0.055648863315582275,1,True,True,0
C000000002__SWE02_SW_data_28-April-2026_10-17-52,26,0.2503899268887878,0.0630151629447937,0.027116000652313232,1,True,True,0
C000000002__SWE02_SW_data_28-April-2026_10-17-52,26,0.2596019496344965,0.06197136640548706,0.018234610557556152,1,True,True,0
C000000002__SWE02_SW_data_28-April-2026_10-17-52,26,0.2688139723802052,0.04686605930328369,0.010471045970916748,1,False,False,1
C000000002__SWE02_SW_data_28-April-2026_10-17-52,26,0.2780259951259139,0.038433074951171875,0.007668673992156982,1,False,False,1
C000000002__SWE02_SW_data_28-April-2026_10-17-52,26,0.28723801787171716,0.025334060192108154,0.008702993392944336,1,False,False,1
C000000002__SWE02_SW_data_28-April-2026_10-17-52,26,0.29645004061742586,0.0,0.009558022022247314,1,True,True,0
C000000002__SWE02_SW_data_28-April-2026_10-18-32,26,0.9635215686274436,0.772886723279953,0.08298718929290771,1,True,True,0
C000000002__SWE02_SW_data_28-April-2026_10-18-32,26,0.9724156862743857,0.7379643023014069,0.08553209900856018,1,True,True,0
C000000002__SWE02_SW_data_28-April-2026_10-18-32,26,0.9813098039215102,0.6794772744178772,0.024314939975738525,1,False,False,1
C000000002__SWE02_SW_data_28-April-2026_10-18-32,26,0.9902039215686348,0.68750861287117,0.04067516326904297,1,False,False,1
C000000002__SWE02_SW_data_28-April-2026_10-18-32,26,0.9990980392155767,0.6300481557846069,0.07871484756469727,1,True,True,0
C000000002__SWE02_SW_data_28-April-2026_10-18-32,26,0.016886274509825834,0.2496722936630249,0.023749232292175293,1,True,True,0
C000000002__SWE02_SW_data_28-April-2026_10-18-32,26,0.025780392156767785,0.1592268943786621,0.04849213361740112,1,False,False,1
C000000002__SWE02_SW_data_28-April-2026_10-18-32,26,0.03467450980389235,0.17537373304367065,0.05490279197692871,1,False,False,2
C000000002__SWE02_SW_data_28-April-2026_10-18-32,26,0.0435686274508343,0.16869676113128662,0.06493175029754639,1,False,False,1
C000000002__SWE02_SW_data_28-April-2026_10-18-32,26,0.05246274509795887,0.17597031593322754,0.06273871660232544,1,False,False,1
C000000002__SWE02_SW_data_28-April-2026_10-18-32,26,0.06135686274508343,0.1999204158782959,0.12304568290710449,1,False,False,1
C000000002__SWE02_SW_data_28-April-2026_10-18-32,26,0.07025098039202538,0.1816035509109497,0.1195228099822998,1,False,False,1
C000000002__SWE02_SW_data_28-April-2026_10-18-32,26,0.07914509803914994,0.18867367506027222,0.1696529984474182,1,False,False,1
C000000002__SWE02_SW_data_28-April-2026_10-18-32,26,0.08803921568627451,0.16095662117004395,0.22596490383148193,1,False,False,1
C000000002__SWE02_SW_data_28-April-2026_10-18-32,26,0.09693333333321646,0.13732147216796875,0.1877117156982422,1,False,False,1
C000000002__SWE02_SW_data_28-April-2026_10-18-32,26,0.10582745098034102,0.1883631944656372,0.1607036590576172,1,True,True,0
C000000002__SWE02_SW_data_28-April-2026_10-18-32,26,0.11472156862746559,0.18362104892730713,0.17794638872146606,1,False,False,1
C000000002__SWE02_SW_data_28-April-2026_10-18-32,26,0.12361568627440754,0.23917359113693237,0.21832120418548584,1,False,False,1
C000000002__SWE02_SW_data_28-April-2026_10-18-32,26,0.1325098039215321,0.29703426361083984,0.23484444618225098,1,False,False,1
C000000002__SWE02_SW_data_28-April-2026_10-18-32,26,0.14140392156865667,0.32827264070510864,0.29043304920196533,1,True,True,0
C000000002__SWE02_SW_data_28-April-2026_10-18-32,26,0.15029803921559862,0.36014968156814575,0.1478407382965088,1,False,False,1
C000000002__SWE02_SW_data_28-April-2026_10-18-32,26,0.15919215686272317,0.34966492652893066,0.23458725214004517,1,False,False,1
C000000002__SWE02_SW_data_28-April-2026_10-18-32,26,0.16808627450966512,0.3879474401473999,0.28397226333618164,1,True,True,0
C000000002__SWE02_SW_data_28-April-2026_10-18-32,26,0.1769803921567897,0.4044700860977173,0.2604779005050659,1,False,False,1
C000000002__SWE02_SW_data_28-April-2026_10-18-32,26,0.18587450980391426,0.453945517539978,0.37951961159706116,1,False,False,1
C000000002__SWE02_SW_data_28-April-2026_10-18-32,26,0.1947686274508562,0.44812649488449097,0.49667051434516907,1,False,False,1
C000000002__SWE02_SW_data_28-April-2026_10-18-32,26,0.20366274509798077,0.4517839550971985,0.5559934973716736,1,True,True,0
C000000002__SWE02_SW_data_28-April-2026_10-18-32,26,0.21255686274510535,0.38309383392333984,0.446611613035202,1,False,False,1
C000000002__SWE02_SW_data_28-April-2026_10-18-32,26,0.2214509803920473,0.3633880615234375,0.4031485319137573,1,False,False,1
C000000002__SWE02_SW_data_28-April-2026_10-18-32,26,0.23034509803917186,0.2933778762817383,0.2941250801086426,1,True,True,0
C000000002__SWE02_SW_data_28-April-2026_10-18-32,26,0.2392392156862964,0.21206003427505493,0.11180835962295532,1,False,False,1
C000000002__SWE02_SW_data_28-April-2026_10-18-32,26,0.24813333333323837,0.16122323274612427,0.09036451578140259,1,False,False,1
C000000002__SWE02_SW_data_28-April-2026_10-18-32,26,0.25702745098036295,0.13050663471221924,0.05711013078689575,1,False,False,1
C000000002__SWE02_SW_data_28-April-2026_10-18-32,26,0.26592156862730487,0.07985049486160278,0.022806823253631592,1,True,True,0
C000000002__SWE02_SW_data_28-April-2026_10-18-32,26,0.2748156862744294,0.05004841089248657,0.057447850704193115,1,False,False,1
C000000002__SWE02_SW_data_28-April-2026_10-18-32,26,0.28370980392155404,0.037748098373413086,0.048693716526031494,1,False,False,1
C000000002__SWE02_SW_data_28-April-2026_10-18-32,26,0.29260392156849596,0.03867363929748535,0.04101210832595825,1,True,True,0
C000000002__SWE02_SW_data_28-April-2026_10-18-32,26,0.3014980392156205,0.042986392974853516,0.038481712341308594,1,True,True,0
C000000002__SWE02_SW_data_28-April-2026_10-18-32,26,0.31039215686274507,0.04986768960952759,0.040788114070892334,1,True,True,0
C000000002__SWE02_SW_data_28-April-2026_10-18-32,26,0.31928627450968705,0.04285818338394165,0.03686869144439697,1,True,True,0
C000000002__SWE02_SW_data_28-April-2026_10-18-32,26,0.3281803921568116,0.04728436470031738,0.07111537456512451,1,True,True,0
C000000002__SWE02_SW_data_28-April-2026_10-18-32,26,0.33707450980393616,0.052806317806243896,0.08932065963745117,1,True,True,0
C000000002__SWE02_SW_data_28-April-2026_10-18-32,26,0.34596862745087814,0.07547378540039062,0.08951210975646973,1,True,True,0
C000000002__SWE02_SW_data_28-April-2026_10-18-32,26,0.3548627450980027,0.10295087099075317,0.09399867057800293,1,False,False,1
C000000002__SWE02_SW_data_28-April-2026_10-18-32,26,0.36375686274512725,0.19301831722259521,0.025614798069000244,1,True,True,0
C000000002__SWE02_SW_data_28-April-2026_10-18-32,26,0.37265098039206923,0.4261704683303833,0.040026843547821045,1,True,True,0
C000000002__SWE02_SW_data_28-April-2026_10-18-32,26,0.3815450980391938,0.6082408130168915,0.04933977127075195,1,False,False,1
C000000002__SWE02_SW_data_28-April-2026_10-18-32,26,0.3904392156861357,0.8076539784669876,0.06030082702636719,1,False,False,1
C000000002__SWE02_SW_data_28-April-2026_10-18-32,26,0.39933333333326027,0.8291642516851425,0.13027310371398926,1,True,True,0
C000000002__SWE02_SW_data_28-April-2026_10-18-32,26,0.4082274509803849,0.6217379570007324,0.1959134340286255,1,True,True,0
C000000002__SWE02_SW_data_28-April-2026_10-18-32,26,0.4171215686273268,0.4446253180503845,0.4915081262588501,1,True,True,0
C000000002__SWE02_SW_data_28-April-2026_10-18-32,26,0.42601568627445136,0.32927244901657104,0.5010805130004883,1,True,True,0
C000000002__SWE02_SW_data_28-April-2026_10-18-32,26,0.4349098039215759,0.3061351776123047,0.689287006855011,1,False,False,1
C000000002__SWE02_SW_data_28-April-2026_10-18-32,26,0.4438039215685179,0.26511120796203613,0.6491384506225586,1,True,True,0
C000000002__SWE02_SW_data_28-April-2026_10-18-32,26,0.45269803921564244,0.30728793144226074,0.637272834777832,1,True,True,0
C000000002__SWE02_SW_data_28-April-2026_10-18-32,26,0.461592156862767,0.33918166160583496,0.5588327646255493,1,True,True,0
C000000002__SWE02_SW_data_28-April-2026_10-18-32,26,0.470486274509709,0.44213050603866577,0.4548929035663605,1,True,True,0
C000000002__SWE02_SW_data_28-April-2026_10-18-32,26,0.47938039215683353,0.5534162223339081,0.398902952671051,1,True,True,0
C000000002__SWE02_SW_data_28-April-2026_10-18-32,26,0.48827450980377546,0.5603844523429871,0.42592066526412964,1,True,True,0
C000000002__SWE02_SW_data_28-April-2026_10-18-32,26,0.49716862745090007,0.5726159512996674,0.3471820652484894,1,True,True,0
C000000002__SWE02_SW_data_28-April-2026_10-18-32,26,0.5060627450980246,0.43450748920440674,0.13310527801513672,1,False,False,1
C000000002__SWE02_SW_data_28-April-2026_10-18-32,26,0.5149568627449665,0.29361212253570557,0.144487202167511,1,True,True,0
C000000002__SWE02_SW_data_28-April-2026_10-18-32,26,0.5238509803920911,0.2116631269454956,0.157856285572052,1,True,True,0
C000000002__SWE02_SW_data_28-April-2026_10-18-32,26,0.5327450980392157,0.1466062068939209,0.13704925775527954,1,True,True,0
C000000002__SWE02_SW_data_28-April-2026_10-18-32,26,0.5416392156861577,0.08941042423248291,0.2775889039039612,1,True,True,0
C000000002__SWE02_SW_data_28-April-2026_10-18-32,26,0.5505333333332822,5.960464477539063e-08,0.23722970485687256,1,True,True,0
C000000002__SWE02_SW_data_28-April-2026_10-20-20,26,0.4670084745761291,0.8099318295717239,0.4375388026237488,1,True,True,0
C000000002__SWE02_SW_data_28-April-2026_10-20-20,26,0.4766186440677256,0.7512524425983429,0.29612553119659424,1,True,True,0
C000000002__SWE02_SW_data_28-April-2026_10-20-20,26,0.486228813559322,0.7288771569728851,0.26205015182495117,1,True,True,0
C000000002__SWE02_SW_data_28-April-2026_10-20-20,26,0.49583898305072116,0.6506413221359253,0.17577576637268066,1,True,True,0
C000000002__SWE02_SW_data_28-April-2026_10-20-20,26,0.5054491525423176,0.6198177337646484,0.2687576413154602,1,True,True,0
C000000002__SWE02_SW_data_28-April-2026_10-20-20,26,0.5150593220339141,0.668192982673645,0.20242086052894592,1,True,True,0
C000000002__SWE02_SW_data_28-April-2026_10-20-20,26,0.5246694915253133,0.6536086201667786,0.20378994941711426,1,False,False,1
C000000002__SWE02_SW_data_28-April-2026_10-20-20,26,0.5342796610169097,0.6266643702983856,0.3499329090118408,1,True,True,0
C000000002__SWE02_SW_data_28-April-2026_10-20-20,26,0.5438898305085061,0.6114758849143982,0.3351631164550781,1,True,True,0
C000000002__SWE02_SW_data_28-April-2026_10-20-20,26,0.5534999999999053,0.65907421708107,0.24186661839485168,1,True,True,0
C000000002__SWE02_SW_data_28-April-2026_10-20-20,26,0.5631101694915017,0.5738998055458069,0.2770516872406006,1,True,True,0
C000000002__SWE02_SW_data_28-April-2026_10-20-20,26,0.5727203389829009,0.7772016823291779,0.3392508029937744,1,True,True,0
C000000002__SWE02_SW_data_28-April-2026_10-20-20,26,0.5823305084744973,0.6385837197303772,0.3661104738712311,1,True,True,0
C000000002__SWE02_SW_data_28-April-2026_10-20-20,26,0.5919406779660938,0.7062675952911377,0.20408493280410767,1,True,True,0
C000000002__SWE02_SW_data_28-April-2026_10-20-20,26,0.601550847457493,0.7238180339336395,0.26970618963241577,1,True,True,0
C000000002__SWE02_SW_data_28-April-2026_10-20-20,26,0.6111610169490894,0.6884844303131104,0.13876691460609436,1,True,True,0
C000000002__SWE02_SW_data_28-April-2026_10-20-20,26,0.6207711864406859,0.5576317310333252,0.09899073839187622,1,False,False,1
C000000002__SWE02_SW_data_28-April-2026_10-20-20,26,0.630381355932085,0.6057841777801514,0.11442750692367554,1,True,True,0
C000000002__SWE02_SW_data_28-April-2026_10-20-20,26,0.6399915254236814,0.6660722494125366,0.07973930239677429,1,True,True,0
C000000002__SWE02_SW_data_28-April-2026_10-20-20,26,0.6496016949152779,0.5551946461200714,0.09472182393074036,1,True,True,0
C000000002__SWE02_SW_data_28-April-2026_10-20-20,26,0.659211864406677,0.4862592816352844,0.08155792951583862,1,True,True,0
C000000002__SWE02_SW_data_28-April-2026_10-20-20,26,0.6688220338982735,0.5311050415039062,0.0714571475982666,1,False,False,1
C000000002__SWE02_SW_data_28-April-2026_10-20-20,26,0.6784322033896727,0.5184153616428375,0.07164078950881958,1,True,True,0
C000000002__SWE02_SW_data_28-April-2026_10-20-20,26,0.6880423728812691,0.5609127283096313,0.01846933364868164,1,True,True,0
C000000002__SWE02_SW_data_28-April-2026_10-20-20,26,0.6976525423728656,0.44624966382980347,0.012583911418914795,1,True,True,0
C000000002__SWE02_SW_data_28-April-2026_10-20-20,26,0.7072627118642647,0.5011924803256989,0.01805025339126587,1,False,False,1
C000000002__SWE02_SW_data_28-April-2026_10-20-20,26,0.7168728813558611,0.4905518889427185,0.04386693239212036,1,True,True,0
C000000002__SWE02_SW_data_28-April-2026_10-20-20,26,0.7264830508474577,0.4305022954940796,0.02416205406188965,1,True,True,0
C000000002__SWE02_SW_data_28-April-2026_10-20-20,26,0.7360932203388568,0.36809277534484863,0.012494862079620361,1,True,True,0
C000000002__SWE02_SW_data_28-April-2026_10-20-20,26,0.7457033898304533,0.3377894163131714,0.03002256155014038,1,True,True,0
C000000002__SWE02_SW_data_28-April-2026_10-20-20,26,0.7553135593220497,0.34838664531707764,0.026569783687591553,1,True,True,0
C000000002__SWE02_SW_data_28-April-2026_10-20-20,26,0.7649237288134488,0.31897181272506714,0.009946584701538086,1,True,True,0
C000000002__SWE02_SW_data_28-April-2026_10-20-20,26,0.7745338983050453,0.38082098960876465,0.018122613430023193,1,True,True,0
C000000002__SWE02_SW_data_28-April-2026_10-20-20,26,0.7841440677966417,0.3189370632171631,0.003944516181945801,1,False,False,1
C000000002__SWE02_SW_data_28-April-2026_10-20-20,26,0.7937542372880408,0.3332635760307312,0.013870596885681152,1,False,False,1
C000000002__SWE02_SW_data_28-April-2026_10-20-20,26,0.8033644067796374,0.3235189914703369,0.030347228050231934,1,False,False,2
C000000002__SWE02_SW_data_28-April-2026_10-20-20,26,0.8129745762710365,0.3370693325996399,0.06268012523651123,1,False,False,2
C000000002__SWE02_SW_data_28-April-2026_10-20-20,26,0.822584745762633,0.3329547047615051,0.039902567863464355,1,False,False,2
C000000002__SWE02_SW_data_28-April-2026_10-20-20,26,0.8321949152542294,0.32862842082977295,0.07908469438552856,1,True,True,0
C000000002__SWE02_SW_data_28-April-2026_10-20-20,26,0.8418050847456285,0.3180278539657593,0.06716251373291016,1,False,False,1
C000000002__SWE02_SW_data_28-April-2026_10-20-20,26,0.851415254237225,0.30732262134552,0.07606488466262817,1,False,False,1
C000000002__SWE02_SW_data_28-April-2026_10-20-20,26,0.8610254237288214,0.29357534646987915,0.09047824144363403,1,True,True,0
C000000002__SWE02_SW_data_28-April-2026_10-20-20,26,0.8706355932202205,0.39570850133895874,0.07807707786560059,1,True,True,0
C000000002__SWE02_SW_data_28-April-2026_10-20-20,26,0.8802457627118171,0.37637484073638916,0.06896209716796875,1,True,True,0
C000000002__SWE02_SW_data_28-April-2026_10-20-20,26,0.8898559322034135,0.44821643829345703,0.04190361499786377,1,False,False,1
C000000002__SWE02_SW_data_28-April-2026_10-20-20,26,0.8994661016948127,0.562446117401123,0.03155547380447388,1,True,True,0
C000000002__SWE02_SW_data_28-April-2026_10-20-20,26,0.9090762711864091,0.582275927066803,0.014012336730957031,1,True,True,0
C000000002__SWE02_SW_data_28-April-2026_10-20-20,26,0.9186864406778082,0.7761234045028687,0.09980463981628418,1,False,False,1
C000000002__SWE02_SW_data_28-April-2026_10-20-20,26,0.9282966101694047,0.6916052103042603,0.043151676654815674,1,False,False,1
C000000002__SWE02_SW_data_28-April-2026_10-20-20,26,0.9379067796610011,0.6061027646064758,0.13849174976348877,1,True,True,0
C000000002__SWE02_SW_data_28-April-2026_10-20-20,26,0.9475169491524003,0.5556235313415527,0.18111693859100342,1,True,True,0
C000000002__SWE02_SW_data_28-April-2026_10-20-20,26,0.9571271186439968,0.4827600121498108,0.10822322964668274,1,True,True,0
C000000002__SWE02_SW_data_28-April-2026_10-20-20,26,0.9667372881355932,0.37119418382644653,0.2041950225830078,1,True,True,0
C000000002__SWE02_SW_data_28-April-2026_10-20-20,26,0.9763474576269924,0.3077307343482971,0.19364488124847412,1,True,True,0
C000000002__SWE02_SW_data_28-April-2026_10-20-20,26,0.9859576271185888,0.283291220664978,0.12484729290008545,1,True,True,0
C000000002__SWE02_SW_data_28-April-2026_10-20-20,26,0.00517796610158442,0.29186832904815674,0.3229980170726776,1,True,True,0
C000000002__SWE02_SW_data_28-April-2026_10-20-20,26,0.014788135593180877,0.31176793575286865,0.3141603469848633,1,True,True,0
C000000002__SWE02_SW_data_28-April-2026_10-20-20,26,0.024398305084777333,0.3907793164253235,0.2626686692237854,1,True,True,0
C000000002__SWE02_SW_data_28-April-2026_10-20-20,26,0.03400847457617648,0.42030781507492065,0.12034881114959717,1,True,True,0
C000000002__SWE02_SW_data_28-April-2026_10-20-20,26,0.04361864406777293,0.4620966911315918,0.18767160177230835,1,True,True,0
C000000002__SWE02_SW_data_28-April-2026_10-20-20,26,0.053228813559172077,0.4969187378883362,0.12676000595092773,1,True,True,0
C000000002__SWE02_SW_data_28-April-2026_10-20-20,26,0.06283898305076853,0.6857728362083435,0.10916566848754883,1,False,False,1
C000000002__SWE02_SW_data_28-April-2026_10-20-20,26,0.07244915254236499,0.73587965965271,0.07247483730316162,1,True,True,0
C000000002__SWE02_SW_data_28-April-2026_10-20-20,26,0.08205932203376413,0.7357733845710754,0.1928512156009674,1,True,True,0
C000000002__SWE02_SW_data_28-April-2026_10-20-20,26,0.0916694915253606,0.72175532579422,0.249897301197052,1,True,True,0
C000000002__SWE02_SW_data_28-April-2026_10-20-20,26,0.10127966101695704,0.7189034223556519,0.2595820724964142,1,False,False,1
C000000002__SWE02_SW_data_28-April-2026_10-20-20,26,0.11088983050835619,0.6773688495159149,0.29609885811805725,1,True,True,0
C000000002__SWE02_SW_data_28-April-2026_10-20-20,26,0.12049999999995264,0.631489634513855,0.3279559910297394,1,True,True,0
C000000002__SWE02_SW_data_28-April-2026_10-20-20,26,0.1301101694915491,0.7632917761802673,0.2927805483341217,1,True,True,0
C000000002__SWE02_SW_data_28-April-2026_10-20-20,26,0.13972033898294825,0.5509405434131622,0.34214165806770325,1,True,True,0
C000000002__SWE02_SW_data_28-April-2026_10-20-20,26,0.1493305084745447,0.48713868856430054,0.2919183373451233,1,True,True,0
C000000002__SWE02_SW_data_28-April-2026_10-20-20,26,0.15894067796594386,0.38262343406677246,0.41152703762054443,1,False,False,1
C000000002__SWE02_SW_data_28-April-2026_10-20-20,26,0.1685508474575403,0.32811057567596436,0.3317507207393646,1,True,True,0
C000000002__SWE02_SW_data_28-April-2026_10-20-20,26,0.17816101694913675,0.32403993606567383,0.24911224842071533,1,True,True,0
C000000002__SWE02_SW_data_28-April-2026_10-20-20,26,0.1877711864405359,0.27598410844802856,0.292818546295166,1,False,False,1
C000000002__SWE02_SW_data_28-April-2026_10-20-20,26,0.19738135593213235,0.2123880386352539,0.22087031602859497,1,True,True,0
C000000002__SWE02_SW_data_28-April-2026_10-20-20,26,0.2069915254237288,0.16683954000473022,0.19273173809051514,1,True,True,0
C000000002__SWE02_SW_data_28-April-2026_10-20-20,26,0.21660169491512796,0.10272455215454102,0.09128779172897339,1,True,True,0
C000000002__SWE02_SW_data_28-April-2026_10-20-20,26,0.22621186440672442,0.0,0.11372983455657959,1,False,False,1
C000000002__SWE02_SW_data_28-April-2026_10-21-04,26,0.39502329192549474,0.5302119255065918,0.6242093443870544,1,True,True,0
C000000002__SWE02_SW_data_28-April-2026_10-21-04,26,0.403827639751466,0.679653525352478,0.5835770964622498,1,True,True,0
C000000002__SWE02_SW_data_28-April-2026_10-21-04,26,0.41263198757761804,0.7540337294340134,0.6166262030601501,1,True,True,0
C000000002__SWE02_SW_data_28-April-2026_10-21-04,26,0.4214363354035893,0.8256836533546448,0.5066167116165161,1,True,True,0
C000000002__SWE02_SW_data_28-April-2026_10-21-04,26,0.43024068322974135,0.7257695198059082,0.2437046468257904,1,True,True,0
C000000002__SWE02_SW_data_28-April-2026_10-21-04,26,0.4390450310558934,0.8397524952888489,0.2834613025188446,1,True,True,0
C000000002__SWE02_SW_data_28-April-2026_10-21-04,26,0.44784937888186466,0.7799187749624252,0.29620227217674255,1,True,True,0
C000000002__SWE02_SW_data_28-April-2026_10-21-04,26,0.4566537267080167,0.6827537715435028,0.12526679039001465,1,True,True,0
C000000002__SWE02_SW_data_28-April-2026_10-21-04,26,0.4654580745341687,0.6224934160709381,0.06363844871520996,1,True,True,0
C000000002__SWE02_SW_data_28-April-2026_10-21-04,26,0.47426242236014,0.5807209610939026,0.13450032472610474,1,False,False,10
C000000002__SWE02_SW_data_28-April-2026_10-21-04,26,0.483066770186292,0.49607300758361816,0.08689393103122711,1,False,False,10
C000000002__SWE02_SW_data_28-April-2026_10-21-04,26,0.49187111801244404,0.580759584903717,0.09900346398353577,1,False,False,11
C000000002__SWE02_SW_data_28-April-2026_10-21-04,26,0.5006754658384153,0.5781082510948181,0.08322857320308685,1,False,False,10
C000000002__SWE02_SW_data_28-April-2026_10-21-04,26,0.5094798136645674,0.5691975355148315,0.10109482705593109,1,False,False,10
C000000002__SWE02_SW_data_28-April-2026_10-21-04,26,0.5182841614905386,0.5031285881996155,0.03850233554840088,1,False,False,4
C000000002__SWE02_SW_data_28-April-2026_10-21-04,26,0.5270885093166906,0.4793243408203125,0.12170983850955963,1,True,True,0
C000000002__SWE02_SW_data_28-April-2026_10-21-04,26,0.5358928571428426,0.4648752212524414,0.004093438386917114,1,False,False,1
C000000002__SWE02_SW_data_28-April-2026_10-21-04,26,0.5446972049688139,0.5047381520271301,0.15856897830963135,1,True,True,0
C000000002__SWE02_SW_data_28-April-2026_10-21-04,26,0.5535015527949659,0.628056138753891,0.15047797560691833,1,True,True,0
C000000002__SWE02_SW_data_28-April-2026_10-21-04,26,0.562305900621118,0.5733362436294556,0.12706813216209412,1,True,True,0
C000000002__SWE02_SW_data_28-April-2026_10-21-04,26,0.5711102484470892,0.48292773962020874,0.03917774558067322,1,True,True,0
C000000002__SWE02_SW_data_28-April-2026_10-21-04,26,0.5799145962732413,0.4437311887741089,0.030897170305252075,1,False,False,1
C000000002__SWE02_SW_data_28-April-2026_10-21-04,26,0.5887189440993933,0.4424571990966797,0.0045645833015441895,1,False,False,3
C000000002__SWE02_SW_data_28-April-2026_10-21-04,26,0.5975232919253646,0.4356275796890259,0.05701294541358948,1,False,False,3
C000000002__SWE02_SW_data_28-April-2026_10-21-04,26,0.6063276397515166,0.36298370361328125,0.057515084743499756,1,False,False,3
C000000002__SWE02_SW_data_28-April-2026_10-21-04,26,0.6151319875776686,0.3451220393180847,0.012597709894180298,1,False,False,5
C000000002__SWE02_SW_data_28-April-2026_10-21-04,26,0.6239363354036399,0.3163420557975769,0.015018224716186523,1,False,False,2
C000000002__SWE02_SW_data_28-April-2026_10-21-04,26,0.6327406832297919,0.3300483822822571,0.07050782442092896,1,False,False,2
C000000002__SWE02_SW_data_28-April-2026_10-21-04,26,0.6415450310557632,0.3051861524581909,0.01832553744316101,1,False,False,2
C000000002__SWE02_SW_data_28-April-2026_10-21-04,26,0.6503493788819152,0.2711867094039917,0.009810537099838257,1,False,False,1
C000000002__SWE02_SW_data_28-April-2026_10-21-04,26,0.6591537267080673,0.23564988374710083,0.0657307505607605,1,False,False,1
C000000002__SWE02_SW_data_28-April-2026_10-21-04,26,0.6679580745340385,0.23614943027496338,0.009309440851211548,1,False,False,3
C000000002__SWE02_SW_data_28-April-2026_10-21-04,26,0.6767624223601906,0.22481870651245117,0.022764891386032104,1,False,False,3
C000000002__SWE02_SW_data_28-April-2026_10-21-04,26,0.6855667701863426,0.1831209659576416,0.035154640674591064,1,True,True,0
C000000002__SWE02_SW_data_28-April-2026_10-21-04,26,0.6943711180123139,0.1777019500732422,0.01455622911453247,1,False,False,2
C000000002__SWE02_SW_data_28-April-2026_10-21-04,26,0.7031754658384659,0.19611108303070068,0.0170249342918396,1,False,False,2
C000000002__SWE02_SW_data_28-April-2026_10-21-04,26,0.7119798136646179,0.186478853225708,0.030106842517852783,1,False,False,2
C000000002__SWE02_SW_data_28-April-2026_10-21-04,26,0.7207841614905892,0.18618780374526978,0.025052011013031006,1,False,False,1
C000000002__SWE02_SW_data_28-April-2026_10-21-04,26,0.7295885093167412,0.21480125188827515,0.03152361512184143,1,False,False,1
C000000002__SWE02_SW_data_28-April-2026_10-21-04,26,0.7383928571427125,0.19678014516830444,0.03628885746002197,1,False,False,1
C000000002__SWE02_SW_data_28-April-2026_10-21-04,26,0.7471972049688645,0.20714211463928223,0.0507759153842926,1,False,False,1
C000000002__SWE02_SW_data_28-April-2026_10-21-04,26,0.7560015527950166,0.2163410782814026,0.07679423689842224,1,False,False,1
C000000002__SWE02_SW_data_28-April-2026_10-21-04,26,0.7648059006209879,0.17498958110809326,0.02211940288543701,1,False,False,1
C000000002__SWE02_SW_data_28-April-2026_10-21-04,26,0.7736102484471399,0.21105456352233887,0.012142807245254517,1,False,False,1
C000000002__SWE02_SW_data_28-April-2026_10-21-04,26,0.7824145962732919,0.19500434398651123,0.028150498867034912,1,False,False,1
C000000002__SWE02_SW_data_28-April-2026_10-21-04,26,0.7912189440992632,0.18605905771255493,0.031655848026275635,1,False,False,1
C000000002__SWE02_SW_data_28-April-2026_10-21-04,26,0.8000232919254152,0.16560769081115723,0.02767503261566162,1,True,True,0
C000000002__SWE02_SW_data_28-April-2026_10-21-04,26,0.8088276397515672,0.18704354763031006,0.0317247211933136,1,True,True,0
C000000002__SWE02_SW_data_28-April-2026_10-21-04,26,0.8176319875775385,0.18379032611846924,0.050859928131103516,1,True,True,0
C000000002__SWE02_SW_data_28-April-2026_10-21-04,26,0.8264363354036905,0.16338109970092773,0.09200865030288696,1,False,False,1
C000000002__SWE02_SW_data_28-April-2026_10-21-04,26,0.8352406832298426,0.21544086933135986,0.08252272009849548,1,False,False,1
C000000002__SWE02_SW_data_28-April-2026_10-21-04,26,0.8440450310558139,0.1997920274734497,0.09058582782745361,1,False,False,1
C000000002__SWE02_SW_data_28-April-2026_10-21-04,26,0.8528493788819659,0.1673952341079712,0.09120801091194153,1,False,False,2
C000000002__SWE02_SW_data_28-April-2026_10-21-04,26,0.8616537267079372,0.1553570032119751,0.09556066989898682,1,False,False,2
C000000002__SWE02_SW_data_28-April-2026_10-21-04,26,0.8704580745340892,0.1751002073287964,0.048365265130996704,1,False,False,2
C000000002__SWE02_SW_data_28-April-2026_10-21-04,26,0.8792624223602412,0.20064252614974976,0.07798808813095093,1,False,False,2
C000000002__SWE02_SW_data_28-April-2026_10-21-04,26,0.8880667701862125,0.23096442222595215,0.02613210678100586,1,False,False,3
C000000002__SWE02_SW_data_28-April-2026_10-21-04,26,0.8968711180123645,0.28330719470977783,0.023087769746780396,1,False,False,3
C000000002__SWE02_SW_data_28-April-2026_10-21-04,26,0.9056754658385165,0.3215082883834839,0.023332983255386353,1,False,False,2
C000000002__SWE02_SW_data_28-April-2026_10-21-04,26,0.9144798136644878,0.3873555064201355,0.010528534650802612,1,False,False,4
C000000002__SWE02_SW_data_28-April-2026_10-21-04,26,0.9232841614906399,0.4783170223236084,0.01030123233795166,1,False,False,3
C000000002__SWE02_SW_data_28-April-2026_10-21-04,26,0.9320885093167919,0.6006563603878021,0.0096416175365448,1,False,False,3
C000000002__SWE02_SW_data_28-April-2026_10-21-04,26,0.9408928571427632,0.5452497601509094,0.048025935888290405,1,False,False,1
C000000002__SWE02_SW_data_28-April-2026_10-21-04,26,0.9496972049689152,0.4709665775299072,0.050280869007110596,1,False,False,2
C000000002__SWE02_SW_data_28-April-2026_10-21-04,26,0.9585015527948865,0.4130817651748657,0.12251323461532593,1,True,True,0
C000000002__SWE02_SW_data_28-April-2026_10-21-04,26,0.9673059006210385,0.3540083169937134,0.1905999481678009,1,True,True,0
C000000002__SWE02_SW_data_28-April-2026_10-21-04,26,0.0025232919254658385,0.1770610809326172,0.21658366918563843,1,True,True,0
C000000002__SWE02_SW_data_28-April-2026_10-21-04,26,0.011327639751437102,0.14581167697906494,0.17953920364379883,1,True,True,0
C000000002__SWE02_SW_data_28-April-2026_10-21-04,26,0.020131987577589137,5.960464477539063e-08,0.03875863552093506,1,True,True,0
C000000002__SWE02_SW_data_28-April-2026_10-24-12,26,0.5516043755696168,0.6955003142356873,0.5384727716445923,1,True,True,0
C000000002__SWE02_SW_data_28-April-2026_10-24-12,26,0.561941659070149,0.596251368522644,0.4687573313713074,1,True,True,0
C000000002__SWE02_SW_data_28-April-2026_10-24-12,26,0.5722789425706811,0.4691137671470642,0.3585011065006256,1,True,True,0
C000000002__SWE02_SW_data_28-April-2026_10-24-12,26,0.5826162260710012,0.4936549663543701,0.26189860701560974,1,True,True,0
C000000002__SWE02_SW_data_28-April-2026_10-24-12,26,0.5929535095715334,0.5161942541599274,0.18914636969566345,1,True,True,0
C000000002__SWE02_SW_data_28-April-2026_10-24-12,26,0.6032907930718533,0.4495842456817627,0.24160850048065186,1,True,True,0
C000000002__SWE02_SW_data_28-April-2026_10-24-12,26,0.6136280765723855,0.47498762607574463,0.2591177821159363,1,True,True,0
C000000002__SWE02_SW_data_28-April-2026_10-24-12,26,0.6239653600729177,0.5243651866912842,0.35032379627227783,1,True,True,0
C000000002__SWE02_SW_data_28-April-2026_10-24-12,26,0.6343026435732376,0.4895479679107666,0.42486587166786194,1,True,True,0
C000000002__SWE02_SW_data_28-April-2026_10-24-12,26,0.6446399270737698,0.5175349116325378,0.36589598655700684,1,True,True,0
C000000002__SWE02_SW_data_28-April-2026_10-24-12,26,0.654977210574302,0.6122109889984131,0.3110320568084717,1,True,True,0
C000000002__SWE02_SW_data_28-April-2026_10-24-12,26,0.665314494074622,0.6294326186180115,0.2001742124557495,1,False,False,1
C000000002__SWE02_SW_data_28-April-2026_10-24-12,26,0.6756517775751542,0.5857100486755371,0.195340096950531,1,False,False,1
C000000002__SWE02_SW_data_28-April-2026_10-24-12,26,0.6859890610756864,0.5502667725086212,0.13922256231307983,1,True,True,0
C000000002__SWE02_SW_data_28-April-2026_10-24-12,26,0.6963263445760063,0.5067795515060425,0.0701947808265686,1,False,False,1
C000000002__SWE02_SW_data_28-April-2026_10-24-12,26,0.7066636280765385,0.4237934350967407,0.08102741837501526,1,False,False,2
C000000002__SWE02_SW_data_28-April-2026_10-24-12,26,0.7170009115768584,0.3868814706802368,0.014535248279571533,1,False,False,3
C000000002__SWE02_SW_data_28-April-2026_10-24-12,26,0.7273381950773906,0.370796799659729,0.11512511968612671,1,False,False,2
C000000002__SWE02_SW_data_28-April-2026_10-24-12,26,0.7376754785779228,0.3397318720817566,0.10073727369308472,1,False,False,1
C000000002__SWE02_SW_data_28-April-2026_10-24-12,26,0.7480127620782429,0.32420456409454346,0.13967376947402954,1,False,False,1
C000000002__SWE02_SW_data_28-April-2026_10-24-12,26,0.7583500455787751,0.338903546333313,0.23034703731536865,1,False,False,1
C000000002__SWE02_SW_data_28-April-2026_10-24-12,26,0.7686873290793071,0.36894679069519043,0.22131085395812988,1,True,True,0
C000000002__SWE02_SW_data_28-April-2026_10-24-12,26,0.7790246125796272,0.3678172826766968,0.06205177307128906,1,False,False,1
C000000002__SWE02_SW_data_28-April-2026_10-24-12,26,0.7893618960801594,0.38709789514541626,0.10084295272827148,1,False,False,1
C000000002__SWE02_SW_data_28-April-2026_10-24-12,26,0.7996991795806916,0.34766489267349243,0.20294654369354248,1,False,False,1
C000000002__SWE02_SW_data_28-April-2026_10-24-12,26,0.8100364630810115,0.376738965511322,0.25986775755882263,1,True,True,0
C000000002__SWE02_SW_data_28-April-2026_10-24-12,26,0.8203737465815437,0.3522171974182129,0.15278375148773193,1,True,True,0
C000000002__SWE02_SW_data_28-April-2026_10-24-12,26,0.8307110300820759,0.2912960648536682,0.14544594287872314,1,False,False,1
C000000002__SWE02_SW_data_28-April-2026_10-24-12,26,0.8410483135823958,0.2660728693008423,0.13159748911857605,1,True,True,0
C000000002__SWE02_SW_data_28-April-2026_10-24-12,26,0.851385597082928,0.20995545387268066,0.10167080163955688,1,False,False,1
C000000002__SWE02_SW_data_28-April-2026_10-24-12,26,0.861722880583248,0.20009195804595947,0.0696527361869812,1,False,False,1
C000000002__SWE02_SW_data_28-April-2026_10-24-12,26,0.8720601640837802,0.2507859468460083,0.036686718463897705,1,False,False,1
C000000002__SWE02_SW_data_28-April-2026_10-24-12,26,0.8823974475843124,0.20617979764938354,0.03951442241668701,1,True,True,0
C000000002__SWE02_SW_data_28-April-2026_10-24-12,26,0.8927347310846323,0.20927423238754272,0.05156177282333374,1,True,True,0
C000000002__SWE02_SW_data_28-April-2026_10-24-12,26,0.9030720145851645,0.22038710117340088,0.020666658878326416,1,True,True,0
C000000002__SWE02_SW_data_28-April-2026_10-24-12,26,0.9134092980856967,0.21551251411437988,0.08375269174575806,1,True,True,0
C000000002__SWE02_SW_data_28-April-2026_10-24-12,26,0.9237465815860166,0.2845575213432312,0.043101489543914795,1,True,True,0
C000000002__SWE02_SW_data_28-April-2026_10-24-12,26,0.9340838650865488,0.2849917411804199,0.02657151222229004,1,False,False,1
C000000002__SWE02_SW_data_28-April-2026_10-24-12,26,0.944421148587081,0.30888283252716064,0.025439858436584473,1,True,True,0
C000000002__SWE02_SW_data_28-April-2026_10-24-12,26,0.9547584320874011,0.34858739376068115,0.022019684314727783,1,False,False,1
C000000002__SWE02_SW_data_28-April-2026_10-24-12,26,0.9650957155879333,0.407622754573822,0.018605709075927734,1,False,False,1
C000000002__SWE02_SW_data_28-April-2026_10-24-12,26,0.9754329990882532,0.5690687298774719,0.051946938037872314,1,True,True,0
C000000002__SWE02_SW_data_28-April-2026_10-24-12,26,0.9857702825887854,0.703930139541626,0.03702700138092041,1,True,True,0
C000000002__SWE02_SW_data_28-April-2026_10-24-12,26,0.9961075660893176,0.78054079413414,0.010394573211669922,1,False,False,3
C000000002__SWE02_SW_data_28-April-2026_10-24-12,26,1.0064448495896374,0.8041166365146637,0.011145532131195068,1,False,False,1
C000000002__SWE02_SW_data_28-April-2026_10-24-12,26,1.0167821330901696,0.7265459299087524,0.10076335072517395,1,False,False,1
C000000002__SWE02_SW_data_28-April-2026_10-24-12,26,1.0271194165907018,0.46260517835617065,0.12165796756744385,1,False,False,1
C000000002__SWE02_SW_data_28-April-2026_10-24-12,26,1.037456700091022,0.3391777276992798,0.1726665496826172,1,False,False,1
C000000002__SWE02_SW_data_28-April-2026_10-24-12,26,1.047793983591554,0.2613402009010315,0.10741835832595825,1,False,False,1
C000000002__SWE02_SW_data_28-April-2026_10-24-12,26,1.0581312670920862,0.2269573211669922,0.35347649455070496,1,False,False,1
C000000002__SWE02_SW_data_28-April-2026_10-24-12,26,1.0684685505924063,0.24827098846435547,0.3631725311279297,1,False,False,1
C000000002__SWE02_SW_data_28-April-2026_10-24-12,26,1.0788058340929385,0.22671467065811157,0.3210955262184143,1,False,False,1
C000000002__SWE02_SW_data_28-April-2026_10-24-12,26,0.00892433910668847,0.3093433380126953,0.29648715257644653,1,True,True,0
C000000002__SWE02_SW_data_28-April-2026_10-24-12,26,0.019261622607008425,0.3372904658317566,0.1832026243209839,1,False,False,1
C000000002__SWE02_SW_data_28-April-2026_10-24-12,26,0.02959890610754062,0.31124937534332275,0.259391725063324,1,True,True,0
C000000002__SWE02_SW_data_28-April-2026_10-24-12,26,0.03993618960786057,0.37480759620666504,0.29650312662124634,1,True,True,0
C000000002__SWE02_SW_data_28-April-2026_10-24-12,26,0.050273473108392766,0.3698219060897827,0.3107568621635437,1,True,True,0
C000000002__SWE02_SW_data_28-April-2026_10-24-12,26,0.06061075660892497,0.36795341968536377,0.19544923305511475,1,True,True,0
C000000002__SWE02_SW_data_28-April-2026_10-24-12,26,0.07094804010924492,0.3908168077468872,0.35690128803253174,1,True,True,0
C000000002__SWE02_SW_data_28-April-2026_10-24-12,26,0.08128532360977711,0.4404616355895996,0.4015142321586609,1,True,True,0
C000000002__SWE02_SW_data_28-April-2026_10-24-12,26,0.09162260711030931,0.45492374897003174,0.244010329246521,1,True,True,0
C000000002__SWE02_SW_data_28-April-2026_10-24-12,26,0.10195989061062927,0.5118996202945709,0.4106091260910034,1,True,True,0
C000000002__SWE02_SW_data_28-April-2026_10-24-12,26,0.11229717411116145,0.41971397399902344,0.4530823230743408,1,True,True,0
C000000002__SWE02_SW_data_28-April-2026_10-24-12,26,0.12263445761169366,0.454584002494812,0.4010927677154541,1,True,True,0
C000000002__SWE02_SW_data_28-April-2026_10-24-12,26,0.1329717411120136,0.5199584364891052,0.41509395837783813,1,True,True,0
C000000002__SWE02_SW_data_28-April-2026_10-24-12,26,0.1433090246125458,0.5367982983589172,0.49627000093460083,1,True,True,0
C000000002__SWE02_SW_data_28-April-2026_10-24-12,26,0.15364630811286575,0.5166155993938446,0.5412967801094055,1,True,True,0
C000000002__SWE02_SW_data_28-April-2026_10-24-12,26,0.16398359161339796,0.4878089427947998,0.378907173871994,1,True,True,0
C000000002__SWE02_SW_data_28-April-2026_10-24-12,26,0.17432087511393016,0.47047626972198486,0.551602840423584,1,True,True,0
C000000002__SWE02_SW_data_28-April-2026_10-24-12,26,0.1846581586142501,0.3589848279953003,0.35817593336105347,1,True,True,0
C000000002__SWE02_SW_data_28-April-2026_10-24-12,26,0.19499544211478229,0.2571144104003906,0.3675076365470886,1,False,False,1
C000000002__SWE02_SW_data_28-April-2026_10-24-12,26,0.2053327256153145,0.16673338413238525,0.33227914571762085,1,True,True,0
C000000002__SWE02_SW_data_28-April-2026_10-24-12,26,0.21567000911563444,0.08313989639282227,0.28072839975357056,1,True,True,0
C000000002__SWE02_SW_data_28-April-2026_10-24-12,26,0.22600729261616664,0.0,0.18332839012145996,1,True,True,0
C000000003__VIS_03_SW_data_16-June-2026_10-09-42,26,0.7922545090179615,0.601085364818573,0.05822625756263733,1,False,False,8
C000000003__VIS_03_SW_data_16-June-2026_10-09-42,26,0.8036172344689472,0.5542567074298859,0.010803252458572388,1,False,False,5
C000000003__VIS_03_SW_data_16-June-2026_10-09-42,26,0.8149799599196997,0.5573117733001709,0.027824729681015015,1,False,False,8
C000000003__VIS_03_SW_data_16-June-2026_10-09-42,26,0.8263426853706854,0.5683470368385315,0.01194828748703003,1,False,False,8
C000000003__VIS_03_SW_data_16-June-2026_10-09-42,26,0.8377054108216713,0.6820042133331299,0.015988856554031372,1,False,False,7
C000000003__VIS_03_SW_data_16-June-2026_10-09-42,26,0.8490681362724237,0.6135351359844208,0.0463285893201828,1,False,False,5
C000000003__VIS_03_SW_data_16-June-2026_10-09-42,26,0.8604308617234095,0.5225790143013,0.014644533395767212,1,False,False,5
C000000003__VIS_03_SW_data_16-June-2026_10-09-42,26,0.8717935871741621,0.569803386926651,0.0019758641719818115,1,False,False,7
C000000003__VIS_03_SW_data_16-June-2026_10-09-42,26,0.8831563126251478,0.4230356216430664,0.026580333709716797,1,False,False,5
C000000003__VIS_03_SW_data_16-June-2026_10-09-42,26,0.8945190380761336,0.45269572734832764,0.08809083700180054,1,True,True,0
C000000003__VIS_03_SW_data_16-June-2026_10-09-42,26,0.9058817635268861,0.3740823268890381,0.05107542872428894,1,False,False,2
C000000003__VIS_03_SW_data_16-June-2026_10-09-42,26,0.9172444889778719,0.31366556882858276,0.1454925537109375,1,False,False,2
C000000003__VIS_03_SW_data_16-June-2026_10-09-42,26,0.9286072144288577,0.22656488418579102,0.19768428802490234,1,False,False,1
C000000003__VIS_03_SW_data_16-June-2026_10-09-42,26,0.9399699398796102,0.2402612566947937,0.21632066369056702,1,False,False,1
C000000003__VIS_03_SW_data_16-June-2026_10-09-42,26,0.951332665330596,0.25942087173461914,0.2826617956161499,1,False,False,1
C000000003__VIS_03_SW_data_16-June-2026_10-09-42,26,0.028507014028009453,0.37564992904663086,0.19103622436523438,1,False,False,1
C000000003__VIS_03_SW_data_16-June-2026_10-09-42,26,0.03986973947899524,0.28304028511047363,0.11986309289932251,1,False,False,1
C000000003__VIS_03_SW_data_16-June-2026_10-09-42,26,0.051232464929747736,0.3636881113052368,0.08894497156143188,1,False,False,1
C000000003__VIS_03_SW_data_16-June-2026_10-09-42,26,0.06259519038073352,0.36303019523620605,0.07209235429763794,1,False,False,2
C000000003__VIS_03_SW_data_16-June-2026_10-09-42,26,0.07395791583148602,0.44424569606781006,0.04381281137466431,1,False,False,1
C000000003__VIS_03_SW_data_16-June-2026_10-09-42,26,0.08532064128247181,0.41721510887145996,0.0651700496673584,1,False,False,1
C000000003__VIS_03_SW_data_16-June-2026_10-09-42,26,0.0966833667334576,0.48179566860198975,0.05092698335647583,1,True,True,0
C000000003__VIS_03_SW_data_16-June-2026_10-09-42,26,0.1080460921842101,0.5758252441883087,0.13513785600662231,1,False,False,1
C000000003__VIS_03_SW_data_16-June-2026_10-09-42,26,0.11940881763519588,0.6534180045127869,0.12606585025787354,1,False,False,1
C000000003__VIS_03_SW_data_16-June-2026_10-09-42,26,0.13077154308618166,0.7530952095985413,0.0652754008769989,1,True,True,0
C000000003__VIS_03_SW_data_16-June-2026_10-09-42,26,0.14213426853693417,0.7245057821273804,0.18623530864715576,1,False,False,1
C000000003__VIS_03_SW_data_16-June-2026_10-09-42,26,0.15349699398791997,0.7696964144706726,0.08165028691291809,1,False,False,1
C000000003__VIS_03_SW_data_16-June-2026_10-09-42,26,0.16485971943890576,0.7956685125827789,0.10659526288509369,1,False,False,1
C000000003__VIS_03_SW_data_16-June-2026_10-09-42,26,0.17622244488965824,0.7504473775625229,0.19391803443431854,1,True,True,0
C000000003__VIS_03_SW_data_16-June-2026_10-09-42,26,0.18758517034064404,0.7204756140708923,0.22339393198490143,1,False,False,1
C000000003__VIS_03_SW_data_16-June-2026_10-09-42,26,0.19894789579139652,0.8754144832491875,0.2678970992565155,1,False,False,1
C000000003__VIS_03_SW_data_16-June-2026_10-09-42,26,0.2103106212423823,0.5987095832824707,0.24619190394878387,1,True,True,0
C000000003__VIS_03_SW_data_16-June-2026_10-09-42,26,0.2216733466933681,0.5593386590480804,0.08413785696029663,1,False,False,1
C000000003__VIS_03_SW_data_16-June-2026_10-09-42,26,0.23303607214412062,0.4659925699234009,0.006187528371810913,1,False,False,1
C000000003__VIS_03_SW_data_16-June-2026_10-09-42,26,0.24439879759510638,0.359649658203125,0.016031980514526367,1,False,False,1
C000000003__VIS_03_SW_data_16-June-2026_10-09-42,26,0.2557615230460922,0.45782142877578735,0.033103227615356445,1,False,False,1
C000000003__VIS_03_SW_data_16-June-2026_10-09-42,26,0.2671242484968447,0.3656419515609741,0.042427659034729004,1,True,True,0
C000000003__VIS_03_SW_data_16-June-2026_10-09-42,26,0.27848697394783045,0.35708922147750854,0.03483128547668457,1,True,True,0
C000000003__VIS_03_SW_data_16-June-2026_10-09-42,26,0.2898496993988163,0.3174692392349243,0.13360172510147095,1,False,False,1
C000000003__VIS_03_SW_data_16-June-2026_10-09-42,26,0.3012124248495687,0.29466474056243896,0.02710282802581787,1,False,False,1
C000000003__VIS_03_SW_data_16-June-2026_10-09-42,26,0.31257515030055455,0.29498809576034546,0.02408301830291748,1,False,False,1
C000000003__VIS_03_SW_data_16-June-2026_10-09-42,26,0.3239378757515403,0.2975665330886841,0.154674232006073,1,True,True,0
C000000003__VIS_03_SW_data_16-June-2026_10-09-42,26,0.3353006012022928,0.34889519214630127,0.13764002919197083,1,False,False,1
C000000003__VIS_03_SW_data_16-June-2026_10-09-42,26,0.3466633266532786,0.3297516107559204,0.12293574213981628,1,False,False,1
C000000003__VIS_03_SW_data_16-June-2026_10-09-42,26,0.3580260521040311,0.34289073944091797,0.1741398572921753,1,False,False,1
C000000003__VIS_03_SW_data_16-June-2026_10-09-42,26,0.3693887775550169,0.2987499237060547,0.15842002630233765,1,False,False,1
C000000003__VIS_03_SW_data_16-June-2026_10-09-42,26,0.3807515030060027,0.3166957497596741,0.14828550815582275,1,False,False,2
C000000003__VIS_03_SW_data_16-June-2026_10-09-42,26,0.3921142284567552,0.31715989112854004,0.06166309118270874,1,False,False,1
C000000003__VIS_03_SW_data_16-June-2026_10-09-42,26,0.40347695390774097,0.31120365858078003,0.062201857566833496,1,False,False,2
C000000003__VIS_03_SW_data_16-June-2026_10-09-42,26,0.4148396793587268,0.3665851354598999,0.05982661247253418,1,False,False,2
C000000003__VIS_03_SW_data_16-June-2026_10-09-42,26,0.42620240480947924,0.3369251489639282,0.05316054821014404,1,False,False,2
C000000003__VIS_03_SW_data_16-June-2026_10-09-42,26,0.43756513026046506,0.47206974029541016,0.022703826427459717,1,False,False,2
C000000003__VIS_03_SW_data_16-June-2026_10-09-42,26,0.44892785571145083,0.4428560733795166,0.03245401382446289,1,False,False,2
C000000003__VIS_03_SW_data_16-June-2026_10-09-42,26,0.46029058116220334,0.5081216096878052,0.0249481201171875,1,False,False,1
C000000003__VIS_03_SW_data_16-June-2026_10-09-42,26,0.4716533066131891,0.5859329104423523,0.01986515522003174,1,False,False,1
C000000003__VIS_03_SW_data_16-June-2026_10-09-42,26,0.4830160320639416,0.5764153599739075,0.05105853080749512,1,False,False,1
C000000003__VIS_03_SW_data_16-June-2026_10-09-42,26,0.49437875751492744,0.6021456122398376,0.02975642681121826,1,False,False,2
C000000003__VIS_03_SW_data_16-June-2026_10-09-42,26,0.5057414829659131,0.6949464678764343,0.022790491580963135,1,False,False,2
C000000003__VIS_03_SW_data_16-June-2026_10-09-42,26,0.5171042084166657,0.7865843027830124,0.019935548305511475,1,False,False,1
C000000003__VIS_03_SW_data_16-June-2026_10-09-42,26,0.5284669338676515,0.758042573928833,0.1664728820323944,1,False,False,1
C000000003__VIS_03_SW_data_16-June-2026_10-09-42,26,0.5398296593186372,0.7746502161026001,0.027924969792366028,1,False,False,2
C000000003__VIS_03_SW_data_16-June-2026_10-09-42,26,0.5511923847693898,0.5569140315055847,0.0804980993270874,1,False,False,5
C000000003__VIS_03_SW_data_16-June-2026_10-09-42,26,0.5625551102203755,0.5366271138191223,0.13194355368614197,1,False,False,5
C000000003__VIS_03_SW_data_16-June-2026_10-09-42,26,0.5739178356713613,0.5977689623832703,0.05999001860618591,1,False,False,4
C000000003__VIS_03_SW_data_16-June-2026_10-09-42,26,0.5852805611221138,0.6068415641784668,0.05983304977416992,1,False,False,4
C000000003__VIS_03_SW_data_16-June-2026_10-09-42,26,0.5966432865730996,0.5600129067897797,0.09106028079986572,1,False,False,4
C000000003__VIS_03_SW_data_16-June-2026_10-09-42,26,0.6080060120240854,0.5801243185997009,0.04795178771018982,1,False,False,4
C000000003__VIS_03_SW_data_16-June-2026_10-09-42,26,0.6193687374748379,0.48495590686798096,0.05647057294845581,1,False,False,3
C000000003__VIS_03_SW_data_16-June-2026_10-09-42,26,0.6307314629258237,0.475300669670105,0.1121225655078888,1,False,False,3
C000000003__VIS_03_SW_data_16-June-2026_10-09-42,26,0.6420941883765762,0.4783157706260681,0.08225217461585999,1,False,False,3
C000000003__VIS_03_SW_data_16-June-2026_10-09-42,26,0.653456913827562,0.4814339876174927,0.05420145392417908,1,False,False,2
C000000003__VIS_03_SW_data_16-June-2026_10-09-42,26,0.6648196392785478,0.4315826892852783,0.08683454990386963,1,False,False,2
C000000003__VIS_03_SW_data_16-June-2026_10-09-42,26,0.6761823647293003,0.4756075143814087,0.03108757734298706,1,False,False,4
C000000003__VIS_03_SW_data_16-June-2026_10-09-42,26,0.6875450901802861,0.432883620262146,0.09400030970573425,1,False,False,3
C000000003__VIS_03_SW_data_16-June-2026_10-09-42,26,0.6989078156312719,0.4586004614830017,0.08339732885360718,2,False,False,1
C000000003__VIS_03_SW_data_16-June-2026_10-09-42,26,0.7102705410820244,0.42144858837127686,0.10767120122909546,2,False,False,1
C000000003__VIS_03_SW_data_16-June-2026_10-09-42,26,0.7216332665330102,0.41885364055633545,0.15712907910346985,2,False,False,1
C000000003__VIS_03_SW_data_16-June-2026_10-09-42,26,0.7329959919839959,0.4586886167526245,0.16388124227523804,1,True,True,0
C000000003__VIS_03_SW_data_16-June-2026_10-09-42,26,0.7443587174347485,0.4421292543411255,0.1314917504787445,1,True,True,0
C000000003__VIS_03_SW_data_16-June-2026_10-09-42,26,0.7557214428857342,0.420412540435791,0.08588346838951111,1,False,False,1
C000000003__VIS_03_SW_data_16-June-2026_10-09-42,26,0.7670841683364867,0.4427464008331299,0.08073729276657104,1,False,False,1
C000000003__VIS_03_SW_data_16-June-2026_10-09-42,26,0.7784468937874724,0.38681960105895996,0.102386474609375,1,False,False,1
C000000003__VIS_03_SW_data_16-June-2026_10-09-42,26,0.7898096192384583,0.4199119210243225,0.04656779766082764,1,False,False,1
C000000003__VIS_03_SW_data_16-June-2026_10-09-42,26,0.8011723446892108,0.3410087823867798,0.055518537759780884,1,False,False,1
C000000003__VIS_03_SW_data_16-June-2026_10-09-42,26,0.8125350701401965,0.31877195835113525,0.03338134288787842,1,False,False,2
C000000003__VIS_03_SW_data_16-June-2026_10-09-42,26,0.8238977955911824,0.27173155546188354,0.04378926753997803,1,False,False,3
C000000003__VIS_03_SW_data_16-June-2026_10-09-42,26,0.8352605210419348,0.20579946041107178,0.05163189768791199,1,False,False,3
C000000003__VIS_03_SW_data_16-June-2026_10-09-42,26,0.8466232464929206,0.0,0.0433880090713501,1,False,False,4
C000000003__VIS_03_SW_data_16-June-2026_10-10-39,26,0.5210323253388169,0.31537777185440063,0.10993412137031555,1,False,False,1
C000000003__VIS_03_SW_data_16-June-2026_10-10-39,26,0.5328571428571526,0.35928910970687866,0.11698871850967407,1,True,True,0
C000000003__VIS_03_SW_data_16-June-2026_10-10-39,26,0.5446819603752454,0.37955695390701294,0.05315995216369629,1,True,True,0
C000000003__VIS_03_SW_data_16-June-2026_10-10-39,26,0.5565067778935809,0.36753928661346436,0.013149380683898926,1,True,True,0
C000000003__VIS_03_SW_data_16-June-2026_10-10-39,26,0.5683315954119165,0.364959716796875,0.0856812596321106,1,False,False,1
C000000003__VIS_03_SW_data_16-June-2026_10-10-39,26,0.5801564129300093,0.4011402726173401,0.05518728494644165,1,False,False,1
C000000003__VIS_03_SW_data_16-June-2026_10-10-39,26,0.5919812304483449,0.45221930742263794,0.012904226779937744,1,False,False,4
C000000003__VIS_03_SW_data_16-June-2026_10-10-39,26,0.6038060479664377,0.42572838068008423,0.04006093740463257,1,False,False,4
C000000003__VIS_03_SW_data_16-June-2026_10-10-39,26,0.6156308654847733,0.4995271563529968,0.08068990707397461,1,False,False,3
C000000003__VIS_03_SW_data_16-June-2026_10-10-39,26,0.6274556830031088,0.4459817409515381,0.052988797426223755,1,False,False,3
C000000003__VIS_03_SW_data_16-June-2026_10-10-39,26,0.6392805005212017,0.5216410458087921,0.04631301760673523,1,False,False,4
C000000003__VIS_03_SW_data_16-June-2026_10-10-39,26,0.6511053180395372,0.46661072969436646,0.06401476263999939,1,False,False,2
C000000003__VIS_03_SW_data_16-June-2026_10-10-39,26,0.6629301355578728,0.4245278239250183,0.07922857999801636,1,False,False,2
C000000003__VIS_03_SW_data_16-June-2026_10-10-39,26,0.6747549530759656,0.5873480439186096,0.03656288981437683,1,False,False,3
C000000003__VIS_03_SW_data_16-June-2026_10-10-39,26,0.6865797705943012,0.5797624588012695,0.013252347707748413,1,True,True,0
C000000003__VIS_03_SW_data_16-June-2026_10-10-39,26,0.6984045881126367,0.5513304173946381,0.05141568183898926,1,False,False,2
C000000003__VIS_03_SW_data_16-June-2026_10-10-39,26,0.7102294056307296,0.5676975548267365,0.04223126173019409,1,False,False,2
C000000003__VIS_03_SW_data_16-June-2026_10-10-39,26,0.7220542231490651,0.6117052435874939,0.07590270042419434,1,False,False,2
C000000003__VIS_03_SW_data_16-June-2026_10-10-39,26,0.7338790406674007,0.6823311746120453,0.011722445487976074,1,True,True,0
C000000003__VIS_03_SW_data_16-June-2026_10-10-39,26,0.7457038581854935,0.6434932947158813,0.01613582670688629,1,True,True,0
C000000003__VIS_03_SW_data_16-June-2026_10-10-39,26,0.7575286757038291,0.6303438544273376,0.003904864192008972,1,False,False,1
C000000003__VIS_03_SW_data_16-June-2026_10-10-39,26,0.7693534932219218,0.5742032527923584,0.0010418295860290527,1,False,False,1
C000000003__VIS_03_SW_data_16-June-2026_10-10-39,26,0.7811783107402575,0.5093195736408234,0.012324512004852295,1,False,False,8
C000000003__VIS_03_SW_data_16-June-2026_10-10-39,26,0.793003128258593,0.514219343662262,0.05950990319252014,1,False,False,3
C000000003__VIS_03_SW_data_16-June-2026_10-10-39,26,0.8048279457766858,0.48053550720214844,0.07742422819137573,1,False,False,3
C000000003__VIS_03_SW_data_16-June-2026_10-10-39,26,0.8166527632950213,0.5565048158168793,0.024019956588745117,1,False,False,2
C000000003__VIS_03_SW_data_16-June-2026_10-10-39,26,0.828477580813357,0.4807930588722229,0.002977818250656128,1,False,False,5
C000000003__VIS_03_SW_data_16-June-2026_10-10-39,26,0.8403023983314497,0.5143795907497406,0.0038755834102630615,1,False,False,5
C000000003__VIS_03_SW_data_16-June-2026_10-10-39,26,0.8521272158497853,0.5453834533691406,0.02883884310722351,1,False,False,1
C000000003__VIS_03_SW_data_16-June-2026_10-10-39,26,0.8639520333681209,0.6407420933246613,0.048163652420043945,1,False,False,1
C000000003__VIS_03_SW_data_16-June-2026_10-10-39,26,0.8757768508862137,0.5910853147506714,0.021721571683883667,1,False,False,6
C000000003__VIS_03_SW_data_16-June-2026_10-10-39,26,0.8876016684045492,0.6077962815761566,0.04078274965286255,1,False,False,4
C000000003__VIS_03_SW_data_16-June-2026_10-10-39,26,0.8994264859226421,0.6268911957740784,0.04033994674682617,1,False,False,4
C000000003__VIS_03_SW_data_16-June-2026_10-10-39,26,0.9112513034409776,0.6116958856582642,0.010742872953414917,1,False,False,3
C000000003__VIS_03_SW_data_16-June-2026_10-10-39,26,0.9230761209593132,0.613178014755249,0.001997232437133789,1,False,False,5
C000000003__VIS_03_SW_data_16-June-2026_10-10-39,26,0.934900938477406,0.4256206154823303,0.06784594058990479,1,False,False,3
C000000003__VIS_03_SW_data_16-June-2026_10-10-39,26,0.9467257559957416,0.38121527433395386,0.0003256797790527344,1,False,False,3
C000000003__VIS_03_SW_data_16-June-2026_10-10-39,26,0.9585505735140771,0.2767453193664551,0.062002092599868774,1,False,False,1
C000000003__VIS_03_SW_data_16-June-2026_10-10-39,26,0.97037539103217,0.2858596444129944,0.034519314765930176,1,False,False,2
C000000003__VIS_03_SW_data_16-June-2026_10-10-39,26,0.9822002085505055,0.3158572316169739,0.0482710599899292,1,False,False,1
C000000003__VIS_03_SW_data_16-June-2026_10-10-39,26,0.01210636079235622,0.3089578151702881,0.05646878480911255,1,False,False,1
C000000003__VIS_03_SW_data_16-June-2026_10-10-39,26,0.023931178310691796,0.2526901960372925,0.00023823976516723633,1,False,False,1
C000000003__VIS_03_SW_data_16-June-2026_10-10-39,26,0.03575599582902737,0.33531391620635986,0.11285948753356934,1,True,True,0
C000000003__VIS_03_SW_data_16-June-2026_10-10-39,26,0.047580813347120166,0.33908283710479736,0.03624790906906128,1,True,True,0
C000000003__VIS_03_SW_data_16-June-2026_10-10-39,26,0.05940563086545574,0.32345134019851685,0.047658443450927734,1,True,True,0
C000000003__VIS_03_SW_data_16-June-2026_10-10-39,26,0.07123044838354854,0.2767166495323181,0.07834550738334656,1,True,True,0
C000000003__VIS_03_SW_data_16-June-2026_10-10-39,26,0.08305526590188411,0.36692333221435547,0.05135837197303772,1,True,True,0
C000000003__VIS_03_SW_data_16-June-2026_10-10-39,26,0.0948800834202197,0.43183672428131104,0.12343969941139221,1,False,False,1
C000000003__VIS_03_SW_data_16-June-2026_10-10-39,26,0.10670490093831249,0.41097718477249146,0.07427918910980225,1,False,False,1
C000000003__VIS_03_SW_data_16-June-2026_10-10-39,26,0.11852971845664806,0.43904054164886475,0.16739749908447266,1,False,False,1
C000000003__VIS_03_SW_data_16-June-2026_10-10-39,26,0.13035453597498364,0.3910473585128784,0.17241334915161133,1,False,False,2
C000000003__VIS_03_SW_data_16-June-2026_10-10-39,26,0.14217935349307645,0.47239959239959717,0.15378254652023315,1,False,False,2
C000000003__VIS_03_SW_data_16-June-2026_10-10-39,26,0.154004171011412,0.5034435987472534,0.16056567430496216,1,False,False,2
C000000003__VIS_03_SW_data_16-June-2026_10-10-39,26,0.1658289885297476,0.49357807636260986,0.12323945760726929,1,False,False,2
C000000003__VIS_03_SW_data_16-June-2026_10-10-39,26,0.1776538060478404,0.4706876277923584,0.08332622051239014,1,False,False,3
C000000003__VIS_03_SW_data_16-June-2026_10-10-39,26,0.18947862356617595,0.5150440335273743,0.10824209451675415,1,False,False,3
C000000003__VIS_03_SW_data_16-June-2026_10-10-39,26,0.20130344108426876,0.4989330768585205,0.01956993341445923,1,True,True,0
C000000003__VIS_03_SW_data_16-June-2026_10-10-39,26,0.21312825860260434,0.5719379782676697,0.06857240200042725,1,False,False,1
C000000003__VIS_03_SW_data_16-June-2026_10-10-39,26,0.2249530761209399,0.5472970008850098,0.09808790683746338,1,False,False,1
C000000003__VIS_03_SW_data_16-June-2026_10-10-39,26,0.2367778936390327,0.48597800731658936,0.10790596902370453,1,True,True,0
C000000003__VIS_03_SW_data_16-June-2026_10-10-39,26,0.2486027111573683,0.5366045236587524,0.08528399467468262,1,True,True,0
C000000003__VIS_03_SW_data_16-June-2026_10-10-39,26,0.26042752867570385,0.4590641260147095,0.012656599283218384,1,True,True,0
C000000003__VIS_03_SW_data_16-June-2026_10-10-39,26,0.2722523461937966,0.3943061828613281,0.02288338541984558,1,False,False,1
C000000003__VIS_03_SW_data_16-June-2026_10-10-39,26,0.2840771637121322,0.4024404287338257,0.02070063352584839,1,False,False,1
C000000003__VIS_03_SW_data_16-June-2026_10-10-39,26,0.2959019812304678,0.38199591636657715,0.023380786180496216,1,False,False,2
C000000003__VIS_03_SW_data_16-June-2026_10-10-39,26,0.3077267987485606,0.33120495080947876,0.06295254826545715,1,False,False,2
C000000003__VIS_03_SW_data_16-June-2026_10-10-39,26,0.31955161626689615,0.36002522706985474,0.02425205707550049,1,False,False,2
C000000003__VIS_03_SW_data_16-June-2026_10-10-39,26,0.33137643378523174,0.31289637088775635,0.08344805240631104,1,False,False,2
C000000003__VIS_03_SW_data_16-June-2026_10-10-39,26,0.3432012513033246,0.325752317905426,0.034888267517089844,1,False,False,1
C000000003__VIS_03_SW_data_16-June-2026_10-10-39,26,0.3550260688216601,0.35219675302505493,0.060782283544540405,1,False,False,1
C000000003__VIS_03_SW_data_16-June-2026_10-10-39,26,0.36685088633975294,0.3348104953765869,0.03567489981651306,1,False,False,1
C000000003__VIS_03_SW_data_16-June-2026_10-10-39,26,0.3786757038580885,0.351173996925354,0.051491886377334595,1,True,True,0
C000000003__VIS_03_SW_data_16-June-2026_10-10-39,26,0.39050052137642405,0.2956439256668091,0.0746491551399231,1,True,True,0
C000000003__VIS_03_SW_data_16-June-2026_10-10-39,26,0.4023253388945169,0.2963128089904785,0.05529949069023132,2,True,False,2
C000000003__VIS_03_SW_data_16-June-2026_10-10-39,26,0.41415015641285247,0.3269304037094116,0.09350687265396118,2,True,False,2
C000000003__VIS_03_SW_data_16-June-2026_10-10-39,26,0.425974973931188,0.321300208568573,0.10352534055709839,2,False,False,2
C000000003__VIS_03_SW_data_16-June-2026_10-10-39,26,0.43779979144928083,0.31817811727523804,0.0999671220779419,2,True,False,1
C000000003__VIS_03_SW_data_16-June-2026_10-10-39,26,0.4496246089676164,0.4454137086868286,0.0972384512424469,2,True,False,2
C000000003__VIS_03_SW_data_16-June-2026_10-10-39,26,0.461449426485952,0.4755115509033203,0.09441202878952026,1,False,False,2
C000000003__VIS_03_SW_data_16-June-2026_10-10-39,26,0.4732742440040448,0.6091050207614899,0.07619151473045349,1,False,False,2
C000000003__VIS_03_SW_data_16-June-2026_10-10-39,26,0.48509906152238036,0.6715982556343079,0.0881950855255127,1,False,False,3
C000000003__VIS_03_SW_data_16-June-2026_10-10-39,26,0.49692387904047314,0.5252007842063904,0.04586803913116455,1,True,True,0
C000000003__VIS_03_SW_data_16-June-2026_10-10-39,26,0.5087486965588087,0.5702390670776367,0.027133136987686157,1,True,True,0
C000000003__VIS_03_SW_data_16-June-2026_10-10-39,26,0.5205735140771443,0.4846804141998291,0.005644410848617554,1,True,True,0
C000000003__VIS_03_SW_data_16-June-2026_10-10-39,26,0.5323983315952371,0.5526760220527649,0.049906834959983826,1,True,True,0
C000000003__VIS_03_SW_data_16-June-2026_10-10-39,26,0.5442231491135726,0.460541307926178,0.04778376221656799,1,False,False,1
C000000003__VIS_03_SW_data_16-June-2026_10-10-39,26,0.5560479666319083,0.4191632866859436,0.01356099545955658,1,False,False,1
C000000003__VIS_03_SW_data_16-June-2026_10-10-39,26,0.567872784150001,0.2751976251602173,0.05235046148300171,1,False,False,1
C000000003__VIS_03_SW_data_16-June-2026_10-10-39,26,0.5796976016683366,1.1920928955078125e-07,0.05828016996383667,1,False,False,6
C000000003__VIS_03_SW_data_16-June-2026_10-12-10,26,0.8382737487231108,0.2367720603942871,0.04197251796722412,1,False,False,2
C000000003__VIS_03_SW_data_16-June-2026_10-12-10,26,0.8498569969356581,0.25955134630203247,0.03141012787818909,1,False,False,3
C000000003__VIS_03_SW_data_16-June-2026_10-12-10,26,0.8614402451479676,0.24405145645141602,0.02321210503578186,1,False,False,3
C000000003__VIS_03_SW_data_16-June-2026_10-12-10,26,0.8730234933605149,0.2950427532196045,0.04436594247817993,1,False,False,3
C000000003__VIS_03_SW_data_16-June-2026_10-12-10,26,0.8846067415730623,0.28092968463897705,0.04110071063041687,1,False,False,4
C000000003__VIS_03_SW_data_16-June-2026_10-12-10,26,0.8961899897853718,0.30556976795196533,0.03825390338897705,1,False,False,4
C000000003__VIS_03_SW_data_16-June-2026_10-12-10,26,0.9077732379979191,0.3297789692878723,0.013272225856781006,1,False,False,4
C000000003__VIS_03_SW_data_16-June-2026_10-12-10,26,0.9193564862102286,0.4637594223022461,0.003934144973754883,1,False,False,4
C000000003__VIS_03_SW_data_16-June-2026_10-12-10,26,0.9309397344227759,0.3679194450378418,0.03210633993148804,1,False,False,5
C000000003__VIS_03_SW_data_16-June-2026_10-12-10,26,0.9425229826353232,0.49088871479034424,0.014571428298950195,1,False,False,5
C000000003__VIS_03_SW_data_16-June-2026_10-12-10,26,0.9541062308476327,0.3555312156677246,0.057898879051208496,1,True,True,0
C000000003__VIS_03_SW_data_16-June-2026_10-12-10,26,0.96568947906018,0.3024669885635376,0.028993844985961914,1,False,False,2
C000000003__VIS_03_SW_data_16-June-2026_10-12-10,26,0.9772727272727273,0.2637956738471985,0.022108256816864014,1,True,True,0
C000000003__VIS_03_SW_data_16-June-2026_10-12-10,26,0.9888559754850368,0.23721826076507568,8.291006088256836e-05,1,False,False,2
C000000003__VIS_03_SW_data_16-June-2026_10-12-10,26,1.000439223697584,0.188306987285614,0.04318028688430786,1,True,True,0
C000000003__VIS_03_SW_data_16-June-2026_10-12-10,26,0.0011338100100813226,0.2572052478790283,0.15126705169677734,1,True,True,0
C000000003__VIS_03_SW_data_16-June-2026_10-12-10,26,0.012717058222628636,0.3197063207626343,0.17435979843139648,1,True,True,0
C000000003__VIS_03_SW_data_16-June-2026_10-12-10,26,0.024300306435175948,0.2929413318634033,0.06306475400924683,1,True,True,0
C000000003__VIS_03_SW_data_16-June-2026_10-12-10,26,0.03588355464748544,0.294655442237854,0.037028372287750244,1,True,True,0
C000000003__VIS_03_SW_data_16-June-2026_10-12-10,26,0.04746680286003275,0.30417048931121826,0.05004692077636719,1,True,True,0
C000000003__VIS_03_SW_data_16-June-2026_10-12-10,26,0.059050051072342236,0.2833162546157837,0.057902991771698,1,True,True,0
C000000003__VIS_03_SW_data_16-June-2026_10-12-10,26,0.07063329928488955,0.3249192237854004,0.06759065389633179,1,True,True,0
C000000003__VIS_03_SW_data_16-June-2026_10-12-10,26,0.08221654749743686,0.34386324882507324,0.17701315879821777,1,True,True,0
C000000003__VIS_03_SW_data_16-June-2026_10-12-10,26,0.09379979570974635,0.2987741231918335,0.15250897407531738,1,True,True,0
C000000003__VIS_03_SW_data_16-June-2026_10-12-10,26,0.10538304392229367,0.4299697279930115,0.10180699825286865,1,True,True,0
C000000003__VIS_03_SW_data_16-June-2026_10-12-10,26,0.11696629213484097,0.41157037019729614,0.2037264108657837,1,True,True,0
C000000003__VIS_03_SW_data_16-June-2026_10-12-10,26,0.12854954034715046,0.40530848503112793,0.21567770838737488,1,True,True,0
C000000003__VIS_03_SW_data_16-June-2026_10-12-10,26,0.14013278855969777,0.4011101722717285,0.1658705770969391,1,True,True,0
C000000003__VIS_03_SW_data_16-June-2026_10-12-10,26,0.1517160367722451,0.3796154856681824,0.29459527134895325,1,True,True,0
C000000003__VIS_03_SW_data_16-June-2026_10-12-10,26,0.16329928498455457,0.4522729516029358,0.35407310724258423,1,True,True,0
C000000003__VIS_03_SW_data_16-June-2026_10-12-10,26,0.1748825331971019,0.540172278881073,0.2903793454170227,1,True,True,0
C000000003__VIS_03_SW_data_16-June-2026_10-12-10,26,0.18646578140941136,0.5125565230846405,0.20915457606315613,1,True,True,0
C000000003__VIS_03_SW_data_16-June-2026_10-12-10,26,0.1980490296219587,0.5580473840236664,0.21059823036193848,1,True,True,0
C000000003__VIS_03_SW_data_16-June-2026_10-12-10,26,0.209632277834506,0.5468682646751404,0.20351743698120117,1,True,True,0
C000000003__VIS_03_SW_data_16-June-2026_10-12-10,26,0.2212155260468155,0.4417532682418823,0.2664603888988495,1,False,False,1
C000000003__VIS_03_SW_data_16-June-2026_10-12-10,26,0.2327987742593628,0.41610997915267944,0.18766725063323975,1,True,True,0
C000000003__VIS_03_SW_data_16-June-2026_10-12-10,26,0.2443820224719101,0.384479284286499,0.16334420442581177,1,False,False,1
C000000003__VIS_03_SW_data_16-June-2026_10-12-10,26,0.2559652706842196,0.4026005268096924,0.12165689468383789,1,False,False,1
C000000003__VIS_03_SW_data_16-June-2026_10-12-10,26,0.2675485188967669,0.34540581703186035,0.10354995727539062,1,True,True,0
C000000003__VIS_03_SW_data_16-June-2026_10-12-10,26,0.2791317671093142,0.33434027433395386,0.008065283298492432,1,True,True,0
C000000003__VIS_03_SW_data_16-June-2026_10-12-10,26,0.2907150153216237,0.36262941360473633,0.006432533264160156,1,False,False,2
C000000003__VIS_03_SW_data_16-June-2026_10-12-10,26,0.30229826353417105,0.3013862371444702,0.011869847774505615,1,False,False,3
C000000003__VIS_03_SW_data_16-June-2026_10-12-10,26,0.31388151174671836,0.3726993799209595,0.01721292734146118,1,False,False,2
C000000003__VIS_03_SW_data_16-June-2026_10-12-10,26,0.32546475995902785,0.2787306308746338,0.06470531225204468,1,False,False,2
C000000003__VIS_03_SW_data_16-June-2026_10-12-10,26,0.33704800817157515,0.36820530891418457,0.05677175521850586,1,False,False,2
C000000003__VIS_03_SW_data_16-June-2026_10-12-10,26,0.34863125638388465,0.3289012908935547,0.10475462675094604,1,False,False,1
C000000003__VIS_03_SW_data_16-June-2026_10-12-10,26,0.36021450459643195,0.29206663370132446,0.0898478627204895,1,False,False,1
C000000003__VIS_03_SW_data_16-June-2026_10-12-10,26,0.37179775280897925,0.3497272729873657,0.05830585956573486,1,False,False,1
C000000003__VIS_03_SW_data_16-June-2026_10-12-10,26,0.38338100102128875,0.32440829277038574,0.060240864753723145,1,False,False,1
C000000003__VIS_03_SW_data_16-June-2026_10-12-10,26,0.39496424923383605,0.2738199234008789,0.11604255437850952,1,True,True,0
C000000003__VIS_03_SW_data_16-June-2026_10-12-10,26,0.40654749744638335,0.23573869466781616,0.13694030046463013,1,True,True,0
C000000003__VIS_03_SW_data_16-June-2026_10-12-10,26,0.41813074565869285,0.3072000741958618,0.14425230026245117,1,True,True,0
C000000003__VIS_03_SW_data_16-June-2026_10-12-10,26,0.42971399387124015,0.3287010192871094,0.12114274501800537,1,True,True,0
C000000003__VIS_03_SW_data_16-June-2026_10-12-10,26,0.44129724208378746,0.3959318995475769,0.15501505136489868,1,False,False,1
C000000003__VIS_03_SW_data_16-June-2026_10-12-10,26,0.45288049029609695,0.4770759344100952,0.09661364555358887,1,False,False,1
C000000003__VIS_03_SW_data_16-June-2026_10-12-10,26,0.46446373850864425,0.43494200706481934,0.13071072101593018,1,True,True,0
C000000003__VIS_03_SW_data_16-June-2026_10-12-10,26,0.47604698672095375,0.4155777096748352,0.08088904619216919,1,True,True,0
C000000003__VIS_03_SW_data_16-June-2026_10-12-10,26,0.48763023493350105,0.3418034315109253,0.14990422129631042,1,True,True,0
C000000003__VIS_03_SW_data_16-June-2026_10-12-10,26,0.4992134831460484,0.42271125316619873,0.21538838744163513,1,True,True,0
C000000003__VIS_03_SW_data_16-June-2026_10-12-10,26,0.5107967313583579,0.38862377405166626,0.1499880850315094,1,True,True,0
C000000003__VIS_03_SW_data_16-June-2026_10-12-10,26,0.5223799795709052,0.34062355756759644,0.21712815761566162,1,True,True,0
C000000003__VIS_03_SW_data_16-June-2026_10-12-10,26,0.5339632277834525,0.3553021550178528,0.21200427412986755,1,True,True,0
C000000003__VIS_03_SW_data_16-June-2026_10-12-10,26,0.545546475995762,0.4055090546607971,0.17958790063858032,1,True,True,0
C000000003__VIS_03_SW_data_16-June-2026_10-12-10,26,0.5571297242083093,0.39406800270080566,0.22361958026885986,1,False,False,1
C000000003__VIS_03_SW_data_16-June-2026_10-12-10,26,0.5687129724208566,0.3715958595275879,0.18224215507507324,1,False,False,1
C000000003__VIS_03_SW_data_16-June-2026_10-12-10,26,0.5802962206331661,0.39699786901474,0.0896611213684082,1,False,False,1
C000000003__VIS_03_SW_data_16-June-2026_10-12-10,26,0.5918794688457134,0.3903313875198364,0.19891104102134705,1,False,False,1
C000000003__VIS_03_SW_data_16-June-2026_10-12-10,26,0.6034627170582607,0.3374452590942383,0.21428033709526062,1,False,False,1
C000000003__VIS_03_SW_data_16-June-2026_10-12-10,26,0.6150459652705702,0.45906317234039307,0.10950422286987305,1,True,True,0
C000000003__VIS_03_SW_data_16-June-2026_10-12-10,26,0.6266292134831175,0.45493829250335693,0.11247311532497406,1,False,False,1
C000000003__VIS_03_SW_data_16-June-2026_10-12-10,26,0.638212461695427,0.45044517517089844,0.19385218620300293,1,False,False,2
C000000003__VIS_03_SW_data_16-June-2026_10-12-10,26,0.6497957099079743,0.33277058601379395,0.19181662797927856,1,False,False,2
C000000003__VIS_03_SW_data_16-June-2026_10-12-10,26,0.6613789581205216,0.3917968273162842,0.152960404753685,1,False,False,2
C000000003__VIS_03_SW_data_16-June-2026_10-12-10,26,0.6729622063328311,0.3937978744506836,0.007359951734542847,1,False,False,4
C000000003__VIS_03_SW_data_16-June-2026_10-12-10,26,0.6845454545453784,0.3833012580871582,0.02508533000946045,1,False,False,4
C000000003__VIS_03_SW_data_16-June-2026_10-12-10,26,0.6961287027579257,0.3636974096298218,0.01142817735671997,1,False,False,4
C000000003__VIS_03_SW_data_16-June-2026_10-12-10,26,0.7077119509702352,0.29485243558883667,0.049181610345840454,1,False,False,3
C000000003__VIS_03_SW_data_16-June-2026_10-12-10,26,0.7192951991827825,0.3690555691719055,0.115176260471344,1,False,False,3
C000000003__VIS_03_SW_data_16-June-2026_10-12-10,26,0.7308784473953299,0.4445534944534302,0.1198592483997345,1,False,False,4
C000000003__VIS_03_SW_data_16-June-2026_10-12-10,26,0.7424616956076393,0.406205415725708,0.17684680223464966,1,False,False,4
C000000003__VIS_03_SW_data_16-June-2026_10-12-10,26,0.7540449438201867,0.3492358922958374,0.021291673183441162,1,False,False,4
C000000003__VIS_03_SW_data_16-June-2026_10-12-10,26,0.7656281920324961,0.33329641819000244,0.047453343868255615,2,False,False,5
C000000003__VIS_03_SW_data_16-June-2026_10-12-10,26,0.7772114402450435,0.31380903720855713,0.0541536808013916,2,False,False,5
C000000003__VIS_03_SW_data_16-June-2026_10-12-10,26,0.7887946884575908,0.3543124794960022,0.07476438581943512,1,False,False,5
C000000003__VIS_03_SW_data_16-June-2026_10-12-10,26,0.8003779366699003,0.2841719388961792,0.03802630305290222,1,False,False,5
C000000003__VIS_03_SW_data_16-June-2026_10-12-10,26,0.8119611848824476,0.2649688720703125,0.04047951102256775,1,False,False,6
C000000003__VIS_03_SW_data_16-June-2026_10-12-10,26,0.8235444330949949,0.19509398937225342,0.031010568141937256,1,False,False,6
C000000003__VIS_03_SW_data_16-June-2026_10-12-10,26,0.8351276813073044,0.12992143630981445,0.060333251953125,1,False,False,7
C000000003__VIS_03_SW_data_16-June-2026_10-12-10,26,0.8467109295198517,-1.1920928955078125e-07,0.04612806439399719,1,False,False,7
C000000003__VIS_03_SW_data_16-June-2026_10-13-59,26,0.9823702950151836,0.21838974952697754,0.07130289077758789,1,False,False,1
C000000003__VIS_03_SW_data_16-June-2026_10-13-59,26,0.9939064089521966,0.17790663242340088,0.05431121587753296,1,True,True,0
C000000003__VIS_03_SW_data_16-June-2026_10-13-59,26,1.0054425228889727,0.17685842514038086,0.036454737186431885,1,True,True,0
C000000003__VIS_03_SW_data_16-June-2026_10-13-59,26,0.022756866734363102,0.22585225105285645,0.04054957628250122,1,False,False,1
C000000003__VIS_03_SW_data_16-June-2026_10-13-59,26,0.03429298067137614,0.2721822261810303,0.07441586256027222,1,True,True,0
C000000003__VIS_03_SW_data_16-June-2026_10-13-59,26,0.04582909460815233,0.26719653606414795,0.06856244802474976,1,True,True,0
C000000003__VIS_03_SW_data_16-June-2026_10-13-59,26,0.057365208545165365,0.2835749387741089,0.035038888454437256,1,True,True,0
C000000003__VIS_03_SW_data_16-June-2026_10-13-59,26,0.06890132248217841,0.350263774394989,0.06600457429885864,1,False,False,1
C000000003__VIS_03_SW_data_16-June-2026_10-13-59,26,0.0804374364189546,0.3604952096939087,0.009274184703826904,1,False,False,1
C000000003__VIS_03_SW_data_16-June-2026_10-13-59,26,0.09197355035596763,0.43988800048828125,0.010924220085144043,1,False,False,1
C000000003__VIS_03_SW_data_16-June-2026_10-13-59,26,0.10350966429298067,0.45661652088165283,0.032263100147247314,1,True,True,0
C000000003__VIS_03_SW_data_16-June-2026_10-13-59,26,0.11504577822975685,0.45069289207458496,0.0723518431186676,1,True,True,0
C000000003__VIS_03_SW_data_16-June-2026_10-13-59,26,0.1265818921667699,0.5796289145946503,0.08612889051437378,1,True,True,0
C000000003__VIS_03_SW_data_16-June-2026_10-13-59,26,0.13811800610378294,0.5786543488502502,0.11220920085906982,1,False,False,1
C000000003__VIS_03_SW_data_16-June-2026_10-13-59,26,0.1496541200405591,0.7081219255924225,0.04316818714141846,1,True,True,0
C000000003__VIS_03_SW_data_16-June-2026_10-13-59,26,0.16119023397757215,0.6620933711528778,0.038635581731796265,1,False,False,1
C000000003__VIS_03_SW_data_16-June-2026_10-13-59,26,0.1727263479145852,0.7167930901050568,0.1295345425605774,1,True,True,0
C000000003__VIS_03_SW_data_16-June-2026_10-13-59,26,0.1842624618513614,0.6311055123806,0.19644546508789062,1,True,True,0
C000000003__VIS_03_SW_data_16-June-2026_10-13-59,26,0.19579857578837442,0.5555324852466583,0.15759094059467316,1,True,True,0
C000000003__VIS_03_SW_data_16-June-2026_10-13-59,26,0.20733468972515062,0.5345950126647949,0.1768495738506317,1,False,False,1
C000000003__VIS_03_SW_data_16-June-2026_10-13-59,26,0.21887080366216366,0.46319544315338135,0.12147405743598938,1,True,True,0
C000000003__VIS_03_SW_data_16-June-2026_10-13-59,26,0.2304069175991767,0.4915132522583008,0.049014657735824585,1,True,True,0
C000000003__VIS_03_SW_data_16-June-2026_10-13-59,26,0.24194303153595287,0.406757116317749,0.05174309015274048,1,True,True,0
C000000003__VIS_03_SW_data_16-June-2026_10-13-59,26,0.2534791454729659,0.3898940086364746,0.055646538734436035,1,False,False,1
C000000003__VIS_03_SW_data_16-June-2026_10-13-59,26,0.26501525940997894,0.3547499179840088,0.039126038551330566,1,False,False,1
C000000003__VIS_03_SW_data_16-June-2026_10-13-59,26,0.2765513733467551,0.2867555618286133,0.07229578495025635,1,False,False,2
C000000003__VIS_03_SW_data_16-June-2026_10-13-59,26,0.2880874872837682,0.2695910334587097,0.08976870775222778,1,False,False,2
C000000003__VIS_03_SW_data_16-June-2026_10-13-59,26,0.29962360122078124,0.2735633850097656,0.07068443298339844,1,False,False,1
C000000003__VIS_03_SW_data_16-June-2026_10-13-59,26,0.3111597151575574,0.22547495365142822,0.06103956699371338,1,False,False,1
C000000003__VIS_03_SW_data_16-June-2026_10-13-59,26,0.32269582909457045,0.24900346994400024,0.05410456657409668,1,False,False,1
C000000003__VIS_03_SW_data_16-June-2026_10-13-59,26,0.3342319430313466,0.20694226026535034,0.08906155824661255,1,False,False,1
C000000003__VIS_03_SW_data_16-June-2026_10-13-59,26,0.34576805696835966,0.21848201751708984,0.04704296588897705,1,True,True,0
C000000003__VIS_03_SW_data_16-June-2026_10-13-59,26,0.3573041709053727,0.2772519588470459,0.07510221004486084,1,True,True,0
C000000003__VIS_03_SW_data_16-June-2026_10-13-59,26,0.36884028484214887,0.26378363370895386,0.11246627569198608,1,False,False,1
C000000003__VIS_03_SW_data_16-June-2026_10-13-59,26,0.3803763987791619,0.22920751571655273,0.10237777233123779,1,True,True,0
C000000003__VIS_03_SW_data_16-June-2026_10-13-59,26,0.391912512716175,0.21824216842651367,0.09935623407363892,1,True,True,0
C000000003__VIS_03_SW_data_16-June-2026_10-13-59,26,0.40344862665295117,0.24962139129638672,0.11756211519241333,1,True,True,0
C000000003__VIS_03_SW_data_16-June-2026_10-13-59,26,0.4149847405899642,0.28889596462249756,0.09276306629180908,1,True,True,0
C000000003__VIS_03_SW_data_16-June-2026_10-13-59,26,0.42652085452697724,0.32659947872161865,0.09804743528366089,1,False,False,1
C000000003__VIS_03_SW_data_16-June-2026_10-13-59,26,0.4380569684637534,0.4240143299102783,0.030048370361328125,1,True,True,0
C000000003__VIS_03_SW_data_16-June-2026_10-13-59,26,0.44959308240076645,0.4994385242462158,0.0462573766708374,1,False,False,1
C000000003__VIS_03_SW_data_16-June-2026_10-13-59,26,0.4611291963377795,0.5023180842399597,0.00951462984085083,1,True,True,0
C000000003__VIS_03_SW_data_16-June-2026_10-13-59,26,0.47266531027455566,0.49822336435317993,0.0831027626991272,1,True,True,0
C000000003__VIS_03_SW_data_16-June-2026_10-13-59,26,0.48420142421156875,0.5819709599018097,0.17524206638336182,1,True,True,0
C000000003__VIS_03_SW_data_16-June-2026_10-13-59,26,0.4957375381483449,0.42327260971069336,0.14573347568511963,1,False,False,1
C000000003__VIS_03_SW_data_16-June-2026_10-13-59,26,0.5072736520853579,0.4069138765335083,0.1954093873500824,1,True,True,0
C000000003__VIS_03_SW_data_16-June-2026_10-13-59,26,0.5188097660223709,0.4520066976547241,0.20849260687828064,1,True,True,0
C000000003__VIS_03_SW_data_16-June-2026_10-13-59,26,0.5303458799591472,0.4768223762512207,0.27488353848457336,1,True,True,0
C000000003__VIS_03_SW_data_16-June-2026_10-13-59,26,0.5418819938961602,0.5278092622756958,0.16118445992469788,1,True,True,0
C000000003__VIS_03_SW_data_16-June-2026_10-13-59,26,0.5534181078331732,0.591480940580368,0.2254950851202011,1,False,False,1
C000000003__VIS_03_SW_data_16-June-2026_10-13-59,26,0.5649542217699495,0.4662562608718872,0.24181321263313293,1,True,True,0
C000000003__VIS_03_SW_data_16-June-2026_10-13-59,26,0.5764903357069625,0.5749844312667847,0.10271874070167542,1,True,True,0
C000000003__VIS_03_SW_data_16-June-2026_10-13-59,26,0.5880264496439755,0.6359395980834961,0.16489064693450928,1,False,False,1
C000000003__VIS_03_SW_data_16-June-2026_10-13-59,26,0.5995625635807517,0.6732962131500244,0.008970379829406738,1,False,False,1
C000000003__VIS_03_SW_data_16-June-2026_10-13-59,26,0.6110986775177647,0.6517974734306335,0.01188969612121582,1,False,False,1
C000000003__VIS_03_SW_data_16-June-2026_10-13-59,26,0.6226347914545409,0.4795036315917969,0.08181875944137573,1,True,True,0
C000000003__VIS_03_SW_data_16-June-2026_10-13-59,26,0.634170905391554,0.5055201649665833,0.05750429630279541,1,True,True,0
C000000003__VIS_03_SW_data_16-June-2026_10-13-59,26,0.645707019328567,0.47459113597869873,0.022130191326141357,1,True,True,0
C000000003__VIS_03_SW_data_16-June-2026_10-13-59,26,0.6572431332653432,0.5217759013175964,0.03838673233985901,1,True,True,0
C000000003__VIS_03_SW_data_16-June-2026_10-13-59,26,0.6687792472023563,0.4726946949958801,0.03377830982208252,1,False,False,1
C000000003__VIS_03_SW_data_16-June-2026_10-13-59,26,0.6803153611393693,0.49928534030914307,0.004279404878616333,1,False,False,1
C000000003__VIS_03_SW_data_16-June-2026_10-13-59,26,0.6918514750761454,0.49204277992248535,0.0042517781257629395,1,False,False,5
C000000003__VIS_03_SW_data_16-June-2026_10-13-59,26,0.7033875890131585,0.4190353751182556,0.003706902265548706,1,False,False,4
C000000003__VIS_03_SW_data_16-June-2026_10-13-59,26,0.7149237029501715,0.47608625888824463,0.040641576051712036,1,False,False,2
C000000003__VIS_03_SW_data_16-June-2026_10-13-59,26,0.7264598168869477,0.3926597833633423,0.03343838453292847,1,False,False,2
C000000003__VIS_03_SW_data_16-June-2026_10-13-59,26,0.7379959308239608,0.4700799584388733,0.004521965980529785,1,False,False,1
C000000003__VIS_03_SW_data_16-June-2026_10-13-59,26,0.7495320447609738,0.451235830783844,0.004535883665084839,1,False,False,3
C000000003__VIS_03_SW_data_16-June-2026_10-13-59,26,0.76106815869775,0.42914414405822754,0.03493198752403259,1,False,False,2
C000000003__VIS_03_SW_data_16-June-2026_10-13-59,26,0.7726042726347631,0.4438173174858093,0.014087498188018799,1,False,False,3
C000000003__VIS_03_SW_data_16-June-2026_10-13-59,26,0.7841403865715392,0.4425017833709717,0.02021971344947815,1,False,False,4
C000000003__VIS_03_SW_data_16-June-2026_10-13-59,26,0.7956765005085522,0.4223148822784424,0.04369613528251648,1,False,False,4
C000000003__VIS_03_SW_data_16-June-2026_10-13-59,26,0.8072126144455652,0.41375458240509033,0.0018704533576965332,1,False,False,4
C000000003__VIS_03_SW_data_16-June-2026_10-13-59,26,0.8187487283823415,0.3566526770591736,0.059871286153793335,1,False,False,5
C000000003__VIS_03_SW_data_16-June-2026_10-13-59,26,0.8302848423193545,0.41858339309692383,0.028124302625656128,1,False,False,5
C000000003__VIS_03_SW_data_16-June-2026_10-13-59,26,0.8418209562563675,0.38638532161712646,0.03194236755371094,1,False,False,5
C000000003__VIS_03_SW_data_16-June-2026_10-13-59,26,0.8533570701931438,0.46666431427001953,0.03632208704948425,1,False,False,5
C000000003__VIS_03_SW_data_16-June-2026_10-13-59,26,0.8648931841301568,0.5421481430530548,0.044503092765808105,1,False,False,6
C000000003__VIS_03_SW_data_16-June-2026_10-13-59,26,0.8764292980671698,0.535370945930481,0.04237625002861023,1,False,False,6
C000000003__VIS_03_SW_data_16-June-2026_10-13-59,26,0.887965412003946,0.5527918636798859,0.034932732582092285,1,False,False,6
C000000003__VIS_03_SW_data_16-June-2026_10-13-59,26,0.899501525940959,0.6419377326965332,0.08490848541259766,1,False,False,1
C000000003__VIS_03_SW_data_16-June-2026_10-13-59,26,0.9110376398777352,0.5526306331157684,0.01958930492401123,1,True,True,0
C000000003__VIS_03_SW_data_16-June-2026_10-13-59,26,0.9225737538147483,0.48533910512924194,0.07158169150352478,1,False,False,2
C000000003__VIS_03_SW_data_16-June-2026_10-13-59,26,0.9341098677517613,0.41246938705444336,0.13698571920394897,2,True,True,0
C000000003__VIS_03_SW_data_16-June-2026_10-13-59,26,0.9456459816885375,0.27707910537719727,0.10378992557525635,2,True,True,0
C000000003__VIS_03_SW_data_16-June-2026_10-13-59,26,0.9571820956255506,0.22639650106430054,0.04393643140792847,2,True,True,0
C000000003__VIS_03_SW_data_16-June-2026_10-13-59,26,0.9687182095625636,0.19067496061325073,0.10563266277313232,2,False,False,1
C000000003__VIS_03_SW_data_16-June-2026_10-13-59,26,0.9802543234993397,0.1280531883239746,0.12535154819488525,1,True,True,0
C000000003__VIS_03_SW_data_16-June-2026_10-13-59,26,0.9917904374363528,0.0,0.09229081869125366,1,True,True,0
C000000003__VIS_03_SW_data_16-June-2026_10-14-33,26,0.9568129571577069,0.351762056350708,0.01482301950454712,1,False,False,1
C000000003__VIS_03_SW_data_16-June-2026_10-14-33,26,0.007345872518315507,0.21787738800048828,0.16868364810943604,1,True,True,0
C000000003__VIS_03_SW_data_16-June-2026_10-14-33,26,0.019195402298724063,0.231376051902771,0.1350575089454651,1,True,True,0
C000000003__VIS_03_SW_data_16-June-2026_10-14-33,26,0.031044932079375913,0.2815053462982178,0.057817041873931885,1,False,False,1
C000000003__VIS_03_SW_data_16-June-2026_10-14-33,26,0.04289446185978447,0.27111154794692993,0.04275757074356079,1,False,False,2
C000000003__VIS_03_SW_data_16-June-2026_10-14-33,26,0.054743991640436314,0.29872632026672363,0.028498351573944092,1,False,False,2
C000000003__VIS_03_SW_data_16-June-2026_10-14-33,26,0.06659352142108817,0.2927379608154297,0.017867982387542725,1,False,False,2
C000000003__VIS_03_SW_data_16-June-2026_10-14-33,26,0.07844305120149672,0.33948421478271484,0.00749129056930542,1,True,True,0
C000000003__VIS_03_SW_data_16-June-2026_10-14-33,26,0.09029258098214857,0.4838007688522339,0.0337369441986084,1,False,False,3
C000000003__VIS_03_SW_data_16-June-2026_10-14-33,26,0.10214211076280041,0.4657193422317505,0.01030266284942627,1,False,False,3
C000000003__VIS_03_SW_data_16-June-2026_10-14-33,26,0.11399164054320897,0.6058388352394104,0.03792548179626465,1,True,True,0
C000000003__VIS_03_SW_data_16-June-2026_10-14-33,26,0.12584117032386083,0.5980466902256012,0.03316551446914673,1,False,False,1
C000000003__VIS_03_SW_data_16-June-2026_10-14-33,26,0.13769070010451268,0.7053402364253998,0.0521148145198822,1,False,False,1
C000000003__VIS_03_SW_data_16-June-2026_10-14-33,26,0.14954022988492122,0.702992856502533,0.08811643719673157,1,True,True,0
C000000003__VIS_03_SW_data_16-June-2026_10-14-33,26,0.16138975966557306,0.7474961280822754,0.08816343545913696,1,True,True,0
C000000003__VIS_03_SW_data_16-June-2026_10-14-33,26,0.17323928944622494,0.7207947373390198,0.12595710158348083,1,False,False,1
C000000003__VIS_03_SW_data_16-June-2026_10-14-33,26,0.18508881922663348,0.8128312230110168,0.1136646717786789,1,True,True,0
C000000003__VIS_03_SW_data_16-June-2026_10-14-33,26,0.19693834900728532,0.7304866909980774,0.2506431043148041,1,True,True,0
C000000003__VIS_03_SW_data_16-June-2026_10-14-33,26,0.2087878787876939,0.7289083302021027,0.16773878037929535,1,True,True,0
C000000003__VIS_03_SW_data_16-June-2026_10-14-33,26,0.22063740856834574,0.7053015530109406,0.24335849285125732,1,True,True,0
C000000003__VIS_03_SW_data_16-June-2026_10-14-33,26,0.23248693834899758,0.6275824308395386,0.12870731949806213,1,True,True,0
C000000003__VIS_03_SW_data_16-June-2026_10-14-33,26,0.24433646812940613,0.5417142510414124,0.06604242324829102,1,False,False,1
C000000003__VIS_03_SW_data_16-June-2026_10-14-33,26,0.25618599791005797,0.5443532466888428,0.07996729016304016,1,False,False,1
C000000003__VIS_03_SW_data_16-June-2026_10-14-33,26,0.2680355276907098,0.44107550382614136,0.09235545992851257,1,True,True,0
C000000003__VIS_03_SW_data_16-June-2026_10-14-33,26,0.2798850574711184,0.4172621965408325,0.035426974296569824,1,False,False,1
C000000003__VIS_03_SW_data_16-June-2026_10-14-33,26,0.29173458725177026,0.3838084936141968,0.003863513469696045,1,False,False,2
C000000003__VIS_03_SW_data_16-June-2026_10-14-33,26,0.3035841170324221,0.3063089847564697,0.0071980953216552734,1,True,True,0
C000000003__VIS_03_SW_data_16-June-2026_10-14-33,26,0.31543364681283065,0.28706562519073486,0.06591171026229858,1,False,False,1
C000000003__VIS_03_SW_data_16-June-2026_10-14-33,26,0.3272831765934825,0.3116612434387207,0.04129505157470703,1,False,False,1
C000000003__VIS_03_SW_data_16-June-2026_10-14-33,26,0.33913270637389104,0.32166552543640137,0.025869667530059814,1,False,False,1
C000000003__VIS_03_SW_data_16-June-2026_10-14-33,26,0.3509822361545429,0.24553459882736206,0.02593863010406494,1,False,False,1
C000000003__VIS_03_SW_data_16-June-2026_10-14-33,26,0.3628317659351947,0.25105708837509155,0.031748294830322266,1,True,True,0
C000000003__VIS_03_SW_data_16-June-2026_10-14-33,26,0.3746812957156033,0.28104448318481445,0.04213064908981323,1,True,True,0
C000000003__VIS_03_SW_data_16-June-2026_10-14-33,26,0.38653082549625517,0.26973962783813477,0.08003771305084229,1,True,True,0
C000000003__VIS_03_SW_data_16-June-2026_10-14-33,26,0.398380355276907,0.28333306312561035,0.033112943172454834,1,False,False,1
C000000003__VIS_03_SW_data_16-June-2026_10-14-33,26,0.41022988505731556,0.27123206853866577,0.03040856122970581,1,True,True,0
C000000003__VIS_03_SW_data_16-June-2026_10-14-33,26,0.4220794148379674,0.2831851840019226,0.003931581974029541,1,False,False,1
C000000003__VIS_03_SW_data_16-June-2026_10-14-33,26,0.43392894461861925,0.31102418899536133,0.037592411041259766,1,True,True,0
C000000003__VIS_03_SW_data_16-June-2026_10-14-33,26,0.4457784743990278,0.308490514755249,0.05282878875732422,1,False,False,1
C000000003__VIS_03_SW_data_16-June-2026_10-14-33,26,0.45762800417967964,0.3762553334236145,0.08002448081970215,1,True,True,0
C000000003__VIS_03_SW_data_16-June-2026_10-14-33,26,0.4694775339603315,0.3829467296600342,0.07066988945007324,1,True,True,0
C000000003__VIS_03_SW_data_16-June-2026_10-14-33,26,0.4813270637407401,0.5056500136852264,0.10480445623397827,1,True,True,0
C000000003__VIS_03_SW_data_16-June-2026_10-14-33,26,0.4931765935213919,0.5270195603370667,0.11308842897415161,1,False,False,1
C000000003__VIS_03_SW_data_16-June-2026_10-14-33,26,0.5050261233018005,0.5738427042961121,0.09848719835281372,1,False,False,1
C000000003__VIS_03_SW_data_16-June-2026_10-14-33,26,0.5168756530824523,0.5226118564605713,0.13795936107635498,1,True,True,0
C000000003__VIS_03_SW_data_16-June-2026_10-14-33,26,0.5287251828631042,0.5683123469352722,0.20871609449386597,1,True,True,0
C000000003__VIS_03_SW_data_16-June-2026_10-14-33,26,0.5405747126435128,0.5934597849845886,0.11656194925308228,1,False,False,1
C000000003__VIS_03_SW_data_16-June-2026_10-14-33,26,0.5524242424241645,0.6260103285312653,0.17826366424560547,1,True,True,0
C000000003__VIS_03_SW_data_16-June-2026_10-14-33,26,0.5642737722048164,0.6507551670074463,0.29955703020095825,1,True,True,0
C000000003__VIS_03_SW_data_16-June-2026_10-14-33,26,0.576123301985225,0.7258042693138123,0.3458840847015381,1,False,False,1
C000000003__VIS_03_SW_data_16-June-2026_10-14-33,26,0.5879728317658768,0.5931768417358398,0.20956414937973022,1,False,False,1
C000000003__VIS_03_SW_data_16-June-2026_10-14-33,26,0.5998223615465287,0.6389551758766174,0.20248179137706757,1,True,True,0
C000000003__VIS_03_SW_data_16-June-2026_10-14-33,26,0.6116718913269372,0.592560887336731,0.06582078337669373,1,True,True,0
C000000003__VIS_03_SW_data_16-June-2026_10-14-33,26,0.6235214211075891,0.5329199433326721,0.04194122552871704,1,False,False,4
C000000003__VIS_03_SW_data_16-June-2026_10-14-33,26,0.6353709508879977,0.5318476259708405,0.09610399603843689,1,False,False,1
C000000003__VIS_03_SW_data_16-June-2026_10-14-33,26,0.6472204806686495,0.5292109549045563,0.04024088382720947,1,False,False,4
C000000003__VIS_03_SW_data_16-June-2026_10-14-33,26,0.6590700104493014,0.5508151054382324,0.030276358127593994,1,False,False,1
C000000003__VIS_03_SW_data_16-June-2026_10-14-33,26,0.6709195402297099,0.47601592540740967,0.001079261302947998,1,False,False,4
C000000003__VIS_03_SW_data_16-June-2026_10-14-33,26,0.6827690700103617,0.4994496703147888,0.041193485260009766,1,True,True,0
C000000003__VIS_03_SW_data_16-June-2026_10-14-33,26,0.6946185997910136,0.5452149212360382,0.03206765651702881,1,True,True,0
C000000003__VIS_03_SW_data_16-June-2026_10-14-33,26,0.7064681295714221,0.568909764289856,0.027402371168136597,1,False,False,3
C000000003__VIS_03_SW_data_16-June-2026_10-14-33,26,0.718317659352074,0.5717625916004181,0.0010028183460235596,1,False,False,3
C000000003__VIS_03_SW_data_16-June-2026_10-14-33,26,0.7301671891327258,0.4907974600791931,0.03828948736190796,1,False,False,2
C000000003__VIS_03_SW_data_16-June-2026_10-14-33,26,0.7420167189131344,0.4289836883544922,0.11243781447410583,1,False,False,1
C000000003__VIS_03_SW_data_16-June-2026_10-14-33,26,0.7538662486937863,0.5015135109424591,0.12094730138778687,1,False,False,1
C000000003__VIS_03_SW_data_16-June-2026_10-14-33,26,0.7657157784744381,0.5164819061756134,0.04412379860877991,1,False,False,1
C000000003__VIS_03_SW_data_16-June-2026_10-14-33,26,0.7775653082548466,0.5407562851905823,0.07577303051948547,1,False,False,2
C000000003__VIS_03_SW_data_16-June-2026_10-14-33,26,0.7894148380354985,0.5340171456336975,0.0630466639995575,1,True,True,0
C000000003__VIS_03_SW_data_16-June-2026_10-14-33,26,0.801264367815907,0.5171972513198853,0.039040833711624146,2,True,False,3
C000000003__VIS_03_SW_data_16-June-2026_10-14-33,26,0.8131138975965589,0.6031292676925659,0.006718158721923828,2,True,False,3
C000000003__VIS_03_SW_data_16-June-2026_10-14-33,26,0.8249634273772107,0.5377444624900818,0.07571399211883545,2,False,False,8
C000000003__VIS_03_SW_data_16-June-2026_10-14-33,26,0.8368129571576193,0.5885151028633118,0.05485454201698303,2,False,False,9
C000000003__VIS_03_SW_data_16-June-2026_10-14-33,26,0.8486624869382712,0.5318967401981354,0.039223164319992065,2,False,False,9
C000000003__VIS_03_SW_data_16-June-2026_10-14-33,26,0.860512016718923,0.6713941693305969,0.08248743414878845,2,False,False,9
C000000003__VIS_03_SW_data_16-June-2026_10-14-33,26,0.8723615464993315,0.7137098610401154,0.02171635627746582,2,False,False,9
C000000003__VIS_03_SW_data_16-June-2026_10-14-33,26,0.8842110762799834,0.8275784105062485,0.012331917881965637,2,False,False,11
C000000003__VIS_03_SW_data_16-June-2026_10-14-33,26,0.8960606060606352,0.7854122817516327,0.094339519739151,2,False,False,5
C000000003__VIS_03_SW_data_16-June-2026_10-14-33,26,0.9079101358410439,0.7167062759399414,0.013575702905654907,1,False,False,2
C000000003__VIS_03_SW_data_16-June-2026_10-14-33,26,0.9197596656216956,0.7647462487220764,0.05315934121608734,1,False,False,2
C000000003__VIS_03_SW_data_16-June-2026_10-14-33,26,0.9316091954021042,0.6413999795913696,0.14235207438468933,1,False,False,1
C000000003__VIS_03_SW_data_16-June-2026_10-14-33,26,0.9434587251827561,0.6075349748134613,0.2024421989917755,1,False,False,1
C000000003__VIS_03_SW_data_16-June-2026_10-14-33,26,0.9553082549634079,0.4667990207672119,0.20129966735839844,1,False,False,1
C000000003__VIS_03_SW_data_16-June-2026_10-14-33,26,0.01037617554852122,5.960464477539063e-08,0.030251264572143555,1,False,False,1
C000000003__VIS_03_SW_data_16-June-2026_10-15-05,26,0.9085357917569691,0.6194488406181335,0.015304028987884521,1,False,False,5
C000000003__VIS_03_SW_data_16-June-2026_10-15-05,26,0.9208351409978409,0.7903086245059967,0.023290187120437622,1,False,False,5
C000000003__VIS_03_SW_data_16-June-2026_10-15-05,26,0.9331344902384602,0.7031797766685486,0.04073578119277954,1,False,False,6
C000000003__VIS_03_SW_data_16-June-2026_10-15-05,26,0.945433839479332,0.6148081123828888,0.03673306107521057,1,False,False,9
C000000003__VIS_03_SW_data_16-June-2026_10-15-05,26,0.9577331887202039,0.4716763496398926,0.11580288410186768,1,False,False,1
C000000003__VIS_03_SW_data_16-June-2026_10-15-05,26,0.9700325379608231,0.3420780897140503,0.07865399122238159,1,True,True,0
C000000003__VIS_03_SW_data_16-June-2026_10-15-05,26,0.010921908893527508,0.1753373146057129,0.0992891788482666,1,True,True,0
C000000003__VIS_03_SW_data_16-June-2026_10-15-05,26,0.02322125813439933,0.17688751220703125,0.011445164680480957,1,False,False,1
C000000003__VIS_03_SW_data_16-June-2026_10-15-05,26,0.03552060737527115,0.2506277561187744,0.08349692821502686,1,True,True,0
C000000003__VIS_03_SW_data_16-June-2026_10-15-05,26,0.04781995661589044,0.2567404508590698,0.02499210834503174,1,False,False,2
C000000003__VIS_03_SW_data_16-June-2026_10-15-05,26,0.06011930585676226,0.3243117332458496,0.10069894790649414,1,False,False,1
C000000003__VIS_03_SW_data_16-June-2026_10-15-05,26,0.07241865509763408,0.3591606616973877,0.02291131019592285,1,True,True,0
C000000003__VIS_03_SW_data_16-June-2026_10-15-05,26,0.08471800433825338,0.4698120951652527,0.03492105007171631,1,False,False,2
C000000003__VIS_03_SW_data_16-June-2026_10-15-05,26,0.09701735357912519,0.4314999580383301,0.04572838544845581,1,True,True,0
C000000003__VIS_03_SW_data_16-June-2026_10-15-05,26,0.10931670281999702,0.5911274254322052,0.08323794603347778,1,True,True,0
C000000003__VIS_03_SW_data_16-June-2026_10-15-05,26,0.12161605206061632,0.6409896612167358,0.0909280776977539,1,True,True,0
C000000003__VIS_03_SW_data_16-June-2026_10-15-05,26,0.13391540130148813,0.6606826782226562,0.07420206069946289,1,False,False,1
C000000003__VIS_03_SW_data_16-June-2026_10-15-05,26,0.14621475054210742,0.7792064100503922,0.11359590291976929,1,False,False,1
C000000003__VIS_03_SW_data_16-June-2026_10-15-05,26,0.15851409978297926,0.7778222560882568,0.11505699157714844,1,True,True,0
C000000003__VIS_03_SW_data_16-June-2026_10-15-05,26,0.17081344902385107,0.7555573880672455,0.14418147504329681,1,False,False,1
C000000003__VIS_03_SW_data_16-June-2026_10-15-05,26,0.18311279826447036,0.735465943813324,0.26602816581726074,1,True,True,0
C000000003__VIS_03_SW_data_16-June-2026_10-15-05,26,0.1954121475053422,0.7841092497110367,0.11905083060264587,1,True,True,0
C000000003__VIS_03_SW_data_16-June-2026_10-15-05,26,0.207711496746214,0.7533311694860458,0.15799732506275177,1,True,True,0
C000000003__VIS_03_SW_data_16-June-2026_10-15-05,26,0.2200108459868333,0.6910967826843262,0.16364215314388275,1,True,True,0
C000000003__VIS_03_SW_data_16-June-2026_10-15-05,26,0.23231019522770513,0.6867731809616089,0.17537246644496918,1,True,True,0
C000000003__VIS_03_SW_data_16-June-2026_10-15-05,26,0.24460954446857694,0.5169932544231415,0.09597447514533997,1,False,False,1
C000000003__VIS_03_SW_data_16-June-2026_10-15-05,26,0.25690889370919623,0.5168553292751312,0.10803520679473877,1,True,True,0
C000000003__VIS_03_SW_data_16-June-2026_10-15-05,26,0.26920824295006807,0.47787368297576904,0.10505920648574829,1,False,False,1
C000000003__VIS_03_SW_data_16-June-2026_10-15-05,26,0.28150759219068733,0.4207117557525635,0.026875555515289307,1,False,False,1
C000000003__VIS_03_SW_data_16-June-2026_10-15-05,26,0.29380694143155917,0.3733854293823242,0.06677985191345215,1,False,False,2
C000000003__VIS_03_SW_data_16-June-2026_10-15-05,26,0.306106290672431,0.3191438913345337,0.02429908514022827,1,True,True,0
C000000003__VIS_03_SW_data_16-June-2026_10-15-05,26,0.31840563991305026,0.32082223892211914,0.026392817497253418,1,True,True,0
C000000003__VIS_03_SW_data_16-June-2026_10-15-05,26,0.3307049891539221,0.26062750816345215,0.0419842004776001,1,False,False,1
C000000003__VIS_03_SW_data_16-June-2026_10-15-05,26,0.34300433839479394,0.3051443099975586,0.040271639823913574,1,True,True,0
C000000003__VIS_03_SW_data_16-June-2026_10-15-05,26,0.3553036876354132,0.2321840524673462,0.03679901361465454,1,True,True,0
C000000003__VIS_03_SW_data_16-June-2026_10-15-05,26,0.36760303687628504,0.21168559789657593,0.02340257167816162,1,True,True,0
C000000003__VIS_03_SW_data_16-June-2026_10-15-05,26,0.3799023861171569,0.26535534858703613,0.04940974712371826,1,False,False,1
C000000003__VIS_03_SW_data_16-June-2026_10-15-05,26,0.39220173535777614,0.32336676120758057,0.09434354305267334,1,True,True,0
C000000003__VIS_03_SW_data_16-June-2026_10-15-05,26,0.404501084598648,0.25512635707855225,0.021699368953704834,1,False,False,1
C000000003__VIS_03_SW_data_16-June-2026_10-15-05,26,0.4168004338395198,0.22446250915527344,0.012744486331939697,1,False,False,1
C000000003__VIS_03_SW_data_16-June-2026_10-15-05,26,0.4290997830801391,0.253193736076355,0.04920560121536255,1,True,True,0
C000000003__VIS_03_SW_data_16-June-2026_10-15-05,26,0.4413991323210109,0.3377850651741028,0.08814305067062378,1,True,True,0
C000000003__VIS_03_SW_data_16-June-2026_10-15-05,26,0.45369848156163023,0.34303635358810425,0.03174233436584473,1,True,True,0
C000000003__VIS_03_SW_data_16-June-2026_10-15-05,26,0.465997830802502,0.3807739019393921,0.020212769508361816,1,False,False,1
C000000003__VIS_03_SW_data_16-June-2026_10-15-05,26,0.47829718004337385,0.4600023031234741,0.03590655326843262,1,True,True,0
C000000003__VIS_03_SW_data_16-June-2026_10-15-05,26,0.49059652928399317,0.5215804576873779,0.11471337080001831,1,True,True,0
C000000003__VIS_03_SW_data_16-June-2026_10-15-05,26,0.502895878524865,0.4697328209877014,0.13433772325515747,1,True,True,0
C000000003__VIS_03_SW_data_16-June-2026_10-15-05,26,0.5151952277657368,0.5647414326667786,0.11994820833206177,1,False,False,1
C000000003__VIS_03_SW_data_16-June-2026_10-15-05,26,0.527494577006356,0.5293427109718323,0.19315612316131592,1,True,True,0
C000000003__VIS_03_SW_data_16-June-2026_10-15-05,26,0.5397939262472279,0.5552298426628113,0.3112013339996338,1,True,True,0
C000000003__VIS_03_SW_data_16-June-2026_10-15-05,26,0.5520932754880997,0.6068750619888306,0.258781373500824,1,False,False,1
C000000003__VIS_03_SW_data_16-June-2026_10-15-05,26,0.564392624728719,0.5642892718315125,0.23449215292930603,1,False,False,1
C000000003__VIS_03_SW_data_16-June-2026_10-15-05,26,0.5766919739695908,0.5485356748104095,0.22065255045890808,1,False,False,1
C000000003__VIS_03_SW_data_16-June-2026_10-15-05,26,0.5889913232102101,0.5873779356479645,0.07963842153549194,1,False,False,1
C000000003__VIS_03_SW_data_16-June-2026_10-15-05,26,0.6012906724510819,0.6456997394561768,0.18200373649597168,1,False,False,1
C000000003__VIS_03_SW_data_16-June-2026_10-15-05,26,0.6135900216919538,0.5925514101982117,0.14365586638450623,1,True,True,0
C000000003__VIS_03_SW_data_16-June-2026_10-15-05,26,0.625889370932573,0.6429408192634583,0.13387474417686462,1,True,True,0
C000000003__VIS_03_SW_data_16-June-2026_10-15-05,26,0.6381887201734449,0.6205876767635345,0.007624566555023193,1,False,False,2
C000000003__VIS_03_SW_data_16-June-2026_10-15-05,26,0.6504880694143167,0.6288473010063171,0.23563824594020844,1,False,False,1
C000000003__VIS_03_SW_data_16-June-2026_10-15-05,26,0.662787418654936,0.6406951546669006,0.08147722482681274,1,True,True,0
C000000003__VIS_03_SW_data_16-June-2026_10-15-05,26,0.6750867678958078,0.6029201149940491,0.004707604646682739,1,True,True,0
C000000003__VIS_03_SW_data_16-June-2026_10-15-05,26,0.6873861171366796,0.5647720694541931,0.021518319845199585,1,False,False,2
C000000003__VIS_03_SW_data_16-June-2026_10-15-05,26,0.6996854663772989,0.5790984034538269,0.02453821897506714,1,False,False,2
C000000003__VIS_03_SW_data_16-June-2026_10-15-05,26,0.7119848156181707,0.5172224640846252,0.011941879987716675,1,False,False,3
C000000003__VIS_03_SW_data_16-June-2026_10-15-05,26,0.7242841648590426,0.5546861886978149,0.01154191792011261,2,False,False,1
C000000003__VIS_03_SW_data_16-June-2026_10-15-05,26,0.7365835140996618,0.5070093870162964,0.09966994822025299,2,False,False,6
C000000003__VIS_03_SW_data_16-June-2026_10-15-05,26,0.7488828633405337,0.5685994327068329,0.004292666912078857,2,False,False,5
C000000003__VIS_03_SW_data_16-June-2026_10-15-05,26,0.7611822125811529,0.4901010990142822,0.02278110384941101,2,True,True,0
C000000003__VIS_03_SW_data_16-June-2026_10-15-05,26,0.7734815618220248,0.45548152923583984,0.025932908058166504,2,True,True,0
C000000003__VIS_03_SW_data_16-June-2026_10-15-05,26,0.7857809110628966,0.48881423473358154,0.024906277656555176,2,False,False,7
C000000003__VIS_03_SW_data_16-June-2026_10-15-05,26,0.7980802603035159,0.511607438325882,0.022341370582580566,2,False,False,8
C000000003__VIS_03_SW_data_16-June-2026_10-15-05,26,0.8103796095443877,0.5794450342655182,0.018960237503051758,2,False,False,1
C000000003__VIS_03_SW_data_16-June-2026_10-15-05,26,0.8226789587852595,0.5535409450531006,0.018413305282592773,2,False,False,7
C000000003__VIS_03_SW_data_16-June-2026_10-15-05,26,0.8349783080258788,0.5061554610729218,0.008744478225708008,2,False,False,1
C000000003__VIS_03_SW_data_16-June-2026_10-15-05,26,0.8472776572667506,0.516299307346344,0.012858286499977112,2,False,False,3
C000000003__VIS_03_SW_data_16-June-2026_10-15-05,26,0.8595770065076225,0.5734427571296692,0.03711743652820587,1,False,False,3
C000000003__VIS_03_SW_data_16-June-2026_10-15-05,26,0.8718763557482417,0.7149473428726196,0.04131174087524414,1,False,False,9
C000000003__VIS_03_SW_data_16-June-2026_10-15-05,26,0.8841757049891136,0.7493840456008911,0.025876939296722412,1,False,False,8
C000000003__VIS_03_SW_data_16-June-2026_10-15-05,26,0.896475054229733,0.6398627758026123,0.03531995415687561,1,False,False,11
C000000003__VIS_03_SW_data_16-June-2026_10-15-05,26,0.9087744034706047,0.6530101299285889,0.001858830451965332,1,False,False,1
C000000003__VIS_03_SW_data_16-June-2026_10-15-05,26,0.9210737527114765,0.6627214252948761,0.032184988260269165,1,True,True,0
C000000003__VIS_03_SW_data_16-June-2026_10-15-05,26,0.9333731019520959,0.7195700109004974,0.13787290453910828,1,False,False,1
C000000003__VIS_03_SW_data_16-June-2026_10-15-05,26,0.9456724511929676,0.5194397866725922,0.14422419667243958,1,False,False,1
C000000003__VIS_03_SW_data_16-June-2026_10-15-05,26,0.9579718004338394,0.32674574851989746,0.08964020013809204,1,False,False,1
C000000003__VIS_03_SW_data_16-June-2026_10-15-05,26,0.9702711496744588,0.21444392204284668,0.060986727476119995,1,False,False,1
C000000003__VIS_03_SW_data_16-June-2026_10-16-31,26,0.864468524251729,0.6950251758098602,0.0398588627576828,1,False,False,5
C000000003__VIS_03_SW_data_16-June-2026_10-16-31,26,0.8761713106295246,0.7824901044368744,0.03547702729701996,1,False,False,3
C000000003__VIS_03_SW_data_16-June-2026_10-16-31,26,0.8878740970070798,0.8342558443546295,0.0026667118072509766,1,False,False,8
C000000003__VIS_03_SW_data_16-June-2026_10-16-31,26,0.8995768833848753,0.6441725790500641,0.0007465928792953491,1,False,False,4
C000000003__VIS_03_SW_data_16-June-2026_10-16-31,26,0.9112796697626707,0.6347196698188782,0.035483986139297485,1,False,False,6
C000000003__VIS_03_SW_data_16-June-2026_10-16-31,26,0.9229824561402259,0.7622312754392624,0.039663538336753845,1,True,True,0
C000000003__VIS_03_SW_data_16-June-2026_10-16-31,26,0.9346852425180214,0.6926816999912262,0.010535895824432373,1,False,False,2
C000000003__VIS_03_SW_data_16-June-2026_10-16-31,26,0.9463880288955766,0.67148557305336,0.03653961420059204,1,False,False,1
C000000003__VIS_03_SW_data_16-June-2026_10-16-31,26,0.9580908152733721,0.5440259575843811,0.02773416042327881,1,True,True,0
C000000003__VIS_03_SW_data_16-June-2026_10-16-31,26,0.9697936016511676,0.5341405868530273,0.009675770998001099,1,True,True,0
C000000003__VIS_03_SW_data_16-June-2026_10-16-31,26,0.9814963880287227,0.3604065179824829,0.13842454552650452,1,False,False,1
C000000003__VIS_03_SW_data_16-June-2026_10-16-31,26,0.9931991744065183,0.505952000617981,0.005266547203063965,1,False,False,4
C000000003__VIS_03_SW_data_16-June-2026_10-16-31,26,0.010061919504643963,0.45224618911743164,0.07023853063583374,1,True,True,0
C000000003__VIS_03_SW_data_16-June-2026_10-16-31,26,0.021764705882199163,0.42881882190704346,0.07018548250198364,1,True,True,0
C000000003__VIS_03_SW_data_16-June-2026_10-16-31,26,0.03346749225999464,0.45474177598953247,0.11544841527938843,1,True,True,0
C000000003__VIS_03_SW_data_16-June-2026_10-16-31,26,0.04517027863779012,0.5030432939529419,0.06358373165130615,1,True,True,0
C000000003__VIS_03_SW_data_16-June-2026_10-16-31,26,0.05687306501534532,0.4927923083305359,0.02041378617286682,1,True,True,0
C000000003__VIS_03_SW_data_16-June-2026_10-16-31,26,0.0685758513931408,0.5062254965305328,0.12038615345954895,1,True,True,0
C000000003__VIS_03_SW_data_16-June-2026_10-16-31,26,0.08027863777093627,0.6167845726013184,0.13510474562644958,1,True,True,0
C000000003__VIS_03_SW_data_16-June-2026_10-16-31,26,0.09198142414849148,0.6210436820983887,0.08260178565979004,1,False,False,1
C000000003__VIS_03_SW_data_16-June-2026_10-16-31,26,0.10368421052628696,0.6332165598869324,0.0516834557056427,1,True,True,0
C000000003__VIS_03_SW_data_16-June-2026_10-16-31,26,0.11538699690384216,0.6350319385528564,0.043726563453674316,1,False,False,1
C000000003__VIS_03_SW_data_16-June-2026_10-16-31,26,0.12708978328163764,0.645704984664917,0.10449144244194031,1,False,False,1
C000000003__VIS_03_SW_data_16-June-2026_10-16-31,26,0.13879256965943312,0.5965692698955536,0.11800524592399597,1,True,True,0
C000000003__VIS_03_SW_data_16-June-2026_10-16-31,26,0.15049535603698833,0.7978456318378448,0.16924160718917847,1,True,True,0
C000000003__VIS_03_SW_data_16-June-2026_10-16-31,26,0.16219814241478378,0.7205685079097748,0.10332852602005005,1,True,True,0
C000000003__VIS_03_SW_data_16-June-2026_10-16-31,26,0.17390092879257926,0.6986230313777924,0.19787335395812988,1,False,False,1
C000000003__VIS_03_SW_data_16-June-2026_10-16-31,26,0.18560371517013446,0.7421970367431641,0.04382544755935669,1,False,False,1
C000000003__VIS_03_SW_data_16-June-2026_10-16-31,26,0.19730650154792995,0.8387788534164429,0.02045530080795288,1,False,False,1
C000000003__VIS_03_SW_data_16-June-2026_10-16-31,26,0.20900928792572543,0.9263117536902428,0.03001825511455536,1,False,False,2
C000000003__VIS_03_SW_data_16-June-2026_10-16-31,26,0.22071207430328063,0.8044999688863754,0.16510474681854248,1,False,False,1
C000000003__VIS_03_SW_data_16-June-2026_10-16-31,26,0.2324148606810761,0.7044853568077087,0.21222397685050964,1,True,True,0
C000000003__VIS_03_SW_data_16-June-2026_10-16-31,26,0.24411764705863132,0.7868892401456833,0.012235552072525024,1,False,False,2
C000000003__VIS_03_SW_data_16-June-2026_10-16-31,26,0.2558204334364268,0.6325436532497406,0.042083531618118286,1,False,False,1
C000000003__VIS_03_SW_data_16-June-2026_10-16-31,26,0.2675232198142223,0.6132465600967407,0.0049346089363098145,1,False,False,1
C000000003__VIS_03_SW_data_16-June-2026_10-16-31,26,0.27922600619177745,0.696675717830658,0.031475335359573364,1,False,False,1
C000000003__VIS_03_SW_data_16-June-2026_10-16-31,26,0.29092879256957294,0.5101732313632965,0.047963619232177734,1,False,False,2
C000000003__VIS_03_SW_data_16-June-2026_10-16-31,26,0.3026315789473684,0.5302437245845795,0.0019325017929077148,1,False,False,3
C000000003__VIS_03_SW_data_16-June-2026_10-16-31,26,0.31433436532492365,0.4779033660888672,0.003609299659729004,1,False,False,1
C000000003__VIS_03_SW_data_16-June-2026_10-16-31,26,0.3260371517027191,0.3913002610206604,0.026808559894561768,1,False,False,1
C000000003__VIS_03_SW_data_16-June-2026_10-16-31,26,0.33773993808051456,0.40701234340667725,0.03288161754608154,1,True,True,0
C000000003__VIS_03_SW_data_16-June-2026_10-16-31,26,0.3494427244580698,0.4044656753540039,0.025273501873016357,1,False,False,2
C000000003__VIS_03_SW_data_16-June-2026_10-16-31,26,0.36114551083586527,0.34327995777130127,0.009876668453216553,1,False,False,2
C000000003__VIS_03_SW_data_16-June-2026_10-16-31,26,0.37284829721366075,0.349456250667572,0.010590314865112305,1,False,False,1
C000000003__VIS_03_SW_data_16-June-2026_10-16-31,26,0.3845510835912159,0.3538414239883423,0.08411943912506104,1,True,True,0
C000000003__VIS_03_SW_data_16-June-2026_10-16-31,26,0.3962538699690114,0.35184693336486816,0.007655143737792969,1,False,False,1
C000000003__VIS_03_SW_data_16-June-2026_10-16-31,26,0.40795665634656664,0.3572061061859131,0.020728468894958496,1,False,False,1
C000000003__VIS_03_SW_data_16-June-2026_10-16-31,26,0.4196594427243621,0.29679620265960693,0.049815356731414795,1,True,True,0
C000000003__VIS_03_SW_data_16-June-2026_10-16-31,26,0.43136222910215755,0.3392002582550049,0.03524357080459595,1,True,True,0
C000000003__VIS_03_SW_data_16-June-2026_10-16-31,26,0.4430650154797128,0.377652645111084,0.07059937715530396,1,True,True,0
C000000003__VIS_03_SW_data_16-June-2026_10-16-31,26,0.45476780185750826,0.39375489950180054,0.06406444311141968,1,False,False,1
C000000003__VIS_03_SW_data_16-June-2026_10-16-31,26,0.46647058823530374,0.558358371257782,0.09317249059677124,1,False,False,1
C000000003__VIS_03_SW_data_16-June-2026_10-16-31,26,0.4781733746128589,0.5587655901908875,0.06341516971588135,1,False,False,1
C000000003__VIS_03_SW_data_16-June-2026_10-16-31,26,0.4898761609906544,0.6308618485927582,0.02178126573562622,1,False,False,1
C000000003__VIS_03_SW_data_16-June-2026_10-16-31,26,0.5015789473684499,0.6460949182510376,0.08794641494750977,1,True,True,0
C000000003__VIS_03_SW_data_16-June-2026_10-16-31,26,0.513281733746005,0.6052730977535248,0.218939870595932,1,True,True,0
C000000003__VIS_03_SW_data_16-June-2026_10-16-31,26,0.5249845201238006,0.5230802595615387,0.21978113055229187,1,False,False,1
C000000003__VIS_03_SW_data_16-June-2026_10-16-31,26,0.5366873065013558,0.6286739110946655,0.2961539924144745,1,True,True,0
C000000003__VIS_03_SW_data_16-June-2026_10-16-31,26,0.5483900928791512,0.6595626175403595,0.421053022146225,1,True,True,0
C000000003__VIS_03_SW_data_16-June-2026_10-16-31,26,0.5600928792569467,0.708060085773468,0.25997212529182434,1,True,True,0
C000000003__VIS_03_SW_data_16-June-2026_10-16-31,26,0.5717956656345019,0.7044844031333923,0.27516478300094604,1,True,True,0
C000000003__VIS_03_SW_data_16-June-2026_10-16-31,26,0.5834984520122974,0.7048669159412384,0.17578566074371338,1,False,False,1
C000000003__VIS_03_SW_data_16-June-2026_10-16-31,26,0.5952012383900929,0.7811149656772614,0.005804181098937988,1,False,False,9
C000000003__VIS_03_SW_data_16-June-2026_10-16-31,26,0.606904024767648,0.7260816395282745,0.05277559161186218,1,False,False,9
C000000003__VIS_03_SW_data_16-June-2026_10-16-31,26,0.6186068111454436,0.6696449518203735,0.027771443128585815,1,False,False,7
C000000003__VIS_03_SW_data_16-June-2026_10-16-31,26,0.630309597523239,0.6701574921607971,0.013067930936813354,1,True,True,0
C000000003__VIS_03_SW_data_16-June-2026_10-16-31,26,0.6420123839007942,0.7268000245094299,0.05326873064041138,1,False,False,5
C000000003__VIS_03_SW_data_16-June-2026_10-16-31,26,0.6537151702785897,0.7025583684444427,0.04943248629570007,1,False,False,6
C000000003__VIS_03_SW_data_16-June-2026_10-16-31,26,0.6654179566563851,0.6620132923126221,0.020548015832901,1,False,False,6
C000000003__VIS_03_SW_data_16-June-2026_10-16-31,26,0.6771207430339404,0.618708074092865,0.05429452657699585,1,True,True,0
C000000003__VIS_03_SW_data_16-June-2026_10-16-31,26,0.6888235294117359,0.628275990486145,0.04410386085510254,1,False,False,1
C000000003__VIS_03_SW_data_16-June-2026_10-16-31,26,0.700526315789291,0.6765026450157166,0.017584264278411865,1,False,False,4
C000000003__VIS_03_SW_data_16-June-2026_10-16-31,26,0.7122291021670866,0.6296340823173523,0.07500484585762024,1,False,False,9
C000000003__VIS_03_SW_data_16-June-2026_10-16-31,26,0.723931888544882,0.6074288785457611,0.06350758671760559,1,False,False,8
C000000003__VIS_03_SW_data_16-June-2026_10-16-31,26,0.7356346749224373,0.5522344410419464,0.010114997625350952,1,False,False,7
C000000003__VIS_03_SW_data_16-June-2026_10-16-31,26,0.7473374613002327,0.5612101256847382,0.02501857280731201,1,False,False,4
C000000003__VIS_03_SW_data_16-June-2026_10-16-31,26,0.7590402476780281,0.5458806753158569,0.01927661895751953,1,False,False,4
C000000003__VIS_03_SW_data_16-June-2026_10-16-31,26,0.7707430340555834,0.5875418186187744,0.01690220832824707,1,False,False,2
C000000003__VIS_03_SW_data_16-June-2026_10-16-31,26,0.7824458204333788,0.5035098195075989,0.028722047805786133,1,False,False,3
C000000003__VIS_03_SW_data_16-June-2026_10-16-31,26,0.7941486068111744,0.4929898977279663,0.012148737907409668,1,False,False,6
C000000003__VIS_03_SW_data_16-June-2026_10-16-31,26,0.8058513931887296,0.5745082795619965,0.018174469470977783,2,False,False,4
C000000003__VIS_03_SW_data_16-June-2026_10-16-31,26,0.817554179566525,0.5760394930839539,0.029382407665252686,2,False,False,4
C000000003__VIS_03_SW_data_16-June-2026_10-16-31,26,0.8292569659440803,0.5311532914638519,0.07648661732673645,2,False,False,5
C000000003__VIS_03_SW_data_16-June-2026_10-16-31,26,0.8409597523218757,0.53754723072052,0.0025428831577301025,2,False,False,3
C000000003__VIS_03_SW_data_16-June-2026_10-16-31,26,0.8526625386996712,0.5565877854824066,0.016191422939300537,2,False,False,4
C000000003__VIS_03_SW_data_16-June-2026_10-16-31,26,0.8643653250772264,0.5098815858364105,0.024572402238845825,1,False,False,4
C000000003__VIS_03_SW_data_16-June-2026_10-16-31,26,0.8760681114550218,0.5136553347110748,0.0823144018650055,1,False,False,3
C000000003__VIS_03_SW_data_16-June-2026_10-16-31,26,0.8877708978328174,0.4891188144683838,0.050872743129730225,1,False,False,2
C000000003__VIS_03_SW_data_16-June-2026_10-16-31,26,0.8994736842103725,0.3618963956832886,0.059510499238967896,1,False,False,3
C000000003__VIS_03_SW_data_16-June-2026_10-16-31,26,0.911176470588168,1.1920928955078125e-07,0.046121031045913696,1,False,False,3
C000000003__VIS_03_SW_data_16-June-2026_10-17-36,26,0.4913480662982602,0.38859784603118896,0.020404040813446045,1,False,False,5
C000000003__VIS_03_SW_data_16-June-2026_10-17-36,26,0.5038784530386843,0.3467402458190918,0.008745312690734863,1,True,True,0
C000000003__VIS_03_SW_data_16-June-2026_10-17-36,26,0.5164088397788512,0.3549710512161255,0.05540752410888672,1,True,True,0
C000000003__VIS_03_SW_data_16-June-2026_10-17-36,26,0.5289392265192753,0.37617039680480957,0.10813245177268982,1,True,True,0
C000000003__VIS_03_SW_data_16-June-2026_10-17-36,26,0.5414696132596993,0.42719823122024536,0.14755940437316895,1,True,True,0
C000000003__VIS_03_SW_data_16-June-2026_10-17-36,26,0.5539999999998663,0.3989793062210083,0.23486945033073425,1,True,True,0
C000000003__VIS_03_SW_data_16-June-2026_10-17-36,26,0.5665303867402903,0.5557245016098022,0.37882155179977417,1,True,True,0
C000000003__VIS_03_SW_data_16-June-2026_10-17-36,26,0.5790607734804571,0.6296702325344086,0.481482595205307,1,True,True,0
C000000003__VIS_03_SW_data_16-June-2026_10-17-36,26,0.5915911602208813,0.5457932353019714,0.26232200860977173,1,False,False,1
C000000003__VIS_03_SW_data_16-June-2026_10-17-36,26,0.6041215469613054,0.7000348567962646,0.22314029932022095,1,False,False,1
C000000003__VIS_03_SW_data_16-June-2026_10-17-36,26,0.6166519337014722,0.6980572938919067,0.23094767332077026,1,True,True,0
C000000003__VIS_03_SW_data_16-June-2026_10-17-36,26,0.6291823204418964,0.6665105819702148,0.07965368032455444,1,True,True,0
C000000003__VIS_03_SW_data_16-June-2026_10-17-36,26,0.6417127071823204,0.6236420273780823,0.037157803773880005,1,True,True,0
C000000003__VIS_03_SW_data_16-June-2026_10-17-36,26,0.6542430939224873,0.6890387237071991,0.01411387324333191,1,True,True,0
C000000003__VIS_03_SW_data_16-June-2026_10-17-36,26,0.6667734806629114,0.5737262964248657,0.03228238224983215,1,False,False,3
C000000003__VIS_03_SW_data_16-June-2026_10-17-36,26,0.6793038674033355,0.4642273187637329,0.010579854249954224,1,False,False,2
C000000003__VIS_03_SW_data_16-June-2026_10-17-36,26,0.6918342541435023,0.4398610591888428,0.003160804510116577,1,False,False,2
C000000003__VIS_03_SW_data_16-June-2026_10-17-36,26,0.7043646408839265,0.42502421140670776,0.005364656448364258,1,False,False,2
C000000003__VIS_03_SW_data_16-June-2026_10-17-36,26,0.7168950276243505,0.4508979320526123,0.0268765389919281,1,False,False,6
C000000003__VIS_03_SW_data_16-June-2026_10-17-36,26,0.7294254143645174,0.5258370041847229,4.3004751205444336e-05,1,False,False,5
C000000003__VIS_03_SW_data_16-June-2026_10-17-36,26,0.7419558011049415,0.49278807640075684,0.012867271900177002,1,False,False,5
C000000003__VIS_03_SW_data_16-June-2026_10-17-36,26,0.7544861878451083,0.5216688811779022,0.06357407569885254,1,False,False,5
C000000003__VIS_03_SW_data_16-June-2026_10-17-36,26,0.7670165745855324,0.54225754737854,0.043967485427856445,1,False,False,4
C000000003__VIS_03_SW_data_16-June-2026_10-17-36,26,0.7795469613259566,0.5582665801048279,0.03811189532279968,1,False,False,4
C000000003__VIS_03_SW_data_16-June-2026_10-17-36,26,0.7920773480661234,0.5620521306991577,0.038220882415771484,1,False,False,4
C000000003__VIS_03_SW_data_16-June-2026_10-17-36,26,0.8046077348065475,0.5939929485321045,0.02118074893951416,1,False,False,4
C000000003__VIS_03_SW_data_16-June-2026_10-17-36,26,0.8171381215469716,0.5322936177253723,0.09586501121520996,1,False,False,3
C000000003__VIS_03_SW_data_16-June-2026_10-17-36,26,0.8296685082871385,0.5512846112251282,0.07256549596786499,1,False,False,3
C000000003__VIS_03_SW_data_16-June-2026_10-17-36,26,0.8421988950275625,0.580280989408493,0.017036408185958862,1,False,False,3
C000000003__VIS_03_SW_data_16-June-2026_10-17-36,26,0.8547292817679867,0.5972064137458801,0.042686283588409424,1,False,False,2
C000000003__VIS_03_SW_data_16-June-2026_10-17-36,26,0.8672596685081535,0.4786686897277832,0.01716211438179016,1,False,False,4
C000000003__VIS_03_SW_data_16-June-2026_10-17-36,26,0.8797900552485777,0.5065210163593292,0.004297316074371338,1,False,False,2
C000000003__VIS_03_SW_data_16-June-2026_10-17-36,26,0.8923204419887445,0.4600602388381958,0.0019585490226745605,1,False,False,2
C000000003__VIS_03_SW_data_16-June-2026_10-17-36,26,0.9048508287291686,0.48602139949798584,0.024983584880828857,1,False,False,3
C000000003__VIS_03_SW_data_16-June-2026_10-17-36,26,0.9173812154695927,0.5003530979156494,0.015441060066223145,1,False,False,2
C000000003__VIS_03_SW_data_16-June-2026_10-17-36,26,0.9299116022097595,0.5211604833602905,0.012055754661560059,1,False,False,2
C000000003__VIS_03_SW_data_16-June-2026_10-17-36,26,0.9424419889501836,0.3961665630340576,0.08613526821136475,1,False,False,1
C000000003__VIS_03_SW_data_16-June-2026_10-17-36,26,0.9549723756906078,0.3662533760070801,0.0680277943611145,1,False,False,1
C000000003__VIS_03_SW_data_16-June-2026_10-17-36,26,0.9675027624307746,0.2843834161758423,0.07648798823356628,1,False,False,1
C000000003__VIS_03_SW_data_16-June-2026_10-17-36,26,0.9800331491711987,0.2781190872192383,0.07379639148712158,1,False,False,1
C000000003__VIS_03_SW_data_16-June-2026_10-17-36,26,0.008408839778861452,0.28876757621765137,0.08561861515045166,1,True,True,0
C000000003__VIS_03_SW_data_16-June-2026_10-17-36,26,0.02093922651928556,0.27046191692352295,0.0379144549369812,1,True,True,0
C000000003__VIS_03_SW_data_16-June-2026_10-17-36,26,0.03346961325970967,0.32616227865219116,0.09980398416519165,1,True,True,0
C000000003__VIS_03_SW_data_16-June-2026_10-17-36,26,0.04599999999987651,0.2905871868133545,0.037810444831848145,1,True,True,0
C000000003__VIS_03_SW_data_16-June-2026_10-17-36,26,0.058530386740300616,0.42491650581359863,0.030174553394317627,1,True,True,0
C000000003__VIS_03_SW_data_16-June-2026_10-17-36,26,0.07106077348046745,0.36182522773742676,0.08300220966339111,1,True,True,0
C000000003__VIS_03_SW_data_16-June-2026_10-17-36,26,0.08359116022089157,0.3466131091117859,0.057952821254730225,1,False,False,1
C000000003__VIS_03_SW_data_16-June-2026_10-17-36,26,0.09612154696131568,0.3784606456756592,0.07943958044052124,1,False,False,1
C000000003__VIS_03_SW_data_16-June-2026_10-17-36,26,0.10865193370148252,0.4065362215042114,0.08325326442718506,1,False,False,1
C000000003__VIS_03_SW_data_16-June-2026_10-17-36,26,0.12118232044190662,0.4049180746078491,0.04495227336883545,1,False,False,2
C000000003__VIS_03_SW_data_16-June-2026_10-17-36,26,0.13371270718233072,0.48521244525909424,0.07548731565475464,1,False,False,2
C000000003__VIS_03_SW_data_16-June-2026_10-17-36,26,0.14624309392249757,0.5147493481636047,0.054077744483947754,1,False,False,2
C000000003__VIS_03_SW_data_16-June-2026_10-17-36,26,0.15877348066292168,0.6696183681488037,0.04929620027542114,1,False,False,3
C000000003__VIS_03_SW_data_16-June-2026_10-17-36,26,0.1713038674033458,0.7135726809501648,0.03216588497161865,1,False,False,2
C000000003__VIS_03_SW_data_16-June-2026_10-17-36,26,0.18383425414351262,0.736162006855011,0.10106924176216125,1,False,False,3
C000000003__VIS_03_SW_data_16-June-2026_10-17-36,26,0.19636464088393674,0.8067176342010498,0.07587334513664246,1,False,False,3
C000000003__VIS_03_SW_data_16-June-2026_10-17-36,26,0.20889502762410359,0.6791240572929382,0.10737589001655579,1,False,False,2
C000000003__VIS_03_SW_data_16-June-2026_10-17-36,26,0.22142541436452767,0.6764653325080872,0.04814609885215759,1,False,False,2
C000000003__VIS_03_SW_data_16-June-2026_10-17-36,26,0.2339558011049518,0.6869035959243774,0.045070841908454895,1,False,False,5
C000000003__VIS_03_SW_data_16-June-2026_10-17-36,26,0.24648618784511864,0.7028487920761108,0.00715009868144989,1,True,True,0
C000000003__VIS_03_SW_data_16-June-2026_10-17-36,26,0.2590165745855427,0.6815530955791473,0.14884619414806366,1,False,False,4
C000000003__VIS_03_SW_data_16-June-2026_10-17-36,26,0.27154696132596684,0.6033782660961151,0.17291437089443207,1,False,False,5
C000000003__VIS_03_SW_data_16-June-2026_10-17-36,26,0.28407734806613366,0.5419968664646149,0.1418483704328537,2,False,False,1
C000000003__VIS_03_SW_data_16-June-2026_10-17-36,26,0.2966077348065578,0.5044248104095459,0.10361769795417786,2,False,False,1
C000000003__VIS_03_SW_data_16-June-2026_10-17-36,26,0.3091381215469819,0.4497506022453308,0.04582631587982178,2,False,False,1
C000000003__VIS_03_SW_data_16-June-2026_10-17-36,26,0.32166850828714877,0.4055327773094177,0.09264862537384033,2,False,False,1
C000000003__VIS_03_SW_data_16-June-2026_10-17-36,26,0.33419889502757283,0.351595401763916,0.08153599500656128,2,True,True,0
C000000003__VIS_03_SW_data_16-June-2026_10-17-36,26,0.34672928176799694,0.33479833602905273,0.1653023660182953,2,True,True,0
C000000003__VIS_03_SW_data_16-June-2026_10-17-36,26,0.3592596685081638,0.36679840087890625,0.10760670900344849,2,True,True,0
C000000003__VIS_03_SW_data_16-June-2026_10-17-36,26,0.37179005524858794,0.42047208547592163,0.1415967345237732,2,False,False,1
C000000003__VIS_03_SW_data_16-June-2026_10-17-36,26,0.38432044198875476,0.4194872975349426,0.11087071895599365,2,False,False,1
C000000003__VIS_03_SW_data_16-June-2026_10-17-36,26,0.3968508287291789,0.4614916443824768,0.1297338306903839,2,True,True,0
C000000003__VIS_03_SW_data_16-June-2026_10-17-36,26,0.409381215469603,0.4026867151260376,0.008838236331939697,2,False,False,1
C000000003__VIS_03_SW_data_16-June-2026_10-17-36,26,0.4219116022097698,0.32352590560913086,0.033598363399505615,2,True,True,0
C000000003__VIS_03_SW_data_16-June-2026_10-17-36,26,0.4344419889501939,0.2936171293258667,0.028650641441345215,1,True,True,0
C000000003__VIS_03_SW_data_16-June-2026_10-17-36,26,0.44697237569061804,0.35633277893066406,0.031082451343536377,1,True,True,0
C000000003__VIS_03_SW_data_16-June-2026_10-17-36,26,0.45950276243078486,0.42877066135406494,0.04999452829360962,1,False,False,1
C000000003__VIS_03_SW_data_16-June-2026_10-17-36,26,0.472033149171209,0.5511666834354401,0.02970224618911743,1,False,False,1
C000000003__VIS_03_SW_data_16-June-2026_10-17-36,26,0.4845635359116331,0.5178068578243256,0.044982314109802246,1,True,True,0
C000000003__VIS_03_SW_data_16-June-2026_10-17-36,26,0.4970939226517999,0.536804735660553,0.06442427635192871,1,True,True,0
C000000003__VIS_03_SW_data_16-June-2026_10-17-36,26,0.509624309392224,0.5192587971687317,0.10161155462265015,1,False,False,1
C000000003__VIS_03_SW_data_16-June-2026_10-17-36,26,0.5221546961323908,0.43902140855789185,0.22400212287902832,1,True,True,0
C000000003__VIS_03_SW_data_16-June-2026_10-17-36,26,0.534685082872815,0.43022751808166504,0.22268077731132507,1,True,True,0
C000000003__VIS_03_SW_data_16-June-2026_10-17-36,26,0.5472154696132391,0.3895949721336365,0.2232431173324585,1,True,True,0
C000000003__VIS_03_SW_data_16-June-2026_10-17-36,26,0.5597458563534059,0.5389277935028076,0.28524672985076904,1,True,True,0
C000000003__VIS_03_SW_data_16-June-2026_10-17-36,26,0.5722762430938301,0.45509469509124756,0.34631580114364624,1,True,True,0
C000000003__VIS_03_SW_data_16-June-2026_10-17-36,26,0.5848066298342541,0.3671327233314514,0.396774023771286,1,True,True,0
C000000003__VIS_03_SW_data_16-June-2026_10-17-36,26,0.597337016574421,0.23874497413635254,0.3716892600059509,1,False,False,1
C000000003__VIS_03_SW_data_16-June-2026_10-17-36,26,0.6098674033148451,5.960464477539063e-08,0.27158722281455994,1,False,False,1
C000000003__VIS_03_SW_data_16-June-2026_10-18-12,26,0.5184842319429558,0.629548192024231,0.31847435235977173,1,True,True,0
C000000003__VIS_03_SW_data_16-June-2026_10-18-12,26,0.5300203458799688,0.6430389285087585,0.4482283592224121,1,True,True,0
C000000003__VIS_03_SW_data_16-June-2026_10-18-12,26,0.5415564598167449,0.6348067820072174,0.35371702909469604,1,False,False,1
C000000003__VIS_03_SW_data_16-June-2026_10-18-12,26,0.553092573753758,0.6157881021499634,0.4524415135383606,1,True,True,0
C000000003__VIS_03_SW_data_16-June-2026_10-18-12,26,0.564628687690771,0.678931474685669,0.4614432454109192,1,True,True,0
C000000003__VIS_03_SW_data_16-June-2026_10-18-12,26,0.5761648016275472,0.6733307242393494,0.43116018176078796,1,False,False,1
C000000003__VIS_03_SW_data_16-June-2026_10-18-12,26,0.5877009155645603,0.7433547973632812,0.19581949710845947,1,False,False,1
C000000003__VIS_03_SW_data_16-June-2026_10-18-12,26,0.5992370295013365,0.5480583906173706,0.13509008288383484,1,True,True,0
C000000003__VIS_03_SW_data_16-June-2026_10-18-12,26,0.6107731434383495,0.488500714302063,0.030520588159561157,1,True,True,0
C000000003__VIS_03_SW_data_16-June-2026_10-18-12,26,0.6223092573753626,0.5247126221656799,0.025458693504333496,1,False,False,3
C000000003__VIS_03_SW_data_16-June-2026_10-18-12,26,0.6338453713121387,0.6127027869224548,0.014765262603759766,1,True,True,0
C000000003__VIS_03_SW_data_16-June-2026_10-18-12,26,0.6453814852491517,0.6026738882064819,0.02434024214744568,1,False,False,6
C000000003__VIS_03_SW_data_16-June-2026_10-18-12,26,0.6569175991861648,0.45604872703552246,0.022702038288116455,1,False,False,5
C000000003__VIS_03_SW_data_16-June-2026_10-18-12,26,0.668453713122941,0.4528157114982605,0.002591758966445923,1,False,False,3
C000000003__VIS_03_SW_data_16-June-2026_10-18-12,26,0.679989827059954,0.5693350434303284,0.026661217212677002,1,False,False,6
C000000003__VIS_03_SW_data_16-June-2026_10-18-12,26,0.6915259409969671,0.5851293802261353,0.026521772146224976,1,False,False,1
C000000003__VIS_03_SW_data_16-June-2026_10-18-12,26,0.7030620549337433,0.539605438709259,0.061387836933135986,1,True,True,0
C000000003__VIS_03_SW_data_16-June-2026_10-18-12,26,0.7145981688707563,0.4806560277938843,0.005160301923751831,1,False,False,4
C000000003__VIS_03_SW_data_16-June-2026_10-18-12,26,0.7261342828077694,0.5942226648330688,0.01483696699142456,1,False,False,2
C000000003__VIS_03_SW_data_16-June-2026_10-18-12,26,0.7376703967445455,0.5973588824272156,0.040382206439971924,1,False,False,3
C000000003__VIS_03_SW_data_16-June-2026_10-18-12,26,0.7492065106815585,0.5632264614105225,0.05033785104751587,1,False,False,3
C000000003__VIS_03_SW_data_16-June-2026_10-18-12,26,0.7607426246183348,0.47466373443603516,0.06910938024520874,1,False,False,3
C000000003__VIS_03_SW_data_16-June-2026_10-18-12,26,0.7722787385553478,0.5008442997932434,0.06104966998100281,1,False,False,1
C000000003__VIS_03_SW_data_16-June-2026_10-18-12,26,0.7838148524923608,0.5877140164375305,0.026166528463363647,1,False,False,1
C000000003__VIS_03_SW_data_16-June-2026_10-18-12,26,0.795350966429137,0.46472179889678955,0.016335487365722656,1,False,False,1
C000000003__VIS_03_SW_data_16-June-2026_10-18-12,26,0.8068870803661501,0.4671093225479126,0.0433824360370636,1,False,False,2
C000000003__VIS_03_SW_data_16-June-2026_10-18-12,26,0.8184231943031631,0.4106459617614746,0.01085817813873291,1,False,False,3
C000000003__VIS_03_SW_data_16-June-2026_10-18-12,26,0.8299593082399392,0.4845387935638428,0.04862657189369202,1,False,False,1
C000000003__VIS_03_SW_data_16-June-2026_10-18-12,26,0.8414954221769523,0.5199151635169983,0.05193859338760376,1,False,False,1
C000000003__VIS_03_SW_data_16-June-2026_10-18-12,26,0.8530315361139653,0.5462989509105682,0.0310419499874115,1,False,False,1
C000000003__VIS_03_SW_data_16-June-2026_10-18-12,26,0.8645676500507415,0.5767247080802917,0.07446935772895813,1,False,False,1
C000000003__VIS_03_SW_data_16-June-2026_10-18-12,26,0.8761037639877546,0.6418612599372864,0.13937649130821228,1,False,False,1
C000000003__VIS_03_SW_data_16-June-2026_10-18-12,26,0.8876398779245308,0.6014688909053802,0.10768932104110718,1,False,False,1
C000000003__VIS_03_SW_data_16-June-2026_10-18-12,26,0.8991759918615438,0.7006767690181732,0.07888057827949524,1,False,False,1
C000000003__VIS_03_SW_data_16-June-2026_10-18-12,26,0.9107121057985569,0.593612790107727,0.05533486604690552,1,False,False,1
C000000003__VIS_03_SW_data_16-June-2026_10-18-12,26,0.922248219735333,0.6972259879112244,0.046107351779937744,1,True,True,0
C000000003__VIS_03_SW_data_16-June-2026_10-18-12,26,0.933784333672346,0.7449952661991119,0.03839457035064697,1,False,False,1
C000000003__VIS_03_SW_data_16-June-2026_10-18-12,26,0.9453204476093591,0.6621108651161194,0.03512144088745117,1,False,False,1
C000000003__VIS_03_SW_data_16-June-2026_10-18-12,26,0.9568565615461353,0.5908451676368713,0.041274815797805786,1,True,True,0
C000000003__VIS_03_SW_data_16-June-2026_10-18-12,26,0.9683926754831483,0.5955207943916321,0.04198452830314636,1,True,True,0
C000000003__VIS_03_SW_data_16-June-2026_10-18-12,26,0.008779247202327815,0.2901877760887146,0.03519570827484131,1,True,True,0
C000000003__VIS_03_SW_data_16-June-2026_10-18-12,26,0.020315361139340855,0.36422789096832275,0.039136409759521484,1,True,True,0
C000000003__VIS_03_SW_data_16-June-2026_10-18-12,26,0.03185147507611704,0.342624306678772,0.11136043071746826,1,True,True,0
C000000003__VIS_03_SW_data_16-June-2026_10-18-12,26,0.04338758901313008,0.3990110754966736,0.2154701054096222,1,True,True,0
C000000003__VIS_03_SW_data_16-June-2026_10-18-12,26,0.05492370295014312,0.38402390480041504,0.19480794668197632,1,True,True,0
C000000003__VIS_03_SW_data_16-June-2026_10-18-12,26,0.0664598168869193,0.4592675566673279,0.046730101108551025,1,True,True,0
C000000003__VIS_03_SW_data_16-June-2026_10-18-12,26,0.07799593082393234,0.544909805059433,0.10738426446914673,1,True,True,0
C000000003__VIS_03_SW_data_16-June-2026_10-18-12,26,0.08953204476094538,0.48905837535858154,0.06773710250854492,1,True,True,0
C000000003__VIS_03_SW_data_16-June-2026_10-18-12,26,0.10106815869772157,0.5514729022979736,0.09557056427001953,1,False,False,1
C000000003__VIS_03_SW_data_16-June-2026_10-18-12,26,0.1126042726347346,0.5223836600780487,0.13438552618026733,1,True,True,0
C000000003__VIS_03_SW_data_16-June-2026_10-18-12,26,0.12414038657174765,0.5782249271869659,0.15317746996879578,1,False,False,1
C000000003__VIS_03_SW_data_16-June-2026_10-18-12,26,0.13567650050852384,0.6241510510444641,0.24460312724113464,1,False,False,1
C000000003__VIS_03_SW_data_16-June-2026_10-18-12,26,0.14721261444553688,0.7618165910243988,0.13641566038131714,1,True,True,0
C000000003__VIS_03_SW_data_16-June-2026_10-18-12,26,0.15874872838231305,0.8363449573516846,0.1473267823457718,1,False,False,1
C000000003__VIS_03_SW_data_16-June-2026_10-18-12,26,0.17028484231932609,0.7148484587669373,0.28540611267089844,1,True,True,0
C000000003__VIS_03_SW_data_16-June-2026_10-18-12,26,0.18182095625633915,0.7842515110969543,0.17890863120555878,1,False,False,1
C000000003__VIS_03_SW_data_16-June-2026_10-18-12,26,0.19335707019311532,0.680934727191925,0.2703516483306885,1,True,True,0
C000000003__VIS_03_SW_data_16-June-2026_10-18-12,26,0.20489318413012836,0.7332153618335724,0.143691748380661,1,True,True,0
C000000003__VIS_03_SW_data_16-June-2026_10-18-12,26,0.2164292980671414,0.7191196084022522,0.03367367386817932,1,False,False,2
C000000003__VIS_03_SW_data_16-June-2026_10-18-12,26,0.2279654120039176,0.5671593844890594,0.11988580226898193,1,True,True,0
C000000003__VIS_03_SW_data_16-June-2026_10-18-12,26,0.23950152594093063,0.6472598612308502,0.08650708198547363,1,False,False,1
C000000003__VIS_03_SW_data_16-June-2026_10-18-12,26,0.25103763987794364,0.5568362474441528,0.06276345252990723,1,False,False,1
C000000003__VIS_03_SW_data_16-June-2026_10-18-12,26,0.26257375381471987,0.4768332839012146,0.05352172255516052,1,False,False,1
C000000003__VIS_03_SW_data_16-June-2026_10-18-12,26,0.2741098677517329,0.39474403858184814,0.039276063442230225,1,True,True,0
C000000003__VIS_03_SW_data_16-June-2026_10-18-12,26,0.28564598168874594,0.40112096071243286,0.024750173091888428,1,True,True,0
C000000003__VIS_03_SW_data_16-June-2026_10-18-12,26,0.2971820956255221,0.3622868061065674,0.09957057237625122,1,False,False,2
C000000003__VIS_03_SW_data_16-June-2026_10-18-12,26,0.30871820956253515,0.3787435293197632,0.024524986743927002,1,False,False,1
C000000003__VIS_03_SW_data_16-June-2026_10-18-12,26,0.3202543234993113,0.3675636053085327,0.06772148609161377,1,False,False,2
C000000003__VIS_03_SW_data_16-June-2026_10-18-12,26,0.33179043743632436,0.30292314291000366,0.041099488735198975,1,False,False,1
C000000003__VIS_03_SW_data_16-June-2026_10-18-12,26,0.3433265513733374,0.30473148822784424,0.07232707738876343,1,True,True,0
C000000003__VIS_03_SW_data_16-June-2026_10-18-12,26,0.3548626653101136,0.3130723834037781,0.04386693239212036,1,True,True,0
C000000003__VIS_03_SW_data_16-June-2026_10-18-12,26,0.36639877924712666,0.3189871907234192,0.004351437091827393,1,False,False,3
C000000003__VIS_03_SW_data_16-June-2026_10-18-12,26,0.3779348931841397,0.31211042404174805,0.019807875156402588,1,False,False,1
C000000003__VIS_03_SW_data_16-June-2026_10-18-12,26,0.38947100712091587,0.26257818937301636,0.04250073432922363,1,True,True,0
C000000003__VIS_03_SW_data_16-June-2026_10-18-12,26,0.4010071210579289,0.26390671730041504,0.03473621606826782,1,True,True,0
C000000003__VIS_03_SW_data_16-June-2026_10-18-12,26,0.41254323499494194,0.29736995697021484,0.013264477252960205,2,True,True,0
C000000003__VIS_03_SW_data_16-June-2026_10-18-12,26,0.4240793489317181,0.3725132942199707,0.15532946586608887,2,True,False,1
C000000003__VIS_03_SW_data_16-June-2026_10-18-12,26,0.43561546286873115,0.39715003967285156,0.17429190874099731,2,True,False,1
C000000003__VIS_03_SW_data_16-June-2026_10-18-12,26,0.4471515768055074,0.39978671073913574,0.06640952825546265,2,True,True,0
C000000003__VIS_03_SW_data_16-June-2026_10-18-12,26,0.4586876907425204,0.39469826221466064,0.06927460432052612,2,False,False,1
C000000003__VIS_03_SW_data_16-June-2026_10-18-12,26,0.47022380467953345,0.40333908796310425,0.04880046844482422,1,True,True,0
C000000003__VIS_03_SW_data_16-June-2026_10-18-12,26,0.4817599186163096,0.3860698938369751,0.1349976658821106,1,True,True,0
C000000003__VIS_03_SW_data_16-June-2026_10-18-12,26,0.49329603255332266,0.31288963556289673,0.22547340393066406,1,False,False,1
C000000003__VIS_03_SW_data_16-June-2026_10-18-12,26,0.5048321464903357,0.24907374382019043,0.3225177526473999,1,False,False,1
C000000003__VIS_03_SW_data_16-June-2026_10-18-12,26,0.5163682604271119,0.1905456781387329,0.2893262207508087,1,True,True,0
C000000003__VIS_03_SW_data_16-June-2026_10-18-12,26,0.527904374364125,5.960464477539063e-08,0.28324079513549805,1,True,True,0
C000000003__VIS_03_SW_data_16-June-2026_10-18-58,26,0.4063555992140722,0.25918447971343994,0.13906794786453247,1,True,True,0
C000000003__VIS_03_SW_data_16-June-2026_10-18-58,26,0.41749508840865357,0.2879406213760376,0.16128802299499512,1,True,True,0
C000000003__VIS_03_SW_data_16-June-2026_10-18-58,26,0.4286345776030062,0.2670501470565796,0.09648889303207397,1,True,True,0
C000000003__VIS_03_SW_data_16-June-2026_10-18-58,26,0.43977406679758757,0.2914416790008545,0.09923034906387329,1,True,True,0
C000000003__VIS_03_SW_data_16-June-2026_10-18-58,26,0.4509135559921689,0.39293384552001953,0.07555222511291504,1,False,False,1
C000000003__VIS_03_SW_data_16-June-2026_10-18-58,26,0.4620530451865215,0.41771531105041504,0.04438525438308716,1,False,False,1
C000000003__VIS_03_SW_data_16-June-2026_10-18-58,26,0.47319253438110287,0.4652807116508484,0.001284182071685791,1,False,False,3
C000000003__VIS_03_SW_data_16-June-2026_10-18-58,26,0.4843320235754555,0.5423900783061981,0.00572541356086731,1,False,False,4
C000000003__VIS_03_SW_data_16-June-2026_10-18-58,26,0.49547151277003687,0.49967050552368164,0.01060253381729126,1,True,True,0
C000000003__VIS_03_SW_data_16-June-2026_10-18-58,26,0.5066110019646183,0.546438992023468,0.014355480670928955,1,False,False,1
C000000003__VIS_03_SW_data_16-June-2026_10-18-58,26,0.5177504911589709,0.6880317330360413,0.04253476858139038,1,False,False,1
C000000003__VIS_03_SW_data_16-June-2026_10-18-58,26,0.5288899803535523,0.6686086654663086,0.1093369722366333,1,False,False,1
C000000003__VIS_03_SW_data_16-June-2026_10-18-58,26,0.5400294695481336,0.6905879378318787,0.10792505741119385,1,False,False,1
C000000003__VIS_03_SW_data_16-June-2026_10-18-58,26,0.5511689587424863,0.6263958215713501,0.07015125453472137,1,True,True,0
C000000003__VIS_03_SW_data_16-June-2026_10-18-58,26,0.5623084479370676,0.7247017323970795,0.05344207584857941,1,False,False,11
C000000003__VIS_03_SW_data_16-June-2026_10-18-58,26,0.573447937131649,0.6564685702323914,0.010841920971870422,1,False,False,6
C000000003__VIS_03_SW_data_16-June-2026_10-18-58,26,0.5845874263260016,0.7426075041294098,0.058121100068092346,1,True,True,0
C000000003__VIS_03_SW_data_16-June-2026_10-18-58,26,0.595726915520583,0.6109620332717896,0.03699640929698944,1,False,False,1
C000000003__VIS_03_SW_data_16-June-2026_10-18-58,26,0.6068664047151643,0.6495120525360107,0.04088647663593292,1,False,False,7
C000000003__VIS_03_SW_data_16-June-2026_10-18-58,26,0.618005893909517,0.5991897583007812,0.06590992212295532,1,True,True,0
C000000003__VIS_03_SW_data_16-June-2026_10-18-58,26,0.6291453831040983,0.562329888343811,0.02640947699546814,1,False,False,8
C000000003__VIS_03_SW_data_16-June-2026_10-18-58,26,0.6402848722984509,0.543761670589447,0.0017559528350830078,1,False,False,7
C000000003__VIS_03_SW_data_16-June-2026_10-18-58,26,0.6514243614930323,0.6063624620437622,0.05750930309295654,1,False,False,7
C000000003__VIS_03_SW_data_16-June-2026_10-18-58,26,0.6625638506876136,0.541813313961029,0.027656376361846924,1,False,False,7
C000000003__VIS_03_SW_data_16-June-2026_10-18-58,26,0.6737033398819663,0.5696514248847961,0.040322303771972656,1,False,False,8
C000000003__VIS_03_SW_data_16-June-2026_10-18-58,26,0.6848428290765476,0.5204649269580841,0.0012279003858566284,1,False,False,6
C000000003__VIS_03_SW_data_16-June-2026_10-18-58,26,0.695982318271129,0.5643056035041809,0.008525043725967407,1,False,False,10
C000000003__VIS_03_SW_data_16-June-2026_10-18-58,26,0.7071218074654816,0.6347973942756653,0.0370790958404541,1,False,False,2
C000000003__VIS_03_SW_data_16-June-2026_10-18-58,26,0.718261296660063,0.6100543141365051,0.012971162796020508,1,False,False,8
C000000003__VIS_03_SW_data_16-June-2026_10-18-58,26,0.7294007858546443,0.5945160388946533,0.008884623646736145,1,False,False,6
C000000003__VIS_03_SW_data_16-June-2026_10-18-58,26,0.740540275048997,0.5788660049438477,0.042431801557540894,1,False,False,5
C000000003__VIS_03_SW_data_16-June-2026_10-18-58,26,0.7516797642435783,0.6303880214691162,0.013005286455154419,1,False,False,6
C000000003__VIS_03_SW_data_16-June-2026_10-18-58,26,0.762819253437931,0.6061349511146545,0.03885255753993988,1,False,False,9
C000000003__VIS_03_SW_data_16-June-2026_10-18-58,26,0.7739587426325123,0.5642896592617035,0.005982875823974609,1,False,False,9
C000000003__VIS_03_SW_data_16-June-2026_10-18-58,26,0.7850982318270937,0.629067599773407,0.011901259422302246,1,False,False,9
C000000003__VIS_03_SW_data_16-June-2026_10-18-58,26,0.7962377210214463,0.6560887694358826,0.011093556880950928,1,False,False,8
C000000003__VIS_03_SW_data_16-June-2026_10-18-58,26,0.8073772102160277,0.667188286781311,0.018546611070632935,1,False,False,4
C000000003__VIS_03_SW_data_16-June-2026_10-18-58,26,0.818516699410609,0.5845338404178619,0.05648794770240784,1,False,False,8
C000000003__VIS_03_SW_data_16-June-2026_10-18-58,26,0.8296561886049617,0.6018046736717224,0.016103506088256836,1,False,False,2
C000000003__VIS_03_SW_data_16-June-2026_10-18-58,26,0.840795677799543,0.546889066696167,0.007389426231384277,1,False,False,4
C000000003__VIS_03_SW_data_16-June-2026_10-18-58,26,0.8519351669941244,0.6210775077342987,0.020848780870437622,1,False,False,3
C000000003__VIS_03_SW_data_16-June-2026_10-18-58,26,0.863074656188477,0.5766910910606384,0.0004756748676300049,1,False,False,7
C000000003__VIS_03_SW_data_16-June-2026_10-18-58,26,0.8742141453830584,0.6066761910915375,0.015043765306472778,1,False,False,3
C000000003__VIS_03_SW_data_16-June-2026_10-18-58,26,0.8853536345776397,0.5495006442070007,0.025039315223693848,1,False,False,2
C000000003__VIS_03_SW_data_16-June-2026_10-18-58,26,0.8964931237719924,0.5991963744163513,0.026729077100753784,1,False,False,2
C000000003__VIS_03_SW_data_16-June-2026_10-18-58,26,0.9076326129665737,0.630393385887146,0.02109295129776001,1,False,False,4
C000000003__VIS_03_SW_data_16-June-2026_10-18-58,26,0.9187721021609264,0.5868505239486694,0.012471109628677368,1,False,False,1
C000000003__VIS_03_SW_data_16-June-2026_10-18-58,26,0.9299115913555077,0.5992506742477417,0.02309754490852356,1,False,False,4
C000000003__VIS_03_SW_data_16-June-2026_10-18-58,26,0.9410510805500891,0.5130386352539062,0.02674010396003723,1,False,False,4
C000000003__VIS_03_SW_data_16-June-2026_10-18-58,26,0.9521905697444417,0.5181320905685425,0.021793067455291748,1,False,False,1
C000000003__VIS_03_SW_data_16-June-2026_10-18-58,26,0.9633300589390231,0.37896209955215454,0.05534037947654724,1,False,False,2
C000000003__VIS_03_SW_data_16-June-2026_10-18-58,26,0.9744695481336044,0.3098001480102539,0.03867781162261963,1,False,False,2
C000000003__VIS_03_SW_data_16-June-2026_10-18-58,26,0.007888015717119784,0.22825920581817627,0.17622914910316467,1,True,True,0
C000000003__VIS_03_SW_data_16-June-2026_10-18-58,26,0.019027504911472426,0.312880277633667,0.15329790115356445,1,True,True,0
C000000003__VIS_03_SW_data_16-June-2026_10-18-58,26,0.03016699410605378,0.28506433963775635,0.1623261272907257,1,True,True,0
C000000003__VIS_03_SW_data_16-June-2026_10-18-58,26,0.04130648330040642,0.3333674669265747,0.16466563940048218,1,False,False,1
C000000003__VIS_03_SW_data_16-June-2026_10-18-58,26,0.05244597249498777,0.279868483543396,0.15499812364578247,1,False,False,1
C000000003__VIS_03_SW_data_16-June-2026_10-18-58,26,0.06358546168956913,0.362573504447937,0.06231248378753662,1,False,False,1
C000000003__VIS_03_SW_data_16-June-2026_10-18-58,26,0.07472495088392177,0.5406188368797302,0.06739586591720581,1,False,False,1
C000000003__VIS_03_SW_data_16-June-2026_10-18-58,26,0.08586444007850312,0.5818087458610535,0.01459696888923645,1,False,False,1
C000000003__VIS_03_SW_data_16-June-2026_10-18-58,26,0.09700392927308447,0.6624243259429932,0.07517597079277039,1,False,False,1
C000000003__VIS_03_SW_data_16-June-2026_10-18-58,26,0.10814341846743712,0.7752119451761246,0.08043980598449707,1,False,False,1
C000000003__VIS_03_SW_data_16-June-2026_10-18-58,26,0.11928290766201848,0.821031928062439,0.06489354372024536,1,False,False,1
C000000003__VIS_03_SW_data_16-June-2026_10-18-58,26,0.13042239685659984,0.7367638647556305,0.04326292872428894,1,False,False,1
C000000003__VIS_03_SW_data_16-June-2026_10-18-58,26,0.14156188605095246,0.7406350374221802,0.0869133472442627,1,False,False,1
C000000003__VIS_03_SW_data_16-June-2026_10-18-58,26,0.15270137524553382,0.7729926705360413,0.18670466542243958,1,False,False,1
C000000003__VIS_03_SW_data_16-June-2026_10-18-58,26,0.16384086444011517,0.7365604639053345,0.19562368094921112,1,False,False,1
C000000003__VIS_03_SW_data_16-June-2026_10-18-58,26,0.17498035363446782,0.6620001196861267,0.08622457087039948,1,True,True,0
C000000003__VIS_03_SW_data_16-June-2026_10-18-58,26,0.18611984282904917,0.5824234485626221,0.16001957654953003,1,True,True,0
C000000003__VIS_03_SW_data_16-June-2026_10-18-58,26,0.19725933202340182,0.5359117984771729,0.13044166564941406,1,True,True,0
C000000003__VIS_03_SW_data_16-June-2026_10-18-58,26,0.20839882121798317,0.5268420875072479,0.14448681473731995,1,True,True,0
C000000003__VIS_03_SW_data_16-June-2026_10-18-58,26,0.21953831041256452,0.433404803276062,0.048609569668769836,1,False,False,1
C000000003__VIS_03_SW_data_16-June-2026_10-18-58,26,0.23067779960691717,0.5013570189476013,0.06463715434074402,1,False,False,1
C000000003__VIS_03_SW_data_16-June-2026_10-18-58,26,0.24181728880149853,0.43771106004714966,0.0470450222492218,1,True,True,0
C000000003__VIS_03_SW_data_16-June-2026_10-18-58,26,0.25295677799607985,0.4494537115097046,0.04328164458274841,1,True,True,0
C000000003__VIS_03_SW_data_16-June-2026_10-18-58,26,0.2640962671904325,0.4126150608062744,0.04107585549354553,1,False,False,1
C000000003__VIS_03_SW_data_16-June-2026_10-18-58,26,0.27523575638501385,0.32553672790527344,0.02819553017616272,1,True,True,0
C000000003__VIS_03_SW_data_16-June-2026_10-18-58,26,0.2863752455795952,0.34002161026000977,0.009375184774398804,1,True,True,0
C000000003__VIS_03_SW_data_16-June-2026_10-18-58,26,0.29751473477394785,0.32956361770629883,0.005752235651016235,1,True,True,0
C000000003__VIS_03_SW_data_16-June-2026_10-18-58,26,0.3086542239685292,0.3072810173034668,0.011869847774505615,1,False,False,1
C000000003__VIS_03_SW_data_16-June-2026_10-18-58,26,0.31979371316288185,0.27894967794418335,0.060246825218200684,1,False,False,1
C000000003__VIS_03_SW_data_16-June-2026_10-18-58,26,0.3309332023574632,0.3240400552749634,0.015405386686325073,2,False,False,2
C000000003__VIS_03_SW_data_16-June-2026_10-18-58,26,0.34207269155204456,0.33310675621032715,0.024259865283966064,2,False,False,2
C000000003__VIS_03_SW_data_16-June-2026_10-18-58,26,0.3532121807463972,0.26187628507614136,0.040521979331970215,1,True,True,0
C000000003__VIS_03_SW_data_16-June-2026_10-18-58,26,0.36435166994097856,0.24084770679473877,0.018908023834228516,1,False,False,1
C000000003__VIS_03_SW_data_16-June-2026_10-18-58,26,0.3754911591355599,0.22504371404647827,0.024244487285614014,1,False,False,1
C000000003__VIS_03_SW_data_16-June-2026_10-18-58,26,0.38663064832991256,0.22155988216400146,0.06626805663108826,1,True,True,0
C000000003__VIS_03_SW_data_16-June-2026_10-18-58,26,0.3977701375244939,5.960464477539063e-08,0.046529948711395264,1,True,True,0
C000000003__VIS_03_SW_data_16-June-2026_10-19-41,26,0.13265989847708173,0.353149950504303,0.008691549301147461,1,False,False,8
C000000003__VIS_03_SW_data_16-June-2026_10-19-41,26,0.14417258883249676,0.38635891675949097,0.0484602153301239,1,False,False,8
C000000003__VIS_03_SW_data_16-June-2026_10-19-41,26,0.15568527918767544,0.33856654167175293,0.0594448447227478,1,False,False,9
C000000003__VIS_03_SW_data_16-June-2026_10-19-41,26,0.1671979695430905,0.35977888107299805,0.011520951986312866,1,False,False,7
C000000003__VIS_03_SW_data_16-June-2026_10-19-41,26,0.17871065989850551,0.3999720811843872,0.14076144993305206,1,False,False,9
C000000003__VIS_03_SW_data_16-June-2026_10-19-41,26,0.1902233502536842,0.3418833017349243,0.00667533278465271,1,False,False,9
C000000003__VIS_03_SW_data_16-June-2026_10-19-41,26,0.20173604060909925,0.36722874641418457,0.03939005732536316,1,False,False,10
C000000003__VIS_03_SW_data_16-June-2026_10-19-41,26,0.2132487309642779,0.3774604797363281,0.02098087966442108,1,False,False,10
C000000003__VIS_03_SW_data_16-June-2026_10-19-41,26,0.22476142131969296,0.4240453839302063,0.0766877681016922,1,False,False,10
C000000003__VIS_03_SW_data_16-June-2026_10-19-41,26,0.236274111675108,0.32751673460006714,0.038872361183166504,1,False,False,7
C000000003__VIS_03_SW_data_16-June-2026_10-19-41,26,0.24778680203028666,0.3591575622558594,0.042587608098983765,1,False,False,6
C000000003__VIS_03_SW_data_16-June-2026_10-19-41,26,0.2592994923857017,0.3703186511993408,0.022535264492034912,1,False,False,2
C000000003__VIS_03_SW_data_16-June-2026_10-19-41,26,0.27081218274111674,0.32262349128723145,0.02415493130683899,1,False,False,2
C000000003__VIS_03_SW_data_16-June-2026_10-19-41,26,0.2823248730962954,0.334841251373291,0.003357529640197754,1,False,False,1
C000000003__VIS_03_SW_data_16-June-2026_10-19-41,26,0.29383756345171047,0.29969215393066406,0.022092998027801514,1,False,False,1
C000000003__VIS_03_SW_data_16-June-2026_10-19-41,26,0.3053502538071255,0.3674381375312805,0.036796629428863525,1,False,False,4
C000000003__VIS_03_SW_data_16-June-2026_10-19-41,26,0.31686294416230415,0.26774120330810547,0.040900468826293945,1,False,False,4
C000000003__VIS_03_SW_data_16-June-2026_10-19-41,26,0.32837563451771923,0.27104854583740234,0.007796287536621094,1,False,False,3
C000000003__VIS_03_SW_data_16-June-2026_10-19-41,26,0.33988832487313425,0.29290056228637695,0.01519167423248291,1,False,False,3
C000000003__VIS_03_SW_data_16-June-2026_10-19-41,26,0.35140101522831296,0.297115683555603,0.016305983066558838,1,False,False,2
C000000003__VIS_03_SW_data_16-June-2026_10-19-41,26,0.362913705583728,0.29084956645965576,0.04885894060134888,1,True,True,0
C000000003__VIS_03_SW_data_16-June-2026_10-19-41,26,0.37442639593890664,0.25499236583709717,0.027849555015563965,1,True,True,0
C000000003__VIS_03_SW_data_16-June-2026_10-19-41,26,0.3859390862943217,0.3506603240966797,0.0835188627243042,1,True,True,0
C000000003__VIS_03_SW_data_16-June-2026_10-19-41,26,0.39745177664973674,0.2670045495033264,0.023330509662628174,1,True,True,0
C000000003__VIS_03_SW_data_16-June-2026_10-19-41,26,0.4089644670049154,0.2592355012893677,0.04636651277542114,1,False,False,1
C000000003__VIS_03_SW_data_16-June-2026_10-19-41,26,0.4204771573603305,0.32292115688323975,0.059938132762908936,1,True,True,0
C000000003__VIS_03_SW_data_16-June-2026_10-19-41,26,0.4319898477157455,0.3114650249481201,0.05288338661193848,1,True,True,0
C000000003__VIS_03_SW_data_16-June-2026_10-19-41,26,0.44350253807092416,0.3915438652038574,0.03814113140106201,1,True,True,0
C000000003__VIS_03_SW_data_16-June-2026_10-19-41,26,0.45501522842633924,0.4539550542831421,0.020613551139831543,1,True,True,0
C000000003__VIS_03_SW_data_16-June-2026_10-19-41,26,0.46652791878175426,0.5542337894439697,0.009248614311218262,1,False,False,2
C000000003__VIS_03_SW_data_16-June-2026_10-19-41,26,0.4780406091369329,0.6094422936439514,0.014264881610870361,1,True,True,0
C000000003__VIS_03_SW_data_16-June-2026_10-19-41,26,0.489553299492348,0.7327360212802887,0.048088788986206055,1,False,False,1
C000000003__VIS_03_SW_data_16-June-2026_10-19-41,26,0.5010659898475266,0.6481571793556213,0.025985747575759888,1,False,False,4
C000000003__VIS_03_SW_data_16-June-2026_10-19-41,26,0.5125786802029417,0.7745937407016754,0.06253942847251892,1,True,True,0
C000000003__VIS_03_SW_data_16-June-2026_10-19-41,26,0.5240913705583568,0.7304968237876892,0.050023823976516724,1,False,False,1
C000000003__VIS_03_SW_data_16-June-2026_10-19-41,26,0.5356040609135354,0.75509874522686,0.027233555912971497,1,False,False,6
C000000003__VIS_03_SW_data_16-June-2026_10-19-41,26,0.5471167512689504,0.6643721461296082,0.035847678780555725,1,True,True,0
C000000003__VIS_03_SW_data_16-June-2026_10-19-41,26,0.5586294416243655,0.7747188806533813,0.036712706089019775,1,False,False,8
C000000003__VIS_03_SW_data_16-June-2026_10-19-41,26,0.5701421319795441,0.6790459454059601,0.03557369112968445,1,False,False,9
C000000003__VIS_03_SW_data_16-June-2026_10-19-41,26,0.5816548223349592,0.7319228053092957,0.05739550292491913,1,False,False,9
C000000003__VIS_03_SW_data_16-June-2026_10-19-41,26,0.5931675126903743,0.7438749074935913,0.043158724904060364,1,True,True,0
C000000003__VIS_03_SW_data_16-June-2026_10-19-41,26,0.6046802030455529,0.623266190290451,0.10880538821220398,1,False,False,11
C000000003__VIS_03_SW_data_16-June-2026_10-19-41,26,0.616192893400968,0.6453818082809448,0.0702342689037323,1,False,False,12
C000000003__VIS_03_SW_data_16-June-2026_10-19-41,26,0.627705583756383,0.5752210021018982,0.11957894265651703,1,False,False,12
C000000003__VIS_03_SW_data_16-June-2026_10-19-41,26,0.6392182741115616,0.6201100945472717,0.09236642718315125,1,False,False,13
C000000003__VIS_03_SW_data_16-June-2026_10-19-41,26,0.6507309644669768,0.6163263320922852,0.09666699171066284,1,False,False,12
C000000003__VIS_03_SW_data_16-June-2026_10-19-41,26,0.6622436548221554,0.5194106101989746,0.1697511225938797,1,False,False,12
C000000003__VIS_03_SW_data_16-June-2026_10-19-41,26,0.6737563451775704,0.5019566714763641,0.12215879559516907,1,False,False,12
C000000003__VIS_03_SW_data_16-June-2026_10-19-41,26,0.6852690355329855,0.5518956780433655,0.14288821816444397,1,False,False,11
C000000003__VIS_03_SW_data_16-June-2026_10-19-41,26,0.6967817258881641,0.4695627689361572,0.15659382939338684,1,False,False,11
C000000003__VIS_03_SW_data_16-June-2026_10-19-41,26,0.7082944162435791,0.46800386905670166,0.23064148426055908,1,False,False,11
C000000003__VIS_03_SW_data_16-June-2026_10-19-41,26,0.7198071065989943,0.5264318287372589,0.24618518352508545,1,False,False,10
C000000003__VIS_03_SW_data_16-June-2026_10-19-41,26,0.7313197969541729,0.5631839632987976,0.24935737252235413,1,False,False,10
C000000003__VIS_03_SW_data_16-June-2026_10-19-41,26,0.742832487309588,0.5967264175415039,0.2205009162425995,1,False,False,10
C000000003__VIS_03_SW_data_16-June-2026_10-19-41,26,0.754345177665003,0.5987224876880646,0.1894252896308899,1,False,False,10
C000000003__VIS_03_SW_data_16-June-2026_10-19-41,26,0.7658578680201816,0.47776567935943604,0.17757761478424072,1,False,False,9
C000000003__VIS_03_SW_data_16-June-2026_10-19-41,26,0.7773705583755967,0.5474103689193726,0.2380896657705307,1,False,False,9
C000000003__VIS_03_SW_data_16-June-2026_10-19-41,26,0.7888832487307753,0.5859130620956421,0.18798315525054932,1,False,False,9
C000000003__VIS_03_SW_data_16-June-2026_10-19-41,26,0.8003959390861904,0.5264154672622681,0.23002979159355164,1,False,False,8
C000000003__VIS_03_SW_data_16-June-2026_10-19-41,26,0.8119086294416055,0.5022335648536682,0.16984626650810242,1,False,False,8
C000000003__VIS_03_SW_data_16-June-2026_10-19-41,26,0.8234213197967841,0.42044270038604736,0.23027533292770386,1,False,False,8
C000000003__VIS_03_SW_data_16-June-2026_10-19-41,26,0.8349340101521991,0.4691983461380005,0.2984444797039032,1,False,False,8
C000000003__VIS_03_SW_data_16-June-2026_10-19-41,26,0.8464467005076142,0.42046719789505005,0.24604757130146027,1,False,False,7
C000000003__VIS_03_SW_data_16-June-2026_10-19-41,26,0.8579593908627929,0.347220778465271,0.25710275769233704,1,False,False,7
C000000003__VIS_03_SW_data_16-June-2026_10-19-41,26,0.869472081218208,0.4281817078590393,0.2631211280822754,1,False,False,7
C000000003__VIS_03_SW_data_16-June-2026_10-19-41,26,0.880984771573623,0.40760892629623413,0.2811461389064789,1,False,False,6
C000000003__VIS_03_SW_data_16-June-2026_10-19-41,26,0.8924974619288016,0.47336345911026,0.21939122676849365,1,False,False,6
C000000003__VIS_03_SW_data_16-June-2026_10-19-41,26,0.9040101522842167,0.5528699457645416,0.2954881489276886,1,False,False,6
C000000003__VIS_03_SW_data_16-June-2026_10-19-41,26,0.9155228426396317,0.5529114902019501,0.2106749415397644,1,False,False,6
C000000003__VIS_03_SW_data_16-June-2026_10-19-41,26,0.9270355329948105,0.542208731174469,0.3314434289932251,1,False,False,5
C000000003__VIS_03_SW_data_16-June-2026_10-19-41,26,0.9385482233502255,0.5177779197692871,0.31790629029273987,1,False,False,5
C000000003__VIS_03_SW_data_16-June-2026_10-19-41,26,0.9500609137054041,0.5057334005832672,0.20630276203155518,1,False,False,4
C000000003__VIS_03_SW_data_16-June-2026_10-19-41,26,0.9615736040608192,0.3894100785255432,0.26838016510009766,1,False,False,3
C000000003__VIS_03_SW_data_16-June-2026_10-19-41,26,0.9730862944162342,0.34463930130004883,0.3382367491722107,1,False,False,3
C000000003__VIS_03_SW_data_16-June-2026_10-19-41,26,0.9845989847714128,0.3964132070541382,0.2939445376396179,1,False,False,3
C000000003__VIS_03_SW_data_16-June-2026_10-19-41,26,0.012700507614222653,0.374103307723999,0.2475036084651947,1,False,False,2
C000000003__VIS_03_SW_data_16-June-2026_10-19-41,26,0.024213197969401322,0.48195695877075195,0.2734748423099518,1,False,False,2
C000000003__VIS_03_SW_data_16-June-2026_10-19-41,26,0.035725888324816366,0.49946653842926025,0.27237486839294434,1,False,False,2
C000000003__VIS_03_SW_data_16-June-2026_10-19-41,26,0.04723857868023141,0.48999184370040894,0.39526689052581787,1,False,False,1
C000000003__VIS_03_SW_data_16-June-2026_10-19-41,26,0.05875126903541008,0.5129040479660034,0.26724663376808167,1,False,False,1
C000000003__VIS_03_SW_data_16-June-2026_10-19-41,26,0.07026395939082512,0.5069402158260345,0.32169273495674133,1,False,False,1
C000000003__VIS_03_SW_data_16-June-2026_10-19-41,26,0.0817766497460038,0.5653879642486572,0.2522784471511841,2,False,False,1
C000000003__VIS_03_SW_data_16-June-2026_10-19-41,26,0.09328934010141884,0.4302788972854614,0.33845704793930054,2,True,True,0
C000000003__VIS_03_SW_data_16-June-2026_10-19-41,26,0.10480203045683388,0.501758873462677,0.2921525835990906,2,True,True,0
C000000003__VIS_03_SW_data_16-June-2026_10-19-41,26,0.11631472081201255,0.43598687648773193,0.2210424840450287,2,True,True,0
C000000003__VIS_03_SW_data_16-June-2026_10-19-41,26,0.1278274111674276,0.44639599323272705,0.12809887528419495,1,True,True,0
C000000003__VIS_03_SW_data_16-June-2026_10-19-41,26,0.13934010152284265,0.31478291749954224,0.2925149202346802,1,True,True,0
C000000003__VIS_03_SW_data_16-June-2026_10-19-41,26,0.1508527918780213,0.35030674934387207,0.18432515859603882,1,True,True,0
C000000003__VIS_03_SW_data_16-June-2026_10-19-41,26,0.16236548223343636,0.0,0.2972659468650818,1,False,False,1
C000000003__VIS_03_SW_data_16-June-2026_10-20-18,26,0.05075078206457299,0.32347941398620605,0.04210931062698364,1,False,False,3
C000000003__VIS_03_SW_data_16-June-2026_10-20-18,26,0.06257559958290856,0.37201762199401855,0.019806623458862305,1,False,False,4
C000000003__VIS_03_SW_data_16-June-2026_10-20-18,26,0.07440041710100136,0.44837695360183716,0.056711554527282715,1,False,False,4
C000000003__VIS_03_SW_data_16-June-2026_10-20-18,26,0.08622523461933694,0.4326819181442261,0.02327752113342285,1,False,False,4
C000000003__VIS_03_SW_data_16-June-2026_10-20-18,26,0.09805005213767251,0.443572461605072,0.028612732887268066,1,False,False,5
C000000003__VIS_03_SW_data_16-June-2026_10-20-18,26,0.1098748696557653,0.49003273248672485,0.005061447620391846,1,False,False,6
C000000003__VIS_03_SW_data_16-June-2026_10-20-18,26,0.12169968717410089,0.4149206876754761,0.041642606258392334,1,True,True,0
C000000003__VIS_03_SW_data_16-June-2026_10-20-18,26,0.13352450469219368,0.48403429985046387,0.0028611421585083008,1,False,False,6
C000000003__VIS_03_SW_data_16-June-2026_10-20-18,26,0.14534932221052926,0.5156932473182678,0.08785700798034668,1,False,False,1
C000000003__VIS_03_SW_data_16-June-2026_10-20-18,26,0.15717413972886482,0.6330025792121887,0.05935022234916687,1,False,False,1
C000000003__VIS_03_SW_data_16-June-2026_10-20-18,26,0.16899895724695763,0.6477882266044617,0.05362755060195923,1,False,False,1
C000000003__VIS_03_SW_data_16-June-2026_10-20-18,26,0.1808237747652932,0.6562175750732422,0.0009240806102752686,1,False,False,8
C000000003__VIS_03_SW_data_16-June-2026_10-20-18,26,0.19264859228362877,0.8070706129074097,0.0942966639995575,1,False,False,1
C000000003__VIS_03_SW_data_16-June-2026_10-20-18,26,0.20447340980172157,0.7810231149196625,0.09987059235572815,1,True,True,0
C000000003__VIS_03_SW_data_16-June-2026_10-20-18,26,0.21629822732005716,0.7704175412654877,0.049480631947517395,1,True,True,0
C000000003__VIS_03_SW_data_16-June-2026_10-20-18,26,0.22812304483839274,0.6264483332633972,0.0531599223613739,1,False,False,1
C000000003__VIS_03_SW_data_16-June-2026_10-20-18,26,0.23994786235648552,0.4990544319152832,0.12391653656959534,1,True,True,0
C000000003__VIS_03_SW_data_16-June-2026_10-20-18,26,0.2517726798748211,0.6101356744766235,0.16642102599143982,1,True,True,0
C000000003__VIS_03_SW_data_16-June-2026_10-20-18,26,0.2635974973931567,0.5782328248023987,0.027250081300735474,1,False,False,5
C000000003__VIS_03_SW_data_16-June-2026_10-20-18,26,0.27542231491124947,0.5690388083457947,0.0302770733833313,1,True,True,0
C000000003__VIS_03_SW_data_16-June-2026_10-20-18,26,0.28724713242958505,0.48428839445114136,0.051510244607925415,1,True,True,0
C000000003__VIS_03_SW_data_16-June-2026_10-20-18,26,0.29907194994767783,0.5324732065200806,0.02438521385192871,1,False,False,5
C000000003__VIS_03_SW_data_16-June-2026_10-20-18,26,0.3108967674660134,0.5139489769935608,0.009427398443222046,1,True,True,0
C000000003__VIS_03_SW_data_16-June-2026_10-20-18,26,0.322721584984349,0.37999391555786133,0.0332721471786499,1,False,False,3
C000000003__VIS_03_SW_data_16-June-2026_10-20-18,26,0.3345464025024418,0.3829634189605713,0.024500787258148193,1,True,True,0
C000000003__VIS_03_SW_data_16-June-2026_10-20-18,26,0.34637122002077736,0.3592550754547119,0.04313868284225464,1,False,False,1
C000000003__VIS_03_SW_data_16-June-2026_10-20-18,26,0.35819603753911294,0.320037305355072,0.07702159881591797,1,False,False,1
C000000003__VIS_03_SW_data_16-June-2026_10-20-18,26,0.3700208550572057,0.31082457304000854,0.05491584539413452,1,False,False,2
C000000003__VIS_03_SW_data_16-June-2026_10-20-18,26,0.3818456725755413,0.3111392855644226,0.09372377395629883,1,False,False,1
C000000003__VIS_03_SW_data_16-June-2026_10-20-18,26,0.3936704900938769,0.31746017932891846,0.08913886547088623,1,False,False,1
C000000003__VIS_03_SW_data_16-June-2026_10-20-18,26,0.40549530761196967,0.30504322052001953,0.10458993911743164,1,False,False,1
C000000003__VIS_03_SW_data_16-June-2026_10-20-18,26,0.41732012513030525,0.31545209884643555,0.09226149320602417,1,False,False,1
C000000003__VIS_03_SW_data_16-June-2026_10-20-18,26,0.42914494264839803,0.3182416558265686,0.15254133939743042,1,True,True,0
C000000003__VIS_03_SW_data_16-June-2026_10-20-18,26,0.4409697601667336,0.3373633623123169,0.1430882215499878,1,True,True,0
C000000003__VIS_03_SW_data_16-June-2026_10-20-18,26,0.4527945776850692,0.38204002380371094,0.19563627243041992,1,True,True,0
C000000003__VIS_03_SW_data_16-June-2026_10-20-18,26,0.464619395203162,0.49144983291625977,0.15695428848266602,1,True,True,0
C000000003__VIS_03_SW_data_16-June-2026_10-20-18,26,0.47644421272149756,0.49257147312164307,0.0808144211769104,1,True,True,0
C000000003__VIS_03_SW_data_16-June-2026_10-20-18,26,0.48826903023983315,0.6593647003173828,0.1928902566432953,1,False,False,1
C000000003__VIS_03_SW_data_16-June-2026_10-20-18,26,0.500093847757926,0.770379364490509,0.08760294318199158,1,True,True,0
C000000003__VIS_03_SW_data_16-June-2026_10-20-18,26,0.5119186652762615,0.6896768510341644,0.18040141463279724,1,False,False,1
C000000003__VIS_03_SW_data_16-June-2026_10-20-18,26,0.5237434827945971,0.7878884673118591,0.14945486187934875,1,False,False,1
C000000003__VIS_03_SW_data_16-June-2026_10-20-18,26,0.5355683003126899,0.7120457887649536,0.13427144289016724,1,True,True,0
C000000003__VIS_03_SW_data_16-June-2026_10-20-18,26,0.5473931178310255,0.7031073570251465,0.11392408609390259,1,True,True,0
C000000003__VIS_03_SW_data_16-June-2026_10-20-18,26,0.559217935349361,0.7582691013813019,0.147882342338562,1,False,False,1
C000000003__VIS_03_SW_data_16-June-2026_10-20-18,26,0.5710427528674539,0.7530355602502823,0.12194256484508514,1,False,False,1
C000000003__VIS_03_SW_data_16-June-2026_10-20-18,26,0.5828675703857894,0.6833955347537994,0.07502363622188568,1,False,False,1
C000000003__VIS_03_SW_data_16-June-2026_10-20-18,26,0.5946923879038822,0.7435925304889679,0.04898172616958618,1,False,False,5
C000000003__VIS_03_SW_data_16-June-2026_10-20-18,26,0.6065172054222178,0.7951857596635818,0.07774126529693604,1,False,False,1
C000000003__VIS_03_SW_data_16-June-2026_10-20-18,26,0.6183420229405534,0.6267670392990112,0.02084621787071228,1,False,False,7
C000000003__VIS_03_SW_data_16-June-2026_10-20-18,26,0.6301668404586461,0.6324434280395508,0.02433222532272339,1,False,False,8
C000000003__VIS_03_SW_data_16-June-2026_10-20-18,26,0.6419916579769818,0.5808769464492798,0.04387947916984558,1,False,False,5
C000000003__VIS_03_SW_data_16-June-2026_10-20-18,26,0.6538164754953173,0.6669417023658752,0.013055860996246338,1,False,False,1
C000000003__VIS_03_SW_data_16-June-2026_10-20-18,26,0.6656412930134101,0.6227636933326721,0.034738630056381226,1,False,False,5
C000000003__VIS_03_SW_data_16-June-2026_10-20-18,26,0.6774661105317457,0.6169883608818054,0.0548800528049469,1,False,False,3
C000000003__VIS_03_SW_data_16-June-2026_10-20-18,26,0.6892909280500813,0.6372617781162262,0.008400887250900269,1,False,False,6
C000000003__VIS_03_SW_data_16-June-2026_10-20-18,26,0.701115745568174,0.6743370890617371,0.05250614881515503,1,False,False,3
C000000003__VIS_03_SW_data_16-June-2026_10-20-18,26,0.7129405630865097,0.6693300604820251,0.008321762084960938,1,False,False,4
C000000003__VIS_03_SW_data_16-June-2026_10-20-18,26,0.7247653806046024,0.6535788774490356,0.015876978635787964,1,False,False,4
C000000003__VIS_03_SW_data_16-June-2026_10-20-18,26,0.736590198122938,0.5919391214847565,0.022615432739257812,1,False,False,1
C000000003__VIS_03_SW_data_16-June-2026_10-20-18,26,0.7484150156412736,0.6433523893356323,0.009795933961868286,1,False,False,1
C000000003__VIS_03_SW_data_16-June-2026_10-20-18,26,0.7602398331593664,0.6144509315490723,0.025464102625846863,1,False,False,1
C000000003__VIS_03_SW_data_16-June-2026_10-20-18,26,0.7720646506777019,0.6654157638549805,0.03625638782978058,1,False,False,1
C000000003__VIS_03_SW_data_16-June-2026_10-20-18,26,0.7838894681960376,0.6698808073997498,0.012395277619361877,1,False,False,5
C000000003__VIS_03_SW_data_16-June-2026_10-20-18,26,0.7957142857141304,0.6466479897499084,0.018863782286643982,1,False,False,11
C000000003__VIS_03_SW_data_16-June-2026_10-20-18,26,0.8075391032324659,0.5898456573486328,0.1120494157075882,1,False,False,10
C000000003__VIS_03_SW_data_16-June-2026_10-20-18,26,0.8193639207508014,0.6762426495552063,0.0627204179763794,1,False,False,10
C000000003__VIS_03_SW_data_16-June-2026_10-20-18,26,0.8311887382688943,0.6129773855209351,0.0016157329082489014,1,False,False,10
C000000003__VIS_03_SW_data_16-June-2026_10-20-18,26,0.8430135557872298,0.5714522004127502,0.05408492684364319,1,False,False,7
C000000003__VIS_03_SW_data_16-June-2026_10-20-18,26,0.8548383733055654,0.7877664864063263,0.057169556617736816,1,False,False,7
C000000003__VIS_03_SW_data_16-June-2026_10-20-18,26,0.8666631908236583,0.6595971286296844,0.06668467819690704,1,False,False,9
C000000003__VIS_03_SW_data_16-June-2026_10-20-18,26,0.8784880083419938,0.6147292256355286,0.011811703443527222,1,False,False,10
C000000003__VIS_03_SW_data_16-June-2026_10-20-18,26,0.8903128258600866,0.73667311668396,0.02540545165538788,1,False,False,8
C000000003__VIS_03_SW_data_16-June-2026_10-20-18,26,0.9021376433784222,0.6680967807769775,0.08074524998664856,1,False,False,9
C000000003__VIS_03_SW_data_16-June-2026_10-20-18,26,0.9139624608967577,0.5808200836181641,0.066374272108078,1,False,False,8
C000000003__VIS_03_SW_data_16-June-2026_10-20-18,26,0.9257872784148505,0.6246361434459686,0.005753070116043091,1,False,False,7
C000000003__VIS_03_SW_data_16-June-2026_10-20-18,26,0.9376120959331862,0.6434790790081024,0.007806256413459778,1,False,False,7
C000000003__VIS_03_SW_data_16-June-2026_10-20-18,26,0.9494369134515217,0.6337993741035461,0.048200204968452454,1,False,False,7
C000000003__VIS_03_SW_data_16-June-2026_10-20-18,26,0.9612617309696145,0.5077551305294037,0.10281828045845032,2,False,False,3
C000000003__VIS_03_SW_data_16-June-2026_10-20-18,26,0.9730865484879501,0.45206576585769653,0.06374597549438477,2,False,False,3
C000000003__VIS_03_SW_data_16-June-2026_10-20-18,26,0.9849113660062857,0.4730408787727356,0.02731037139892578,2,False,False,3
C000000003__VIS_03_SW_data_16-June-2026_10-20-18,26,0.9967361835243784,0.5569255650043488,0.02652287483215332,1,True,True,0
C000000003__VIS_03_SW_data_16-June-2026_10-20-18,26,0.010646506777854794,0.44755274057388306,0.00320318341255188,1,False,False,4
C000000003__VIS_03_SW_data_16-June-2026_10-20-18,26,0.022471324295947587,0.5263640880584717,0.0971650779247284,2,False,False,2
C000000003__VIS_03_SW_data_16-June-2026_10-20-18,26,0.034296141814283164,0.41748857498168945,0.0545535534620285,2,False,False,2
C000000003__VIS_03_SW_data_16-June-2026_10-20-18,26,0.04612095933261874,0.49911534786224365,0.0328197181224823,1,False,False,2
C000000003__VIS_03_SW_data_16-June-2026_10-20-18,26,0.05794577685071153,0.3411334753036499,0.07954591512680054,1,False,False,1
C000000003__VIS_03_SW_data_16-June-2026_10-20-18,26,0.06977059436904712,0.38663250207901,0.12253972887992859,1,False,False,1
C000000003__VIS_03_SW_data_16-June-2026_10-20-18,26,0.08159541188738269,0.3398727774620056,0.1579594761133194,1,False,False,1
C000000003__VIS_03_SW_data_16-June-2026_10-20-18,26,0.09342022940547548,0.2686160206794739,0.11760474741458893,1,False,False,1
C000000003__VIS_03_SW_data_16-June-2026_10-20-18,26,0.10524504692381106,0.0,0.23978358507156372,1,False,False,1
C000000003__VIS_03_SW_data_16-June-2026_10-21-54,26,0.4808443540182355,0.5531101822853088,0.002785325050354004,1,False,False,5
C000000003__VIS_03_SW_data_16-June-2026_10-21-54,26,0.49238046795524854,0.7431739568710327,0.006997436285018921,1,False,False,3
C000000003__VIS_03_SW_data_16-June-2026_10-21-54,26,0.5039165818920247,0.6944904327392578,0.07056015729904175,1,True,True,0
C000000003__VIS_03_SW_data_16-June-2026_10-21-54,26,0.5154526958290377,0.8209465742111206,0.0017644762992858887,1,False,False,5
C000000003__VIS_03_SW_data_16-June-2026_10-21-54,26,0.5269888097660508,0.7400208711624146,0.044849708676338196,1,False,False,2
C000000003__VIS_03_SW_data_16-June-2026_10-21-54,26,0.538524923702827,0.5652280449867249,0.029584243893623352,1,True,True,0
C000000003__VIS_03_SW_data_16-June-2026_10-21-54,26,0.55006103763984,0.7495031356811523,0.09719468653202057,1,False,False,1
C000000003__VIS_03_SW_data_16-June-2026_10-21-54,26,0.5615971515766162,0.6058416664600372,0.017753303050994873,1,False,False,5
C000000003__VIS_03_SW_data_16-June-2026_10-21-54,26,0.5731332655136292,0.7225503027439117,0.020695120096206665,1,False,False,4
C000000003__VIS_03_SW_data_16-June-2026_10-21-54,26,0.5846693794506423,0.6791366934776306,0.0006288290023803711,1,False,False,9
C000000003__VIS_03_SW_data_16-June-2026_10-21-54,26,0.5962054933874185,0.6800097823143005,0.02870786190032959,1,False,False,7
C000000003__VIS_03_SW_data_16-June-2026_10-21-54,26,0.6077416073244315,0.717856377363205,0.011061251163482666,1,False,False,4
C000000003__VIS_03_SW_data_16-June-2026_10-21-54,26,0.6192777212614445,0.7013996243476868,0.05238139629364014,1,True,True,0
C000000003__VIS_03_SW_data_16-June-2026_10-21-54,26,0.6308138351982208,0.6075541079044342,0.011866211891174316,1,False,False,3
C000000003__VIS_03_SW_data_16-June-2026_10-21-54,26,0.6423499491352338,0.6486045122146606,0.06115978956222534,1,False,False,5
C000000003__VIS_03_SW_data_16-June-2026_10-21-54,26,0.6538860630722468,0.6454845666885376,0.05650538206100464,1,False,False,1
C000000003__VIS_03_SW_data_16-June-2026_10-21-54,26,0.665422177009023,0.6483245193958282,0.0027641654014587402,1,False,False,3
C000000003__VIS_03_SW_data_16-June-2026_10-21-54,26,0.6769582909460361,0.7378599643707275,0.01567244529724121,1,False,False,10
C000000003__VIS_03_SW_data_16-June-2026_10-21-54,26,0.6884944048830491,0.7395506501197815,0.010952651500701904,1,False,False,7
C000000003__VIS_03_SW_data_16-June-2026_10-21-54,26,0.7000305188198253,0.6873546838760376,0.0002649575471878052,1,False,False,7
C000000003__VIS_03_SW_data_16-June-2026_10-21-54,26,0.7115666327568383,0.6925170123577118,0.024234384298324585,1,False,False,1
C000000003__VIS_03_SW_data_16-June-2026_10-21-54,26,0.7231027466936145,0.7587930113077164,0.033203110098838806,1,False,False,2
C000000003__VIS_03_SW_data_16-June-2026_10-21-54,26,0.7346388606306276,0.7496638894081116,0.07630574703216553,1,False,False,2
C000000003__VIS_03_SW_data_16-June-2026_10-21-54,26,0.7461749745676406,0.7171662747859955,0.033105432987213135,1,False,False,2
C000000003__VIS_03_SW_data_16-June-2026_10-21-54,26,0.7577110885044167,0.7635323107242584,0.025593683123588562,1,False,False,5
C000000003__VIS_03_SW_data_16-June-2026_10-21-54,26,0.7692472024414299,0.6770056486129761,0.010140866041183472,1,False,False,5
C000000003__VIS_03_SW_data_16-June-2026_10-21-54,26,0.7807833163784429,0.7625074982643127,0.0022078007459640503,1,False,False,8
C000000003__VIS_03_SW_data_16-June-2026_10-21-54,26,0.792319430315219,0.8541802018880844,0.04301650822162628,1,False,False,5
C000000003__VIS_03_SW_data_16-June-2026_10-21-54,26,0.803855544252232,0.7010738849639893,0.01128658652305603,1,False,False,5
C000000003__VIS_03_SW_data_16-June-2026_10-21-54,26,0.8153916581892451,0.6654463410377502,0.025496691465377808,1,False,False,9
C000000003__VIS_03_SW_data_16-June-2026_10-21-54,26,0.8269277721260213,0.7155256569385529,0.042488545179367065,1,False,False,4
C000000003__VIS_03_SW_data_16-June-2026_10-21-54,26,0.8384638860630343,0.6991144418716431,0.0633610188961029,1,False,False,3
C000000003__VIS_03_SW_data_16-June-2026_10-21-54,26,0.8499999999998105,0.6573438346385956,0.006865650415420532,1,False,False,6
C000000003__VIS_03_SW_data_16-June-2026_10-21-54,26,0.8615361139368235,0.7577070146799088,0.03959360718727112,1,False,False,7
C000000003__VIS_03_SW_data_16-June-2026_10-21-54,26,0.8730722278738366,0.6043552160263062,0.06061092019081116,1,False,False,6
C000000003__VIS_03_SW_data_16-June-2026_10-21-54,26,0.8846083418106128,0.6298163533210754,0.0229559987783432,1,False,False,2
C000000003__VIS_03_SW_data_16-June-2026_10-21-54,26,0.8961444557476258,0.7798058688640594,0.03314197063446045,1,False,False,6
C000000003__VIS_03_SW_data_16-June-2026_10-21-54,26,0.9076805696846388,0.7149583101272583,0.04190857708454132,1,False,False,8
C000000003__VIS_03_SW_data_16-June-2026_10-21-54,26,0.9192166836214151,0.6539437770843506,0.09336170554161072,1,False,False,5
C000000003__VIS_03_SW_data_16-June-2026_10-21-54,26,0.9307527975584281,0.6230339109897614,0.010656356811523438,1,False,False,4
C000000003__VIS_03_SW_data_16-June-2026_10-21-54,26,0.9422889114954411,0.6607328653335571,0.03460022807121277,1,False,False,1
C000000003__VIS_03_SW_data_16-June-2026_10-21-54,26,0.9538250254322173,0.49527955055236816,0.057037532329559326,1,False,False,2
C000000003__VIS_03_SW_data_16-June-2026_10-21-54,26,0.9653611393692304,0.5049700736999512,0.027880579233169556,1,False,False,4
C000000003__VIS_03_SW_data_16-June-2026_10-21-54,26,0.9768972533062434,0.4813585877418518,0.04387280344963074,1,False,False,2
C000000003__VIS_03_SW_data_16-June-2026_10-21-54,26,0.021332655137306266,0.6129100322723389,0.0015350580215454102,1,True,True,0
C000000003__VIS_03_SW_data_16-June-2026_10-21-54,26,0.03286876907408245,0.5261787176132202,0.03239482641220093,1,False,False,2
C000000003__VIS_03_SW_data_16-June-2026_10-21-54,26,0.04440488301109549,0.5636065900325775,0.002583742141723633,1,True,True,0
C000000003__VIS_03_SW_data_16-June-2026_10-21-54,26,0.05594099694810853,0.6141268014907837,0.021418213844299316,1,False,False,1
C000000003__VIS_03_SW_data_16-June-2026_10-21-54,26,0.06747711088488471,0.6326689720153809,0.06242316961288452,1,False,False,1
C000000003__VIS_03_SW_data_16-June-2026_10-21-54,26,0.07901322482189775,0.5714494585990906,0.01302415132522583,1,False,False,1
C000000003__VIS_03_SW_data_16-June-2026_10-21-54,26,0.0905493387589108,0.5431042313575745,0.030181050300598145,1,False,False,3
C000000003__VIS_03_SW_data_16-June-2026_10-21-54,26,0.10208545269568697,0.6035924553871155,0.048717200756073,1,False,False,4
C000000003__VIS_03_SW_data_16-June-2026_10-21-54,26,0.11362156663270002,0.6439555287361145,0.026646196842193604,1,False,False,4
C000000003__VIS_03_SW_data_16-June-2026_10-21-54,26,0.12515768056971305,0.7432906031608582,0.02706247568130493,1,True,True,0
C000000003__VIS_03_SW_data_16-June-2026_10-21-54,26,0.13669379450648925,0.7084277272224426,0.10167893767356873,1,True,True,0
C000000003__VIS_03_SW_data_16-June-2026_10-21-54,26,0.14822990844350228,0.7925213277339935,0.037646204233169556,1,False,False,1
C000000003__VIS_03_SW_data_16-June-2026_10-21-54,26,0.15976602238027848,0.8071150630712509,0.09693089127540588,1,True,True,0
C000000003__VIS_03_SW_data_16-June-2026_10-21-54,26,0.17130213631729152,0.8290911912918091,0.09503097832202911,1,True,True,0
C000000003__VIS_03_SW_data_16-June-2026_10-21-54,26,0.18283825025430456,0.9598669335246086,0.04390907287597656,1,False,False,8
C000000003__VIS_03_SW_data_16-June-2026_10-21-54,26,0.19437436419108073,0.7501367926597595,0.0689893364906311,1,False,False,1
C000000003__VIS_03_SW_data_16-June-2026_10-21-54,26,0.20591047812809377,0.7000207304954529,0.04730198532342911,1,False,False,6
C000000003__VIS_03_SW_data_16-June-2026_10-21-54,26,0.2174465920651068,0.7538410127162933,0.03681288659572601,1,False,False,7
C000000003__VIS_03_SW_data_16-June-2026_10-21-54,26,0.228982706001883,0.7031061351299286,0.029975324869155884,1,False,False,1
C000000003__VIS_03_SW_data_16-June-2026_10-21-54,26,0.24051881993889604,0.6346140503883362,0.06294851005077362,1,False,False,1
C000000003__VIS_03_SW_data_16-June-2026_10-21-54,26,0.2520549338759091,0.645741730928421,0.040582671761512756,1,False,False,2
C000000003__VIS_03_SW_data_16-June-2026_10-21-54,26,0.2635910478126853,0.5188896059989929,0.02692866325378418,1,False,False,1
C000000003__VIS_03_SW_data_16-June-2026_10-21-54,26,0.2751271617496983,0.5543769001960754,0.008590757846832275,1,False,False,3
C000000003__VIS_03_SW_data_16-June-2026_10-21-54,26,0.28666327568671135,0.4410511255264282,0.03707784414291382,1,False,False,3
C000000003__VIS_03_SW_data_16-June-2026_10-21-54,26,0.2981993896234875,0.5676521062850952,0.05436795949935913,1,False,False,3
C000000003__VIS_03_SW_data_16-June-2026_10-21-54,26,0.30973550356050056,0.4449913501739502,0.04900318384170532,1,False,False,2
C000000003__VIS_03_SW_data_16-June-2026_10-21-54,26,0.32127161749727673,0.3402756452560425,0.07841703295707703,1,False,False,2
C000000003__VIS_03_SW_data_16-June-2026_10-21-54,26,0.3328077314342898,0.33194929361343384,0.024108916521072388,1,False,False,2
C000000003__VIS_03_SW_data_16-June-2026_10-21-54,26,0.34434384537130286,0.3927112817764282,0.05759859085083008,1,False,False,1
C000000003__VIS_03_SW_data_16-June-2026_10-21-54,26,0.35587995930807903,0.33640730381011963,0.10162946581840515,1,False,False,1
C000000003__VIS_03_SW_data_16-June-2026_10-21-54,26,0.36741607324509207,0.31734931468963623,0.06646358966827393,1,False,False,1
C000000003__VIS_03_SW_data_16-June-2026_10-21-54,26,0.3789521871821051,0.3940749168395996,0.12450674176216125,1,False,False,1
C000000003__VIS_03_SW_data_16-June-2026_10-21-54,26,0.3904883011188813,0.38531237840652466,0.13283458352088928,2,True,False,1
C000000003__VIS_03_SW_data_16-June-2026_10-21-54,26,0.4020244150558943,0.3778687119483948,0.09895670413970947,2,True,False,1
C000000003__VIS_03_SW_data_16-June-2026_10-21-54,26,0.41356052899290735,0.38260573148727417,0.06378084421157837,2,True,False,1
C000000003__VIS_03_SW_data_16-June-2026_10-21-54,26,0.4250966429296835,0.44605106115341187,0.08722323179244995,1,False,False,1
C000000003__VIS_03_SW_data_16-June-2026_10-21-54,26,0.4366327568666966,0.4549611210823059,0.048810869455337524,1,False,False,2
C000000003__VIS_03_SW_data_16-June-2026_10-21-54,26,0.4481688708034728,0.556938111782074,0.09768182039260864,1,False,False,2
C000000003__VIS_03_SW_data_16-June-2026_10-21-54,26,0.4597049847404858,0.5844303965568542,0.027651071548461914,1,False,False,2
C000000003__VIS_03_SW_data_16-June-2026_10-21-54,26,0.47124109867749886,0.5455114245414734,0.05501392483711243,1,False,False,3
C000000003__VIS_03_SW_data_16-June-2026_10-21-54,26,0.48277721261427503,0.6839139759540558,0.05786246061325073,1,False,False,3
C000000003__VIS_03_SW_data_16-June-2026_10-21-54,26,0.49431332655128807,0.7129719257354736,0.04652401804924011,1,False,False,3
C000000003__VIS_03_SW_data_16-June-2026_10-21-54,26,0.5058494404883012,0.6612111926078796,0.025699526071548462,1,False,False,3
C000000003__VIS_03_SW_data_16-June-2026_10-21-54,26,0.5173855544250773,0.6355876326560974,0.012421801686286926,1,False,False,4
C000000003__VIS_03_SW_data_16-June-2026_10-21-54,26,0.5289216683620903,0.0,0.044835276901721954,1,False,False,10
C000000003__VIS_03_SW_data_16-June-2026_10-23-03,26,0.9843091095188593,0.2983672022819519,0.11521077156066895,1,True,True,0
C000000003__VIS_03_SW_data_16-June-2026_10-23-03,26,0.9959160696008283,0.18101561069488525,0.15493959188461304,1,False,False,1
C000000003__VIS_03_SW_data_16-June-2026_10-23-03,26,1.0075230296825592,0.1819700002670288,0.10574251413345337,1,False,False,1
C000000003__VIS_03_SW_data_16-June-2026_10-23-03,26,0.02254861821906647,0.29402387142181396,0.10906982421875,1,False,False,1
C000000003__VIS_03_SW_data_16-June-2026_10-23-03,26,0.03415557830079727,0.24547898769378662,0.11408287286758423,1,False,False,1
C000000003__VIS_03_SW_data_16-June-2026_10-23-03,26,0.04576253838276637,0.22493988275527954,0.13873231410980225,1,True,True,0
C000000003__VIS_03_SW_data_16-June-2026_10-23-03,26,0.05736949846449717,0.29739612340927124,0.11024701595306396,1,False,False,1
C000000003__VIS_03_SW_data_16-June-2026_10-23-03,26,0.06897645854646628,0.3416321277618408,0.08291393518447876,1,False,False,1
C000000003__VIS_03_SW_data_16-June-2026_10-23-03,26,0.08058341862843539,0.2885124683380127,0.04492753744125366,1,False,False,1
C000000003__VIS_03_SW_data_16-June-2026_10-23-03,26,0.09219037871016618,0.30285269021987915,0.04917562007904053,1,False,False,1
C000000003__VIS_03_SW_data_16-June-2026_10-23-03,26,0.10379733879213529,0.3790164589881897,0.010504186153411865,1,False,False,2
C000000003__VIS_03_SW_data_16-June-2026_10-23-03,26,0.1154042988741044,0.39844006299972534,0.0011072754859924316,1,False,False,6
C000000003__VIS_03_SW_data_16-June-2026_10-23-03,26,0.1270112589558352,0.44362354278564453,0.023771226406097412,1,False,False,6
C000000003__VIS_03_SW_data_16-June-2026_10-23-03,26,0.1386182190378043,0.4545934796333313,0.02458012104034424,1,False,False,7
C000000003__VIS_03_SW_data_16-June-2026_10-23-03,26,0.15022517911977343,0.5057689249515533,0.024162471294403076,1,False,False,7
C000000003__VIS_03_SW_data_16-June-2026_10-23-03,26,0.16183213920150422,0.6702382266521454,0.010180026292800903,1,False,False,12
C000000003__VIS_03_SW_data_16-June-2026_10-23-03,26,0.1734390992834733,0.6815639734268188,0.041549742221832275,1,False,False,7
C000000003__VIS_03_SW_data_16-June-2026_10-23-03,26,0.18504605936544244,0.8727511018514633,0.03266197443008423,1,False,False,8
C000000003__VIS_03_SW_data_16-June-2026_10-23-03,26,0.19665301944717323,0.8623183071613312,0.024223744869232178,1,False,False,11
C000000003__VIS_03_SW_data_16-June-2026_10-23-03,26,0.20825997952914233,0.7866372168064117,0.0027069002389907837,1,False,False,10
C000000003__VIS_03_SW_data_16-June-2026_10-23-03,26,0.21986693961087314,0.8563464283943176,0.019732370972633362,1,False,False,12
C000000003__VIS_03_SW_data_16-June-2026_10-23-03,26,0.23147389969284224,0.6547676026821136,0.04602222144603729,1,True,True,0
C000000003__VIS_03_SW_data_16-June-2026_10-23-03,26,0.24308085977481134,0.6089158058166504,0.019705533981323242,1,True,True,0
C000000003__VIS_03_SW_data_16-June-2026_10-23-03,26,0.25468781985654215,0.6486855745315552,0.03753536939620972,1,True,True,0
C000000003__VIS_03_SW_data_16-June-2026_10-23-03,26,0.26629477993851125,0.5533721446990967,0.06019681692123413,1,True,True,0
C000000003__VIS_03_SW_data_16-June-2026_10-23-03,26,0.27790174002048035,0.5457899868488312,0.0820501446723938,1,True,True,0
C000000003__VIS_03_SW_data_16-June-2026_10-23-03,26,0.28950870010221114,0.45399051904678345,0.024397313594818115,1,False,False,1
C000000003__VIS_03_SW_data_16-June-2026_10-23-03,26,0.3011156601841803,0.40154045820236206,0.0627557635307312,1,True,True,0
C000000003__VIS_03_SW_data_16-June-2026_10-23-03,26,0.3127226202661494,0.3546963930130005,0.04552513360977173,1,True,True,0
C000000003__VIS_03_SW_data_16-June-2026_10-23-03,26,0.3243295803478802,0.331539511680603,0.05798470973968506,1,False,False,1
C000000003__VIS_03_SW_data_16-June-2026_10-23-03,26,0.3359365404298493,0.3174400329589844,0.0295141339302063,1,True,True,0
C000000003__VIS_03_SW_data_16-June-2026_10-23-03,26,0.34754350051158006,0.32652902603149414,0.05123633146286011,1,True,True,0
C000000003__VIS_03_SW_data_16-June-2026_10-23-03,26,0.35915046059354916,0.27135026454925537,0.03197348117828369,1,True,True,0
C000000003__VIS_03_SW_data_16-June-2026_10-23-03,26,0.3707574206755183,0.2960963249206543,0.05035442113876343,1,True,True,0
C000000003__VIS_03_SW_data_16-June-2026_10-23-03,26,0.3823643807572491,0.2896836996078491,0.05300295352935791,1,True,True,0
C000000003__VIS_03_SW_data_16-June-2026_10-23-03,26,0.3939713408392182,0.28985822200775146,0.021564185619354248,1,True,True,0
C000000003__VIS_03_SW_data_16-June-2026_10-23-03,26,0.4055783009211873,0.29268622398376465,0.04221266508102417,1,True,True,0
C000000003__VIS_03_SW_data_16-June-2026_10-23-03,26,0.4171852610029181,0.2826959490776062,0.025491178035736084,1,False,False,1
C000000003__VIS_03_SW_data_16-June-2026_10-23-03,26,0.42879222108488724,0.33743083477020264,0.04955989122390747,1,False,False,1
C000000003__VIS_03_SW_data_16-June-2026_10-23-03,26,0.44039918116685633,0.38386934995651245,0.018774688243865967,1,True,True,0
C000000003__VIS_03_SW_data_16-June-2026_10-23-03,26,0.4520061412485871,0.3925856947898865,0.04588937759399414,1,True,True,0
C000000003__VIS_03_SW_data_16-June-2026_10-23-03,26,0.4636131013305562,0.4562699794769287,0.06038469076156616,1,False,False,1
C000000003__VIS_03_SW_data_16-June-2026_10-23-03,26,0.4752200614125253,0.514813244342804,0.04932981729507446,1,False,False,1
C000000003__VIS_03_SW_data_16-June-2026_10-23-03,26,0.4868270214942561,0.45583653450012207,0.04734736680984497,1,False,False,1
C000000003__VIS_03_SW_data_16-June-2026_10-23-03,26,0.49843398157622526,0.5384132862091064,0.03274136781692505,1,False,False,1
C000000003__VIS_03_SW_data_16-June-2026_10-23-03,26,0.510040941657956,0.7259311079978943,0.04080834984779358,1,False,False,1
C000000003__VIS_03_SW_data_16-June-2026_10-23-03,26,0.5216479017399251,0.7092260122299194,0.05490031838417053,1,False,False,1
C000000003__VIS_03_SW_data_16-June-2026_10-23-03,26,0.5332548618218943,0.6867439448833466,0.07964575290679932,1,False,False,1
C000000003__VIS_03_SW_data_16-June-2026_10-23-03,26,0.5448618219036251,0.6558539569377899,0.036020755767822266,1,False,False,1
C000000003__VIS_03_SW_data_16-June-2026_10-23-03,26,0.5564687819855941,0.7996761202812195,0.008433610200881958,1,False,False,1
C000000003__VIS_03_SW_data_16-June-2026_10-23-03,26,0.5680757420675633,0.8152048289775848,0.07222345471382141,1,True,True,0
C000000003__VIS_03_SW_data_16-June-2026_10-23-03,26,0.5796827021492941,0.885475181043148,0.020071953535079956,1,False,False,1
C000000003__VIS_03_SW_data_16-June-2026_10-23-03,26,0.5912896622312632,0.7978405505418777,0.12523631751537323,1,False,False,1
C000000003__VIS_03_SW_data_16-June-2026_10-23-03,26,0.6028966223132323,0.8058970421552658,0.0017030537128448486,1,False,False,1
C000000003__VIS_03_SW_data_16-June-2026_10-23-03,26,0.614503582394963,0.7210210263729095,0.006050467491149902,1,False,False,10
C000000003__VIS_03_SW_data_16-June-2026_10-23-03,26,0.6261105424769322,0.6605198383331299,0.026477426290512085,1,False,False,13
C000000003__VIS_03_SW_data_16-June-2026_10-23-03,26,0.637717502558663,0.6522372364997864,0.013200879096984863,1,False,False,5
C000000003__VIS_03_SW_data_16-June-2026_10-23-03,26,0.649324462640632,0.6202695965766907,0.005019694566726685,1,False,False,8
C000000003__VIS_03_SW_data_16-June-2026_10-23-03,26,0.6609314227226012,0.6369310319423676,0.017815351486206055,1,False,False,7
C000000003__VIS_03_SW_data_16-June-2026_10-23-03,26,0.672538382804332,0.6906878650188446,0.05753706395626068,1,False,False,8
C000000003__VIS_03_SW_data_16-June-2026_10-23-03,26,0.6841453428863011,0.6585811078548431,0.017985910177230835,1,False,False,2
C000000003__VIS_03_SW_data_16-June-2026_10-23-03,26,0.6957523029682702,0.6132471561431885,0.036738693714141846,1,False,False,8
C000000003__VIS_03_SW_data_16-June-2026_10-23-03,26,0.707359263050001,0.7236319184303284,0.08444486558437347,1,False,False,7
C000000003__VIS_03_SW_data_16-June-2026_10-23-03,26,0.7189662231319701,0.647319495677948,0.040418773889541626,1,False,False,7
C000000003__VIS_03_SW_data_16-June-2026_10-23-03,26,0.7305731832139393,0.560529351234436,0.018980175256729126,1,False,False,4
C000000003__VIS_03_SW_data_16-June-2026_10-23-03,26,0.7421801432956701,0.6043277680873871,0.031168535351753235,1,False,False,12
C000000003__VIS_03_SW_data_16-June-2026_10-23-03,26,0.7537871033776391,0.5793581008911133,0.07199348509311676,1,False,False,12
C000000003__VIS_03_SW_data_16-June-2026_10-23-03,26,0.7653940634596083,0.48155677318573,0.008729755878448486,1,False,False,5
C000000003__VIS_03_SW_data_16-June-2026_10-23-03,26,0.777001023541339,0.49948763847351074,0.003475576639175415,1,False,False,11
C000000003__VIS_03_SW_data_16-June-2026_10-23-03,26,0.7886079836233082,0.4749629497528076,0.061144888401031494,1,False,False,10
C000000003__VIS_03_SW_data_16-June-2026_10-23-03,26,0.800214943705039,0.4168511629104614,0.010812640190124512,1,False,False,11
C000000003__VIS_03_SW_data_16-June-2026_10-23-03,26,0.811821903787008,0.4039766788482666,0.006864696741104126,1,False,False,6
C000000003__VIS_03_SW_data_16-June-2026_10-23-03,26,0.8234288638689772,0.46320903301239014,0.07933938503265381,1,False,False,10
C000000003__VIS_03_SW_data_16-June-2026_10-23-03,26,0.835035823950708,0.46655356884002686,0.0009137094020843506,1,False,False,7
C000000003__VIS_03_SW_data_16-June-2026_10-23-03,26,0.8466427840326771,0.49136120080947876,0.0719849020242691,1,False,False,10
C000000003__VIS_03_SW_data_16-June-2026_10-23-03,26,0.8582497441146462,0.4655730724334717,0.07830750942230225,1,False,False,10
C000000003__VIS_03_SW_data_16-June-2026_10-23-03,26,0.869856704196377,0.4543726444244385,0.044887661933898926,1,False,False,9
C000000003__VIS_03_SW_data_16-June-2026_10-23-03,26,0.8814636642783461,0.5243075489997864,0.09235590696334839,1,False,False,9
C000000003__VIS_03_SW_data_16-June-2026_10-23-03,26,0.8930706243603151,0.5057541728019714,0.06778721511363983,2,False,False,7
C000000003__VIS_03_SW_data_16-June-2026_10-23-03,26,0.9046775844420459,0.5106280446052551,0.0468585342168808,2,False,False,7
C000000003__VIS_03_SW_data_16-June-2026_10-23-03,26,0.9162845445240151,0.6490422487258911,0.005381271243095398,2,False,False,10
C000000003__VIS_03_SW_data_16-June-2026_10-23-03,26,0.9278915046057459,0.7438881397247314,0.032199934124946594,2,False,False,10
C000000003__VIS_03_SW_data_16-June-2026_10-23-03,26,0.939498464687715,0.7476983368396759,0.049691617488861084,2,False,False,5
C000000003__VIS_03_SW_data_16-June-2026_10-23-03,26,0.9511054247696841,0.6729758083820343,0.04236951470375061,1,False,False,6
C000000003__VIS_03_SW_data_16-June-2026_10-23-03,26,0.9627123848514149,0.5548292994499207,0.053056567907333374,1,False,False,5
C000000003__VIS_03_SW_data_16-June-2026_10-23-03,26,0.974319344933384,0.5025907754898071,0.05421021580696106,1,False,False,1
C000000003__VIS_03_SW_data_16-June-2026_10-23-03,26,0.9859263050153532,0.37092339992523193,0.020225852727890015,1,False,False,1
C000000003__VIS_03_SW_data_16-June-2026_10-23-03,26,0.997533265097084,0.27249372005462646,0.022457093000411987,1,False,False,1
C000000003__VIS_03_SW_data_16-June-2026_10-23-36,26,0.8514008179958339,0.3894932270050049,0.05234834551811218,1,False,False,6
C000000003__VIS_03_SW_data_16-June-2026_10-23-36,26,0.8629959100204594,0.34726154804229736,0.004768162965774536,1,False,False,1
C000000003__VIS_03_SW_data_16-June-2026_10-23-36,26,0.874591002044847,0.3166983723640442,0.017268896102905273,1,False,False,2
C000000003__VIS_03_SW_data_16-June-2026_10-23-36,26,0.8861860940694725,0.39332133531570435,0.033840298652648926,1,True,True,0
C000000003__VIS_03_SW_data_16-June-2026_10-23-36,26,0.8977811860940981,0.3837548494338989,0.017013072967529297,1,False,False,4
C000000003__VIS_03_SW_data_16-June-2026_10-23-36,26,0.9093762781184856,0.3549712300300598,0.05859467387199402,1,False,False,1
C000000003__VIS_03_SW_data_16-June-2026_10-23-36,26,0.9209713701431111,0.36583471298217773,0.0068984925746917725,1,True,True,0
C000000003__VIS_03_SW_data_16-June-2026_10-23-36,26,0.9325664621674987,0.4596807360649109,0.04735594987869263,1,False,False,4
C000000003__VIS_03_SW_data_16-June-2026_10-23-36,26,0.9441615541921243,0.40620607137680054,0.03826525807380676,1,False,False,1
C000000003__VIS_03_SW_data_16-June-2026_10-23-36,26,0.9557566462167498,0.4095097780227661,0.026434004306793213,1,False,False,1
C000000003__VIS_03_SW_data_16-June-2026_10-23-36,26,0.9673517382411374,0.3329118490219116,0.06950300931930542,1,False,False,4
C000000003__VIS_03_SW_data_16-June-2026_10-23-36,26,0.0021370143147760616,0.3897280693054199,0.03320303559303284,1,False,False,2
C000000003__VIS_03_SW_data_16-June-2026_10-23-36,26,0.013732106339401643,0.45454126596450806,0.043284446001052856,1,False,False,2
C000000003__VIS_03_SW_data_16-June-2026_10-23-36,26,0.025327198364027224,0.4241114854812622,0.006231844425201416,1,False,False,2
C000000003__VIS_03_SW_data_16-June-2026_10-23-36,26,0.03692229038841474,0.4141530394554138,0.05126279592514038,1,False,False,3
C000000003__VIS_03_SW_data_16-June-2026_10-23-36,26,0.04851738241304032,0.4154191017150879,0.012333005666732788,1,False,False,3
C000000003__VIS_03_SW_data_16-June-2026_10-23-36,26,0.0601124744376659,0.4249400496482849,0.03453528881072998,1,False,False,2
C000000003__VIS_03_SW_data_16-June-2026_10-23-36,26,0.07170756646205341,0.445664644241333,0.019484877586364746,1,False,False,1
C000000003__VIS_03_SW_data_16-June-2026_10-23-36,26,0.083302658486679,0.47290825843811035,0.02883806824684143,1,False,False,1
C000000003__VIS_03_SW_data_16-June-2026_10-23-36,26,0.09489775051106651,0.49199843406677246,0.07955130934715271,1,False,False,1
C000000003__VIS_03_SW_data_16-June-2026_10-23-36,26,0.10649284253569209,0.5830920338630676,0.0073969364166259766,1,False,False,1
C000000003__VIS_03_SW_data_16-June-2026_10-23-36,26,0.11808793456031767,0.5445247888565063,0.08676207065582275,1,False,False,1
C000000003__VIS_03_SW_data_16-June-2026_10-23-36,26,0.12968302658470518,0.5249652862548828,0.10577282309532166,1,False,False,1
C000000003__VIS_03_SW_data_16-June-2026_10-23-36,26,0.14127811860933076,0.5841392874717712,0.10652273893356323,1,False,False,1
C000000003__VIS_03_SW_data_16-June-2026_10-23-36,26,0.15287321063395634,0.7574521005153656,0.058214664459228516,1,True,True,0
C000000003__VIS_03_SW_data_16-June-2026_10-23-36,26,0.16446830265834386,0.8443140983581543,0.036778539419174194,1,False,False,11
C000000003__VIS_03_SW_data_16-June-2026_10-23-36,26,0.17606339468296944,0.96207145601511,0.031208902597427368,1,False,False,10
C000000003__VIS_03_SW_data_16-June-2026_10-23-36,26,0.18765848670759502,0.8885473757982254,0.09613385796546936,1,False,False,10
C000000003__VIS_03_SW_data_16-June-2026_10-23-36,26,0.19925357873198254,0.8054218292236328,0.05396474897861481,1,False,False,9
C000000003__VIS_03_SW_data_16-June-2026_10-23-36,26,0.21084867075660813,0.7424782514572144,0.029784679412841797,1,False,False,7
C000000003__VIS_03_SW_data_16-June-2026_10-23-36,26,0.22244376278099565,0.702312558889389,0.023518264293670654,1,False,False,5
C000000003__VIS_03_SW_data_16-June-2026_10-23-36,26,0.23403885480562123,0.6557961404323578,0.007323890924453735,1,False,False,5
C000000003__VIS_03_SW_data_16-June-2026_10-23-36,26,0.2456339468302468,0.5562481880187988,0.037450820207595825,1,False,False,5
C000000003__VIS_03_SW_data_16-June-2026_10-23-36,26,0.25722903885463433,0.4784759283065796,0.07097449898719788,1,False,False,4
C000000003__VIS_03_SW_data_16-June-2026_10-23-36,26,0.2688241308792599,0.4691215753555298,0.06764435768127441,1,False,False,4
C000000003__VIS_03_SW_data_16-June-2026_10-23-36,26,0.2804192229038855,0.37123584747314453,0.03632950782775879,1,False,False,2
C000000003__VIS_03_SW_data_16-June-2026_10-23-36,26,0.292014314928273,0.30618762969970703,0.03717613220214844,1,False,False,2
C000000003__VIS_03_SW_data_16-June-2026_10-23-36,26,0.30360940695289856,0.3297966718673706,0.010926365852355957,1,False,False,4
C000000003__VIS_03_SW_data_16-June-2026_10-23-36,26,0.3152044989775242,0.352219820022583,0.10311204195022583,1,False,False,2
C000000003__VIS_03_SW_data_16-June-2026_10-23-36,26,0.3267995910019117,0.31224966049194336,0.10948339104652405,1,False,False,2
C000000003__VIS_03_SW_data_16-June-2026_10-23-36,26,0.33839468302653725,0.28273749351501465,0.1384061574935913,1,False,False,2
C000000003__VIS_03_SW_data_16-June-2026_10-23-36,26,0.34998977505116285,0.20501792430877686,0.13387006521224976,1,False,False,1
C000000003__VIS_03_SW_data_16-June-2026_10-23-36,26,0.3615848670755504,0.21748530864715576,0.15593552589416504,1,False,False,1
C000000003__VIS_03_SW_data_16-June-2026_10-23-36,26,0.37317995910017593,0.27059054374694824,0.10754483938217163,1,False,False,1
C000000003__VIS_03_SW_data_16-June-2026_10-23-36,26,0.38477505112456345,0.23444032669067383,0.17279943823814392,1,False,False,1
C000000003__VIS_03_SW_data_16-June-2026_10-23-36,26,0.396370143149189,0.25141870975494385,0.14967197179794312,1,True,True,0
C000000003__VIS_03_SW_data_16-June-2026_10-23-36,26,0.4079652351738146,0.269409716129303,0.1439397931098938,1,True,True,0
C000000003__VIS_03_SW_data_16-June-2026_10-23-36,26,0.41956032719820213,0.2673630714416504,0.1423894166946411,1,True,True,0
C000000003__VIS_03_SW_data_16-June-2026_10-23-36,26,0.4311554192228277,0.30764228105545044,0.1667274534702301,1,False,False,1
C000000003__VIS_03_SW_data_16-June-2026_10-23-36,26,0.4427505112474533,0.3736302852630615,0.13308843970298767,1,False,False,1
C000000003__VIS_03_SW_data_16-June-2026_10-23-36,26,0.4543456032718408,0.504985898733139,0.1441434919834137,1,False,False,1
C000000003__VIS_03_SW_data_16-June-2026_10-23-36,26,0.46594069529646637,0.4900696277618408,0.12980622053146362,1,False,False,1
C000000003__VIS_03_SW_data_16-June-2026_10-23-36,26,0.477535787321092,0.6115241348743439,0.10794991254806519,1,False,False,2
C000000003__VIS_03_SW_data_16-June-2026_10-23-36,26,0.4891308793454795,0.6107935309410095,0.10980534553527832,1,False,False,2
C000000003__VIS_03_SW_data_16-June-2026_10-23-36,26,0.5007259713701051,0.8000633418560028,0.02236640453338623,1,False,False,1
C000000003__VIS_03_SW_data_16-June-2026_10-23-36,26,0.5123210633944926,0.7040154933929443,0.05149319767951965,1,False,False,3
C000000003__VIS_03_SW_data_16-June-2026_10-23-36,26,0.5239161554191182,0.6843445003032684,0.05913037061691284,1,False,False,2
C000000003__VIS_03_SW_data_16-June-2026_10-23-36,26,0.5355112474437438,0.756913349032402,0.0567055344581604,1,False,False,2
C000000003__VIS_03_SW_data_16-June-2026_10-23-36,26,0.5471063394681313,0.7481397986412048,0.03898213803768158,1,False,False,5
C000000003__VIS_03_SW_data_16-June-2026_10-23-36,26,0.5587014314927569,0.7733986526727676,0.0966760665178299,1,False,False,3
C000000003__VIS_03_SW_data_16-June-2026_10-23-36,26,0.5702965235173824,0.7663675844669342,0.0747731626033783,1,False,False,2
C000000003__VIS_03_SW_data_16-June-2026_10-23-36,26,0.5818916155417699,0.6209681034088135,0.026927858591079712,1,False,False,6
C000000003__VIS_03_SW_data_16-June-2026_10-23-36,26,0.5934867075663955,0.6768466532230377,0.0010866150259971619,1,False,False,10
C000000003__VIS_03_SW_data_16-June-2026_10-23-36,26,0.605081799591021,0.6526539325714111,0.01126009225845337,1,False,False,1
C000000003__VIS_03_SW_data_16-June-2026_10-23-36,26,0.6166768916154086,0.6229159533977509,0.01635783165693283,1,False,False,4
C000000003__VIS_03_SW_data_16-June-2026_10-23-36,26,0.6282719836400342,0.606046199798584,0.0034666508436203003,1,True,True,0
C000000003__VIS_03_SW_data_16-June-2026_10-23-36,26,0.6398670756646597,0.5354169011116028,0.025023669004440308,1,False,False,12
C000000003__VIS_03_SW_data_16-June-2026_10-23-36,26,0.6514621676890473,0.5803626179695129,0.047840848565101624,1,False,False,11
C000000003__VIS_03_SW_data_16-June-2026_10-23-36,26,0.6630572597136729,0.6167308688163757,0.027773089706897736,1,False,False,1
C000000003__VIS_03_SW_data_16-June-2026_10-23-36,26,0.6746523517380604,0.5720868110656738,0.055580854415893555,1,False,False,12
C000000003__VIS_03_SW_data_16-June-2026_10-23-36,26,0.686247443762686,0.5862178802490234,0.023307129740715027,1,False,False,12
C000000003__VIS_03_SW_data_16-June-2026_10-23-36,26,0.6978425357873116,0.620671808719635,0.056876495480537415,1,False,False,12
C000000003__VIS_03_SW_data_16-June-2026_10-23-36,26,0.7094376278116991,0.6432380676269531,0.07579487562179565,1,False,False,12
C000000003__VIS_03_SW_data_16-June-2026_10-23-36,26,0.7210327198363247,0.6438672244548798,0.01038651168346405,1,False,False,4
C000000003__VIS_03_SW_data_16-June-2026_10-23-36,26,0.7326278118609503,0.6401888132095337,0.008957982063293457,2,False,False,11
C000000003__VIS_03_SW_data_16-June-2026_10-23-36,26,0.7442229038853377,0.5871932506561279,0.07755081355571747,2,False,False,11
C000000003__VIS_03_SW_data_16-June-2026_10-23-36,26,0.7558179959099633,0.6170928478240967,0.08296981453895569,2,False,False,11
C000000003__VIS_03_SW_data_16-June-2026_10-23-36,26,0.7674130879345888,0.6848603785037994,0.03662465512752533,2,False,False,11
C000000003__VIS_03_SW_data_16-June-2026_10-23-36,26,0.7790081799589764,0.6388387978076935,0.035763949155807495,2,True,False,2
C000000003__VIS_03_SW_data_16-June-2026_10-23-36,26,0.790603271983602,0.5557299256324768,0.07334035634994507,2,False,False,10
C000000003__VIS_03_SW_data_16-June-2026_10-23-36,26,0.8021983640079895,0.6959956288337708,0.043634191155433655,1,False,False,10
C000000003__VIS_03_SW_data_16-June-2026_10-23-36,26,0.8137934560326151,0.6963275074958801,0.04498998820781708,1,False,False,9
C000000003__VIS_03_SW_data_16-June-2026_10-23-36,26,0.8253885480572407,0.6351930499076843,0.07646259665489197,1,False,False,9
C000000003__VIS_03_SW_data_16-June-2026_10-23-36,26,0.8369836400816282,0.59525066614151,0.04679057002067566,1,False,False,8
C000000003__VIS_03_SW_data_16-June-2026_10-23-36,26,0.8485787321062538,0.5410252809524536,0.032735392451286316,1,False,False,8
C000000003__VIS_03_SW_data_16-June-2026_10-23-36,26,0.8601738241308794,0.5483612418174744,0.013874679803848267,1,False,False,8
C000000003__VIS_03_SW_data_16-June-2026_10-23-36,26,0.8717689161552669,0.41425395011901855,0.07433168590068817,1,False,False,7
C000000003__VIS_03_SW_data_16-June-2026_10-23-36,26,0.8833640081798925,0.0,0.004555627703666687,1,False,False,8
C000000004__VIS_4_SW_data_16-June-2026_10-58-59,26,0.15873433583950564,0.2996980547904968,0.17565038800239563,1,False,False,1
C000000004__VIS_4_SW_data_16-June-2026_10-58-59,26,0.17294486215510838,0.2779887914657593,0.05564689636230469,1,True,True,0
C000000004__VIS_4_SW_data_16-June-2026_10-58-59,26,0.18715538847129465,0.36171019077301025,0.14973342418670654,1,False,False,1
C000000004__VIS_4_SW_data_16-June-2026_10-58-59,26,0.2013659147868974,0.3841458559036255,0.06691861152648926,1,False,False,2
C000000004__VIS_4_SW_data_16-June-2026_10-58-59,26,0.21557644110250013,0.3886866569519043,0.07030844688415527,1,False,False,2
C000000004__VIS_4_SW_data_16-June-2026_10-58-59,26,0.22978696741868643,0.37944841384887695,0.07613769173622131,1,False,False,1
C000000004__VIS_4_SW_data_16-June-2026_10-58-59,26,0.24399749373428917,0.4589717388153076,0.08189284801483154,1,False,False,1
C000000004__VIS_4_SW_data_16-June-2026_10-58-59,26,0.2582080200498919,0.4359549283981323,0.08932510018348694,1,False,False,1
C000000004__VIS_4_SW_data_16-June-2026_10-58-59,26,0.27241854636607815,0.4926002025604248,0.08473515510559082,1,False,False,1
C000000004__VIS_4_SW_data_16-June-2026_10-58-59,26,0.2866290726816809,0.4799878001213074,0.09912043809890747,1,False,False,1
C000000004__VIS_4_SW_data_16-June-2026_10-58-59,26,0.3008395989972837,0.5141029357910156,0.11674261093139648,1,True,True,0
C000000004__VIS_4_SW_data_16-June-2026_10-58-59,26,0.31505012531346993,0.44893980026245117,0.10276028513908386,1,False,False,1
C000000004__VIS_4_SW_data_16-June-2026_10-58-59,26,0.3292606516290727,0.48262643814086914,0.00022202730178833008,1,False,False,1
C000000004__VIS_4_SW_data_16-June-2026_10-58-59,26,0.3434711779446754,0.4676840901374817,0.027398228645324707,1,False,False,2
C000000004__VIS_4_SW_data_16-June-2026_10-58-59,26,0.3576817042602782,0.5662918090820312,0.020127683877944946,1,False,False,2
C000000004__VIS_4_SW_data_16-June-2026_10-58-59,26,0.3718922305764644,0.5557710230350494,0.015823155641555786,1,False,False,2
C000000004__VIS_4_SW_data_16-June-2026_10-58-59,26,0.3861027568920672,0.5720946490764618,0.04111167788505554,1,False,False,2
C000000004__VIS_4_SW_data_16-June-2026_10-58-59,26,0.40031328320766996,0.5767943859100342,0.0567907989025116,1,False,False,1
C000000004__VIS_4_SW_data_16-June-2026_10-58-59,26,0.4145238095238562,0.4801068902015686,0.08969813585281372,1,False,False,1
C000000004__VIS_4_SW_data_16-June-2026_10-58-59,26,0.42873433583945897,0.5038534700870514,0.07246160507202148,1,False,False,1
C000000004__VIS_4_SW_data_16-June-2026_10-58-59,26,0.4429448621550617,0.4410403370857239,0.05286484956741333,1,True,True,0
C000000004__VIS_4_SW_data_16-June-2026_10-58-59,26,0.457155388471248,0.3870592713356018,0.1229063868522644,1,True,True,0
C000000004__VIS_4_SW_data_16-June-2026_10-58-59,26,0.4713659147868507,0.3367741107940674,0.03635236620903015,1,False,False,1
C000000004__VIS_4_SW_data_16-June-2026_10-58-59,26,0.48557644110245346,0.38160574436187744,0.07762587070465088,1,True,True,0
C000000004__VIS_4_SW_data_16-June-2026_10-58-59,26,0.4997869674186397,0.34926050901412964,0.08950746059417725,1,True,True,0
C000000004__VIS_4_SW_data_16-June-2026_10-58-59,26,0.5139974937342425,0.46593528985977173,0.1445079743862152,1,True,True,0
C000000004__VIS_4_SW_data_16-June-2026_10-58-59,26,0.5282080200498452,0.39838457107543945,0.15091145038604736,1,True,True,0
C000000004__VIS_4_SW_data_16-June-2026_10-58-59,26,0.5424185463660315,0.4722514748573303,0.12639564275741577,1,False,False,1
C000000004__VIS_4_SW_data_16-June-2026_10-58-59,26,0.5566290726816342,0.4943666458129883,0.10738256573677063,1,False,False,2
C000000004__VIS_4_SW_data_16-June-2026_10-58-59,26,0.570839598997237,0.5194465517997742,0.05040019750595093,1,False,False,2
C000000004__VIS_4_SW_data_16-June-2026_10-58-59,26,0.5850501253134233,0.5852950811386108,0.06657087802886963,1,False,False,2
C000000004__VIS_4_SW_data_16-June-2026_10-58-59,26,0.599260651629026,0.5746335983276367,0.05251288414001465,1,False,False,2
C000000004__VIS_4_SW_data_16-June-2026_10-58-59,26,0.6134711779446287,0.5021486878395081,0.022112339735031128,1,False,False,2
C000000004__VIS_4_SW_data_16-June-2026_10-58-59,26,0.627681704260815,0.6081841588020325,0.013596445322036743,1,True,True,0
C000000004__VIS_4_SW_data_16-June-2026_10-58-59,26,0.6418922305764178,0.5453014671802521,0.040245428681373596,1,False,False,1
C000000004__VIS_4_SW_data_16-June-2026_10-58-59,26,0.6561027568920205,0.585976779460907,0.016135483980178833,1,False,False,1
C000000004__VIS_4_SW_data_16-June-2026_10-58-59,26,0.6703132832082068,0.5837463736534119,0.02259048819541931,1,False,False,1
C000000004__VIS_4_SW_data_16-June-2026_10-58-59,26,0.6845238095238095,0.6186828315258026,0.11127428710460663,1,False,False,1
C000000004__VIS_4_SW_data_16-June-2026_10-58-59,26,0.6987343358394122,0.5641512274742126,0.0074242353439331055,1,True,True,0
C000000004__VIS_4_SW_data_16-June-2026_10-58-59,26,0.712944862155015,0.5813984274864197,0.051621317863464355,1,False,False,4
C000000004__VIS_4_SW_data_16-June-2026_10-58-59,26,0.7271553884712013,0.539788007736206,0.01595526933670044,1,False,False,8
C000000004__VIS_4_SW_data_16-June-2026_10-58-59,26,0.741365914786804,0.5919024348258972,0.08152225613594055,1,False,False,3
C000000004__VIS_4_SW_data_16-June-2026_10-58-59,26,0.7555764411024067,0.47245585918426514,0.0013128817081451416,1,False,False,7
C000000004__VIS_4_SW_data_16-June-2026_10-58-59,26,0.7697869674185931,0.37525641918182373,0.10927343368530273,1,False,False,2
C000000004__VIS_4_SW_data_16-June-2026_10-58-59,26,0.7839974937341958,0.4009913206100464,0.06172662973403931,1,True,True,0
C000000004__VIS_4_SW_data_16-June-2026_10-58-59,26,0.7982080200497985,0.3327317237854004,0.07297039031982422,2,False,False,5
C000000004__VIS_4_SW_data_16-June-2026_10-58-59,26,0.8124185463659848,0.3427528142929077,0.1398506462574005,2,False,False,5
C000000004__VIS_4_SW_data_16-June-2026_10-58-59,26,0.8266290726815876,0.32704728841781616,0.11633747816085815,2,False,False,5
C000000004__VIS_4_SW_data_16-June-2026_10-58-59,26,0.8408395989971903,0.5063317120075226,0.11908155679702759,2,True,False,5
C000000004__VIS_4_SW_data_16-June-2026_10-58-59,26,0.8550501253133765,0.5236160755157471,0.029306113719940186,2,True,False,6
C000000004__VIS_4_SW_data_16-June-2026_10-58-59,26,0.8692606516289794,0.5336900055408478,0.07161951065063477,2,True,False,6
C000000004__VIS_4_SW_data_16-June-2026_10-58-59,26,0.8834711779445821,0.5993326902389526,0.06914383172988892,2,False,False,6
C000000004__VIS_4_SW_data_16-June-2026_10-58-59,26,0.8976817042607683,0.5466747283935547,0.05694720149040222,2,False,False,2
C000000004__VIS_4_SW_data_16-June-2026_10-58-59,26,0.911892230576371,0.4729321599006653,0.02935546636581421,2,False,False,2
C000000004__VIS_4_SW_data_16-June-2026_10-58-59,26,0.9261027568919739,0.47722434997558594,0.1411668062210083,2,True,False,6
C000000004__VIS_4_SW_data_16-June-2026_10-58-59,26,0.9403132832081601,0.4352383613586426,0.00727882981300354,2,False,False,3
C000000004__VIS_4_SW_data_16-June-2026_10-58-59,26,0.9545238095237628,0.31557875871658325,0.018973320722579956,2,True,False,6
C000000004__VIS_4_SW_data_16-June-2026_10-58-59,26,0.9687343358393656,0.3245677351951599,0.026573479175567627,2,True,False,6
C000000004__VIS_4_SW_data_16-June-2026_10-58-59,26,0.9829448621555519,0.2802175283432007,0.0719456672668457,1,False,False,6
C000000004__VIS_4_SW_data_16-June-2026_10-58-59,26,0.005100250626356343,0.37511974573135376,0.10304200649261475,2,False,False,7
C000000004__VIS_4_SW_data_16-June-2026_10-58-59,26,0.019310776942542622,0.4396240711212158,0.06994664669036865,2,True,False,6
C000000004__VIS_4_SW_data_16-June-2026_10-58-59,26,0.03352130325814536,0.5650314092636108,0.0635075569152832,2,False,False,7
C000000004__VIS_4_SW_data_16-June-2026_10-58-59,26,0.04773182957374811,0.5079529881477356,0.08135610818862915,2,False,False,7
C000000004__VIS_4_SW_data_16-June-2026_10-58-59,26,0.06194235588935085,0.4972842335700989,0.008214414119720459,2,False,False,1
C000000004__VIS_4_SW_data_16-June-2026_10-58-59,26,0.07615288220553712,0.4217796325683594,0.016326695680618286,2,False,False,1
C000000004__VIS_4_SW_data_16-June-2026_10-58-59,26,0.09036340852113987,0.40733635425567627,0.013204813003540039,1,False,False,2
C000000004__VIS_4_SW_data_16-June-2026_10-58-59,26,0.10457393483674261,0.43953806161880493,0.03974846005439758,1,False,False,4
C000000004__VIS_4_SW_data_16-June-2026_10-58-59,26,0.11878446115292889,0.44725656509399414,0.07290422916412354,1,False,False,4
C000000004__VIS_4_SW_data_16-June-2026_10-58-59,26,0.13299498746853164,0.5163327157497406,0.11220164597034454,1,False,False,4
C000000004__VIS_4_SW_data_16-June-2026_10-58-59,26,0.14720551378413438,0.48744136095046997,0.09589649736881256,1,False,False,5
C000000004__VIS_4_SW_data_16-June-2026_10-58-59,26,0.16141604010032065,0.6129785776138306,0.05559897422790527,1,False,False,5
C000000004__VIS_4_SW_data_16-June-2026_10-58-59,26,0.1756265664159234,0.5390990972518921,0.13221602141857147,1,False,False,5
C000000004__VIS_4_SW_data_16-June-2026_10-58-59,26,0.18983709273152613,0.6558711230754852,0.08031992614269257,1,False,False,6
C000000004__VIS_4_SW_data_16-June-2026_10-58-59,26,0.2040476190477124,0.6865450739860535,0.05186500400304794,1,False,False,6
C000000004__VIS_4_SW_data_16-June-2026_10-58-59,26,0.21825814536331514,0.6347218155860901,0.0002891719341278076,1,False,False,4
C000000004__VIS_4_SW_data_16-June-2026_10-58-59,26,0.2324686716789179,0.6899016201496124,0.07188335061073303,1,False,False,3
C000000004__VIS_4_SW_data_16-June-2026_10-58-59,26,0.24667919799510418,0.7309615314006805,0.020345240831375122,1,False,False,2
C000000004__VIS_4_SW_data_16-June-2026_10-58-59,26,0.2608897243107069,0.6454828381538391,0.017799824476242065,1,False,False,5
C000000004__VIS_4_SW_data_16-June-2026_10-58-59,26,0.27510025062630966,0.564568817615509,0.011813998222351074,1,False,False,3
C000000004__VIS_4_SW_data_16-June-2026_10-58-59,26,0.28931077694249596,0.5567426085472107,0.013474196195602417,1,False,False,4
C000000004__VIS_4_SW_data_16-June-2026_10-58-59,26,0.3035213032580987,0.5195648074150085,0.07210314273834229,1,False,False,2
C000000004__VIS_4_SW_data_16-June-2026_10-58-59,26,0.31773182957370144,0.4354085326194763,0.02870839834213257,1,False,False,2
C000000004__VIS_4_SW_data_16-June-2026_10-58-59,26,0.3319423558898877,0.4078933000564575,0.06393298506736755,1,False,False,3
C000000004__VIS_4_SW_data_16-June-2026_10-58-59,26,0.34615288220549045,0.32779455184936523,0.007647484540939331,1,False,False,3
C000000004__VIS_4_SW_data_16-June-2026_10-58-59,26,0.36036340852109316,0.30013322830200195,0.005874365568161011,1,False,False,1
C000000004__VIS_4_SW_data_16-June-2026_10-58-59,26,0.37457393483727947,0.22658312320709229,0.0035265088081359863,1,False,False,2
C000000004__VIS_4_SW_data_16-June-2026_10-58-59,26,0.38878446115288223,0.16336089372634888,0.02162092924118042,1,False,False,2
C000000004__VIS_4_SW_data_16-June-2026_10-58-59,26,0.40299498746848494,0.10877132415771484,0.03570079803466797,1,False,False,1
C000000004__VIS_4_SW_data_16-June-2026_10-58-59,26,0.4172055137840877,0.0,0.011730164289474487,1,True,True,0
C000000004__VIS_4_SW_data_16-June-2026_11-00-06,26,0.14915945611857293,0.3631185293197632,0.05919450521469116,1,False,False,1
C000000004__VIS_4_SW_data_16-June-2026_11-00-06,26,0.1631767614335927,0.5552659630775452,0.13343924283981323,1,True,True,0
C000000004__VIS_4_SW_data_16-June-2026_11-00-06,26,0.17719406674918806,0.47872889041900635,0.16205233335494995,1,True,True,0
C000000004__VIS_4_SW_data_16-June-2026_11-00-06,26,0.19121137206420782,0.7183804214000702,0.15428191423416138,1,True,True,0
C000000004__VIS_4_SW_data_16-June-2026_11-00-06,26,0.20522867737922756,0.7417497336864471,0.13845479488372803,1,False,False,1
C000000004__VIS_4_SW_data_16-June-2026_11-00-06,26,0.21924598269482293,0.7905775904655457,0.2091255784034729,1,True,True,0
C000000004__VIS_4_SW_data_16-June-2026_11-00-06,26,0.2332632880098427,0.9100741297006607,0.17470669746398926,1,True,True,0
C000000004__VIS_4_SW_data_16-June-2026_11-00-06,26,0.24728059332486246,0.7232322692871094,0.16114240884780884,1,False,False,1
C000000004__VIS_4_SW_data_16-June-2026_11-00-06,26,0.2612978986404578,0.6489835977554321,0.32730019092559814,1,True,True,0
C000000004__VIS_4_SW_data_16-June-2026_11-00-06,26,0.2753152039554776,0.6597919464111328,0.2654573619365692,1,True,True,0
C000000004__VIS_4_SW_data_16-June-2026_11-00-06,26,0.28933250927049736,0.6094055473804474,0.18187835812568665,1,False,False,1
C000000004__VIS_4_SW_data_16-June-2026_11-00-06,26,0.3033498145860927,0.6616915464401245,0.14981409907341003,1,False,False,1
C000000004__VIS_4_SW_data_16-June-2026_11-00-06,26,0.3173671199011125,0.5194540023803711,0.04187324643135071,1,True,True,0
C000000004__VIS_4_SW_data_16-June-2026_11-00-06,26,0.33138442521613226,0.4402259588241577,0.03198122978210449,1,False,False,2
C000000004__VIS_4_SW_data_16-June-2026_11-00-06,26,0.34540173053115203,0.41198551654815674,0.007011890411376953,1,False,False,2
C000000004__VIS_4_SW_data_16-June-2026_11-00-06,26,0.3594190358467474,0.4076136350631714,0.01293116807937622,1,False,False,1
C000000004__VIS_4_SW_data_16-June-2026_11-00-06,26,0.37343634116176716,0.32843053340911865,0.06111347675323486,1,False,False,1
C000000004__VIS_4_SW_data_16-June-2026_11-00-06,26,0.38745364647678693,0.3002035617828369,0.08383214473724365,1,False,False,1
C000000004__VIS_4_SW_data_16-June-2026_11-00-06,26,0.4014709517923823,0.3266105651855469,0.0768250823020935,1,True,True,0
C000000004__VIS_4_SW_data_16-June-2026_11-00-06,26,0.415488257107402,0.3085521459579468,0.08628910779953003,1,True,True,0
C000000004__VIS_4_SW_data_16-June-2026_11-00-06,26,0.42950556242242177,0.3269438147544861,0.10833954811096191,1,True,True,0
C000000004__VIS_4_SW_data_16-June-2026_11-00-06,26,0.44352286773801713,0.34723198413848877,0.19416582584381104,1,False,False,1
C000000004__VIS_4_SW_data_16-June-2026_11-00-06,26,0.4575401730530369,0.48961591720581055,0.21661385893821716,1,True,True,0
C000000004__VIS_4_SW_data_16-June-2026_11-00-06,26,0.47155747836805667,0.5231925845146179,0.13382631540298462,1,True,True,0
C000000004__VIS_4_SW_data_16-June-2026_11-00-06,26,0.48557478368365203,0.5025609731674194,0.13419508934020996,1,True,True,0
C000000004__VIS_4_SW_data_16-June-2026_11-00-06,26,0.4995920889986718,0.5171968340873718,0.025847434997558594,1,True,True,0
C000000004__VIS_4_SW_data_16-June-2026_11-00-06,26,0.5136093943136916,0.5262168645858765,0.08470594882965088,1,True,True,0
C000000004__VIS_4_SW_data_16-June-2026_11-00-06,26,0.527626699629287,0.5643325448036194,0.09644550085067749,1,True,True,0
C000000004__VIS_4_SW_data_16-June-2026_11-00-06,26,0.5416440049443066,0.5994364321231842,0.07931345701217651,1,False,False,1
C000000004__VIS_4_SW_data_16-June-2026_11-00-06,26,0.5556613102593264,0.4922783374786377,0.15384232997894287,1,True,True,0
C000000004__VIS_4_SW_data_16-June-2026_11-00-06,26,0.5696786155749218,0.518936276435852,0.19377726316452026,1,True,True,0
C000000004__VIS_4_SW_data_16-June-2026_11-00-06,26,0.5836959208899416,0.5649256110191345,0.09841334819793701,1,False,False,1
C000000004__VIS_4_SW_data_16-June-2026_11-00-06,26,0.5977132262049614,0.47149914503097534,0.27120789885520935,1,True,True,0
C000000004__VIS_4_SW_data_16-June-2026_11-00-06,26,0.6117305315205567,0.5387799739837646,0.23155373334884644,1,True,True,0
C000000004__VIS_4_SW_data_16-June-2026_11-00-06,26,0.6257478368355764,0.5730520486831665,0.27218323945999146,1,True,True,0
C000000004__VIS_4_SW_data_16-June-2026_11-00-06,26,0.6397651421505962,0.6460679769515991,0.2738257050514221,1,True,True,0
C000000004__VIS_4_SW_data_16-June-2026_11-00-06,26,0.6537824474661916,0.7656492739915848,0.20190325379371643,1,True,True,0
C000000004__VIS_4_SW_data_16-June-2026_11-00-06,26,0.6677997527812114,0.8263278156518936,0.2719461917877197,1,True,True,0
C000000004__VIS_4_SW_data_16-June-2026_11-00-06,26,0.6818170580962312,0.6350924372673035,0.2515437602996826,1,True,True,0
C000000004__VIS_4_SW_data_16-June-2026_11-00-06,26,0.6958343634112509,0.6025761663913727,0.06358355283737183,1,False,False,1
C000000004__VIS_4_SW_data_16-June-2026_11-00-06,26,0.7098516687268462,0.5288796424865723,0.09082946181297302,1,True,True,0
C000000004__VIS_4_SW_data_16-June-2026_11-00-06,26,0.723868974041866,0.5284737944602966,0.08781185746192932,1,True,True,0
C000000004__VIS_4_SW_data_16-June-2026_11-00-06,26,0.7378862793568858,0.467629075050354,0.1833094358444214,1,False,False,1
C000000004__VIS_4_SW_data_16-June-2026_11-00-06,26,0.7519035846724812,0.38391149044036865,0.1625468134880066,1,True,True,0
C000000004__VIS_4_SW_data_16-June-2026_11-00-06,26,0.765920889987501,0.3556763529777527,0.11074092984199524,1,True,True,0
C000000004__VIS_4_SW_data_16-June-2026_11-00-06,26,0.7799381953025207,0.3995325565338135,0.07125473022460938,1,True,True,0
C000000004__VIS_4_SW_data_16-June-2026_11-00-06,26,0.793955500618116,0.4571727514266968,0.21636644005775452,1,True,True,0
C000000004__VIS_4_SW_data_16-June-2026_11-00-06,26,0.8079728059331358,0.436217725276947,0.18725168704986572,1,True,True,0
C000000004__VIS_4_SW_data_16-June-2026_11-00-06,26,0.8219901112481556,0.4718436002731323,0.017360806465148926,1,False,False,1
C000000004__VIS_4_SW_data_16-June-2026_11-00-06,26,0.8360074165637509,0.49899303913116455,0.06564697623252869,2,False,False,5
C000000004__VIS_4_SW_data_16-June-2026_11-00-06,26,0.8500247218787707,0.561856210231781,0.13634172081947327,2,True,False,5
C000000004__VIS_4_SW_data_16-June-2026_11-00-06,26,0.8640420271937904,0.49081313610076904,0.1436787247657776,2,True,False,5
C000000004__VIS_4_SW_data_16-June-2026_11-00-06,26,0.8780593325093858,0.692897379398346,0.15056371688842773,2,True,False,6
C000000004__VIS_4_SW_data_16-June-2026_11-00-06,26,0.8920766378244056,0.6904081106185913,0.0686347484588623,2,False,False,6
C000000004__VIS_4_SW_data_16-June-2026_11-00-06,26,0.9060939431394254,0.6299481987953186,0.10277095437049866,2,False,False,6
C000000004__VIS_4_SW_data_16-June-2026_11-00-06,26,0.9201112484550207,0.67279052734375,0.16371038556098938,2,True,False,5
C000000004__VIS_4_SW_data_16-June-2026_11-00-06,26,0.9341285537700404,0.5403382182121277,0.010779142379760742,2,True,False,6
C000000004__VIS_4_SW_data_16-June-2026_11-00-06,26,0.9481458590850602,0.43663156032562256,0.0262148380279541,2,False,False,3
C000000004__VIS_4_SW_data_16-June-2026_11-00-06,26,0.9621631644006556,0.3535962700843811,0.025698721408843994,2,False,False,3
C000000004__VIS_4_SW_data_16-June-2026_11-00-06,26,0.9761804697156754,0.2932591438293457,0.027887821197509766,2,True,False,6
C000000004__VIS_4_SW_data_16-June-2026_11-00-06,26,0.9901977750306952,0.24096035957336426,0.06165480613708496,1,False,False,5
C000000004__VIS_4_SW_data_16-June-2026_11-00-06,26,1.0042150803462906,0.29848814010620117,0.046680748462677,1,False,False,5
C000000004__VIS_4_SW_data_16-June-2026_11-00-06,26,0.000927070457354759,0.3351682424545288,0.06158322095870972,1,True,True,0
C000000004__VIS_4_SW_data_16-June-2026_11-00-06,26,0.014944375772374521,0.41916894912719727,0.09004443883895874,2,True,False,6
C000000004__VIS_4_SW_data_16-June-2026_11-00-06,26,0.028961681087394286,0.5011118054389954,0.046680986881256104,2,False,False,6
C000000004__VIS_4_SW_data_16-June-2026_11-00-06,26,0.04297898640298965,0.48441004753112793,0.008567273616790771,2,True,False,5
C000000004__VIS_4_SW_data_16-June-2026_11-00-06,26,0.05699629171800941,0.39260751008987427,0.08399945497512817,2,True,False,5
C000000004__VIS_4_SW_data_16-June-2026_11-00-06,26,0.07101359703302917,0.4413657784461975,0.0836450457572937,2,True,False,6
C000000004__VIS_4_SW_data_16-June-2026_11-00-06,26,0.08503090234862454,0.5304621756076813,0.004131913185119629,1,False,False,6
C000000004__VIS_4_SW_data_16-June-2026_11-00-06,26,0.0990482076636443,0.5947787165641785,0.07002198696136475,1,False,False,6
C000000004__VIS_4_SW_data_16-June-2026_11-00-06,26,0.11306551297866406,0.4475708603858948,0.028225064277648926,1,False,False,1
C000000004__VIS_4_SW_data_16-June-2026_11-00-06,26,0.12708281829425944,0.3930548429489136,0.01863110065460205,1,False,False,1
C000000004__VIS_4_SW_data_16-June-2026_11-00-06,26,0.1411001236092792,0.37016797065734863,0.12864232063293457,1,False,False,1
C000000004__VIS_4_SW_data_16-June-2026_11-00-06,26,0.15511742892429894,0.4313085079193115,0.21227392554283142,1,False,False,1
C000000004__VIS_4_SW_data_16-June-2026_11-00-06,26,0.1691347342398943,0.5616870522499084,0.15895551443099976,1,True,True,0
C000000004__VIS_4_SW_data_16-June-2026_11-00-06,26,0.18315203955491408,0.6028691828250885,0.17289423942565918,1,True,True,0
C000000004__VIS_4_SW_data_16-June-2026_11-00-06,26,0.19716934486993384,0.7062610387802124,0.24173879623413086,1,True,True,0
C000000004__VIS_4_SW_data_16-June-2026_11-00-06,26,0.2111866501855292,0.8013825565576553,0.16951197385787964,1,True,True,0
C000000004__VIS_4_SW_data_16-June-2026_11-00-06,26,0.22520395550054897,0.8323740661144257,0.2666490077972412,1,True,True,0
C000000004__VIS_4_SW_data_16-June-2026_11-00-06,26,0.23922126081556874,0.678963303565979,0.2265559285879135,1,False,False,1
C000000004__VIS_4_SW_data_16-June-2026_11-00-06,26,0.2532385661311641,0.7140965461730957,0.2756444215774536,1,False,False,1
C000000004__VIS_4_SW_data_16-June-2026_11-00-06,26,0.26725587144618385,0.6862513422966003,0.0840686559677124,1,True,True,0
C000000004__VIS_4_SW_data_16-June-2026_11-00-06,26,0.2812731767612036,0.4968379735946655,0.08098390698432922,1,True,True,0
C000000004__VIS_4_SW_data_16-June-2026_11-00-06,26,0.295290482076799,0.5844972431659698,0.09186407923698425,1,False,False,2
C000000004__VIS_4_SW_data_16-June-2026_11-00-06,26,0.30930778739181874,0.626251757144928,0.08136430382728577,1,False,False,1
C000000004__VIS_4_SW_data_16-June-2026_11-00-06,26,0.3233250927068385,0.44811975955963135,0.09573853015899658,1,False,False,1
C000000004__VIS_4_SW_data_16-June-2026_11-00-06,26,0.3373423980224339,0.3758920431137085,0.07333999872207642,1,False,False,1
C000000004__VIS_4_SW_data_16-June-2026_11-00-06,26,0.35135970333745364,0.30688583850860596,0.04773074388504028,1,False,False,2
C000000004__VIS_4_SW_data_16-June-2026_11-00-06,26,0.3653770086524734,0.22072362899780273,0.0801088809967041,1,False,False,1
C000000004__VIS_4_SW_data_16-June-2026_11-00-06,26,0.3793943139674932,1.1920928955078125e-07,0.06986802816390991,1,False,False,1
C000000004__VIS_4_SW_data_16-June-2026_11-00-39,26,0.704501891550978,0.622626781463623,0.3063441216945648,1,True,True,0
C000000004__VIS_4_SW_data_16-June-2026_11-00-39,26,0.7188020176541948,0.6304895579814911,0.16862434148788452,1,False,False,1
C000000004__VIS_4_SW_data_16-June-2026_11-00-39,26,0.7331021437579989,0.6060721278190613,0.12481454014778137,1,True,True,0
C000000004__VIS_4_SW_data_16-June-2026_11-00-39,26,0.7474022698612158,0.4866659641265869,0.033144623041152954,1,False,False,2
C000000004__VIS_4_SW_data_16-June-2026_11-00-39,26,0.7617023959644327,0.3824259042739868,0.031153112649917603,1,False,False,1
C000000004__VIS_4_SW_data_16-June-2026_11-00-39,26,0.7760025220682367,0.37375330924987793,0.028857499361038208,1,True,True,0
C000000004__VIS_4_SW_data_16-June-2026_11-00-39,26,0.7903026481714537,0.3364395499229431,0.0831570029258728,1,False,False,1
C000000004__VIS_4_SW_data_16-June-2026_11-00-39,26,0.8046027742746705,0.3554462194442749,0.0357668399810791,1,True,True,0
C000000004__VIS_4_SW_data_16-June-2026_11-00-39,26,0.8189029003784747,0.309384286403656,0.005438029766082764,1,True,True,0
C000000004__VIS_4_SW_data_16-June-2026_11-00-39,26,0.8332030264816915,0.3101657032966614,0.02836906909942627,1,True,True,0
C000000004__VIS_4_SW_data_16-June-2026_11-00-39,26,0.8475031525849084,0.40007227659225464,0.017612159252166748,1,True,True,0
C000000004__VIS_4_SW_data_16-June-2026_11-00-39,26,0.8618032786887125,0.5080344080924988,0.02868020534515381,1,False,False,2
C000000004__VIS_4_SW_data_16-June-2026_11-00-39,26,0.8761034047919294,0.5104285478591919,0.052942872047424316,1,False,False,1
C000000004__VIS_4_SW_data_16-June-2026_11-00-39,26,0.8904035308951462,0.4444390535354614,0.015145868062973022,1,False,False,2
C000000004__VIS_4_SW_data_16-June-2026_11-00-39,26,0.9047036569983632,0.4223400354385376,0.10743674635887146,1,False,False,1
C000000004__VIS_4_SW_data_16-June-2026_11-00-39,26,0.9190037831021672,0.44409042596817017,0.08622312545776367,1,False,False,1
C000000004__VIS_4_SW_data_16-June-2026_11-00-39,26,0.9333039092053841,0.40549081563949585,0.0450860857963562,1,False,False,1
C000000004__VIS_4_SW_data_16-June-2026_11-00-39,26,0.947604035308601,0.3786802291870117,0.039987266063690186,1,True,True,0
C000000004__VIS_4_SW_data_16-June-2026_11-00-39,26,0.005233291298747627,0.38984131813049316,0.10405081510543823,1,False,False,1
C000000004__VIS_4_SW_data_16-June-2026_11-00-39,26,0.01953341740196451,0.5013375878334045,0.13846689462661743,1,True,True,0
C000000004__VIS_4_SW_data_16-June-2026_11-00-39,26,0.03383354350576861,0.5193503797054291,0.06957322359085083,1,True,True,0
C000000004__VIS_4_SW_data_16-June-2026_11-00-39,26,0.04813366960898549,0.4607553482055664,0.10969269275665283,1,False,False,1
C000000004__VIS_4_SW_data_16-June-2026_11-00-39,26,0.062433795712202374,0.48128628730773926,0.02967292070388794,1,False,False,2
C000000004__VIS_4_SW_data_16-June-2026_11-00-39,26,0.07673392181600647,0.44980889558792114,0.018819153308868408,1,True,True,0
C000000004__VIS_4_SW_data_16-June-2026_11-00-39,26,0.09103404791922336,0.4084268808364868,0.024637043476104736,1,True,True,0
C000000004__VIS_4_SW_data_16-June-2026_11-00-39,26,0.10533417402244023,0.3784090280532837,0.015602827072143555,1,False,False,1
C000000004__VIS_4_SW_data_16-June-2026_11-00-39,26,0.11963430012624433,0.34641993045806885,0.043985843658447266,1,False,False,1
C000000004__VIS_4_SW_data_16-June-2026_11-00-39,26,0.13393442622946122,0.3927711248397827,0.0034309029579162598,1,False,False,1
C000000004__VIS_4_SW_data_16-June-2026_11-00-39,26,0.1482345523326781,0.40082716941833496,0.006991207599639893,1,True,True,0
C000000004__VIS_4_SW_data_16-June-2026_11-00-39,26,0.1625346784364822,0.37669700384140015,0.02770763635635376,1,False,False,1
C000000004__VIS_4_SW_data_16-June-2026_11-00-39,26,0.17683480453969908,0.39886367321014404,0.001904219388961792,1,False,False,4
C000000004__VIS_4_SW_data_16-June-2026_11-00-39,26,0.19113493064291598,0.517130047082901,0.00425836443901062,1,False,False,5
C000000004__VIS_4_SW_data_16-June-2026_11-00-39,26,0.20543505674672005,0.5248697996139526,0.0001957714557647705,1,False,False,2
C000000004__VIS_4_SW_data_16-June-2026_11-00-39,26,0.21973518284993696,0.47946280241012573,0.08327369391918182,1,False,False,9
C000000004__VIS_4_SW_data_16-June-2026_11-00-39,26,0.23403530895315383,0.5924071371555328,0.041760221123695374,1,False,False,9
C000000004__VIS_4_SW_data_16-June-2026_11-00-39,26,0.2483354350563707,0.5890471935272217,0.0772896260023117,1,False,False,8
C000000004__VIS_4_SW_data_16-June-2026_11-00-39,26,0.26263556116017484,0.6192902624607086,0.044810205698013306,1,False,False,8
C000000004__VIS_4_SW_data_16-June-2026_11-00-39,26,0.2769356872633917,0.5678988993167877,0.028175145387649536,1,False,False,8
C000000004__VIS_4_SW_data_16-June-2026_11-00-39,26,0.2912358133666086,0.45337915420532227,0.036814361810684204,1,False,False,8
C000000004__VIS_4_SW_data_16-June-2026_11-00-39,26,0.3055359394704127,0.3282841444015503,0.04634028673171997,1,False,False,10
C000000004__VIS_4_SW_data_16-June-2026_11-00-39,26,0.31983606557362954,0.4347398281097412,0.015711665153503418,2,False,False,5
C000000004__VIS_4_SW_data_16-June-2026_11-00-39,26,0.33413619167684644,0.4760647416114807,0.03204181790351868,2,False,False,5
C000000004__VIS_4_SW_data_16-June-2026_11-00-39,26,0.34843631778065054,0.44102442264556885,0.03234446048736572,2,False,False,5
C000000004__VIS_4_SW_data_16-June-2026_11-00-39,26,0.36273644388386744,0.36113297939300537,0.011876344680786133,2,False,False,3
C000000004__VIS_4_SW_data_16-June-2026_11-00-39,26,0.3770365699870843,0.381460964679718,0.0005003809928894043,2,False,False,1
C000000004__VIS_4_SW_data_16-June-2026_11-00-39,26,0.3913366960908884,0.3538343906402588,0.009727418422698975,2,False,False,1
C000000004__VIS_4_SW_data_16-June-2026_11-00-39,26,0.4056368221941053,0.3708944320678711,0.008008360862731934,2,False,False,3
C000000004__VIS_4_SW_data_16-June-2026_11-00-39,26,0.4199369482973222,0.2936437129974365,0.007164955139160156,2,False,False,4
C000000004__VIS_4_SW_data_16-June-2026_11-00-39,26,0.43423707440112624,0.2687877416610718,0.020070314407348633,2,False,False,4
C000000004__VIS_4_SW_data_16-June-2026_11-00-39,26,0.44853720050434315,0.3262154459953308,0.00016364455223083496,2,True,True,0
C000000004__VIS_4_SW_data_16-June-2026_11-00-39,26,0.46283732660756005,0.2912648916244507,0.010552048683166504,2,False,False,5
C000000004__VIS_4_SW_data_16-June-2026_11-00-39,26,0.47713745271136415,0.26510757207870483,0.0018216371536254883,2,True,True,0
C000000004__VIS_4_SW_data_16-June-2026_11-00-39,26,0.491437578814581,0.2484273910522461,0.001911938190460205,2,False,False,6
C000000004__VIS_4_SW_data_16-June-2026_11-00-39,26,0.5057377049177979,0.24258506298065186,0.027697592973709106,2,True,False,6
C000000004__VIS_4_SW_data_16-June-2026_11-00-39,26,0.520037831021602,0.23583471775054932,0.0042712390422821045,2,False,False,6
C000000004__VIS_4_SW_data_16-June-2026_11-00-39,26,0.5343379571248189,0.2537950277328491,0.03510323166847229,2,False,False,6
C000000004__VIS_4_SW_data_16-June-2026_11-00-39,26,0.5486380832280358,0.2383490800857544,0.025504112243652344,2,True,False,6
C000000004__VIS_4_SW_data_16-June-2026_11-00-39,26,0.5629382093318399,0.31333082914352417,0.006997942924499512,2,False,False,8
C000000004__VIS_4_SW_data_16-June-2026_11-00-39,26,0.5772383354350568,0.3476812243461609,0.05938369035720825,2,True,False,7
C000000004__VIS_4_SW_data_16-June-2026_11-00-39,26,0.5915384615382736,0.41512197256088257,0.06256967782974243,2,True,False,7
C000000004__VIS_4_SW_data_16-June-2026_11-00-39,26,0.6058385876414906,0.3593514561653137,0.055516988039016724,2,False,False,7
C000000004__VIS_4_SW_data_16-June-2026_11-00-39,26,0.6201387137452946,0.5277722477912903,0.0028505921363830566,2,False,False,10
C000000004__VIS_4_SW_data_16-June-2026_11-00-39,26,0.6344388398485115,0.5330886244773865,0.019906610250473022,2,False,False,11
C000000004__VIS_4_SW_data_16-June-2026_11-00-39,26,0.6487389659517284,0.5671057105064392,0.005453914403915405,1,False,False,9
C000000004__VIS_4_SW_data_16-June-2026_11-00-39,26,0.6630390920555325,0.5880585312843323,0.033354252576828,1,False,False,10
C000000004__VIS_4_SW_data_16-June-2026_11-00-39,26,0.6773392181587493,0.6037654280662537,0.0038099288940429688,1,False,False,10
C000000004__VIS_4_SW_data_16-June-2026_11-00-39,26,0.6916393442619663,0.6053381264209747,0.0027997195720672607,1,False,False,10
C000000004__VIS_4_SW_data_16-June-2026_11-00-39,26,0.7059394703657703,0.5934200286865234,0.015080064535140991,1,False,False,4
C000000004__VIS_4_SW_data_16-June-2026_11-00-39,26,0.7202395964689873,0.6866275370121002,0.0173671692609787,1,False,False,5
C000000004__VIS_4_SW_data_16-June-2026_11-00-39,26,0.7345397225722041,0.4727439880371094,0.038897544145584106,1,False,False,1
C000000004__VIS_4_SW_data_16-June-2026_11-00-39,26,0.7488398486760082,0.5407461524009705,0.030812829732894897,1,False,False,1
C000000004__VIS_4_SW_data_16-June-2026_11-00-39,26,0.7631399747792251,0.4847739338874817,0.0682545006275177,1,False,False,2
C000000004__VIS_4_SW_data_16-June-2026_11-00-39,26,0.777440100882442,0.3981611728668213,0.10559156537055969,1,False,False,2
C000000004__VIS_4_SW_data_16-June-2026_11-00-39,26,0.791740226986246,0.38933753967285156,0.0842052698135376,1,True,True,0
C000000004__VIS_4_SW_data_16-June-2026_11-00-39,26,0.806040353089463,0.4322595000267029,0.08805963397026062,1,True,True,0
C000000004__VIS_4_SW_data_16-June-2026_11-00-39,26,0.8203404791926798,0.391495943069458,0.04587441682815552,1,False,False,1
C000000004__VIS_4_SW_data_16-June-2026_11-00-39,26,0.834640605296484,0.42137181758880615,0.07222068309783936,1,False,False,1
C000000004__VIS_4_SW_data_16-June-2026_11-00-39,26,0.8489407313997008,0.3984333276748657,0.034567803144454956,1,False,False,1
C000000004__VIS_4_SW_data_16-June-2026_11-00-39,26,0.8632408575029177,0.541857123374939,0.016825467348098755,1,False,False,2
C000000004__VIS_4_SW_data_16-June-2026_11-00-39,26,0.8775409836067218,0.6431575417518616,0.058998748660087585,1,False,False,2
C000000004__VIS_4_SW_data_16-June-2026_11-00-39,26,0.8918411097099387,0.6143545508384705,0.017841041088104248,1,False,False,2
C000000004__VIS_4_SW_data_16-June-2026_11-00-39,26,0.9061412358131555,0.6698580384254456,0.038112252950668335,1,False,False,3
C000000004__VIS_4_SW_data_16-June-2026_11-00-39,26,0.9204413619169597,0.5337928831577301,0.10831767320632935,1,False,False,5
C000000004__VIS_4_SW_data_16-June-2026_11-00-39,26,0.9347414880201765,0.4848097562789917,0.046033501625061035,1,False,False,1
C000000004__VIS_4_SW_data_16-June-2026_11-00-39,26,0.9490416141233934,0.3409264087677002,0.01994454860687256,1,True,True,0
C000000004__VIS_4_SW_data_16-June-2026_11-01-20,26,0.12181481481472284,0.3865695595741272,0.1669294238090515,1,True,True,0
C000000004__VIS_4_SW_data_16-June-2026_11-01-20,26,0.13581481481453886,0.3148050904273987,0.16388380527496338,1,False,False,1
C000000004__VIS_4_SW_data_16-June-2026_11-01-20,26,0.14981481481492978,0.32342612743377686,0.17930680513381958,1,True,True,0
C000000004__VIS_4_SW_data_16-June-2026_11-01-20,26,0.16381481481474583,0.36744874715805054,0.22726595401763916,1,True,True,0
C000000004__VIS_4_SW_data_16-June-2026_11-01-20,26,0.17781481481456185,0.39407241344451904,0.24713438749313354,1,False,False,1
C000000004__VIS_4_SW_data_16-June-2026_11-01-20,26,0.1918148148149528,0.4886854887008667,0.20415383577346802,1,False,False,1
C000000004__VIS_4_SW_data_16-June-2026_11-01-20,26,0.20581481481476882,0.5605234503746033,0.1829993724822998,1,True,True,0
C000000004__VIS_4_SW_data_16-June-2026_11-01-20,26,0.21981481481458487,0.606254518032074,0.24244827032089233,1,True,True,0
C000000004__VIS_4_SW_data_16-June-2026_11-01-20,26,0.2338148148149758,0.6342206299304962,0.30269655585289,1,False,False,1
C000000004__VIS_4_SW_data_16-June-2026_11-01-20,26,0.2478148148147918,0.6660847961902618,0.1873917579650879,1,True,True,0
C000000004__VIS_4_SW_data_16-June-2026_11-01-20,26,0.26181481481460783,0.6867872774600983,0.3726275861263275,1,True,True,0
C000000004__VIS_4_SW_data_16-June-2026_11-01-20,26,0.27581481481499875,0.6508039832115173,0.2305050492286682,1,True,True,0
C000000004__VIS_4_SW_data_16-June-2026_11-01-20,26,0.2898148148148148,0.7243602871894836,0.3182052671909332,1,True,True,0
C000000004__VIS_4_SW_data_16-June-2026_11-01-20,26,0.30381481481463085,0.6051179766654968,0.23294353485107422,1,True,True,0
C000000004__VIS_4_SW_data_16-June-2026_11-01-20,26,0.3178148148144469,0.524990975856781,0.16925063729286194,1,False,False,1
C000000004__VIS_4_SW_data_16-June-2026_11-01-20,26,0.3318148148148378,0.4521409273147583,0.13994932174682617,1,True,True,0
C000000004__VIS_4_SW_data_16-June-2026_11-01-20,26,0.34581481481465387,0.37273555994033813,0.061675846576690674,1,True,True,0
C000000004__VIS_4_SW_data_16-June-2026_11-01-20,26,0.35981481481446986,0.32642245292663574,0.11319369077682495,1,False,False,1
C000000004__VIS_4_SW_data_16-June-2026_11-01-20,26,0.3738148148148608,0.3392820358276367,0.095145583152771,1,False,False,1
C000000004__VIS_4_SW_data_16-June-2026_11-01-20,26,0.38781481481467683,0.2767423987388611,0.06063735485076904,1,True,True,0
C000000004__VIS_4_SW_data_16-June-2026_11-01-20,26,0.4018148148144929,0.2558874487876892,0.09922856092453003,1,False,False,1
C000000004__VIS_4_SW_data_16-June-2026_11-01-20,26,0.4158148148148838,0.23165321350097656,0.12249857187271118,1,True,True,0
C000000004__VIS_4_SW_data_16-June-2026_11-01-20,26,0.42981481481469985,0.24718457460403442,0.1254776120185852,1,True,True,0
C000000004__VIS_4_SW_data_16-June-2026_11-01-20,26,0.44381481481451585,0.2909923791885376,0.09438121318817139,1,True,True,0
C000000004__VIS_4_SW_data_16-June-2026_11-01-20,26,0.4578148148149068,0.2573701739311218,0.07683378458023071,1,True,True,0
C000000004__VIS_4_SW_data_16-June-2026_11-01-20,26,0.4718148148147228,0.25412821769714355,0.07520288228988647,1,False,False,1
C000000004__VIS_4_SW_data_16-June-2026_11-01-20,26,0.48581481481453886,0.264900267124176,0.19615542888641357,1,True,True,0
C000000004__VIS_4_SW_data_16-June-2026_11-01-20,26,0.4998148148149298,0.2881256937980652,0.18488317728042603,1,True,True,0
C000000004__VIS_4_SW_data_16-June-2026_11-01-20,26,0.5138148148147458,0.31192535161972046,0.20309031009674072,1,False,False,1
C000000004__VIS_4_SW_data_16-June-2026_11-01-20,26,0.5278148148145618,0.4014294743537903,0.0786287784576416,1,True,True,0
C000000004__VIS_4_SW_data_16-June-2026_11-01-20,26,0.5418148148149527,0.42380475997924805,0.09036022424697876,1,True,True,0
C000000004__VIS_4_SW_data_16-June-2026_11-01-20,26,0.5558148148147688,0.4205942749977112,0.0832105278968811,1,True,True,0
C000000004__VIS_4_SW_data_16-June-2026_11-01-20,26,0.5698148148145848,0.39804601669311523,0.07466870546340942,1,False,False,1
C000000004__VIS_4_SW_data_16-June-2026_11-01-20,26,0.5838148148149758,0.34303510189056396,0.13966387510299683,1,True,True,0
C000000004__VIS_4_SW_data_16-June-2026_11-01-20,26,0.5978148148147918,0.31258249282836914,0.15014588832855225,1,True,True,0
C000000004__VIS_4_SW_data_16-June-2026_11-01-20,26,0.6118148148146079,0.3543514609336853,0.232197105884552,1,False,False,1
C000000004__VIS_4_SW_data_16-June-2026_11-01-20,26,0.6258148148149988,0.40135252475738525,0.21099531650543213,1,True,True,0
C000000004__VIS_4_SW_data_16-June-2026_11-01-20,26,0.6398148148148148,0.45575273036956787,0.3298068046569824,1,True,True,0
C000000004__VIS_4_SW_data_16-June-2026_11-01-20,26,0.6538148148146309,0.44821488857269287,0.3609021306037903,1,True,True,0
C000000004__VIS_4_SW_data_16-June-2026_11-01-20,26,0.6678148148144469,0.49740588665008545,0.39505302906036377,1,False,False,1
C000000004__VIS_4_SW_data_16-June-2026_11-01-20,26,0.6818148148148379,0.6194593012332916,0.3624204993247986,1,False,False,1
C000000004__VIS_4_SW_data_16-June-2026_11-01-20,26,0.6958148148146538,0.5914943814277649,0.2467784583568573,1,True,True,0
C000000004__VIS_4_SW_data_16-June-2026_11-01-20,26,0.7098148148144698,0.518437922000885,0.33921992778778076,1,False,False,1
C000000004__VIS_4_SW_data_16-June-2026_11-01-20,26,0.7238148148148608,0.5461321175098419,0.2987197935581207,1,False,False,1
C000000004__VIS_4_SW_data_16-June-2026_11-01-20,26,0.7378148148146768,0.5172085762023926,0.23090261220932007,1,True,True,0
C000000004__VIS_4_SW_data_16-June-2026_11-01-20,26,0.7518148148144929,0.4382518529891968,0.26245367527008057,1,True,True,0
C000000004__VIS_4_SW_data_16-June-2026_11-01-20,26,0.7658148148148838,0.3604377508163452,0.15180140733718872,1,False,False,1
C000000004__VIS_4_SW_data_16-June-2026_11-01-20,26,0.7798148148146998,0.3274093270301819,0.17620348930358887,1,True,True,0
C000000004__VIS_4_SW_data_16-June-2026_11-01-20,26,0.7938148148145159,0.28454798460006714,0.22070884704589844,1,True,True,0
C000000004__VIS_4_SW_data_16-June-2026_11-01-20,26,0.8078148148149068,0.34182244539260864,0.2055201530456543,2,False,False,6
C000000004__VIS_4_SW_data_16-June-2026_11-01-20,26,0.8218148148147228,0.3388063907623291,0.10720163583755493,2,False,False,6
C000000004__VIS_4_SW_data_16-June-2026_11-01-20,26,0.8358148148145389,0.3606293201446533,0.225627601146698,2,True,False,5
C000000004__VIS_4_SW_data_16-June-2026_11-01-20,26,0.8498148148149298,0.37946760654449463,0.029896557331085205,2,False,False,7
C000000004__VIS_4_SW_data_16-June-2026_11-01-20,26,0.8638148148147459,0.46212053298950195,0.22357654571533203,2,False,False,6
C000000004__VIS_4_SW_data_16-June-2026_11-01-20,26,0.8778148148145619,0.4751298427581787,0.2286689579486847,2,False,False,6
C000000004__VIS_4_SW_data_16-June-2026_11-01-20,26,0.8918148148149528,0.5745631158351898,0.059929490089416504,2,True,False,5
C000000004__VIS_4_SW_data_16-June-2026_11-01-20,26,0.9058148148147688,0.5225754678249359,0.03771829605102539,2,False,False,6
C000000004__VIS_4_SW_data_16-June-2026_11-01-20,26,0.9198148148145848,0.5830204486846924,0.13432306051254272,2,False,False,6
C000000004__VIS_4_SW_data_16-June-2026_11-01-20,26,0.9338148148149757,0.6385433673858643,0.14232096076011658,2,True,False,5
C000000004__VIS_4_SW_data_16-June-2026_11-01-20,26,0.9478148148147918,0.55507892370224,0.21112358570098877,2,True,False,6
C000000004__VIS_4_SW_data_16-June-2026_11-01-20,26,0.9618148148146078,0.5192275941371918,0.043659508228302,2,False,False,6
C000000004__VIS_4_SW_data_16-June-2026_11-01-20,26,0.9758148148149988,0.3679400682449341,0.14967754483222961,2,True,False,5
C000000004__VIS_4_SW_data_16-June-2026_11-01-20,26,0.9898148148148148,0.2550455927848816,0.16158872842788696,2,True,False,5
C000000004__VIS_4_SW_data_16-June-2026_11-01-20,26,0.005469135802101206,0.26568931341171265,0.08130508661270142,1,False,False,6
C000000004__VIS_4_SW_data_16-June-2026_11-01-20,26,0.01946913580249213,0.2718387842178345,0.11019361019134521,2,False,False,6
C000000004__VIS_4_SW_data_16-June-2026_11-01-20,26,0.03346913580230817,0.3560228943824768,0.10509151220321655,2,True,False,6
C000000004__VIS_4_SW_data_16-June-2026_11-01-20,26,0.0474691358021242,0.5231908559799194,0.09631729125976562,2,True,False,6
C000000004__VIS_4_SW_data_16-June-2026_11-01-20,26,0.061469135802515125,0.594110906124115,0.11087018251419067,2,True,False,6
C000000004__VIS_4_SW_data_16-June-2026_11-01-20,26,0.07546913580233117,0.5583150386810303,0.04150432348251343,1,False,False,7
C000000004__VIS_4_SW_data_16-June-2026_11-01-20,26,0.0894691358021472,0.5729050040245056,0.010976195335388184,1,False,False,8
C000000004__VIS_4_SW_data_16-June-2026_11-01-20,26,0.10346913580253812,0.43468910455703735,0.06411236524581909,1,True,True,0
C000000004__VIS_4_SW_data_16-June-2026_11-01-20,26,0.11746913580235416,0.36556363105773926,0.16328948736190796,1,True,True,0
C000000004__VIS_4_SW_data_16-June-2026_11-01-20,26,0.1314691358021702,0.4240025281906128,0.15614944696426392,1,False,False,1
C000000004__VIS_4_SW_data_16-June-2026_11-01-20,26,0.14546913580256113,0.3356463313102722,0.23686081171035767,1,True,True,0
C000000004__VIS_4_SW_data_16-June-2026_11-01-20,26,0.15946913580237715,0.4057629108428955,0.2582283914089203,1,True,True,0
C000000004__VIS_4_SW_data_16-June-2026_11-01-20,26,0.1734691358021932,0.3708348274230957,0.2737937271595001,1,False,False,1
C000000004__VIS_4_SW_data_16-June-2026_11-01-20,26,0.18746913580258412,0.32936418056488037,0.23298656940460205,1,False,False,1
C000000004__VIS_4_SW_data_16-June-2026_11-01-20,26,0.20146913580240014,0.4598102569580078,0.21070456504821777,1,False,False,1
C000000004__VIS_4_SW_data_16-June-2026_11-01-20,26,0.2154691358022162,0.5512055158615112,0.24285566806793213,1,True,True,0
C000000004__VIS_4_SW_data_16-June-2026_11-01-20,26,0.2294691358026071,0.6804555058479309,0.22404134273529053,1,False,False,1
C000000004__VIS_4_SW_data_16-June-2026_11-01-20,26,0.24346913580242313,0.6525854170322418,0.24692663550376892,1,False,False,1
C000000004__VIS_4_SW_data_16-June-2026_11-01-20,26,0.2574691358022392,0.6349174976348877,0.23772796988487244,1,True,True,0
C000000004__VIS_4_SW_data_16-June-2026_11-01-20,26,0.2714691358026301,0.6618537902832031,0.35654523968696594,1,False,False,1
C000000004__VIS_4_SW_data_16-June-2026_11-01-20,26,0.28546913580244615,0.7018721103668213,0.41055095195770264,1,True,True,0
C000000004__VIS_4_SW_data_16-June-2026_11-01-20,26,0.2994691358022622,0.5975588858127594,0.43109720945358276,1,True,True,0
C000000004__VIS_4_SW_data_16-June-2026_11-01-20,26,0.3134691358026531,0.45171427726745605,0.2730749845504761,1,True,True,0
C000000004__VIS_4_SW_data_16-June-2026_11-01-20,26,0.3274691358024691,0.3807767629623413,0.2296988070011139,1,True,True,0
C000000004__VIS_4_SW_data_16-June-2026_11-01-20,26,0.34146913580228516,0.25296032428741455,0.16898369789123535,1,True,True,0
C000000004__VIS_4_SW_data_16-June-2026_11-01-20,26,0.3554691358021012,5.960464477539063e-08,0.08017188310623169,1,True,True,0
C000000004__VIS_4_SW_data_16-June-2026_11-01-48,26,0.2298891625614846,0.5448102951049805,0.12417897582054138,1,False,False,1
C000000004__VIS_4_SW_data_16-June-2026_11-01-48,26,0.24385467980268039,0.5373983681201935,0.04697263240814209,1,False,False,1
C000000004__VIS_4_SW_data_16-June-2026_11-01-48,26,0.2578201970438762,0.5393404364585876,0.036670833826065063,1,True,True,0
C000000004__VIS_4_SW_data_16-June-2026_11-01-48,26,0.271785714285072,0.4784732460975647,0.1433546096086502,1,False,False,1
C000000004__VIS_4_SW_data_16-June-2026_11-01-48,26,0.2857512315274147,0.4128115177154541,0.12663105130195618,1,False,False,1
C000000004__VIS_4_SW_data_16-June-2026_11-01-48,26,0.29971674876861054,0.445071816444397,0.1538076400756836,1,False,False,1
C000000004__VIS_4_SW_data_16-June-2026_11-01-48,26,0.31368226600980637,0.4146209955215454,0.08115065097808838,1,False,False,2
C000000004__VIS_4_SW_data_16-June-2026_11-01-48,26,0.32764778325100213,0.3743760585784912,0.01064366102218628,1,True,True,0
C000000004__VIS_4_SW_data_16-June-2026_11-01-48,26,0.34161330049219796,0.32029426097869873,0.11960101127624512,1,False,False,1
C000000004__VIS_4_SW_data_16-June-2026_11-01-48,26,0.3555788177333937,0.3541422486305237,0.027548104524612427,1,True,True,0
C000000004__VIS_4_SW_data_16-June-2026_11-01-48,26,0.36954433497573647,0.2955935001373291,0.09056919813156128,1,False,False,1
C000000004__VIS_4_SW_data_16-June-2026_11-01-48,26,0.3835098522169323,0.2696598768234253,0.04276600480079651,1,False,False,1
C000000004__VIS_4_SW_data_16-June-2026_11-01-48,26,0.39747536945812806,0.31397247314453125,0.04378807544708252,1,False,False,1
C000000004__VIS_4_SW_data_16-June-2026_11-01-48,26,0.4114408866993239,0.34398943185806274,0.040027737617492676,1,False,False,2
C000000004__VIS_4_SW_data_16-June-2026_11-01-48,26,0.42540640394051965,0.3510609269142151,0.04437902569770813,1,False,False,2
C000000004__VIS_4_SW_data_16-June-2026_11-01-48,26,0.4393719211817155,0.33911651372909546,0.0025991201400756836,1,False,False,2
C000000004__VIS_4_SW_data_16-June-2026_11-01-48,26,0.4533374384240582,0.32861435413360596,0.038476020097732544,1,False,False,2
C000000004__VIS_4_SW_data_16-June-2026_11-01-48,26,0.46730295566525404,0.3198026418685913,0.025399386882781982,1,False,False,3
C000000004__VIS_4_SW_data_16-June-2026_11-01-48,26,0.4812684729064498,0.35463660955429077,0.01930573582649231,1,False,False,3
C000000004__VIS_4_SW_data_16-June-2026_11-01-48,26,0.49523399014764563,0.3938707113265991,0.00971972942352295,1,False,False,3
C000000004__VIS_4_SW_data_16-June-2026_11-01-48,26,0.5091995073888415,0.36254680156707764,0.008573323488235474,1,False,False,3
C000000004__VIS_4_SW_data_16-June-2026_11-01-48,26,0.5231650246300372,0.39217424392700195,0.02425837516784668,1,False,False,1
C000000004__VIS_4_SW_data_16-June-2026_11-01-48,26,0.53713054187238,0.45083993673324585,0.015040993690490723,1,True,True,0
C000000004__VIS_4_SW_data_16-June-2026_11-01-48,26,0.5510960591135757,0.5561254024505615,0.03720256686210632,1,False,False,3
C000000004__VIS_4_SW_data_16-June-2026_11-01-48,26,0.5650615763547716,0.4614608883857727,0.00012958049774169922,1,True,True,0
C000000004__VIS_4_SW_data_16-June-2026_11-01-48,26,0.5790270935959674,0.5554114282131195,0.08501720428466797,1,False,False,5
C000000004__VIS_4_SW_data_16-June-2026_11-01-48,26,0.5929926108371631,0.5784121453762054,0.018046647310256958,1,False,False,5
C000000004__VIS_4_SW_data_16-June-2026_11-01-48,26,0.6069581280783589,0.6531252264976501,0.011603981256484985,1,True,True,0
C000000004__VIS_4_SW_data_16-June-2026_11-01-48,26,0.6209236453195548,0.6015584766864777,0.02224290370941162,1,False,False,1
C000000004__VIS_4_SW_data_16-June-2026_11-01-48,26,0.6348891625618975,0.6153939068317413,0.148525670170784,1,False,False,1
C000000004__VIS_4_SW_data_16-June-2026_11-01-48,26,0.6488546798030933,0.5191238522529602,0.06733334064483643,1,False,False,2
C000000004__VIS_4_SW_data_16-June-2026_11-01-48,26,0.6628201970442891,0.6177510023117065,0.03922635316848755,1,False,False,1
C000000004__VIS_4_SW_data_16-June-2026_11-01-48,26,0.6767857142854848,0.6368576288223267,0.07606729865074158,1,False,False,10
C000000004__VIS_4_SW_data_16-June-2026_11-01-48,26,0.6907512315266807,0.6237702369689941,0.024772822856903076,1,False,False,10
C000000004__VIS_4_SW_data_16-June-2026_11-01-48,26,0.7047167487678765,0.5493588447570801,0.018235623836517334,1,False,False,11
C000000004__VIS_4_SW_data_16-June-2026_11-01-48,26,0.7186822660102192,0.5363610684871674,0.03588443994522095,1,False,False,4
C000000004__VIS_4_SW_data_16-June-2026_11-01-48,26,0.732647783251415,0.4865347743034363,0.04349815845489502,1,False,False,3
C000000004__VIS_4_SW_data_16-June-2026_11-01-48,26,0.7466133004926109,0.4232233166694641,0.005994290113449097,1,False,False,12
C000000004__VIS_4_SW_data_16-June-2026_11-01-48,26,0.7605788177338066,0.45096921920776367,0.02509021759033203,1,False,False,4
C000000004__VIS_4_SW_data_16-June-2026_11-01-48,26,0.7745443349750024,0.43413621187210083,0.017949968576431274,1,False,False,5
C000000004__VIS_4_SW_data_16-June-2026_11-01-48,26,0.7885098522161982,0.3411092758178711,0.06504109501838684,1,False,False,4
C000000004__VIS_4_SW_data_16-June-2026_11-01-48,26,0.802475369458541,0.4763069748878479,0.0186040997505188,1,False,False,10
C000000004__VIS_4_SW_data_16-June-2026_11-01-48,26,0.8164408866997368,0.45526397228240967,0.021548718214035034,1,False,False,4
C000000004__VIS_4_SW_data_16-June-2026_11-01-48,26,0.8304064039409326,0.47907066345214844,0.04510703682899475,1,False,False,4
C000000004__VIS_4_SW_data_16-June-2026_11-01-48,26,0.8443719211821283,0.5366723239421844,0.07306534051895142,1,False,False,4
C000000004__VIS_4_SW_data_16-June-2026_11-01-48,26,0.8583374384233242,0.4292036294937134,0.024532824754714966,1,False,False,2
C000000004__VIS_4_SW_data_16-June-2026_11-01-48,26,0.87230295566452,0.4998079538345337,0.0487808883190155,1,False,False,2
C000000004__VIS_4_SW_data_16-June-2026_11-01-48,26,0.8862684729068627,0.49061596393585205,0.0074571967124938965,1,False,False,2
C000000004__VIS_4_SW_data_16-June-2026_11-01-48,26,0.9002339901480585,0.4522038698196411,0.09370359778404236,1,False,False,4
C000000004__VIS_4_SW_data_16-June-2026_11-01-48,26,0.9141995073892543,0.33894550800323486,0.01803162693977356,1,False,False,8
C000000004__VIS_4_SW_data_16-June-2026_11-01-48,26,0.9281650246304501,0.22800838947296143,0.020290911197662354,1,False,False,2
C000000004__VIS_4_SW_data_16-June-2026_11-01-48,26,0.9421305418716459,0.22675228118896484,0.03670433163642883,1,False,False,1
C000000004__VIS_4_SW_data_16-June-2026_11-01-48,26,0.9560960591128417,0.27500593662261963,0.004060566425323486,2,False,False,5
C000000004__VIS_4_SW_data_16-June-2026_11-01-48,26,0.011933497536303522,0.28840506076812744,0.08680269122123718,1,True,True,0
C000000004__VIS_4_SW_data_16-June-2026_11-01-48,26,0.02589901477864627,0.3949403762817383,0.06945520639419556,2,False,False,6
C000000004__VIS_4_SW_data_16-June-2026_11-01-48,26,0.03986453201984207,0.3877662420272827,0.05484279990196228,2,False,False,6
C000000004__VIS_4_SW_data_16-June-2026_11-01-48,26,0.05383004926103786,0.4507908821105957,0.07766023278236389,2,False,False,6
C000000004__VIS_4_SW_data_16-June-2026_11-01-48,26,0.06779556650223366,0.39009857177734375,0.0128764808177948,2,False,False,4
C000000004__VIS_4_SW_data_16-June-2026_11-01-48,26,0.08176108374342947,0.38760900497436523,0.004649430513381958,2,False,False,7
C000000004__VIS_4_SW_data_16-June-2026_11-01-48,26,0.09572660098462527,0.33407241106033325,0.10556861758232117,2,True,False,5
C000000004__VIS_4_SW_data_16-June-2026_11-01-48,26,0.109692118226968,0.3404117822647095,0.11347079277038574,2,True,False,5
C000000004__VIS_4_SW_data_16-June-2026_11-01-48,26,0.1236576354681638,0.38273298740386963,0.092781662940979,2,False,False,6
C000000004__VIS_4_SW_data_16-June-2026_11-01-48,26,0.1376231527093596,0.3502570390701294,0.08827212452888489,2,True,False,5
C000000004__VIS_4_SW_data_16-June-2026_11-01-48,26,0.1515886699505554,0.3364067077636719,0.13447138667106628,2,True,False,5
C000000004__VIS_4_SW_data_16-June-2026_11-01-48,26,0.1655541871917512,0.3352525234222412,0.08708247542381287,2,True,False,6
C000000004__VIS_4_SW_data_16-June-2026_11-01-48,26,0.179519704432947,0.33041250705718994,0.12653297185897827,2,False,False,6
C000000004__VIS_4_SW_data_16-June-2026_11-01-48,26,0.19348522167528975,0.3161733150482178,0.08603684604167938,2,False,False,7
C000000004__VIS_4_SW_data_16-June-2026_11-01-48,26,0.20745073891648555,0.40631353855133057,0.06724357604980469,2,False,False,6
C000000004__VIS_4_SW_data_16-June-2026_11-01-48,26,0.22141625615768135,0.38233017921447754,0.1004732996225357,1,False,False,8
C000000004__VIS_4_SW_data_16-June-2026_11-01-48,26,0.23538177339887714,0.45439016819000244,0.10146252810955048,1,False,False,7
C000000004__VIS_4_SW_data_16-June-2026_11-01-48,26,0.24934729064007294,0.44804418087005615,0.1193404346704483,1,False,False,7
C000000004__VIS_4_SW_data_16-June-2026_11-01-48,26,0.26331280788126876,0.4465714693069458,0.12853160500526428,1,False,False,8
C000000004__VIS_4_SW_data_16-June-2026_11-01-48,26,0.2772783251236115,0.5124483704566956,0.13151401281356812,1,False,False,8
C000000004__VIS_4_SW_data_16-June-2026_11-01-48,26,0.29124384236480727,0.5020913779735565,0.015440508723258972,1,False,False,8
C000000004__VIS_4_SW_data_16-June-2026_11-01-48,26,0.3052093596060031,0.5003802478313446,0.05699743330478668,1,False,False,8
C000000004__VIS_4_SW_data_16-June-2026_11-01-48,26,0.31917487684719886,0.4258421063423157,0.037004053592681885,1,False,False,9
C000000004__VIS_4_SW_data_16-June-2026_11-01-48,26,0.3331403940883947,0.43158745765686035,0.020758390426635742,1,False,False,5
C000000004__VIS_4_SW_data_16-June-2026_11-01-48,26,0.34710591132959046,0.4444504976272583,0.07291434705257416,1,False,False,3
C000000004__VIS_4_SW_data_16-June-2026_11-01-48,26,0.3610714285707863,0.4257723093032837,0.0028841644525527954,1,False,False,2
C000000004__VIS_4_SW_data_16-June-2026_11-01-48,26,0.375036945813129,0.44058340787887573,0.049272701144218445,1,False,False,2
C000000004__VIS_4_SW_data_16-June-2026_11-01-48,26,0.38900246305432484,0.44276273250579834,0.0017349421977996826,1,False,False,4
C000000004__VIS_4_SW_data_16-June-2026_11-01-48,26,0.4029679802955206,0.4265333414077759,0.009294688701629639,1,False,False,4
C000000004__VIS_4_SW_data_16-June-2026_11-01-48,26,0.41693349753671644,0.4583078622817993,0.018363773822784424,1,False,False,1
C000000004__VIS_4_SW_data_16-June-2026_11-01-48,26,0.4308990147779122,0.4141521453857422,0.027741074562072754,1,False,False,3
C000000004__VIS_4_SW_data_16-June-2026_11-01-48,26,0.444864532019108,0.44759202003479004,0.0032923519611358643,1,False,False,3
C000000004__VIS_4_SW_data_16-June-2026_11-01-48,26,0.45883004926145077,0.47740495204925537,0.001963987946510315,1,False,False,2
C000000004__VIS_4_SW_data_16-June-2026_11-01-48,26,0.4727955665026466,0.43991798162460327,4.398822784423828e-05,1,False,False,2
C000000004__VIS_4_SW_data_16-June-2026_11-01-48,26,0.48676108374384236,0.416267454624176,0.03255075216293335,1,False,False,2
C000000004__VIS_4_SW_data_16-June-2026_11-01-48,26,0.5007266009850382,0.34432709217071533,0.03785830736160278,1,False,False,2
C000000004__VIS_4_SW_data_16-June-2026_11-01-48,26,0.514692118226234,5.960464477539063e-08,0.12364870309829712,1,False,False,1
C000000004__VIS_4_SW_data_16-June-2026_11-02-20,26,0.8053508771928891,0.3790398836135864,0.07899647951126099,1,True,True,0
C000000004__VIS_4_SW_data_16-June-2026_11-02-20,26,0.8195614035084918,0.35408735275268555,0.03756025433540344,1,False,False,1
C000000004__VIS_4_SW_data_16-June-2026_11-02-20,26,0.8337719298240945,0.4916701316833496,0.1317247599363327,1,False,False,1
C000000004__VIS_4_SW_data_16-June-2026_11-02-20,26,0.8479824561396974,0.5437268614768982,0.02786201238632202,1,False,False,2
C000000004__VIS_4_SW_data_16-June-2026_11-02-20,26,0.8621929824564671,0.5462023317813873,0.0006472170352935791,1,False,False,2
C000000004__VIS_4_SW_data_16-June-2026_11-02-20,26,0.8764035087720699,0.6079516410827637,0.040260374546051025,1,False,False,3
C000000004__VIS_4_SW_data_16-June-2026_11-02-20,26,0.8906140350876726,0.6761781871318817,0.027833551168441772,1,False,False,1
C000000004__VIS_4_SW_data_16-June-2026_11-02-20,26,0.9048245614032754,0.6420991718769073,0.03753766417503357,1,False,False,5
C000000004__VIS_4_SW_data_16-June-2026_11-02-20,26,0.9190350877188781,0.37507569789886475,0.01159396767616272,1,False,False,4
C000000004__VIS_4_SW_data_16-June-2026_11-02-20,26,0.9332456140344808,0.3907731771469116,0.09728071093559265,1,True,True,0
C000000004__VIS_4_SW_data_16-June-2026_11-02-20,26,0.9474561403512507,0.35470080375671387,0.06263244152069092,1,True,True,0
C000000004__VIS_4_SW_data_16-June-2026_11-02-20,26,0.9616666666668534,0.2702273726463318,0.14520570635795593,1,True,True,0
C000000004__VIS_4_SW_data_16-June-2026_11-02-20,26,0.004699248120300752,0.2795698642730713,0.1357540488243103,1,False,False,1
C000000004__VIS_4_SW_data_16-June-2026_11-02-20,26,0.018909774435903495,0.33614087104797363,0.13158124685287476,1,False,False,1
C000000004__VIS_4_SW_data_16-June-2026_11-02-20,26,0.03312030075150624,0.3907005786895752,0.13235533237457275,1,True,True,0
C000000004__VIS_4_SW_data_16-June-2026_11-02-20,26,0.04733082706710898,0.48136329650878906,0.14300233125686646,1,False,False,2
C000000004__VIS_4_SW_data_16-June-2026_11-02-20,26,0.06154135338387879,0.5223903357982635,0.11803314089775085,1,False,False,2
C000000004__VIS_4_SW_data_16-June-2026_11-02-20,26,0.07575187969948154,0.6302940547466278,0.09486123919487,1,False,False,2
C000000004__VIS_4_SW_data_16-June-2026_11-02-20,26,0.08996240601508428,0.5566327571868896,0.05417788028717041,1,False,False,1
C000000004__VIS_4_SW_data_16-June-2026_11-02-20,26,0.10417293233068702,0.407662570476532,0.03826624155044556,1,True,True,0
C000000004__VIS_4_SW_data_16-June-2026_11-02-20,26,0.11838345864628975,0.39294326305389404,0.14063557982444763,1,False,False,1
C000000004__VIS_4_SW_data_16-June-2026_11-02-20,26,0.1325939849618925,0.3908253312110901,0.08348888158798218,1,False,False,1
C000000004__VIS_4_SW_data_16-June-2026_11-02-20,26,0.14680451127866231,0.32607579231262207,0.08317190408706665,1,False,False,1
C000000004__VIS_4_SW_data_16-June-2026_11-02-20,26,0.16101503759426505,0.3444802761077881,0.1256392002105713,1,False,False,1
C000000004__VIS_4_SW_data_16-June-2026_11-02-20,26,0.1752255639098678,0.42337071895599365,0.12383490800857544,1,False,False,1
C000000004__VIS_4_SW_data_16-June-2026_11-02-20,26,0.18943609022547053,0.41028428077697754,0.20870399475097656,1,False,False,1
C000000004__VIS_4_SW_data_16-June-2026_11-02-20,26,0.2036466165410733,0.47832727432250977,0.21466445922851562,1,True,True,0
C000000004__VIS_4_SW_data_16-June-2026_11-02-20,26,0.21785714285667604,0.5331147313117981,0.15087786316871643,1,False,False,1
C000000004__VIS_4_SW_data_16-June-2026_11-02-20,26,0.23206766917227878,0.5493563711643219,0.21808701753616333,1,False,False,1
C000000004__VIS_4_SW_data_16-June-2026_11-02-20,26,0.24627819548904858,0.6369917988777161,0.19363009929656982,1,True,True,0
C000000004__VIS_4_SW_data_16-June-2026_11-02-20,26,0.2604887218046513,0.5450770258903503,0.10321459174156189,1,True,True,0
C000000004__VIS_4_SW_data_16-June-2026_11-02-20,26,0.2746992481202541,0.5598086714744568,0.1828918159008026,1,False,False,1
C000000004__VIS_4_SW_data_16-June-2026_11-02-20,26,0.2889097744358568,0.5296878814697266,0.13427776098251343,1,False,False,1
C000000004__VIS_4_SW_data_16-June-2026_11-02-20,26,0.30312030075145957,0.43613290786743164,0.12047380208969116,1,False,False,1
C000000004__VIS_4_SW_data_16-June-2026_11-02-20,26,0.3173308270670623,0.4237349033355713,0.11130735278129578,1,False,False,1
C000000004__VIS_4_SW_data_16-June-2026_11-02-20,26,0.3315413533838321,0.4662435054779053,0.005253463983535767,1,False,False,1
C000000004__VIS_4_SW_data_16-June-2026_11-02-20,26,0.3457518796994348,0.39594680070877075,0.009109914302825928,1,False,False,10
C000000004__VIS_4_SW_data_16-June-2026_11-02-20,26,0.3599624060150376,0.4049960970878601,0.035807013511657715,1,False,False,1
C000000004__VIS_4_SW_data_16-June-2026_11-02-20,26,0.37417293233064036,0.38538026809692383,0.03363874554634094,1,False,False,4
C000000004__VIS_4_SW_data_16-June-2026_11-02-20,26,0.3883834586462431,0.34328949451446533,0.07017365097999573,1,False,False,4
C000000004__VIS_4_SW_data_16-June-2026_11-02-20,26,0.40259398496184584,0.2676197290420532,0.045776695013046265,1,False,False,3
C000000004__VIS_4_SW_data_16-June-2026_11-02-20,26,0.4168045112786156,0.259354829788208,0.07341167330741882,1,False,False,3
C000000004__VIS_4_SW_data_16-June-2026_11-02-20,26,0.4310150375942184,0.27538418769836426,0.035581767559051514,1,False,False,3
C000000004__VIS_4_SW_data_16-June-2026_11-02-20,26,0.4452255639098211,0.28058433532714844,0.04954943060874939,2,False,False,4
C000000004__VIS_4_SW_data_16-June-2026_11-02-20,26,0.45943609022542387,0.21941769123077393,0.04394081234931946,2,False,False,4
C000000004__VIS_4_SW_data_16-June-2026_11-02-20,26,0.4736466165410266,0.22227954864501953,0.01936975121498108,2,False,False,4
C000000004__VIS_4_SW_data_16-June-2026_11-02-20,26,0.48785714285662934,0.2924659252166748,0.007357567548751831,2,False,False,5
C000000004__VIS_4_SW_data_16-June-2026_11-02-20,26,0.5020676691733992,0.2891237735748291,0.03638952970504761,2,False,False,5
C000000004__VIS_4_SW_data_16-June-2026_11-02-20,26,0.5162781954890019,0.25341522693634033,0.08262354135513306,2,False,False,5
C000000004__VIS_4_SW_data_16-June-2026_11-02-20,26,0.5304887218046046,0.34661728143692017,0.03652116656303406,2,False,False,5
C000000004__VIS_4_SW_data_16-June-2026_11-02-20,26,0.5446992481202074,0.3813333511352539,0.08191627264022827,2,True,False,6
C000000004__VIS_4_SW_data_16-June-2026_11-02-20,26,0.5589097744358101,0.4088677763938904,0.13247787952423096,2,True,False,6
C000000004__VIS_4_SW_data_16-June-2026_11-02-20,26,0.5731203007514128,0.3800646662712097,0.16121461987495422,2,True,False,6
C000000004__VIS_4_SW_data_16-June-2026_11-02-20,26,0.5873308270670156,0.2875828146934509,0.1601523458957672,2,True,False,7
C000000004__VIS_4_SW_data_16-June-2026_11-02-20,26,0.6015413533837854,0.37182867527008057,0.11001431941986084,2,False,False,7
C000000004__VIS_4_SW_data_16-June-2026_11-02-20,26,0.6157518796993882,0.3298290967941284,0.13066300749778748,2,False,False,7
C000000004__VIS_4_SW_data_16-June-2026_11-02-20,26,0.6299624060149909,0.3036848306655884,0.12752971053123474,2,True,False,7
C000000004__VIS_4_SW_data_16-June-2026_11-02-20,26,0.6441729323305937,0.2798008918762207,0.14299613237380981,2,False,False,7
C000000004__VIS_4_SW_data_16-June-2026_11-02-20,26,0.6583834586461964,0.3937338590621948,0.16554468870162964,2,False,False,7
C000000004__VIS_4_SW_data_16-June-2026_11-02-20,26,0.6725939849617991,0.4440794587135315,0.18629193305969238,2,False,False,7
C000000004__VIS_4_SW_data_16-June-2026_11-02-20,26,0.6868045112785689,0.5155071914196014,0.16437765955924988,2,False,False,8
C000000004__VIS_4_SW_data_16-June-2026_11-02-20,26,0.7010150375941717,0.5347960591316223,0.10873574018478394,2,False,False,7
C000000004__VIS_4_SW_data_16-June-2026_11-02-20,26,0.7152255639097744,0.5330812335014343,0.19024646282196045,2,False,False,7
C000000004__VIS_4_SW_data_16-June-2026_11-02-20,26,0.7294360902253771,0.49198585748672485,0.2484528124332428,2,False,False,8
C000000004__VIS_4_SW_data_16-June-2026_11-02-20,26,0.74364661654098,0.5317789316177368,0.3139743506908417,1,False,False,8
C000000004__VIS_4_SW_data_16-June-2026_11-02-20,26,0.7578571428565827,0.4776078462600708,0.3320344090461731,1,False,False,8
C000000004__VIS_4_SW_data_16-June-2026_11-02-20,26,0.7720676691733525,0.39728599786758423,0.27664464712142944,1,False,False,7
C000000004__VIS_4_SW_data_16-June-2026_11-02-20,26,0.7862781954889552,0.33803021907806396,0.30036118626594543,1,False,False,8
C000000004__VIS_4_SW_data_16-June-2026_11-02-20,26,0.800488721804558,0.3482496738433838,0.36950212717056274,1,False,False,8
C000000004__VIS_4_SW_data_16-June-2026_11-02-20,26,0.8146992481201607,0.4165681004524231,0.338808536529541,1,False,False,8
C000000004__VIS_4_SW_data_16-June-2026_11-02-20,26,0.8289097744357634,0.4884909391403198,0.24513590335845947,1,False,False,9
C000000004__VIS_4_SW_data_16-June-2026_11-02-20,26,0.8431203007513662,0.5085387527942657,0.2928212583065033,1,False,False,9
C000000004__VIS_4_SW_data_16-June-2026_11-02-20,26,0.857330827068136,0.7225347459316254,0.20887881517410278,1,False,False,9
C000000004__VIS_4_SW_data_16-June-2026_11-02-20,26,0.8715413533837387,0.656760036945343,0.25279057025909424,1,False,False,9
C000000004__VIS_4_SW_data_16-June-2026_11-02-20,26,0.8857518796993414,0.6834763288497925,0.12034550309181213,1,False,False,10
C000000004__VIS_4_SW_data_16-June-2026_11-02-20,26,0.8999624060149443,0.7542190402746201,0.1409970074892044,1,False,False,10
C000000004__VIS_4_SW_data_16-June-2026_11-02-20,26,0.914172932330547,0.7095910310745239,0.02623996138572693,1,False,False,10
C000000004__VIS_4_SW_data_16-June-2026_11-02-20,26,0.9283834586461497,0.6709750294685364,0.14919213950634003,1,False,False,4
C000000004__VIS_4_SW_data_16-June-2026_11-02-20,26,0.9425939849617525,0.5402050316333771,0.08863401412963867,1,False,False,4
C000000004__VIS_4_SW_data_16-June-2026_11-02-20,26,0.9568045112785223,0.4357285499572754,0.03669089078903198,1,True,True,0
C000000004__VIS_4_SW_data_16-June-2026_11-02-20,26,0.971015037594125,0.30406224727630615,0.16715168952941895,1,False,False,1
C000000004__VIS_4_SW_data_16-June-2026_11-02-20,26,0.008634085212612436,0.5981518030166626,0.14799264073371887,1,False,False,1
C000000004__VIS_4_SW_data_16-June-2026_11-02-20,26,0.022844611528215177,0.6771410703659058,0.12799394130706787,1,False,False,1
C000000004__VIS_4_SW_data_16-June-2026_11-02-20,26,0.037055137844984994,0.74104443192482,0.09375134110450745,1,True,True,0
C000000004__VIS_4_SW_data_16-June-2026_11-02-20,26,0.05126566416058773,0.6251703500747681,0.0015100836753845215,1,False,False,1
C000000004__VIS_4_SW_data_16-June-2026_11-02-20,26,0.06547619047619048,0.5143673419952393,0.03503209352493286,1,False,False,1
C000000004__VIS_4_SW_data_16-June-2026_11-02-20,26,0.07968671679179322,0.33570754528045654,0.07817360758781433,1,False,False,2
C000000004__VIS_4_SW_data_16-June-2026_11-02-20,26,0.09389724310739596,0.0,0.12514016032218933,1,False,False,3
C000000004__VIS_4_SW_data_16-June-2026_11-03-50,26,0.38583749999990685,0.44137686491012573,0.009241938591003418,1,True,True,0
C000000004__VIS_4_SW_data_16-June-2026_11-03-50,26,0.4000124999997206,0.3750033974647522,0.0366535484790802,1,True,True,0
C000000004__VIS_4_SW_data_16-June-2026_11-03-50,26,0.41418749999953436,0.40311944484710693,0.030925512313842773,1,True,True,0
C000000004__VIS_4_SW_data_16-June-2026_11-03-50,26,0.42836249999934806,0.43884044885635376,0.008465051651000977,1,True,True,0
C000000004__VIS_4_SW_data_16-June-2026_11-03-50,26,0.442537500000326,0.4125353693962097,0.03169780969619751,1,True,True,0
C000000004__VIS_4_SW_data_16-June-2026_11-03-50,26,0.4567125000001397,0.4415825605392456,0.006666660308837891,1,True,True,0
C000000004__VIS_4_SW_data_16-June-2026_11-03-50,26,0.47088749999995344,0.45885807275772095,0.008279800415039062,1,True,True,0
C000000004__VIS_4_SW_data_16-June-2026_11-03-50,26,0.4850624999997672,0.5819611549377441,0.08567273616790771,1,False,False,1
C000000004__VIS_4_SW_data_16-June-2026_11-03-50,26,0.4992374999995809,0.5962172150611877,0.05209314823150635,1,False,False,1
C000000004__VIS_4_SW_data_16-June-2026_11-03-50,26,0.5134124999993946,0.5927170217037201,0.1142435073852539,1,True,True,0
C000000004__VIS_4_SW_data_16-June-2026_11-03-50,26,0.5275875000003726,0.6237117648124695,0.026902884244918823,1,True,True,0
C000000004__VIS_4_SW_data_16-June-2026_11-03-50,26,0.5417625000001862,0.5606656968593597,0.08763977885246277,1,True,True,0
C000000004__VIS_4_SW_data_16-June-2026_11-03-50,26,0.5559375,0.5854926407337189,0.15872156620025635,1,True,True,0
C000000004__VIS_4_SW_data_16-June-2026_11-03-50,26,0.5701124999998137,0.6696497201919556,0.13729670643806458,1,True,True,0
C000000004__VIS_4_SW_data_16-June-2026_11-03-50,26,0.5842874999996275,0.5591692924499512,0.17362749576568604,1,True,True,0
C000000004__VIS_4_SW_data_16-June-2026_11-03-50,26,0.5984624999994412,0.6352503895759583,0.30649518966674805,1,True,True,0
C000000004__VIS_4_SW_data_16-June-2026_11-03-50,26,0.612637500000419,0.6409172415733337,0.3125055730342865,1,True,True,0
C000000004__VIS_4_SW_data_16-June-2026_11-03-50,26,0.6268125000002328,0.6012924313545227,0.13821512460708618,1,False,False,1
C000000004__VIS_4_SW_data_16-June-2026_11-03-50,26,0.6409875000000466,0.6476154625415802,0.17512297630310059,1,True,True,0
C000000004__VIS_4_SW_data_16-June-2026_11-03-50,26,0.6551624999998603,0.627509355545044,0.16559681296348572,1,True,True,0
C000000004__VIS_4_SW_data_16-June-2026_11-03-50,26,0.6693374999996741,0.7058209776878357,0.18906888365745544,1,True,True,0
C000000004__VIS_4_SW_data_16-June-2026_11-03-50,26,0.6835124999994878,0.6081571877002716,0.22205422818660736,1,True,True,0
C000000004__VIS_4_SW_data_16-June-2026_11-03-50,26,0.6976875000004656,0.5777939558029175,0.2508131265640259,1,True,True,0
C000000004__VIS_4_SW_data_16-June-2026_11-03-50,26,0.7118625000002794,0.7193560600280762,0.276479572057724,1,True,True,0
C000000004__VIS_4_SW_data_16-June-2026_11-03-50,26,0.7260375000000932,0.5950267910957336,0.09961587190628052,1,False,False,1
C000000004__VIS_4_SW_data_16-June-2026_11-03-50,26,0.7402124999999069,0.5373643338680267,0.17044509947299957,1,True,True,0
C000000004__VIS_4_SW_data_16-June-2026_11-03-50,26,0.7543874999997207,0.6989600360393524,0.14841657876968384,1,True,True,0
C000000004__VIS_4_SW_data_16-June-2026_11-03-50,26,0.7685624999995343,0.5656015872955322,0.14191018044948578,1,True,True,0
C000000004__VIS_4_SW_data_16-June-2026_11-03-50,26,0.782737499999348,0.5778482258319855,0.03285020589828491,1,True,True,0
C000000004__VIS_4_SW_data_16-June-2026_11-03-50,26,0.796912500000326,0.5102248191833496,0.1983337253332138,1,False,False,1
C000000004__VIS_4_SW_data_16-June-2026_11-03-50,26,0.8110875000001397,0.562538743019104,0.19122818112373352,1,False,False,1
C000000004__VIS_4_SW_data_16-June-2026_11-03-50,26,0.8252624999999534,0.4903217554092407,0.180343359708786,1,True,True,0
C000000004__VIS_4_SW_data_16-June-2026_11-03-50,26,0.8394374999997671,0.5195765197277069,0.1861477792263031,1,True,True,0
C000000004__VIS_4_SW_data_16-June-2026_11-03-50,26,0.8536124999995809,0.5520749986171722,0.12850582599639893,1,True,True,0
C000000004__VIS_4_SW_data_16-June-2026_11-03-50,26,0.8677874999993946,0.6540710628032684,0.03780418634414673,1,False,False,1
C000000004__VIS_4_SW_data_16-June-2026_11-03-50,26,0.8819625000003726,0.6615349650382996,0.07144671678543091,1,True,True,0
C000000004__VIS_4_SW_data_16-June-2026_11-03-50,26,0.8961375000001862,0.7600294947624207,0.08527553081512451,1,True,True,0
C000000004__VIS_4_SW_data_16-June-2026_11-03-50,26,0.9103125,0.687163919210434,0.11727845668792725,1,True,True,0
C000000004__VIS_4_SW_data_16-June-2026_11-03-50,26,0.9244874999998137,0.5838733315467834,0.001139312982559204,1,False,False,4
C000000004__VIS_4_SW_data_16-June-2026_11-03-50,26,0.9386624999996275,0.5337344408035278,0.06241852045059204,1,True,True,0
C000000004__VIS_4_SW_data_16-June-2026_11-03-50,26,0.9528374999994412,0.4170728921890259,0.05636131763458252,1,False,False,1
C000000004__VIS_4_SW_data_16-June-2026_11-03-50,26,0.967012500000419,0.3906271457672119,0.03940451145172119,1,False,False,1
C000000004__VIS_4_SW_data_16-June-2026_11-03-50,26,0.9811875000002328,0.35421210527420044,0.12097209692001343,1,True,True,0
C000000004__VIS_4_SW_data_16-June-2026_11-03-50,26,0.9953625000000466,0.3076925277709961,0.1907481551170349,1,True,True,0
C000000004__VIS_4_SW_data_16-June-2026_11-03-50,26,1.0095374999998603,0.25582408905029297,0.22617509961128235,1,True,True,0
C000000004__VIS_4_SW_data_16-June-2026_11-03-50,26,0.028737500000279397,0.41304218769073486,0.15901604294776917,2,False,False,7
C000000004__VIS_4_SW_data_16-June-2026_11-03-50,26,0.04291250000009313,0.4356837272644043,0.1633349359035492,2,False,False,7
C000000004__VIS_4_SW_data_16-June-2026_11-03-50,26,0.057087499999906866,0.46016204357147217,0.11477324366569519,2,False,False,7
C000000004__VIS_4_SW_data_16-June-2026_11-03-50,26,0.0712624999997206,0.5697835087776184,0.19063618779182434,2,False,False,6
C000000004__VIS_4_SW_data_16-June-2026_11-03-50,26,0.08543749999953434,0.5576593279838562,0.1558164358139038,2,False,False,7
C000000004__VIS_4_SW_data_16-June-2026_11-03-50,26,0.09961249999934807,0.5882675051689148,0.019254446029663086,2,True,False,6
C000000004__VIS_4_SW_data_16-June-2026_11-03-50,26,0.11378750000032596,0.5801448225975037,0.10387316346168518,2,True,False,6
C000000004__VIS_4_SW_data_16-June-2026_11-03-50,26,0.1279625000001397,0.5867799818515778,0.02138194441795349,2,False,False,10
C000000004__VIS_4_SW_data_16-June-2026_11-03-50,26,0.14213749999995343,0.5581214129924774,0.05171656608581543,2,True,False,6
C000000004__VIS_4_SW_data_16-June-2026_11-03-50,26,0.15631249999976718,0.5685938596725464,0.14979517459869385,2,True,False,6
C000000004__VIS_4_SW_data_16-June-2026_11-03-50,26,0.1704874999995809,0.6428965330123901,0.11401128768920898,2,False,False,6
C000000004__VIS_4_SW_data_16-June-2026_11-03-50,26,0.18466249999939463,0.7242283821105957,0.10346746444702148,2,False,False,7
C000000004__VIS_4_SW_data_16-June-2026_11-03-50,26,0.19883750000037254,0.7084200978279114,0.0370904803276062,2,True,False,6
C000000004__VIS_4_SW_data_16-June-2026_11-03-50,26,0.21301250000018626,0.8122294545173645,0.06726503372192383,2,True,False,6
C000000004__VIS_4_SW_data_16-June-2026_11-03-50,26,0.2271875,0.7702552974224091,0.11918115615844727,2,False,False,7
C000000004__VIS_4_SW_data_16-June-2026_11-03-50,26,0.24136249999981374,0.7128408253192902,0.12508994340896606,2,True,False,6
C000000004__VIS_4_SW_data_16-June-2026_11-03-50,26,0.2555374999996275,0.7228742837905884,0.09767377376556396,2,True,False,6
C000000004__VIS_4_SW_data_16-June-2026_11-03-50,26,0.2697124999994412,0.7012672424316406,0.09934592247009277,2,True,False,5
C000000004__VIS_4_SW_data_16-June-2026_11-03-50,26,0.28388750000041907,0.6992669105529785,0.14042288064956665,2,True,False,6
C000000004__VIS_4_SW_data_16-June-2026_11-03-50,26,0.2980625000002328,0.6665329933166504,0.11896415054798126,2,True,False,6
C000000004__VIS_4_SW_data_16-June-2026_11-03-50,26,0.3122375000000466,0.6966439485549927,0.11301696300506592,2,True,False,6
C000000004__VIS_4_SW_data_16-June-2026_11-03-50,26,0.32641249999986033,0.6668981313705444,0.06989441812038422,1,False,False,7
C000000004__VIS_4_SW_data_16-June-2026_11-03-50,26,0.340587499999674,0.6566695868968964,0.03832992911338806,1,False,False,4
C000000004__VIS_4_SW_data_16-June-2026_11-03-50,26,0.3547624999994878,0.5394916534423828,0.005499601364135742,1,False,False,1
C000000004__VIS_4_SW_data_16-June-2026_11-03-50,26,0.36893750000046566,0.5241728127002716,0.007856905460357666,1,False,False,4
C000000004__VIS_4_SW_data_16-June-2026_11-03-50,26,0.3831125000002794,0.5552096366882324,0.006702214479446411,1,False,False,3
C000000004__VIS_4_SW_data_16-June-2026_11-03-50,26,0.3972875000000931,0.47798943519592285,0.03526023030281067,1,False,False,3
C000000004__VIS_4_SW_data_16-June-2026_11-03-50,26,0.41146249999990686,0.48587512969970703,0.012722879648208618,1,False,False,3
C000000004__VIS_4_SW_data_16-June-2026_11-03-50,26,0.4256374999997206,0.6093840599060059,0.006952166557312012,1,False,False,2
C000000004__VIS_4_SW_data_16-June-2026_11-03-50,26,0.4398124999995343,0.5221216082572937,0.02166569232940674,1,False,False,2
C000000004__VIS_4_SW_data_16-June-2026_11-03-50,26,0.45398749999934807,0.5921441912651062,0.023438632488250732,1,False,False,2
C000000004__VIS_4_SW_data_16-June-2026_11-03-50,26,0.46816250000032594,0.6248722672462463,0.030591130256652832,1,True,True,0
C000000004__VIS_4_SW_data_16-June-2026_11-03-50,26,0.4823375000001397,0.7256911098957062,0.06428778171539307,1,False,False,1
C000000004__VIS_4_SW_data_16-June-2026_11-03-50,26,0.49651249999995345,0.782990425825119,0.15280285477638245,1,True,True,0
C000000004__VIS_4_SW_data_16-June-2026_11-03-50,26,0.5106874999997671,0.7677016854286194,0.08011087775230408,1,True,True,0
C000000004__VIS_4_SW_data_16-June-2026_11-03-50,26,0.5248624999995809,0.7462894022464752,0.005603998899459839,1,False,False,1
C000000004__VIS_4_SW_data_16-June-2026_11-03-50,26,0.5390374999993947,0.5401979386806488,0.0841086208820343,1,False,False,2
C000000004__VIS_4_SW_data_16-June-2026_11-03-50,26,0.5532125000003725,0.5453756749629974,0.2067992091178894,1,False,False,1
C000000004__VIS_4_SW_data_16-June-2026_11-03-50,26,0.5673875000001862,0.3788503408432007,0.23501434922218323,1,False,False,1
C000000004__VIS_4_SW_data_16-June-2026_11-03-50,26,0.5815625,0.3626523017883301,0.1945851743221283,1,False,False,1
C000000004__VIS_4_SW_data_16-June-2026_11-03-50,26,0.5957374999998137,0.2584148645401001,0.18063479661941528,1,False,False,1
C000000004__VIS_4_SW_data_16-June-2026_11-03-50,26,0.6099124999996275,0.0,0.18622082471847534,1,False,False,1
C000000004__VIS_4_SW_data_16-June-2026_11-04-18,26,0.970128040973016,0.42670881748199463,0.011793136596679688,1,False,False,3
C000000004__VIS_4_SW_data_16-June-2026_11-04-18,26,0.011536491677050554,0.43906450271606445,0.04636341333389282,1,True,True,0
C000000004__VIS_4_SW_data_16-June-2026_11-04-18,26,0.026056338027692024,0.44708359241485596,0.03330045938491821,1,True,True,0
C000000004__VIS_4_SW_data_16-June-2026_11-04-18,26,0.0405761843783335,0.4716747999191284,0.09490150213241577,1,True,True,0
C000000004__VIS_4_SW_data_16-June-2026_11-04-18,26,0.05509603073016744,0.45020902156829834,0.08069375157356262,1,True,True,0
C000000004__VIS_4_SW_data_16-June-2026_11-04-18,26,0.06961587708080891,0.41543757915496826,0.012294501066207886,1,False,False,1
C000000004__VIS_4_SW_data_16-June-2026_11-04-18,26,0.08413572343145038,0.37618446350097656,0.06663161516189575,1,True,True,0
C000000004__VIS_4_SW_data_16-June-2026_11-04-18,26,0.09865556978209185,0.42819565534591675,0.07202821969985962,1,True,True,0
C000000004__VIS_4_SW_data_16-June-2026_11-04-18,26,0.11317541613273333,0.4049034118652344,0.10320174694061279,1,False,False,1
C000000004__VIS_4_SW_data_16-June-2026_11-04-18,26,0.1276952624833748,0.42861151695251465,0.10172855854034424,1,True,True,0
C000000004__VIS_4_SW_data_16-June-2026_11-04-18,26,0.14221510883520874,0.4644218683242798,0.1169290542602539,1,False,False,1
C000000004__VIS_4_SW_data_16-June-2026_11-04-18,26,0.1567349551858502,0.4803397059440613,0.14023837447166443,1,True,True,0
C000000004__VIS_4_SW_data_16-June-2026_11-04-18,26,0.17125480153649167,0.5439032018184662,0.12979817390441895,1,True,True,0
C000000004__VIS_4_SW_data_16-June-2026_11-04-18,26,0.18577464788713316,0.5679776668548584,0.18137690424919128,1,False,False,1
C000000004__VIS_4_SW_data_16-June-2026_11-04-18,26,0.20029449423777462,0.6093983948230743,0.09170904755592346,1,False,False,1
C000000004__VIS_4_SW_data_16-June-2026_11-04-18,26,0.2148143405884161,0.6776177883148193,0.052200376987457275,1,True,True,0
C000000004__VIS_4_SW_data_16-June-2026_11-04-18,26,0.22933418694025004,0.6445993781089783,0.006153106689453125,1,False,False,1
C000000004__VIS_4_SW_data_16-June-2026_11-04-18,26,0.2438540332908915,0.6375774145126343,0.03744128346443176,1,True,True,0
C000000004__VIS_4_SW_data_16-June-2026_11-04-18,26,0.25837387964153297,0.6958712935447693,0.10017849504947662,1,True,True,0
C000000004__VIS_4_SW_data_16-June-2026_11-04-18,26,0.27289372599217443,0.7992052584886551,0.022473901510238647,1,False,False,1
C000000004__VIS_4_SW_data_16-June-2026_11-04-18,26,0.2874135723428159,0.7677375823259354,0.0582008957862854,1,True,True,0
C000000004__VIS_4_SW_data_16-June-2026_11-04-18,26,0.3019334186934574,0.7292645573616028,0.1186613142490387,1,True,True,0
C000000004__VIS_4_SW_data_16-June-2026_11-04-18,26,0.3164532650452913,0.6172974705696106,0.016993194818496704,1,False,False,2
C000000004__VIS_4_SW_data_16-June-2026_11-04-18,26,0.3309731113959328,0.4874206781387329,0.0624258816242218,1,False,False,1
C000000004__VIS_4_SW_data_16-June-2026_11-04-18,26,0.3454929577465743,0.5044581294059753,0.0013756155967712402,1,False,False,13
C000000004__VIS_4_SW_data_16-June-2026_11-04-18,26,0.36001280409721576,0.4473256468772888,0.05070096254348755,1,False,False,2
C000000004__VIS_4_SW_data_16-June-2026_11-04-18,26,0.3745326504478572,0.4180784225463867,0.14159443974494934,1,False,False,2
C000000004__VIS_4_SW_data_16-June-2026_11-04-18,26,0.3890524967984987,0.41267824172973633,0.05997559428215027,1,False,False,1
C000000004__VIS_4_SW_data_16-June-2026_11-04-18,26,0.40357234314914014,0.4680609703063965,0.13082581758499146,1,False,False,1
C000000004__VIS_4_SW_data_16-June-2026_11-04-18,26,0.4180921895009741,0.49851417541503906,0.11778032779693604,1,False,False,1
C000000004__VIS_4_SW_data_16-June-2026_11-04-18,26,0.43261203585161556,0.47903871536254883,0.07775416970252991,1,True,True,0
C000000004__VIS_4_SW_data_16-June-2026_11-04-18,26,0.447131882202257,0.5788720846176147,0.11882385611534119,1,True,True,0
C000000004__VIS_4_SW_data_16-June-2026_11-04-18,26,0.4616517285528985,0.5382750630378723,0.05823242664337158,1,True,True,0
C000000004__VIS_4_SW_data_16-June-2026_11-04-18,26,0.47617157490354,0.571873277425766,0.08277621865272522,1,False,False,3
C000000004__VIS_4_SW_data_16-June-2026_11-04-18,26,0.49069142125418147,0.5710974037647247,0.0869116485118866,1,False,False,1
C000000004__VIS_4_SW_data_16-June-2026_11-04-18,26,0.5052112676060154,0.6898147463798523,0.01012614369392395,1,False,False,9
C000000004__VIS_4_SW_data_16-June-2026_11-04-18,26,0.5197311139566568,0.6261570751667023,0.053299903869628906,1,True,True,0
C000000004__VIS_4_SW_data_16-June-2026_11-04-18,26,0.5342509603072984,0.6607843041419983,0.01428559422492981,1,False,False,1
C000000004__VIS_4_SW_data_16-June-2026_11-04-18,26,0.5487708066579398,0.5253587961196899,0.1118471622467041,1,False,False,7
C000000004__VIS_4_SW_data_16-June-2026_11-04-18,26,0.5632906530085813,0.4453970193862915,0.0499839186668396,1,False,False,7
C000000004__VIS_4_SW_data_16-June-2026_11-04-18,26,0.5778104993592228,0.4857725501060486,0.10563427209854126,1,False,False,7
C000000004__VIS_4_SW_data_16-June-2026_11-04-18,26,0.5923303457110567,0.5466333031654358,0.07689151167869568,1,False,False,6
C000000004__VIS_4_SW_data_16-June-2026_11-04-18,26,0.6068501920616982,0.5606348216533661,0.04355785250663757,1,False,False,6
C000000004__VIS_4_SW_data_16-June-2026_11-04-18,26,0.6213700384123396,0.6075723469257355,0.1788511574268341,1,False,False,7
C000000004__VIS_4_SW_data_16-June-2026_11-04-18,26,0.6358898847629811,0.7105748355388641,0.20630988478660583,1,False,False,6
C000000004__VIS_4_SW_data_16-June-2026_11-04-18,26,0.6504097311136225,0.77765953540802,0.3039867877960205,1,False,False,6
C000000004__VIS_4_SW_data_16-June-2026_11-04-18,26,0.6649295774642641,0.7615222930908203,0.19043323397636414,1,False,False,6
C000000004__VIS_4_SW_data_16-June-2026_11-04-18,26,0.679449423816098,0.7150325775146484,0.21848157048225403,1,False,False,6
C000000004__VIS_4_SW_data_16-June-2026_11-04-18,26,0.6939692701667395,0.7747066617012024,0.1336374282836914,2,False,False,1
C000000004__VIS_4_SW_data_16-June-2026_11-04-18,26,0.7084891165173809,0.6962350010871887,0.0768241137266159,2,False,False,2
C000000004__VIS_4_SW_data_16-June-2026_11-04-18,26,0.7230089628680224,0.6663193106651306,0.10839341580867767,2,False,False,4
C000000004__VIS_4_SW_data_16-June-2026_11-04-18,26,0.7375288092186638,0.757703498005867,0.12601935863494873,2,False,False,3
C000000004__VIS_4_SW_data_16-June-2026_11-04-18,26,0.7520486555693053,0.8381049335002899,0.1416504830121994,2,False,False,3
C000000004__VIS_4_SW_data_16-June-2026_11-04-18,26,0.7665685019199469,0.8727564215660095,0.05710001289844513,2,False,False,3
C000000004__VIS_4_SW_data_16-June-2026_11-04-18,26,0.7810883482717808,0.82654869556427,0.10977480560541153,2,False,False,3
C000000004__VIS_4_SW_data_16-June-2026_11-04-18,26,0.7956081946224223,0.7367204129695892,0.11321722716093063,2,False,False,3
C000000004__VIS_4_SW_data_16-June-2026_11-04-18,26,0.8101280409730637,0.7894442677497864,0.06010682135820389,2,False,False,4
C000000004__VIS_4_SW_data_16-June-2026_11-04-18,26,0.8246478873237052,0.7785713821649551,0.11063212901353836,2,False,False,8
C000000004__VIS_4_SW_data_16-June-2026_11-04-18,26,0.8391677336743466,0.6705521941184998,0.0019660890102386475,2,False,False,8
C000000004__VIS_4_SW_data_16-June-2026_11-04-18,26,0.8536875800249881,0.7189948856830597,0.04063490033149719,2,False,False,10
C000000004__VIS_4_SW_data_16-June-2026_11-04-18,26,0.868207426376822,0.832145482301712,0.04530148208141327,2,False,False,5
C000000004__VIS_4_SW_data_16-June-2026_11-04-18,26,0.8827272727274635,0.771501362323761,0.11371367424726486,2,False,False,8
C000000004__VIS_4_SW_data_16-June-2026_11-04-18,26,0.897247119078105,0.7001616656780243,0.06404568254947662,1,False,False,6
C000000004__VIS_4_SW_data_16-June-2026_11-04-18,26,0.9117669654287465,0.7209115028381348,0.020986005663871765,1,False,False,2
C000000004__VIS_4_SW_data_16-June-2026_11-04-18,26,0.926286811779388,0.6194376349449158,0.08612772822380066,1,False,False,3
C000000004__VIS_4_SW_data_16-June-2026_11-04-18,26,0.9408066581300294,0.475288987159729,0.013434499502182007,1,False,False,2
C000000004__VIS_4_SW_data_16-June-2026_11-04-18,26,0.9553265044818634,0.45972776412963867,0.01932525634765625,1,False,False,5
C000000004__VIS_4_SW_data_16-June-2026_11-04-18,26,0.9698463508325048,0.4156445264816284,0.023121029138565063,1,False,False,7
C000000004__VIS_4_SW_data_16-June-2026_11-04-18,26,0.9843661971831463,0.4002128839492798,0.06266525387763977,1,False,False,2
C000000004__VIS_4_SW_data_16-June-2026_11-04-18,26,0.9988860435337877,0.5741844177246094,0.06948885321617126,1,False,False,2
C000000004__VIS_4_SW_data_16-June-2026_11-04-18,26,0.010845070422201319,0.5284214019775391,0.034746527671813965,1,True,True,0
C000000004__VIS_4_SW_data_16-June-2026_11-04-18,26,0.025364916772842788,0.6544209122657776,0.11145968735218048,1,True,True,0
C000000004__VIS_4_SW_data_16-June-2026_11-04-18,26,0.03988476312467673,0.6154631972312927,0.04151594638824463,1,False,False,11
C000000004__VIS_4_SW_data_16-June-2026_11-04-18,26,0.0544046094753182,0.6536419689655304,0.06567823886871338,1,False,False,1
C000000004__VIS_4_SW_data_16-June-2026_11-04-18,26,0.06892445582595967,0.7382386326789856,0.0261678546667099,1,False,False,1
C000000004__VIS_4_SW_data_16-June-2026_11-04-18,26,0.08344430217660115,0.7022385001182556,0.0057542771100997925,1,False,False,6
C000000004__VIS_4_SW_data_16-June-2026_11-04-18,26,0.09796414852724261,0.7729935944080353,0.004350036382675171,1,False,False,9
C000000004__VIS_4_SW_data_16-June-2026_11-04-18,26,0.11248399487788409,0.6606649458408356,0.09720434993505478,1,False,False,4
C000000004__VIS_4_SW_data_16-June-2026_11-04-18,26,0.12700384122852557,0.6809545755386353,0.017670556902885437,1,False,False,4
C000000004__VIS_4_SW_data_16-June-2026_11-04-18,26,0.1415236875803595,0.8919174820184708,0.03181762993335724,1,False,False,5
C000000004__VIS_4_SW_data_16-June-2026_11-04-18,26,0.15604353393100098,0.8175560534000397,0.04375949501991272,1,False,False,7
C000000004__VIS_4_SW_data_16-June-2026_11-04-18,26,0.17056338028164245,0.8134621977806091,0.07801699638366699,1,False,False,5
C000000004__VIS_4_SW_data_16-June-2026_11-04-18,26,0.1850832266322839,0.7440666556358337,0.0755535140633583,1,False,False,6
C000000004__VIS_4_SW_data_16-June-2026_11-04-18,26,0.19960307298292537,0.7398509979248047,0.05880587548017502,1,False,False,6
C000000004__VIS_4_SW_data_16-June-2026_11-04-18,26,0.21412291933356686,0.7643115222454071,0.021425046026706696,1,False,False,10
C000000004__VIS_4_SW_data_16-June-2026_11-04-18,26,0.2286427656854008,0.7345773577690125,0.016155138611793518,1,False,False,12
C000000004__VIS_4_SW_data_16-June-2026_11-04-18,26,0.24316261203604228,0.6005219221115112,0.0008458495140075684,1,False,False,5
C000000004__VIS_4_SW_data_16-June-2026_11-04-18,26,0.25768245838668374,0.5960015058517456,0.031912535429000854,1,False,False,7
C000000004__VIS_4_SW_data_16-June-2026_11-04-18,26,0.2722023047373252,0.4866475462913513,0.00033573806285858154,1,False,False,13
C000000004__VIS_4_SW_data_16-June-2026_11-04-18,26,0.28672215108796667,1.1920928955078125e-07,0.003807276487350464,1,False,False,5
C000000004__VIS_4_SW_data_16-June-2026_11-04-50,26,0.7451272264630096,0.4927506446838379,0.07483649253845215,1,False,False,2
C000000004__VIS_4_SW_data_16-June-2026_11-04-50,26,0.7595547073788504,0.4208022952079773,0.08456981182098389,1,False,False,2
C000000004__VIS_4_SW_data_16-June-2026_11-04-50,26,0.7739821882946915,0.48415935039520264,0.012397438287734985,1,False,False,2
C000000004__VIS_4_SW_data_16-June-2026_11-04-50,26,0.7884096692105323,0.571458488702774,0.03574749827384949,1,False,False,1
C000000004__VIS_4_SW_data_16-June-2026_11-04-50,26,0.8028371501275582,0.49616163969039917,0.09232701361179352,1,False,False,3
C000000004__VIS_4_SW_data_16-June-2026_11-04-50,26,0.8172646310433992,0.5789570212364197,0.0037953555583953857,1,False,False,3
C000000004__VIS_4_SW_data_16-June-2026_11-04-50,26,0.8316921119592401,0.6424450278282166,0.05625125765800476,1,False,False,4
C000000004__VIS_4_SW_data_16-June-2026_11-04-50,26,0.8461195928750811,0.748009443283081,0.08466783165931702,1,True,True,0
C000000004__VIS_4_SW_data_16-June-2026_11-04-50,26,0.860547073790922,0.8752849400043488,0.02588021755218506,1,False,False,4
C000000004__VIS_4_SW_data_16-June-2026_11-04-50,26,0.874974554706763,0.7354587316513062,0.06287845969200134,1,True,True,0
C000000004__VIS_4_SW_data_16-June-2026_11-04-50,26,0.8894020356237888,0.5949817895889282,0.09862770140171051,1,False,False,1
C000000004__VIS_4_SW_data_16-June-2026_11-04-50,26,0.9038295165396298,0.5749400854110718,0.11203981935977936,1,True,True,0
C000000004__VIS_4_SW_data_16-June-2026_11-04-50,26,0.9182569974554707,0.5458973348140717,0.07251641154289246,1,True,True,0
C000000004__VIS_4_SW_data_16-June-2026_11-04-50,26,0.9326844783713117,0.4272066354751587,0.08858752250671387,1,True,True,0
C000000004__VIS_4_SW_data_16-June-2026_11-04-50,26,0.9471119592871526,0.3899794816970825,0.06958642601966858,1,True,True,0
C000000004__VIS_4_SW_data_16-June-2026_11-04-50,26,0.9615394402029936,0.398356556892395,0.05735290050506592,1,True,True,0
C000000004__VIS_4_SW_data_16-June-2026_11-04-50,26,0.9759669211200195,0.33586251735687256,0.10811030864715576,1,True,True,0
C000000004__VIS_4_SW_data_16-June-2026_11-04-50,26,0.9903944020358604,0.42930489778518677,0.06940993666648865,1,False,False,1
C000000004__VIS_4_SW_data_16-June-2026_11-04-50,26,0.019249363867542293,0.5031957924365997,0.040271490812301636,1,False,False,2
C000000004__VIS_4_SW_data_16-June-2026_11-04-50,26,0.033676844783383245,0.5514034032821655,0.03060978651046753,1,False,False,2
C000000004__VIS_4_SW_data_16-June-2026_11-04-50,26,0.048104325699224196,0.623986691236496,0.016478687524795532,1,False,False,2
C000000004__VIS_4_SW_data_16-June-2026_11-04-50,26,0.06253180661625003,0.5418727993965149,0.027327120304107666,1,False,False,2
C000000004__VIS_4_SW_data_16-June-2026_11-04-50,26,0.07695928753209098,0.6087850034236908,0.005653083324432373,1,False,False,1
C000000004__VIS_4_SW_data_16-June-2026_11-04-50,26,0.09138676844793193,0.6375585198402405,0.028764188289642334,1,False,False,1
C000000004__VIS_4_SW_data_16-June-2026_11-04-50,26,0.1058142493637729,0.6381807625293732,0.009184837341308594,1,False,False,1
C000000004__VIS_4_SW_data_16-June-2026_11-04-50,26,0.12024173027961385,0.7072280943393707,0.07417473196983337,1,True,True,0
C000000004__VIS_4_SW_data_16-June-2026_11-04-50,26,0.1346692111954548,0.6362352967262268,0.034076809883117676,1,True,True,0
C000000004__VIS_4_SW_data_16-June-2026_11-04-50,26,0.14909669211129575,0.703529417514801,0.016000360250473022,1,False,False,4
C000000004__VIS_4_SW_data_16-June-2026_11-04-50,26,0.1635241730283216,0.6296054422855377,0.023677170276641846,1,False,False,4
C000000004__VIS_4_SW_data_16-June-2026_11-04-50,26,0.17795165394416254,0.6703561544418335,0.012044370174407959,1,True,True,0
C000000004__VIS_4_SW_data_16-June-2026_11-04-50,26,0.1923791348600035,0.7585005164146423,0.005123764276504517,1,False,False,1
C000000004__VIS_4_SW_data_16-June-2026_11-04-50,26,0.20680661577584444,0.8723883628845215,0.0779123306274414,1,True,True,0
C000000004__VIS_4_SW_data_16-June-2026_11-04-50,26,0.2212340966916854,0.7297454178333282,0.1487812101840973,1,True,True,0
C000000004__VIS_4_SW_data_16-June-2026_11-04-50,26,0.23566157760752635,0.8556745946407318,0.15858136117458344,1,True,True,0
C000000004__VIS_4_SW_data_16-June-2026_11-04-50,26,0.2500890585245522,0.7795289605855942,0.11076346039772034,1,True,True,0
C000000004__VIS_4_SW_data_16-June-2026_11-04-50,26,0.26451653944039316,0.6577979624271393,0.03311796486377716,1,False,False,8
C000000004__VIS_4_SW_data_16-June-2026_11-04-50,26,0.2789440203562341,0.6278643012046814,0.011046618223190308,1,False,False,1
C000000004__VIS_4_SW_data_16-June-2026_11-04-50,26,0.29337150127207506,0.5488734543323517,0.05814214050769806,1,False,False,7
C000000004__VIS_4_SW_data_16-June-2026_11-04-50,26,0.307798982187916,0.41042566299438477,0.030919671058654785,1,False,False,7
C000000004__VIS_4_SW_data_16-June-2026_11-04-50,26,0.32222646310375697,0.44157224893569946,0.002356916666030884,1,False,False,10
C000000004__VIS_4_SW_data_16-June-2026_11-04-50,26,0.3366539440207828,0.3776681423187256,0.02192819118499756,1,False,False,1
C000000004__VIS_4_SW_data_16-June-2026_11-04-50,26,0.35108142493662375,0.3547399044036865,0.006658494472503662,1,False,False,8
C000000004__VIS_4_SW_data_16-June-2026_11-04-50,26,0.3655089058524647,0.3803344964981079,0.013399660587310791,1,False,False,7
C000000004__VIS_4_SW_data_16-June-2026_11-04-50,26,0.37993638676830566,0.34491604566574097,0.0034068524837493896,2,True,False,6
C000000004__VIS_4_SW_data_16-June-2026_11-04-50,26,0.3943638676841466,0.3336329460144043,0.005064576864242554,2,True,False,6
C000000004__VIS_4_SW_data_16-June-2026_11-04-50,26,0.40879134859998756,0.4154700040817261,0.00926905870437622,2,False,False,5
C000000004__VIS_4_SW_data_16-June-2026_11-04-50,26,0.4232188295170134,0.39621198177337646,0.0050318241119384766,2,False,False,6
C000000004__VIS_4_SW_data_16-June-2026_11-04-50,26,0.43764631043285435,0.3902655839920044,0.011252731084823608,2,True,False,6
C000000004__VIS_4_SW_data_16-June-2026_11-04-50,26,0.4520737913486953,0.3394354581832886,0.038546085357666016,2,False,False,7
C000000004__VIS_4_SW_data_16-June-2026_11-04-50,26,0.46650127226453625,0.3382425308227539,0.01388058066368103,2,True,True,0
C000000004__VIS_4_SW_data_16-June-2026_11-04-50,26,0.4809287531803772,0.4496610760688782,0.023812592029571533,2,False,False,1
C000000004__VIS_4_SW_data_16-June-2026_11-04-50,26,0.49535623409621815,0.3976128101348877,0.05199700593948364,2,False,False,7
C000000004__VIS_4_SW_data_16-June-2026_11-04-50,26,0.5097837150120591,0.5087453722953796,0.007199466228485107,2,False,False,1
C000000004__VIS_4_SW_data_16-June-2026_11-04-50,26,0.5242111959290849,0.47563326358795166,0.028595656156539917,2,False,False,7
C000000004__VIS_4_SW_data_16-June-2026_11-04-50,26,0.538638676844926,0.46559619903564453,0.03989565372467041,2,False,False,9
C000000004__VIS_4_SW_data_16-June-2026_11-04-50,26,0.5530661577607668,0.49592268466949463,0.029175519943237305,2,False,False,2
C000000004__VIS_4_SW_data_16-June-2026_11-04-50,26,0.5674936386766078,0.5274946987628937,0.029851973056793213,2,False,False,8
C000000004__VIS_4_SW_data_16-June-2026_11-04-50,26,0.5819211195924487,0.5586966276168823,0.03378385305404663,2,False,False,10
C000000004__VIS_4_SW_data_16-June-2026_11-04-50,26,0.5963486005082898,0.607440710067749,0.01133108139038086,2,False,False,10
C000000004__VIS_4_SW_data_16-June-2026_11-04-50,26,0.6107760814253156,0.6228482127189636,0.004332244396209717,2,False,False,4
C000000004__VIS_4_SW_data_16-June-2026_11-04-50,26,0.6252035623411565,0.7157116532325745,0.021910429000854492,2,False,False,4
C000000004__VIS_4_SW_data_16-June-2026_11-04-50,26,0.6396310432569975,0.7243967652320862,0.03448447585105896,2,False,False,1
C000000004__VIS_4_SW_data_16-June-2026_11-04-50,26,0.6540585241728384,0.6825317740440369,0.10638399422168732,2,True,False,6
C000000004__VIS_4_SW_data_16-June-2026_11-04-50,26,0.6684860050886794,0.6940537691116333,0.007382407784461975,1,False,False,6
C000000004__VIS_4_SW_data_16-June-2026_11-04-50,26,0.6829134860045203,0.6946559846401215,0.001483827829360962,1,False,False,13
C000000004__VIS_4_SW_data_16-June-2026_11-04-50,26,0.6973409669215461,0.8346136212348938,0.026015505194664,1,False,False,2
C000000004__VIS_4_SW_data_16-June-2026_11-04-50,26,0.7117684478373871,0.778536319732666,0.016141444444656372,1,False,False,13
C000000004__VIS_4_SW_data_16-June-2026_11-04-50,26,0.726195928753228,0.7742368876934052,0.013944938778877258,1,False,False,10
C000000004__VIS_4_SW_data_16-June-2026_11-04-50,26,0.740623409669069,0.7662917971611023,0.006382293999195099,1,False,False,10
C000000004__VIS_4_SW_data_16-June-2026_11-04-50,26,0.7550508905849099,0.7222901582717896,0.001755446195602417,1,False,False,6
C000000004__VIS_4_SW_data_16-June-2026_11-04-50,26,0.7694783715007509,0.6441680192947388,0.024815358221530914,1,False,False,8
C000000004__VIS_4_SW_data_16-June-2026_11-04-50,26,0.7839058524177768,0.579408198595047,0.017990827560424805,1,False,False,7
C000000004__VIS_4_SW_data_16-June-2026_11-04-50,26,0.7983333333336177,0.6087741851806641,0.0019020438194274902,1,False,False,3
C000000004__VIS_4_SW_data_16-June-2026_11-04-50,26,0.8127608142494587,0.4942188262939453,0.013757377862930298,1,False,False,4
C000000004__VIS_4_SW_data_16-June-2026_11-04-50,26,0.8271882951652996,0.4558299779891968,0.02881591022014618,1,False,False,3
C000000004__VIS_4_SW_data_16-June-2026_11-04-50,26,0.8416157760811406,0.6060858964920044,0.0177440345287323,1,False,False,6
C000000004__VIS_4_SW_data_16-June-2026_11-04-50,26,0.8560432569969815,0.5311855673789978,0.006820946931838989,1,False,False,6
C000000004__VIS_4_SW_data_16-June-2026_11-04-50,26,0.8704707379128225,0.5005378723144531,0.05400589108467102,1,False,False,3
C000000004__VIS_4_SW_data_16-June-2026_11-04-50,26,0.8848982188298483,0.5122635960578918,0.05229407548904419,1,False,False,2
C000000004__VIS_4_SW_data_16-June-2026_11-04-50,26,0.8993256997456892,0.4731091260910034,0.047485291957855225,1,False,False,2
C000000004__VIS_4_SW_data_16-June-2026_11-04-50,26,0.9137531806615302,0.34639668464660645,0.12274238467216492,1,False,False,2
C000000004__VIS_4_SW_data_16-June-2026_11-04-50,26,0.9281806615773711,0.3703266382217407,0.16975921392440796,1,False,False,1
C000000004__VIS_4_SW_data_16-June-2026_11-04-50,26,0.9426081424932121,0.32802218198776245,0.1846504509449005,1,False,False,1
C000000004__VIS_4_SW_data_16-June-2026_11-04-50,26,0.957035623409053,0.33274537324905396,0.10786238312721252,1,False,False,1
C000000004__VIS_4_SW_data_16-June-2026_11-04-50,26,0.971463104326079,0.2538270950317383,0.1411164104938507,1,False,False,1
C000000004__VIS_4_SW_data_16-June-2026_11-04-50,26,0.9858905852419199,0.2474183440208435,0.08528885245323181,1,True,True,0
C000000004__VIS_4_SW_data_16-June-2026_11-04-50,26,0.02492366412194782,0.23951786756515503,0.10853998363018036,1,False,False,1
C000000004__VIS_4_SW_data_16-June-2026_11-04-50,26,0.039351145037788776,5.960464477539063e-08,0.15165793895721436,1,False,False,1
C000000004__VIS_4_SW_data_16-June-2026_11-05-52,26,0.647012820512725,0.5613833665847778,0.0981011688709259,1,False,False,8
C000000004__VIS_4_SW_data_16-June-2026_11-05-52,26,0.6615512820509954,0.5999433994293213,0.044443175196647644,1,False,False,1
C000000004__VIS_4_SW_data_16-June-2026_11-05-52,26,0.676089743589266,0.5801250338554382,0.07909706234931946,1,False,False,1
C000000004__VIS_4_SW_data_16-June-2026_11-05-52,26,0.6906282051275365,0.5225919485092163,0.08170285820960999,1,True,True,0
C000000004__VIS_4_SW_data_16-June-2026_11-05-52,26,0.705166666667001,0.5006689727306366,0.028304606676101685,1,False,False,1
C000000004__VIS_4_SW_data_16-June-2026_11-05-52,26,0.7197051282052714,0.4575861692428589,0.0491081178188324,1,False,False,1
C000000004__VIS_4_SW_data_16-June-2026_11-05-52,26,0.734243589743542,0.5603368878364563,0.01007339358329773,1,False,False,1
C000000004__VIS_4_SW_data_16-June-2026_11-05-52,26,0.7487820512818125,0.6259926557540894,0.018375515937805176,1,False,False,2
C000000004__VIS_4_SW_data_16-June-2026_11-05-52,26,0.763320512820083,0.6056928932666779,0.03990238904953003,1,False,False,3
C000000004__VIS_4_SW_data_16-June-2026_11-05-52,26,0.7778589743583535,0.6829325556755066,0.007600307464599609,1,True,True,0
C000000004__VIS_4_SW_data_16-June-2026_11-05-52,26,0.792397435897818,0.6091423332691193,0.0962444543838501,1,False,False,2
C000000004__VIS_4_SW_data_16-June-2026_11-05-52,26,0.8069358974360885,0.5671106278896332,0.005108267068862915,1,False,False,2
C000000004__VIS_4_SW_data_16-June-2026_11-05-52,26,0.8214743589743589,0.5991392731666565,0.07393953204154968,1,False,False,2
C000000004__VIS_4_SW_data_16-June-2026_11-05-52,26,0.8360128205126295,0.6206010580062866,0.09244988858699799,1,False,False,2
C000000004__VIS_4_SW_data_16-June-2026_11-05-52,26,0.8505512820508999,0.6795769929885864,0.01416236162185669,1,False,False,1
C000000004__VIS_4_SW_data_16-June-2026_11-05-52,26,0.8650897435891705,0.6915121972560883,0.1260802149772644,1,False,False,1
C000000004__VIS_4_SW_data_16-June-2026_11-05-52,26,0.8796282051286349,0.7328464388847351,0.14951835572719574,1,False,False,1
C000000004__VIS_4_SW_data_16-June-2026_11-05-52,26,0.8941666666669055,0.7569884657859802,0.10037080943584442,1,True,True,0
C000000004__VIS_4_SW_data_16-June-2026_11-05-52,26,0.908705128205176,0.7198156118392944,0.09471940994262695,1,True,True,0
C000000004__VIS_4_SW_data_16-June-2026_11-05-52,26,0.9232435897434464,0.7036899030208588,0.020289063453674316,1,True,True,0
C000000004__VIS_4_SW_data_16-June-2026_11-05-52,26,0.937782051281717,0.5554448664188385,0.06409066915512085,1,False,False,1
C000000004__VIS_4_SW_data_16-June-2026_11-05-52,26,0.9523205128199874,0.511542558670044,0.10242815315723419,1,False,False,1
C000000004__VIS_4_SW_data_16-June-2026_11-05-52,26,0.966858974359452,0.4347536563873291,0.16694548726081848,1,False,False,1
C000000004__VIS_4_SW_data_16-June-2026_11-05-52,26,0.9813974358977224,0.3906136751174927,0.1746002435684204,1,False,False,1
C000000004__VIS_4_SW_data_16-June-2026_11-05-52,26,0.995935897435993,0.4487433433532715,0.12144932150840759,1,True,True,0
C000000004__VIS_4_SW_data_16-June-2026_11-05-52,26,0.019884615384328824,0.5452120006084442,0.08632414042949677,1,False,False,1
C000000004__VIS_4_SW_data_16-June-2026_11-05-52,26,0.03442307692259932,0.5998730659484863,0.12434777617454529,1,False,False,1
C000000004__VIS_4_SW_data_16-June-2026_11-05-52,26,0.04896153846086982,0.5970883965492249,0.11348295211791992,1,False,False,1
C000000004__VIS_4_SW_data_16-June-2026_11-05-52,26,0.06350000000033432,0.6052870452404022,0.0004271268844604492,1,False,False,1
C000000004__VIS_4_SW_data_16-June-2026_11-05-52,26,0.07803846153860482,0.5628791153430939,0.03406190872192383,1,False,False,1
C000000004__VIS_4_SW_data_16-June-2026_11-05-52,26,0.09257692307687532,0.6284235119819641,0.018573462963104248,1,False,False,3
C000000004__VIS_4_SW_data_16-June-2026_11-05-52,26,0.10711538461514582,0.5121517181396484,0.038170963525772095,1,False,False,2
C000000004__VIS_4_SW_data_16-June-2026_11-05-52,26,0.12165384615341632,0.5301919281482697,0.08462129533290863,1,False,False,3
C000000004__VIS_4_SW_data_16-June-2026_11-05-52,26,0.1361923076916868,0.570293664932251,0.054690539836883545,1,False,False,3
C000000004__VIS_4_SW_data_16-June-2026_11-05-52,26,0.1507307692311513,0.47892338037490845,0.058046504855155945,1,False,False,3
C000000004__VIS_4_SW_data_16-June-2026_11-05-52,26,0.16526923076942182,0.6147777438163757,0.004258692264556885,1,False,False,4
C000000004__VIS_4_SW_data_16-June-2026_11-05-52,26,0.1798076923076923,0.6662054657936096,0.05965942144393921,1,False,False,5
C000000004__VIS_4_SW_data_16-June-2026_11-05-52,26,0.1943461538459628,0.7720927000045776,0.05140101909637451,1,False,False,5
C000000004__VIS_4_SW_data_16-June-2026_11-05-52,26,0.2088846153842333,0.7263960242271423,0.05483616888523102,1,False,False,5
C000000004__VIS_4_SW_data_16-June-2026_11-05-52,26,0.2234230769225038,0.8252379894256592,0.003901928663253784,1,False,False,2
C000000004__VIS_4_SW_data_16-June-2026_11-05-52,26,0.2379615384619683,0.7984421849250793,0.0413612425327301,1,False,False,6
C000000004__VIS_4_SW_data_16-June-2026_11-05-52,26,0.2525000000002388,0.6703352332115173,0.009252846240997314,1,False,False,2
C000000004__VIS_4_SW_data_16-June-2026_11-05-52,26,0.2670384615385093,0.6698594093322754,0.0852264016866684,1,True,True,0
C000000004__VIS_4_SW_data_16-June-2026_11-05-52,26,0.2815769230767798,0.5506754219532013,0.0055665522813797,1,False,False,4
C000000004__VIS_4_SW_data_16-June-2026_11-05-52,26,0.29611538461505027,0.5250965356826782,0.11842440068721771,2,True,False,6
C000000004__VIS_4_SW_data_16-June-2026_11-05-52,26,0.3106538461533208,0.48381686210632324,0.0043395161628723145,2,False,False,3
C000000004__VIS_4_SW_data_16-June-2026_11-05-52,26,0.3251923076927853,0.5121163129806519,0.022343501448631287,2,False,False,7
C000000004__VIS_4_SW_data_16-June-2026_11-05-52,26,0.3397307692310558,0.5661851167678833,0.06461289525032043,2,False,False,7
C000000004__VIS_4_SW_data_16-June-2026_11-05-52,26,0.3542692307693263,0.44689100980758667,0.06757962703704834,2,False,False,7
C000000004__VIS_4_SW_data_16-June-2026_11-05-52,26,0.3688076923075968,0.399583101272583,0.042335137724876404,2,False,False,7
C000000004__VIS_4_SW_data_16-June-2026_11-05-52,26,0.3833461538458673,0.3703385591506958,0.032320454716682434,2,False,False,2
C000000004__VIS_4_SW_data_16-June-2026_11-05-52,26,0.3978846153841378,0.4474055767059326,0.037661388516426086,2,False,False,2
C000000004__VIS_4_SW_data_16-June-2026_11-05-52,26,0.41242307692240826,0.42609667778015137,0.01311732828617096,2,False,False,5
C000000004__VIS_4_SW_data_16-June-2026_11-05-52,26,0.4269615384618728,0.378714919090271,0.05064898729324341,2,False,False,1
C000000004__VIS_4_SW_data_16-June-2026_11-05-52,26,0.4415000000001433,0.3734571933746338,0.01837088167667389,2,True,True,0
C000000004__VIS_4_SW_data_16-June-2026_11-05-52,26,0.45603846153841376,0.37578296661376953,0.014263272285461426,2,False,False,9
C000000004__VIS_4_SW_data_16-June-2026_11-05-52,26,0.47057692307668425,0.41807425022125244,0.053635552525520325,2,False,False,9
C000000004__VIS_4_SW_data_16-June-2026_11-05-52,26,0.4851153846149548,0.5204629898071289,0.03407089412212372,2,True,False,5
C000000004__VIS_4_SW_data_16-June-2026_11-05-52,26,0.4996538461532253,0.48188596963882446,0.019450247287750244,2,False,False,4
C000000004__VIS_4_SW_data_16-June-2026_11-05-52,26,0.5141923076926898,0.5544688701629639,0.005192115902900696,2,True,False,6
C000000004__VIS_4_SW_data_16-June-2026_11-05-52,26,0.5287307692309603,0.5359013676643372,0.016707226634025574,2,False,False,4
C000000004__VIS_4_SW_data_16-June-2026_11-05-52,26,0.5432692307692307,0.4496653079986572,4.51207160949707e-05,2,False,False,1
C000000004__VIS_4_SW_data_16-June-2026_11-05-52,26,0.5578076923075013,0.5288927257061005,0.007319226861000061,2,False,False,1
C000000004__VIS_4_SW_data_16-June-2026_11-05-52,26,0.5723461538457718,0.617856502532959,0.037593647837638855,1,False,False,1
C000000004__VIS_4_SW_data_16-June-2026_11-05-52,26,0.5868846153840422,0.7152010500431061,0.013058364391326904,1,False,False,3
C000000004__VIS_4_SW_data_16-June-2026_11-05-52,26,0.6014230769235067,0.8021420836448669,0.006458088755607605,1,False,False,4
C000000004__VIS_4_SW_data_16-June-2026_11-05-52,26,0.6159615384617773,0.7871513068675995,0.06589369475841522,1,False,False,4
C000000004__VIS_4_SW_data_16-June-2026_11-05-52,26,0.6305000000000478,0.8301892727613449,0.05534660816192627,1,False,False,4
C000000004__VIS_4_SW_data_16-June-2026_11-05-52,26,0.6450384615383182,0.8856362327933311,0.05802759528160095,1,False,False,5
C000000004__VIS_4_SW_data_16-June-2026_11-05-52,26,0.6595769230765888,0.8165943622589111,0.0467013418674469,1,False,False,5
C000000004__VIS_4_SW_data_16-June-2026_11-05-52,26,0.6741153846148592,0.77842116355896,0.10631215572357178,1,False,False,5
C000000004__VIS_4_SW_data_16-June-2026_11-05-52,26,0.6886538461543238,0.6063798666000366,0.004692167043685913,1,False,False,10
C000000004__VIS_4_SW_data_16-June-2026_11-05-52,26,0.7031923076925942,0.4490329623222351,0.0260496586561203,1,False,False,12
C000000004__VIS_4_SW_data_16-June-2026_11-05-52,26,0.7177307692308648,0.49514758586883545,0.026798009872436523,1,False,False,6
C000000004__VIS_4_SW_data_16-June-2026_11-05-52,26,0.7322692307691353,0.46954524517059326,0.04459139704704285,1,False,False,12
C000000004__VIS_4_SW_data_16-June-2026_11-05-52,26,0.7468076923074057,0.533164381980896,0.006093412637710571,1,False,False,7
C000000004__VIS_4_SW_data_16-June-2026_11-05-52,26,0.7613461538456763,0.4615403413772583,0.012719675898551941,1,False,False,13
C000000004__VIS_4_SW_data_16-June-2026_11-05-52,26,0.7758846153839467,0.4605082869529724,0.011027902364730835,1,False,False,7
C000000004__VIS_4_SW_data_16-June-2026_11-05-52,26,0.7904230769234113,0.39326125383377075,0.030929267406463623,1,False,False,12
C000000004__VIS_4_SW_data_16-June-2026_11-05-52,26,0.8049615384616817,0.4197051525115967,0.011052459478378296,1,False,False,13
C000000004__VIS_4_SW_data_16-June-2026_11-05-52,26,0.8194999999999523,0.4632800817489624,0.01275777816772461,1,False,False,8
C000000004__VIS_4_SW_data_16-June-2026_11-05-52,26,0.8340384615382227,0.43902909755706787,0.016707897186279297,1,False,False,11
C000000004__VIS_4_SW_data_16-June-2026_11-05-52,26,0.8485769230764932,0.4404357075691223,0.0222979336977005,1,False,False,12
C000000004__VIS_4_SW_data_16-June-2026_11-05-52,26,0.8631153846147638,0.3950203061103821,0.02217969298362732,1,False,False,10
C000000004__VIS_4_SW_data_16-June-2026_11-05-52,26,0.8776538461542283,0.48791277408599854,0.09585350006818771,1,False,False,3
C000000004__VIS_4_SW_data_16-June-2026_11-05-52,26,0.8921923076924987,0.4357230067253113,0.0019329190254211426,1,False,False,10
C000000004__VIS_4_SW_data_16-June-2026_11-05-52,26,0.9067307692307692,0.4068589210510254,0.0332169383764267,1,False,False,2
C000000004__VIS_4_SW_data_16-June-2026_11-05-52,26,0.9212692307690398,0.339444637298584,0.01411581039428711,1,False,False,9
C000000004__VIS_4_SW_data_16-June-2026_11-05-52,26,0.9358076923073102,0.0,0.03016074001789093,1,False,False,2
C000000004__VIS_4_SW_data_16-June-2026_11-06-25,26,0.3633374999999069,0.5092996060848236,0.24552591145038605,1,False,False,7
C000000004__VIS_4_SW_data_16-June-2026_11-06-25,26,0.3775124999997206,0.5104089975357056,0.17469371855258942,1,False,False,8
C000000004__VIS_4_SW_data_16-June-2026_11-06-25,26,0.39168749999953434,0.5369386374950409,0.10872507095336914,1,False,False,2
C000000004__VIS_4_SW_data_16-June-2026_11-06-25,26,0.4058624999993481,0.6291384100914001,0.0063132643699646,1,False,False,1
C000000004__VIS_4_SW_data_16-June-2026_11-06-25,26,0.42003750000032597,0.4914507269859314,0.023945137858390808,1,False,False,2
C000000004__VIS_4_SW_data_16-June-2026_11-06-25,26,0.4342125000001397,0.5941863656044006,0.02827829122543335,1,False,False,3
C000000004__VIS_4_SW_data_16-June-2026_11-06-25,26,0.4483874999999534,0.5426387786865234,0.003609985113143921,1,False,False,1
C000000004__VIS_4_SW_data_16-June-2026_11-06-25,26,0.4625624999997672,0.5538435578346252,0.002295583486557007,1,False,False,4
C000000004__VIS_4_SW_data_16-June-2026_11-06-25,26,0.4767374999995809,0.5114405751228333,0.07873997092247009,1,True,True,0
C000000004__VIS_4_SW_data_16-June-2026_11-06-25,26,0.4909124999993946,0.5412960350513458,0.0831163227558136,1,True,True,0
C000000004__VIS_4_SW_data_16-June-2026_11-06-25,26,0.5050875000003725,0.514092743396759,0.04278296232223511,1,True,True,0
C000000004__VIS_4_SW_data_16-June-2026_11-06-25,26,0.5192625000001863,0.5404784679412842,0.015253216028213501,1,True,True,0
C000000004__VIS_4_SW_data_16-June-2026_11-06-25,26,0.5334375,0.5351043939590454,0.019913315773010254,1,False,False,1
C000000004__VIS_4_SW_data_16-June-2026_11-06-25,26,0.5476124999998138,0.447401762008667,0.04315707087516785,1,False,False,1
C000000004__VIS_4_SW_data_16-June-2026_11-06-25,26,0.5617874999996275,0.5399302542209625,0.037298887968063354,1,False,False,1
C000000004__VIS_4_SW_data_16-June-2026_11-06-25,26,0.5759624999994412,0.6905422210693359,0.12550640106201172,1,False,False,2
C000000004__VIS_4_SW_data_16-June-2026_11-06-25,26,0.5901375000004191,0.692846029996872,0.04927933216094971,1,False,False,1
C000000004__VIS_4_SW_data_16-June-2026_11-06-25,26,0.6043125000002328,0.7034748196601868,0.08557438850402832,1,False,False,1
C000000004__VIS_4_SW_data_16-June-2026_11-06-25,26,0.6184875000000466,0.7415848970413208,0.0543057918548584,1,False,False,1
C000000004__VIS_4_SW_data_16-June-2026_11-06-25,26,0.6326624999998604,0.8174328505992889,0.09735557436943054,1,True,True,0
C000000004__VIS_4_SW_data_16-June-2026_11-06-25,26,0.646837499999674,0.7137873768806458,0.061441972851753235,1,True,True,0
C000000004__VIS_4_SW_data_16-June-2026_11-06-25,26,0.6610124999994877,0.6690605580806732,0.04348862171173096,1,True,True,0
C000000004__VIS_4_SW_data_16-June-2026_11-06-25,26,0.6751875000004657,0.6103142201900482,0.03032301366329193,1,False,False,12
C000000004__VIS_4_SW_data_16-June-2026_11-06-25,26,0.6893625000002794,0.5929771065711975,0.01537904143333435,1,True,True,0
C000000004__VIS_4_SW_data_16-June-2026_11-06-25,26,0.7035375000000932,0.602172464132309,0.007661551237106323,1,False,False,2
C000000004__VIS_4_SW_data_16-June-2026_11-06-25,26,0.7177124999999068,0.6015214622020721,0.022858738899230957,1,False,False,2
C000000004__VIS_4_SW_data_16-June-2026_11-06-25,26,0.7318874999997206,0.605952650308609,0.09825025498867035,1,False,False,1
C000000004__VIS_4_SW_data_16-June-2026_11-06-25,26,0.7460624999995343,0.6436719298362732,0.11092066764831543,1,False,False,1
C000000004__VIS_4_SW_data_16-June-2026_11-06-25,26,0.7602374999993481,0.5505490601062775,0.109494149684906,1,False,False,1
C000000004__VIS_4_SW_data_16-June-2026_11-06-25,26,0.7744125000003259,0.5590726137161255,0.08496710658073425,1,True,True,0
C000000004__VIS_4_SW_data_16-June-2026_11-06-25,26,0.7885875000001397,0.5648530423641205,0.08236566185951233,1,True,True,0
C000000004__VIS_4_SW_data_16-June-2026_11-06-25,26,0.8027624999999534,0.5692266821861267,0.03391191363334656,1,False,False,1
C000000004__VIS_4_SW_data_16-June-2026_11-06-25,26,0.8169374999997672,0.5005584359169006,0.020311474800109863,1,False,False,5
C000000004__VIS_4_SW_data_16-June-2026_11-06-25,26,0.8311124999995809,0.4714648127555847,0.011449605226516724,1,False,False,2
C000000004__VIS_4_SW_data_16-June-2026_11-06-25,26,0.8452874999993947,0.5954529047012329,0.022772789001464844,1,False,False,1
C000000004__VIS_4_SW_data_16-June-2026_11-06-25,26,0.8594625000003725,0.507616251707077,0.06098717451095581,1,False,False,1
C000000004__VIS_4_SW_data_16-June-2026_11-06-25,26,0.8736375000001863,0.5956872403621674,0.012962400913238525,1,True,True,0
C000000004__VIS_4_SW_data_16-June-2026_11-06-25,26,0.8878125,0.5746963620185852,0.01985257863998413,1,False,False,1
C000000004__VIS_4_SW_data_16-June-2026_11-06-25,26,0.9019874999998138,0.5000309944152832,0.04722180962562561,1,False,False,2
C000000004__VIS_4_SW_data_16-June-2026_11-06-25,26,0.9161624999996275,0.4524047374725342,0.0550210177898407,1,False,False,2
C000000004__VIS_4_SW_data_16-June-2026_11-06-25,26,0.9303374999994412,0.5019002258777618,0.001974165439605713,1,True,True,0
C000000004__VIS_4_SW_data_16-June-2026_11-06-25,26,0.9445125000004191,0.3701176047325134,0.11294135451316833,1,False,False,1
C000000004__VIS_4_SW_data_16-June-2026_11-06-25,26,0.9586875000002328,0.35362929105758667,0.1513446867465973,1,False,False,1
C000000004__VIS_4_SW_data_16-June-2026_11-06-25,26,0.9728625000000466,0.4549102783203125,0.14739781618118286,1,True,True,0
C000000004__VIS_4_SW_data_16-June-2026_11-06-25,26,0.9870374999998603,0.47610169649124146,0.1904112696647644,1,True,True,0
C000000004__VIS_4_SW_data_16-June-2026_11-06-25,26,0.03206250000046566,0.6927621066570282,0.0445421040058136,2,True,False,6
C000000004__VIS_4_SW_data_16-June-2026_11-06-25,26,0.046237500000279395,0.625670850276947,0.01625359058380127,2,True,False,6
C000000004__VIS_4_SW_data_16-June-2026_11-06-25,26,0.060412500000093135,0.6149602830410004,0.022395789623260498,2,False,False,8
C000000004__VIS_4_SW_data_16-June-2026_11-06-25,26,0.07458749999990687,0.6100735366344452,0.0017975866794586182,2,False,False,7
C000000004__VIS_4_SW_data_16-June-2026_11-06-25,26,0.0887624999997206,0.5831900835037231,0.009863466024398804,2,False,False,5
C000000004__VIS_4_SW_data_16-June-2026_11-06-25,26,0.10293749999953433,0.5456719100475311,0.02789849042892456,2,True,False,6
C000000004__VIS_4_SW_data_16-June-2026_11-06-25,26,0.11711249999934807,0.4989634156227112,0.043789803981781006,2,True,False,6
C000000004__VIS_4_SW_data_16-June-2026_11-06-25,26,0.13128750000032596,0.5645621120929718,0.015708088874816895,2,False,False,11
C000000004__VIS_4_SW_data_16-June-2026_11-06-25,26,0.1454625000001397,0.6290101408958435,0.07270157337188721,2,False,False,7
C000000004__VIS_4_SW_data_16-June-2026_11-06-25,26,0.15963749999995344,0.5900051593780518,0.034867167472839355,2,False,False,7
C000000004__VIS_4_SW_data_16-June-2026_11-06-25,26,0.17381249999976717,0.7415275573730469,0.04607394337654114,2,False,False,7
C000000004__VIS_4_SW_data_16-June-2026_11-06-25,26,0.1879874999995809,0.7753030955791473,0.018354743719100952,2,False,False,8
C000000004__VIS_4_SW_data_16-June-2026_11-06-25,26,0.20216249999939465,0.7234314680099487,0.014411598443984985,2,False,False,12
C000000004__VIS_4_SW_data_16-June-2026_11-06-25,26,0.21633750000037252,0.8048843741416931,0.10232603549957275,2,True,True,0
C000000004__VIS_4_SW_data_16-June-2026_11-06-25,26,0.23051250000018628,0.6827018558979034,0.10742935538291931,2,True,True,0
C000000004__VIS_4_SW_data_16-June-2026_11-06-25,26,0.2446875,0.6352294087409973,0.0776761919260025,2,True,True,0
C000000004__VIS_4_SW_data_16-June-2026_11-06-25,26,0.25886249999981376,0.6796829700469971,0.1886868178844452,2,True,True,0
C000000004__VIS_4_SW_data_16-June-2026_11-06-25,26,0.27303749999962745,0.6239032745361328,0.06432032585144043,2,True,True,0
C000000004__VIS_4_SW_data_16-June-2026_11-06-25,26,0.2872124999994412,0.5413118004798889,0.07170474529266357,2,True,True,0
C000000004__VIS_4_SW_data_16-June-2026_11-06-25,26,0.3013875000004191,0.5927515029907227,0.055267930030822754,2,False,False,1
C000000004__VIS_4_SW_data_16-June-2026_11-06-25,26,0.31556250000023284,0.45528215169906616,0.0004042983055114746,1,False,False,1
C000000004__VIS_4_SW_data_16-June-2026_11-06-25,26,0.3297375000000466,0.5389418601989746,0.012055009603500366,1,False,False,2
C000000004__VIS_4_SW_data_16-June-2026_11-06-25,26,0.3439124999998603,0.5437043607234955,0.04010570049285889,1,False,False,2
C000000004__VIS_4_SW_data_16-June-2026_11-06-25,26,0.35808749999967404,0.5439702570438385,0.029399096965789795,1,False,False,2
C000000004__VIS_4_SW_data_16-June-2026_11-06-25,26,0.3722624999994878,0.41664886474609375,0.09403097629547119,1,False,False,2
C000000004__VIS_4_SW_data_16-June-2026_11-06-25,26,0.3864375000004657,0.4665144681930542,0.12879085540771484,1,False,False,1
C000000004__VIS_4_SW_data_16-June-2026_11-06-25,26,0.40061250000027937,0.5094315111637115,0.10296839475631714,1,False,False,1
C000000004__VIS_4_SW_data_16-June-2026_11-06-25,26,0.4147875000000931,0.4244365692138672,0.10418182611465454,1,False,False,1
C000000004__VIS_4_SW_data_16-June-2026_11-06-25,26,0.4289624999999069,0.5748246908187866,0.09723225235939026,1,True,True,0
C000000004__VIS_4_SW_data_16-June-2026_11-06-25,26,0.44313749999972063,0.44065243005752563,0.0828772783279419,1,True,True,0
C000000004__VIS_4_SW_data_16-June-2026_11-06-25,26,0.4573124999995343,0.47538071870803833,0.10629379749298096,1,False,False,1
C000000004__VIS_4_SW_data_16-June-2026_11-06-25,26,0.4714874999993481,0.3775196075439453,0.03475522994995117,1,True,True,0
C000000004__VIS_4_SW_data_16-June-2026_11-06-25,26,0.48566250000032596,0.4827229380607605,0.06502693891525269,1,False,False,1
C000000004__VIS_4_SW_data_16-June-2026_11-06-25,26,0.4998375000001397,0.5585466623306274,0.045431435108184814,1,False,False,2
C000000004__VIS_4_SW_data_16-June-2026_11-06-25,26,0.5140124999999535,0.5378176271915436,0.09233546257019043,1,False,False,1
C000000004__VIS_4_SW_data_16-June-2026_11-06-25,26,0.5281874999997672,0.46193063259124756,0.05970373749732971,1,False,False,3
C000000004__VIS_4_SW_data_16-June-2026_11-06-25,26,0.5423624999995809,0.4044724106788635,0.0432719886302948,1,False,False,3
C000000004__VIS_4_SW_data_16-June-2026_11-06-25,26,0.5565374999993946,0.416670560836792,0.020370185375213623,1,False,False,3
C000000004__VIS_4_SW_data_16-June-2026_11-06-25,26,0.5707125000003725,0.3597775101661682,0.0670507550239563,1,True,True,0
C000000004__VIS_4_SW_data_16-June-2026_11-06-25,26,0.5848875000001863,0.3838982582092285,0.03881126642227173,1,False,False,4
C000000004__VIS_4_SW_data_16-June-2026_11-06-25,26,0.5990625,0.34513580799102783,0.05033925175666809,1,False,False,1
C000000004__VIS_4_SW_data_16-June-2026_11-06-25,26,0.6132374999998137,0.24112212657928467,0.08068054914474487,1,True,True,0
C000000004__VIS_4_SW_data_16-June-2026_11-06-25,26,0.6274124999996274,1.1920928955078125e-07,0.043126076459884644,1,False,False,1
C000000004__VIS_4_SW_data_16-June-2026_11-07-32,26,0.7895874999999068,0.5600969791412354,0.028105974197387695,1,False,False,8
C000000004__VIS_4_SW_data_16-June-2026_11-07-32,26,0.8037624999997206,0.5065600872039795,0.019924074411392212,1,False,False,7
C000000004__VIS_4_SW_data_16-June-2026_11-07-32,26,0.8179374999995344,0.5606529712677002,0.05112957954406738,1,False,False,4
C000000004__VIS_4_SW_data_16-June-2026_11-07-32,26,0.8321124999993481,0.5905623435974121,0.09131404757499695,1,False,False,3
C000000004__VIS_4_SW_data_16-June-2026_11-07-32,26,0.8462875000003259,0.5790588855743408,0.03706550598144531,1,False,False,5
C000000004__VIS_4_SW_data_16-June-2026_11-07-32,26,0.8604625000001397,0.4943784475326538,0.010040998458862305,1,False,False,2
C000000004__VIS_4_SW_data_16-June-2026_11-07-32,26,0.8746374999999534,0.5465461015701294,0.011192262172698975,1,False,False,5
C000000004__VIS_4_SW_data_16-June-2026_11-07-32,26,0.8888124999997672,0.600180983543396,0.06305426359176636,1,False,False,4
C000000004__VIS_4_SW_data_16-June-2026_11-07-32,26,0.902987499999581,0.5499708652496338,0.10631853342056274,1,False,False,4
C000000004__VIS_4_SW_data_16-June-2026_11-07-32,26,0.9171624999993946,0.4745100736618042,0.06994235515594482,1,False,False,2
C000000004__VIS_4_SW_data_16-June-2026_11-07-32,26,0.9313375000003725,0.43878573179244995,0.033080488443374634,1,False,False,3
C000000004__VIS_4_SW_data_16-June-2026_11-07-32,26,0.9455125000001863,0.4673622250556946,0.013703346252441406,1,False,False,1
C000000004__VIS_4_SW_data_16-June-2026_11-07-32,26,0.9596875,0.47122424840927124,0.03480210900306702,1,False,False,1
C000000004__VIS_4_SW_data_16-June-2026_11-07-32,26,0.028462499999441206,0.6804119646549225,0.1487237811088562,1,False,False,1
C000000004__VIS_4_SW_data_16-June-2026_11-07-32,26,0.0426375000004191,0.5605647265911102,0.11577129364013672,1,True,True,0
C000000004__VIS_4_SW_data_16-June-2026_11-07-32,26,0.05681250000023283,0.5208386480808258,0.010341733694076538,1,True,True,0
C000000004__VIS_4_SW_data_16-June-2026_11-07-32,26,0.07098750000004657,0.5303769707679749,0.06183233857154846,1,True,True,0
C000000004__VIS_4_SW_data_16-June-2026_11-07-32,26,0.08516249999986031,0.4853649139404297,0.15217286348342896,1,True,True,0
C000000004__VIS_4_SW_data_16-June-2026_11-07-32,26,0.09933749999967403,0.529473602771759,0.10006535053253174,1,True,True,0
C000000004__VIS_4_SW_data_16-June-2026_11-07-32,26,0.11351249999948777,0.5125138461589813,0.14162546396255493,1,True,True,0
C000000004__VIS_4_SW_data_16-June-2026_11-07-32,26,0.12768750000046566,0.5806485712528229,0.054399698972702026,1,False,False,1
C000000004__VIS_4_SW_data_16-June-2026_11-07-32,26,0.1418625000002794,0.47899264097213745,0.09120094776153564,1,False,False,1
C000000004__VIS_4_SW_data_16-June-2026_11-07-32,26,0.15603750000009314,0.5112223327159882,0.08452901244163513,1,False,False,1
C000000004__VIS_4_SW_data_16-June-2026_11-07-32,26,0.17021249999990687,0.6190549731254578,0.06173303723335266,1,False,False,2
C000000004__VIS_4_SW_data_16-June-2026_11-07-32,26,0.1843874999997206,0.6499649882316589,0.06195312738418579,1,False,False,2
C000000004__VIS_4_SW_data_16-June-2026_11-07-32,26,0.19856249999953435,0.696229487657547,0.00014775991439819336,1,False,False,2
C000000004__VIS_4_SW_data_16-June-2026_11-07-32,26,0.21273749999934807,0.7645767778158188,0.054310739040374756,1,True,True,0
C000000004__VIS_4_SW_data_16-June-2026_11-07-32,26,0.22691250000032595,0.5869020819664001,0.012996882200241089,1,True,True,0
C000000004__VIS_4_SW_data_16-June-2026_11-07-32,26,0.2410875000001397,0.6546020209789276,0.028154753148555756,1,False,False,8
C000000004__VIS_4_SW_data_16-June-2026_11-07-32,26,0.25526249999995343,0.589225560426712,0.019591107964515686,1,False,False,2
C000000004__VIS_4_SW_data_16-June-2026_11-07-32,26,0.2694374999997672,0.5784823894500732,0.03288230299949646,1,False,False,1
C000000004__VIS_4_SW_data_16-June-2026_11-07-32,26,0.2836124999995809,0.5615352094173431,0.011715173721313477,1,False,False,1
C000000004__VIS_4_SW_data_16-June-2026_11-07-32,26,0.29778749999939463,0.563666820526123,0.06349760293960571,1,False,False,3
C000000004__VIS_4_SW_data_16-June-2026_11-07-32,26,0.3119625000003725,0.5702743828296661,0.013224244117736816,1,False,False,4
C000000004__VIS_4_SW_data_16-June-2026_11-07-32,26,0.32613750000018626,0.5886166095733643,0.041482627391815186,1,False,False,3
C000000004__VIS_4_SW_data_16-June-2026_11-07-32,26,0.3403125,0.5790440738201141,0.10689049959182739,1,False,False,2
C000000004__VIS_4_SW_data_16-June-2026_11-07-32,26,0.3544874999998137,0.545759379863739,0.1365324854850769,1,False,False,2
C000000004__VIS_4_SW_data_16-June-2026_11-07-32,26,0.36866249999962747,0.5773581564426422,0.15052904188632965,1,False,False,1
C000000004__VIS_4_SW_data_16-June-2026_11-07-32,26,0.3828374999994412,0.5715803503990173,0.06616178154945374,1,False,False,1
C000000004__VIS_4_SW_data_16-June-2026_11-07-32,26,0.3970125000004191,0.51519575715065,0.057730644941329956,1,False,False,7
C000000004__VIS_4_SW_data_16-June-2026_11-07-32,26,0.41118750000023285,0.5465115904808044,0.11306571960449219,1,False,False,8
C000000004__VIS_4_SW_data_16-June-2026_11-07-32,26,0.42536250000004655,0.48186129331588745,0.11128747463226318,1,False,False,7
C000000004__VIS_4_SW_data_16-June-2026_11-07-32,26,0.4395374999998603,0.4465762972831726,0.0728229284286499,2,False,False,1
C000000004__VIS_4_SW_data_16-June-2026_11-07-32,26,0.45371249999967406,0.45599961280822754,0.02624046802520752,2,True,True,0
C000000004__VIS_4_SW_data_16-June-2026_11-07-32,26,0.46788749999948775,0.5386893153190613,0.03873342275619507,2,False,False,2
C000000004__VIS_4_SW_data_16-June-2026_11-07-32,26,0.4820625000004657,0.4693028926849365,0.06923836469650269,2,False,False,1
C000000004__VIS_4_SW_data_16-June-2026_11-07-32,26,0.4962375000002794,0.4766308665275574,0.04583984613418579,2,False,False,1
C000000004__VIS_4_SW_data_16-June-2026_11-07-32,26,0.5104125000000931,0.49692487716674805,0.02926456928253174,2,False,False,1
C000000004__VIS_4_SW_data_16-June-2026_11-07-32,26,0.5245874999999068,0.4481937885284424,0.1519899070262909,2,True,True,0
C000000004__VIS_4_SW_data_16-June-2026_11-07-32,26,0.5387624999997206,0.501427173614502,0.07047241926193237,2,True,True,0
C000000004__VIS_4_SW_data_16-June-2026_11-07-32,26,0.5529374999995343,0.5251854658126831,0.16135042905807495,2,False,False,1
C000000004__VIS_4_SW_data_16-June-2026_11-07-32,26,0.5671124999993481,0.4641904830932617,0.027373313903808594,2,False,False,2
C000000004__VIS_4_SW_data_16-June-2026_11-07-32,26,0.5812875000003259,0.48019957542419434,0.1351446807384491,2,False,False,2
C000000004__VIS_4_SW_data_16-June-2026_11-07-32,26,0.5954625000001397,0.5231565833091736,0.0940641462802887,2,False,False,2
C000000004__VIS_4_SW_data_16-June-2026_11-07-32,26,0.6096374999999534,0.6630285680294037,0.04508626461029053,2,False,False,1
C000000004__VIS_4_SW_data_16-June-2026_11-07-32,26,0.6238124999997672,0.5156870484352112,0.012119174003601074,2,False,False,2
C000000004__VIS_4_SW_data_16-June-2026_11-07-32,26,0.6379874999995809,0.5565851330757141,0.057961225509643555,2,False,False,2
C000000004__VIS_4_SW_data_16-June-2026_11-07-32,26,0.6521624999993947,0.5606948435306549,0.08553877472877502,2,False,False,3
C000000004__VIS_4_SW_data_16-June-2026_11-07-32,26,0.6663375000003725,0.6748881340026855,0.06808802485466003,2,True,True,0
C000000004__VIS_4_SW_data_16-June-2026_11-07-32,26,0.6805125000001863,0.7404310703277588,0.07017824053764343,2,False,False,1
C000000004__VIS_4_SW_data_16-June-2026_11-07-32,26,0.6946875,0.7189370691776276,0.09236940741539001,2,False,False,1
C000000004__VIS_4_SW_data_16-June-2026_11-07-32,26,0.7088624999998138,0.7304144501686096,0.11982983350753784,1,False,False,1
C000000004__VIS_4_SW_data_16-June-2026_11-07-32,26,0.7230374999996275,0.5396152436733246,0.002127915620803833,1,True,True,0
C000000004__VIS_4_SW_data_16-June-2026_11-07-32,26,0.7372124999994412,0.6182553172111511,0.030518800020217896,1,False,False,2
C000000004__VIS_4_SW_data_16-June-2026_11-07-32,26,0.7513875000004191,0.5542170107364655,0.13424259424209595,1,False,False,1
C000000004__VIS_4_SW_data_16-June-2026_11-07-32,26,0.7655625000002328,0.4971572160720825,0.042852431535720825,1,False,False,1
C000000004__VIS_4_SW_data_16-June-2026_11-07-32,26,0.7797375000000466,0.5538370609283447,0.03657431900501251,1,False,False,1
C000000004__VIS_4_SW_data_16-June-2026_11-07-32,26,0.7939124999998604,0.566387951374054,0.058932483196258545,1,False,False,3
C000000004__VIS_4_SW_data_16-June-2026_11-07-32,26,0.808087499999674,0.4569971561431885,0.01681634783744812,1,True,True,0
C000000004__VIS_4_SW_data_16-June-2026_11-07-32,26,0.8222624999994878,0.6073696613311768,0.055545732378959656,1,False,False,1
C000000004__VIS_4_SW_data_16-June-2026_11-07-32,26,0.8364375000004657,0.5590689182281494,0.08273439109325409,1,False,False,3
C000000004__VIS_4_SW_data_16-June-2026_11-07-32,26,0.8506125000002794,0.61540287733078,0.0016352832317352295,1,False,False,2
C000000004__VIS_4_SW_data_16-June-2026_11-07-32,26,0.8647875000000931,0.5935807824134827,0.09538833796977997,1,False,False,3
C000000004__VIS_4_SW_data_16-June-2026_11-07-32,26,0.8789624999999068,0.6646477282047272,0.13098037242889404,1,False,False,4
C000000004__VIS_4_SW_data_16-June-2026_11-07-32,26,0.8931374999997206,0.6731975674629211,0.046070754528045654,1,False,False,4
C000000004__VIS_4_SW_data_16-June-2026_11-07-32,26,0.9073124999995343,0.6777955889701843,0.03257042169570923,1,False,False,4
C000000004__VIS_4_SW_data_16-June-2026_11-07-32,26,0.9214874999993481,0.6720572710037231,0.011207625269889832,1,False,False,1
C000000004__VIS_4_SW_data_16-June-2026_11-07-32,26,0.9356625000003259,0.5908493995666504,0.04394352436065674,1,False,False,3
C000000004__VIS_4_SW_data_16-June-2026_11-07-32,26,0.9498375000001397,0.5096999406814575,0.028962016105651855,1,False,False,3
C000000004__VIS_4_SW_data_16-June-2026_11-07-32,26,0.9640124999999534,0.5157108008861542,0.03074309229850769,1,False,False,1
C000000004__VIS_4_SW_data_16-June-2026_11-07-32,26,0.9781874999997672,0.51594078540802,0.07493606209754944,1,False,False,4
C000000004__VIS_4_SW_data_16-June-2026_11-07-32,26,0.9923624999995809,0.5768443942070007,0.0464341938495636,1,False,False,4
C000000004__VIS_4_SW_data_16-June-2026_11-07-32,26,0.02321250000037253,0.5668480396270752,0.03151145577430725,1,False,False,4
C000000004__VIS_4_SW_data_16-June-2026_11-07-32,26,0.037387500000186265,0.5394874215126038,0.012365832924842834,1,False,False,4
C000000004__VIS_4_SW_data_16-June-2026_11-07-32,26,0.0515625,0.484677255153656,0.01597350835800171,1,False,False,4
C000000004__VIS_4_SW_data_16-June-2026_11-07-32,26,0.06573749999981374,0.4459642171859741,0.039354920387268066,1,False,False,7
C000000004__VIS_4_SW_data_16-June-2026_11-07-32,26,0.07991249999962748,-1.1920928955078125e-07,0.05465991795063019,1,False,False,8
C000000004__VIS_4_SW_data_16-June-2026_11-08-03,26,0.43603337612313925,0.5872175991535187,0.16153275966644287,1,True,True,0
C000000004__VIS_4_SW_data_16-June-2026_11-08-03,26,0.4505905006415616,0.5906696915626526,0.06721514463424683,1,True,True,0
C000000004__VIS_4_SW_data_16-June-2026_11-08-03,26,0.4651476251599839,0.7799648642539978,0.03611588478088379,1,True,True,0
C000000004__VIS_4_SW_data_16-June-2026_11-08-03,26,0.47970474967840626,0.6138354539871216,0.058124393224716187,1,True,True,0
C000000004__VIS_4_SW_data_16-June-2026_11-08-03,26,0.4942618741980241,0.6517643630504608,0.09773510694503784,1,True,True,0
C000000004__VIS_4_SW_data_16-June-2026_11-08-03,26,0.5088189987164464,0.7115821838378906,0.103274405002594,1,False,False,1
C000000004__VIS_4_SW_data_16-June-2026_11-08-03,26,0.5233761232348687,0.6902647316455841,0.10106861591339111,1,False,False,1
C000000004__VIS_4_SW_data_16-June-2026_11-08-03,26,0.5379332477532911,0.5907793045043945,0.030385345220565796,1,False,False,1
C000000004__VIS_4_SW_data_16-June-2026_11-08-03,26,0.5524903722717134,0.6712132096290588,0.05150744318962097,1,True,True,0
C000000004__VIS_4_SW_data_16-June-2026_11-08-03,26,0.5670474967901357,0.6357744634151459,0.10626083612442017,1,True,True,0
C000000004__VIS_4_SW_data_16-June-2026_11-08-03,26,0.5816046213097535,0.6190803050994873,0.09000816941261292,1,True,True,0
C000000004__VIS_4_SW_data_16-June-2026_11-08-03,26,0.5961617458281758,0.5634847283363342,0.15623173117637634,1,True,True,0
C000000004__VIS_4_SW_data_16-June-2026_11-08-03,26,0.6107188703465982,0.8190434575080872,0.05621461570262909,1,True,True,0
C000000004__VIS_4_SW_data_16-June-2026_11-08-03,26,0.6252759948650205,0.6060962677001953,0.05346190929412842,1,False,False,1
C000000004__VIS_4_SW_data_16-June-2026_11-08-03,26,0.6398331193834429,0.6097812056541443,0.06776091456413269,1,False,False,1
C000000004__VIS_4_SW_data_16-June-2026_11-08-03,26,0.6543902439018652,0.7018857598304749,0.17501872777938843,1,True,True,0
C000000004__VIS_4_SW_data_16-June-2026_11-08-03,26,0.6689473684214831,0.725272536277771,0.12865200638771057,1,True,True,0
C000000004__VIS_4_SW_data_16-June-2026_11-08-03,26,0.6835044929399053,0.7336771488189697,0.13656339049339294,1,True,True,0
C000000004__VIS_4_SW_data_16-June-2026_11-08-03,26,0.6980616174583276,0.6841470897197723,0.17655736207962036,1,False,False,1
C000000004__VIS_4_SW_data_16-June-2026_11-08-03,26,0.71261874197675,0.7160948216915131,0.16469866037368774,1,True,True,0
C000000004__VIS_4_SW_data_16-June-2026_11-08-03,26,0.7271758664951723,0.7784172743558884,0.1630980670452118,1,True,True,0
C000000004__VIS_4_SW_data_16-June-2026_11-08-03,26,0.7417329910135946,0.7467910051345825,0.15789318084716797,1,True,True,0
C000000004__VIS_4_SW_data_16-June-2026_11-08-03,26,0.7562901155332125,0.6906176805496216,0.04346740245819092,1,True,True,0
C000000004__VIS_4_SW_data_16-June-2026_11-08-03,26,0.7708472400516349,0.5903404951095581,0.09655877947807312,1,False,False,1
C000000004__VIS_4_SW_data_16-June-2026_11-08-03,26,0.7854043645700571,0.7863083332777023,0.03644376993179321,1,False,False,1
C000000004__VIS_4_SW_data_16-June-2026_11-08-03,26,0.7999614890884794,0.6058315634727478,0.011299550533294678,1,False,False,3
C000000004__VIS_4_SW_data_16-June-2026_11-08-03,26,0.8145186136069018,0.7076669931411743,0.06741143763065338,1,True,True,0
C000000004__VIS_4_SW_data_16-June-2026_11-08-03,26,0.8290757381253241,0.6032811403274536,0.07905836403369904,1,False,False,1
C000000004__VIS_4_SW_data_16-June-2026_11-08-03,26,0.8436328626437464,0.6323245763778687,0.0055970847606658936,1,False,False,1
C000000004__VIS_4_SW_data_16-June-2026_11-08-03,26,0.8581899871633643,0.5020337402820587,0.00028973817825317383,1,False,False,11
C000000004__VIS_4_SW_data_16-June-2026_11-08-03,26,0.8727471116817866,0.6238413453102112,0.014051079750061035,1,False,False,1
C000000004__VIS_4_SW_data_16-June-2026_11-08-03,26,0.8873042362002089,0.5636508762836456,0.05613330006599426,1,False,False,1
C000000004__VIS_4_SW_data_16-June-2026_11-08-03,26,0.9018613607186312,0.5530298948287964,0.03536781668663025,1,False,False,1
C000000004__VIS_4_SW_data_16-June-2026_11-08-03,26,0.9164184852370536,0.47753673791885376,0.0674406886100769,1,True,True,0
C000000004__VIS_4_SW_data_16-June-2026_11-08-03,26,0.9309756097554759,0.5843303203582764,0.07160148024559021,1,True,True,0
C000000004__VIS_4_SW_data_16-June-2026_11-08-03,26,0.9455327342750938,0.6126689314842224,0.051608651876449585,1,False,False,3
C000000004__VIS_4_SW_data_16-June-2026_11-08-03,26,0.960089858793516,0.5900706052780151,0.012746542692184448,1,False,False,9
C000000004__VIS_4_SW_data_16-June-2026_11-08-03,26,0.9746469833119383,0.4626557230949402,0.0730353593826294,1,True,True,0
C000000004__VIS_4_SW_data_16-June-2026_11-08-03,26,0.9892041078303607,0.4138912558555603,0.03987044095993042,1,True,True,0
C000000004__VIS_4_SW_data_16-June-2026_11-08-03,26,1.003761232348783,0.49471378326416016,0.14849549531936646,1,False,False,1
C000000004__VIS_4_SW_data_16-June-2026_11-08-03,26,0.016187419769364924,0.4368652105331421,0.20880192518234253,1,False,False,1
C000000004__VIS_4_SW_data_16-June-2026_11-08-03,26,0.030744544287787248,0.5503283441066742,0.12798714637756348,1,False,False,1
C000000004__VIS_4_SW_data_16-June-2026_11-08-03,26,0.04530166880620957,0.5930908024311066,0.06560271978378296,1,True,True,0
C000000004__VIS_4_SW_data_16-June-2026_11-08-03,26,0.05985879332463189,0.6331983804702759,0.09982648491859436,1,True,True,0
C000000004__VIS_4_SW_data_16-June-2026_11-08-03,26,0.07441591784305421,0.5651397109031677,0.04912400245666504,1,False,False,1
C000000004__VIS_4_SW_data_16-June-2026_11-08-03,26,0.08897304236147653,0.5983792245388031,0.04101872444152832,1,False,False,1
C000000004__VIS_4_SW_data_16-June-2026_11-08-03,26,0.10353016688109438,0.6042926013469696,0.00942125916481018,2,False,False,9
C000000004__VIS_4_SW_data_16-June-2026_11-08-03,26,0.11808729139951671,0.5478929281234741,0.08124056458473206,2,False,False,6
C000000004__VIS_4_SW_data_16-June-2026_11-08-03,26,0.13264441591793902,0.5647799372673035,0.1303217113018036,2,True,False,5
C000000004__VIS_4_SW_data_16-June-2026_11-08-03,26,0.14720154043636136,0.5814419388771057,0.12789171934127808,2,True,False,6
C000000004__VIS_4_SW_data_16-June-2026_11-08-03,26,0.16175866495478367,0.636059045791626,0.14891177415847778,2,True,False,6
C000000004__VIS_4_SW_data_16-June-2026_11-08-03,26,0.176315789473206,0.6643635034561157,0.24626827239990234,2,False,False,6
C000000004__VIS_4_SW_data_16-June-2026_11-08-03,26,0.1908729139916283,0.7568155229091644,0.13395962119102478,2,False,False,6
C000000004__VIS_4_SW_data_16-June-2026_11-08-03,26,0.20543003851124617,0.7765536308288574,0.18568897247314453,2,True,False,6
C000000004__VIS_4_SW_data_16-June-2026_11-08-03,26,0.2199871630296685,0.8119130730628967,0.21745944023132324,2,False,False,6
C000000004__VIS_4_SW_data_16-June-2026_11-08-03,26,0.2345442875480908,0.7365598082542419,0.18161457777023315,2,False,False,6
C000000004__VIS_4_SW_data_16-June-2026_11-08-03,26,0.24910141206651315,0.6404749751091003,0.1279272884130478,2,False,False,7
C000000004__VIS_4_SW_data_16-June-2026_11-08-03,26,0.2636585365849355,0.6698392331600189,0.006408631801605225,2,False,False,1
C000000004__VIS_4_SW_data_16-June-2026_11-08-03,26,0.27821566110335777,0.6961910426616669,0.027353137731552124,2,False,False,6
C000000004__VIS_4_SW_data_16-June-2026_11-08-03,26,0.29277278562297565,0.5855101346969604,0.02198168635368347,2,True,False,5
C000000004__VIS_4_SW_data_16-June-2026_11-08-03,26,0.307329910141398,0.5837772488594055,0.01601746678352356,2,True,False,6
C000000004__VIS_4_SW_data_16-June-2026_11-08-03,26,0.32188703465982027,0.47998619079589844,0.05864745378494263,2,False,False,6
C000000004__VIS_4_SW_data_16-June-2026_11-08-03,26,0.3364441591782426,0.38552725315093994,0.03308504819869995,2,False,False,1
C000000004__VIS_4_SW_data_16-June-2026_11-08-03,26,0.35100128369666495,0.3997889757156372,0.05889904499053955,2,True,True,0
C000000004__VIS_4_SW_data_16-June-2026_11-08-03,26,0.3655584082150872,0.3733927011489868,0.012456029653549194,2,True,True,0
C000000004__VIS_4_SW_data_16-June-2026_11-08-03,26,0.3801155327347051,0.42930299043655396,0.010541051626205444,1,False,False,6
C000000004__VIS_4_SW_data_16-June-2026_11-08-03,26,0.39467265725312745,0.4100264310836792,0.0627480149269104,1,False,False,6
C000000004__VIS_4_SW_data_16-June-2026_11-08-03,26,0.4092297817715497,0.41667425632476807,0.01796579360961914,1,False,False,7
C000000004__VIS_4_SW_data_16-June-2026_11-08-03,26,0.42378690628997207,0.41021811962127686,0.054930806159973145,1,False,False,7
C000000004__VIS_4_SW_data_16-June-2026_11-08-03,26,0.4383440308083944,0.557220995426178,0.009058654308319092,1,True,True,0
C000000004__VIS_4_SW_data_16-June-2026_11-08-03,26,0.4529011553268167,0.4995735287666321,0.003983527421951294,1,False,False,1
C000000004__VIS_4_SW_data_16-June-2026_11-08-03,26,0.46745827984643457,0.5600492656230927,0.07247689366340637,1,False,False,8
C000000004__VIS_4_SW_data_16-June-2026_11-08-03,26,0.4820154043648569,0.5972804427146912,0.06984913349151611,1,False,False,8
C000000004__VIS_4_SW_data_16-June-2026_11-08-03,26,0.4965725288832792,0.660310685634613,0.03136926889419556,1,False,False,8
C000000004__VIS_4_SW_data_16-June-2026_11-08-03,26,0.5111296534017016,0.6725028455257416,0.10195040702819824,1,False,False,9
C000000004__VIS_4_SW_data_16-June-2026_11-08-03,26,0.5256867779201239,0.7082372605800629,0.02423974871635437,1,False,False,9
C000000004__VIS_4_SW_data_16-June-2026_11-08-03,26,0.5402439024385461,0.5893193185329437,0.026256531476974487,1,False,False,2
C000000004__VIS_4_SW_data_16-June-2026_11-08-03,26,0.5548010269569685,0.5460461974143982,0.014444410800933838,1,False,False,11
C000000004__VIS_4_SW_data_16-June-2026_11-08-03,26,0.5693581514765863,0.6890910863876343,0.013992905616760254,1,False,False,3
C000000004__VIS_4_SW_data_16-June-2026_11-08-03,26,0.5839152759950087,0.6448652148246765,0.022081971168518066,1,False,False,3
C000000004__VIS_4_SW_data_16-June-2026_11-08-03,26,0.598472400513431,0.7687080353498459,0.060649096965789795,1,False,False,10
C000000004__VIS_4_SW_data_16-June-2026_11-08-03,26,0.6130295250318534,0.6574100255966187,0.0022683441638946533,1,False,False,1
C000000004__VIS_4_SW_data_16-June-2026_11-08-03,26,0.6275866495502757,0.7285774946212769,0.04536585509777069,1,False,False,1
C000000004__VIS_4_SW_data_16-June-2026_11-08-03,26,0.6421437740686979,0.7378441691398621,0.08356158435344696,1,False,False,1
C000000004__VIS_4_SW_data_16-June-2026_11-08-03,26,0.6567008985883158,0.8234919011592865,0.12242427468299866,1,True,True,0
C000000004__VIS_4_SW_data_16-June-2026_11-08-03,26,0.6712580231067381,0.9000326097011566,0.05036464333534241,1,True,True,0
C000000004__VIS_4_SW_data_16-June-2026_11-08-03,26,0.6858151476251605,0.6828582286834717,0.05001401901245117,1,False,False,3
C000000004__VIS_4_SW_data_16-June-2026_11-08-03,26,0.7003722721435828,0.5164684057235718,0.1323973536491394,1,False,False,1
C000000004__VIS_4_SW_data_16-June-2026_11-08-03,26,0.7149293966620051,-1.1920928955078125e-07,0.0049868375062942505,1,False,False,9
C000000004__VIS_4_SW_data_16-June-2026_11-08-35,26,0.3675469336669906,0.6740860939025879,0.06414709985256195,1,False,False,1
C000000004__VIS_4_SW_data_16-June-2026_11-08-35,26,0.3817396745929618,0.634324461221695,0.01150582730770111,1,False,False,8
C000000004__VIS_4_SW_data_16-June-2026_11-08-35,26,0.395932415518933,0.6403107345104218,0.004161283373832703,1,False,False,4
C000000004__VIS_4_SW_data_16-June-2026_11-08-35,26,0.4101251564449042,0.7230976223945618,0.007240369915962219,1,False,False,4
C000000004__VIS_4_SW_data_16-June-2026_11-08-35,26,0.424317897372041,0.7282573580741882,0.003048807382583618,1,False,False,9
C000000004__VIS_4_SW_data_16-June-2026_11-08-35,26,0.43851063829801223,0.7074657082557678,0.016543984413146973,1,False,False,2
C000000004__VIS_4_SW_data_16-June-2026_11-08-35,26,0.4527033792239834,0.7722177952528,0.012570112943649292,1,False,False,2
C000000004__VIS_4_SW_data_16-June-2026_11-08-35,26,0.46689612014995463,0.7600077688694,0.03420257568359375,1,False,False,3
C000000004__VIS_4_SW_data_16-June-2026_11-08-35,26,0.4810888610759258,0.7538084238767624,0.01620274782180786,1,True,True,0
C000000004__VIS_4_SW_data_16-June-2026_11-08-35,26,0.495281602001897,0.6700468957424164,0.09064330160617828,1,False,False,1
C000000004__VIS_4_SW_data_16-June-2026_11-08-35,26,0.5094743429290338,0.7496013045310974,0.017634674906730652,1,False,False,1
C000000004__VIS_4_SW_data_16-June-2026_11-08-35,26,0.523667083855005,0.7835619747638702,0.03990146517753601,1,False,False,1
C000000004__VIS_4_SW_data_16-June-2026_11-08-35,26,0.5378598247809763,0.7331012189388275,0.04888220131397247,1,False,False,6
C000000004__VIS_4_SW_data_16-June-2026_11-08-35,26,0.5520525657069474,0.7008284330368042,0.022175580263137817,1,False,False,3
C000000004__VIS_4_SW_data_16-June-2026_11-08-35,26,0.5662453066329186,0.7859971523284912,0.06000605225563049,1,False,False,1
C000000004__VIS_4_SW_data_16-June-2026_11-08-35,26,0.5804380475588898,0.6267235279083252,0.07208678126335144,1,False,False,2
C000000004__VIS_4_SW_data_16-June-2026_11-08-35,26,0.5946307884860266,0.7207213044166565,0.0052818357944488525,1,False,False,5
C000000004__VIS_4_SW_data_16-June-2026_11-08-35,26,0.6088235294119978,0.7837843298912048,0.08409669995307922,1,True,True,0
C000000004__VIS_4_SW_data_16-June-2026_11-08-35,26,0.623016270337969,0.8603814840316772,0.05847539007663727,1,True,True,0
C000000004__VIS_4_SW_data_16-June-2026_11-08-35,26,0.6372090112639403,0.7064817547798157,0.13156026601791382,1,False,False,1
C000000004__VIS_4_SW_data_16-June-2026_11-08-35,26,0.6514017521899115,0.6915812492370605,0.051024407148361206,1,False,False,1
C000000004__VIS_4_SW_data_16-June-2026_11-08-35,26,0.6655944931158826,0.9593485184013844,0.007770031690597534,1,False,False,9
C000000004__VIS_4_SW_data_16-June-2026_11-08-35,26,0.6797872340430194,0.7680402100086212,0.007397964596748352,1,False,False,1
C000000004__VIS_4_SW_data_16-June-2026_11-08-35,26,0.6939799749689907,0.8521814942359924,0.09719642996788025,1,True,True,0
C000000004__VIS_4_SW_data_16-June-2026_11-08-35,26,0.7081727158949618,0.6825550198554993,0.16755063831806183,1,True,True,0
C000000004__VIS_4_SW_data_16-June-2026_11-08-35,26,0.722365456820933,0.6592569351196289,0.0796579122543335,1,True,True,0
C000000004__VIS_4_SW_data_16-June-2026_11-08-35,26,0.7365581977469042,0.5746933817863464,0.01302763819694519,1,False,False,1
C000000004__VIS_4_SW_data_16-June-2026_11-08-35,26,0.7507509386728755,0.6563805639743805,0.04797065258026123,1,False,False,1
C000000004__VIS_4_SW_data_16-June-2026_11-08-35,26,0.7649436795988467,0.6302670836448669,0.0971929132938385,1,False,False,1
C000000004__VIS_4_SW_data_16-June-2026_11-08-35,26,0.7791364205259834,0.6548571586608887,0.1278218924999237,1,False,False,1
C000000004__VIS_4_SW_data_16-June-2026_11-08-35,26,0.7933291614519546,0.577763020992279,0.058014243841171265,1,True,True,0
C000000004__VIS_4_SW_data_16-June-2026_11-08-35,26,0.8075219023779259,0.5456990599632263,0.0772271454334259,1,False,False,10
C000000004__VIS_4_SW_data_16-June-2026_11-08-35,26,0.821714643303897,0.5683490633964539,0.01604527235031128,1,False,False,10
C000000004__VIS_4_SW_data_16-June-2026_11-08-35,26,0.8359073842298682,0.5240320861339569,0.02094244956970215,1,False,False,9
C000000004__VIS_4_SW_data_16-June-2026_11-08-35,26,0.8501001251558394,0.5189826190471649,0.03432577848434448,1,True,True,0
C000000004__VIS_4_SW_data_16-June-2026_11-08-35,26,0.8642928660829763,0.5712230503559113,0.0026820003986358643,1,True,True,0
C000000004__VIS_4_SW_data_16-June-2026_11-08-35,26,0.8784856070089474,0.5502333641052246,0.058327674865722656,1,False,False,9
C000000004__VIS_4_SW_data_16-June-2026_11-08-35,26,0.8926783479349186,0.6034159660339355,0.11327588558197021,1,False,False,8
C000000004__VIS_4_SW_data_16-June-2026_11-08-35,26,0.9068710888608899,0.5503967702388763,0.07779277861118317,1,False,False,8
C000000004__VIS_4_SW_data_16-June-2026_11-08-35,26,0.9210638297868611,0.523021936416626,0.14598742127418518,1,False,False,8
C000000004__VIS_4_SW_data_16-June-2026_11-08-35,26,0.9352565707128322,0.46252870559692383,0.012270718812942505,1,False,False,7
C000000004__VIS_4_SW_data_16-June-2026_11-08-35,26,0.949449311639969,0.3928956389427185,0.04542708396911621,1,False,False,7
C000000004__VIS_4_SW_data_16-June-2026_11-08-35,26,0.9636420525659403,0.39385300874710083,0.027151376008987427,1,False,False,7
C000000004__VIS_4_SW_data_16-June-2026_11-08-35,26,0.006620775970009077,0.36898326873779297,0.038996994495391846,2,True,True,0
C000000004__VIS_4_SW_data_16-June-2026_11-08-35,26,0.020813516895980277,0.6696805059909821,0.03172263503074646,2,True,True,0
C000000004__VIS_4_SW_data_16-June-2026_11-08-35,26,0.03500625782195148,0.6980566382408142,0.04625627398490906,2,True,True,0
C000000004__VIS_4_SW_data_16-June-2026_11-08-35,26,0.049198998747922676,0.7583264410495758,0.1507420539855957,2,False,False,1
C000000004__VIS_4_SW_data_16-June-2026_11-08-35,26,0.06339173967505948,0.6938984990119934,0.1014145016670227,2,False,False,1
C000000004__VIS_4_SW_data_16-June-2026_11-08-35,26,0.07758448060103068,0.7691523432731628,0.024011194705963135,2,False,False,1
C000000004__VIS_4_SW_data_16-June-2026_11-08-35,26,0.09177722152700188,0.571797788143158,0.05135983228683472,2,False,False,1
C000000004__VIS_4_SW_data_16-June-2026_11-08-35,26,0.10596996245297309,0.5945141911506653,0.1078205406665802,2,False,False,1
C000000004__VIS_4_SW_data_16-June-2026_11-08-35,26,0.12016270337894429,0.5860695540904999,0.16056323051452637,2,False,False,1
C000000004__VIS_4_SW_data_16-June-2026_11-08-35,26,0.13435544430491547,0.70152747631073,0.05945160984992981,2,True,True,0
C000000004__VIS_4_SW_data_16-June-2026_11-08-35,26,0.14854818523088667,0.6989206671714783,0.06504945456981659,2,False,False,1
C000000004__VIS_4_SW_data_16-June-2026_11-08-35,26,0.1627409261580235,0.7312334775924683,0.0018613934516906738,2,True,False,6
C000000004__VIS_4_SW_data_16-June-2026_11-08-35,26,0.1769336670839947,0.730980634689331,0.09099683165550232,2,True,True,0
C000000004__VIS_4_SW_data_16-June-2026_11-08-35,26,0.1911264080099659,0.6821502447128296,0.002490699291229248,2,False,False,1
C000000004__VIS_4_SW_data_16-June-2026_11-08-35,26,0.20531914893593708,0.7459892928600311,0.01662062108516693,2,True,False,6
C000000004__VIS_4_SW_data_16-June-2026_11-08-35,26,0.21951188986190828,0.9165940657258034,0.034998923540115356,2,False,False,5
C000000004__VIS_4_SW_data_16-June-2026_11-08-35,26,0.23370463078787948,0.7956165373325348,0.02771066129207611,2,True,True,0
C000000004__VIS_4_SW_data_16-June-2026_11-08-35,26,0.2478973717150163,0.9144216179847717,0.029159635305404663,2,True,True,0
C000000004__VIS_4_SW_data_16-June-2026_11-08-35,26,0.26209011264098747,0.7567645013332367,0.01487058401107788,2,False,False,7
C000000004__VIS_4_SW_data_16-June-2026_11-08-35,26,0.2762828535669587,0.7981988787651062,0.005682051181793213,2,False,False,7
C000000004__VIS_4_SW_data_16-June-2026_11-08-35,26,0.2904755944929299,0.7693299800157547,0.02766174077987671,2,False,False,2
C000000004__VIS_4_SW_data_16-June-2026_11-08-35,26,0.3046683354189011,0.6685010194778442,0.017759323120117188,1,False,False,3
C000000004__VIS_4_SW_data_16-June-2026_11-08-35,26,0.3188610763448723,0.6363773345947266,0.09962460398674011,1,False,False,2
C000000004__VIS_4_SW_data_16-June-2026_11-08-35,26,0.3330538172720091,0.601506233215332,0.06853140890598297,1,False,False,1
C000000004__VIS_4_SW_data_16-June-2026_11-08-35,26,0.3472465581979803,0.6186419129371643,0.08418123424053192,1,True,True,0
C000000004__VIS_4_SW_data_16-June-2026_11-08-35,26,0.3614392991239515,0.48570168018341064,0.01483491063117981,1,True,True,0
C000000004__VIS_4_SW_data_16-June-2026_11-08-35,26,0.3756320400499227,0.4214863181114197,0.021008506417274475,1,False,False,1
C000000004__VIS_4_SW_data_16-June-2026_11-08-35,26,0.3898247809758939,0.48433995246887207,0.022761687636375427,1,False,False,4
C000000004__VIS_4_SW_data_16-June-2026_11-08-35,26,0.40401752190186513,0.6840658783912659,0.07511565089225769,1,False,False,1
C000000004__VIS_4_SW_data_16-June-2026_11-08-35,26,0.4182102628290019,0.5874370634555817,0.08108095824718475,1,True,True,0
C000000004__VIS_4_SW_data_16-June-2026_11-08-35,26,0.4324030037549731,0.6890069842338562,0.04100167751312256,1,True,True,0
C000000004__VIS_4_SW_data_16-June-2026_11-08-35,26,0.4465957446809443,0.6438283622264862,0.008238032460212708,1,False,False,3
C000000004__VIS_4_SW_data_16-June-2026_11-08-35,26,0.4607884856069155,0.7940680384635925,0.022990688681602478,1,False,False,3
C000000004__VIS_4_SW_data_16-June-2026_11-08-35,26,0.4749812265328867,0.7176464796066284,0.09250462055206299,1,False,False,1
C000000004__VIS_4_SW_data_16-June-2026_11-08-35,26,0.4891739674588579,0.5954558849334717,0.04412908852100372,1,False,False,2
C000000004__VIS_4_SW_data_16-June-2026_11-08-35,26,0.5033667083848291,0.5335728526115417,0.05861293524503708,1,False,False,2
C000000004__VIS_4_SW_data_16-June-2026_11-08-35,26,0.517559449311966,0.5869768261909485,0.008013293147087097,1,False,False,2
C000000004__VIS_4_SW_data_16-June-2026_11-08-35,26,0.5317521902379371,0.6237141489982605,0.032315537333488464,1,True,True,0
C000000004__VIS_4_SW_data_16-June-2026_11-08-35,26,0.5459449311639083,0.5093439221382141,0.048459187150001526,1,False,False,1
C000000004__VIS_4_SW_data_16-June-2026_11-08-35,26,0.5601376720898795,0.5872831344604492,0.04692073166370392,1,False,False,1
C000000004__VIS_4_SW_data_16-June-2026_11-08-35,26,0.5743304130158507,0.4741624593734741,0.06738300621509552,1,True,True,0
C000000004__VIS_4_SW_data_16-June-2026_11-08-35,26,0.5885231539418219,0.4490883946418762,0.06485654413700104,1,False,False,1
C000000004__VIS_4_SW_data_16-June-2026_11-08-35,26,0.6027158948689587,0.5451873540878296,0.0349343866109848,1,False,False,1
C000000004__VIS_4_SW_data_16-June-2026_11-08-35,26,0.6169086357949299,0.5466367900371552,0.012539565563201904,1,False,False,5
C000000004__VIS_4_SW_data_16-June-2026_11-08-35,26,0.6311013767209012,0.4397209882736206,0.003809213638305664,1,False,False,2
C000000004__VIS_4_SW_data_16-June-2026_11-08-35,26,0.6452941176468723,0.3765205144882202,0.018835023045539856,1,False,False,6
C000000004__VIS_4_SW_data_16-June-2026_11-08-35,26,0.6594868585728435,0.0,0.027083098888397217,1,False,False,2
C000000005__VIS-005_SW_data_19-June-2026_09-18-42,26,0.5774937943521923,0.6476893126964569,0.17216041684150696,1,True,True,0
C000000005__VIS-005_SW_data_19-June-2026_09-18-42,26,0.5907402972871972,0.5190245509147644,0.14464448392391205,1,False,False,1
C000000005__VIS-005_SW_data_19-June-2026_09-18-42,26,0.6039868002219303,0.5037261545658112,0.043537408113479614,1,True,True,0
C000000005__VIS-005_SW_data_19-June-2026_09-18-42,26,0.6172333031569354,0.5143203735351562,0.11759424209594727,1,True,True,0
C000000005__VIS-005_SW_data_19-June-2026_09-18-42,26,0.6304798060919404,0.4221041798591614,0.0894182026386261,1,True,True,0
C000000005__VIS-005_SW_data_19-June-2026_09-18-42,26,0.6437263090266735,0.32018792629241943,0.029592692852020264,1,False,False,1
C000000005__VIS-005_SW_data_19-June-2026_09-18-42,26,0.6569728119616784,0.31760770082473755,0.012840181589126587,1,False,False,1
C000000005__VIS-005_SW_data_19-June-2026_09-18-42,26,0.6702193148964115,0.3796933889389038,0.03836017847061157,1,False,False,1
C000000005__VIS-005_SW_data_19-June-2026_09-18-42,26,0.6834658178314166,0.3986022472381592,0.050168633460998535,1,True,True,0
C000000005__VIS-005_SW_data_19-June-2026_09-18-42,26,0.6967123207664216,0.4190669059753418,0.009580492973327637,1,False,False,2
C000000005__VIS-005_SW_data_19-June-2026_09-18-42,26,0.7099588237011547,0.43487095832824707,0.06570252776145935,1,True,True,0
C000000005__VIS-005_SW_data_19-June-2026_09-18-42,26,0.7232053266361598,0.43769824504852295,0.07396751642227173,1,False,False,1
C000000005__VIS-005_SW_data_19-June-2026_09-18-42,26,0.7364518295711647,0.38532423973083496,0.0656263530254364,1,True,True,0
C000000005__VIS-005_SW_data_19-June-2026_09-18-42,26,0.7496983325058978,0.4140397310256958,0.0681065022945404,1,True,True,0
C000000005__VIS-005_SW_data_19-June-2026_09-18-42,26,0.7629448354409029,0.32445263862609863,0.01519736647605896,1,False,False,1
C000000005__VIS-005_SW_data_19-June-2026_09-18-42,26,0.7761913383759079,0.33122897148132324,0.03594955801963806,1,True,True,0
C000000005__VIS-005_SW_data_19-June-2026_09-18-42,26,0.789437841310641,0.3548632860183716,0.05716070532798767,1,True,True,0
C000000005__VIS-005_SW_data_19-June-2026_09-18-42,26,0.8026843442456459,0.342831552028656,0.05183035135269165,1,False,False,8
C000000005__VIS-005_SW_data_19-June-2026_09-18-42,26,0.815930847180651,0.31007546186447144,0.03881305456161499,1,False,False,8
C000000005__VIS-005_SW_data_19-June-2026_09-18-42,26,0.8291773501153841,0.346668004989624,0.09871765971183777,1,False,False,7
C000000005__VIS-005_SW_data_19-June-2026_09-18-42,26,0.8424238530503891,0.43951964378356934,0.12223425507545471,1,False,False,7
C000000005__VIS-005_SW_data_19-June-2026_09-18-42,26,0.8556703559851222,0.4939512014389038,0.12181365489959717,1,False,False,7
C000000005__VIS-005_SW_data_19-June-2026_09-18-42,26,0.8689168589201273,0.5713298320770264,0.1516878604888916,1,False,False,6
C000000005__VIS-005_SW_data_19-June-2026_09-18-42,26,0.8821633618551322,0.5119299292564392,0.19447451829910278,1,False,False,6
C000000005__VIS-005_SW_data_19-June-2026_09-18-42,26,0.8954098647898653,0.4922596216201782,0.13744252920150757,1,False,False,6
C000000005__VIS-005_SW_data_19-June-2026_09-18-42,26,0.9086563677248704,0.41298389434814453,0.14912459254264832,1,False,False,4
C000000005__VIS-005_SW_data_19-June-2026_09-18-42,26,0.9219028706598754,0.38594305515289307,0.16195827722549438,1,False,False,4
C000000005__VIS-005_SW_data_19-June-2026_09-18-42,26,0.9351493735946085,0.31065452098846436,0.08572551608085632,1,False,False,3
C000000005__VIS-005_SW_data_19-June-2026_09-18-42,26,0.9483958765296134,0.16612565517425537,0.11495783925056458,1,False,False,3
C000000005__VIS-005_SW_data_19-June-2026_09-18-42,26,0.9616423794646185,0.17183160781860352,0.08723050355911255,1,False,False,2
C000000005__VIS-005_SW_data_19-June-2026_09-18-42,26,0.9748888823993516,0.18419229984283447,0.07515853643417358,1,False,False,2
C000000005__VIS-005_SW_data_19-June-2026_09-18-42,26,0.9881353853343566,0.24296128749847412,0.07988253235816956,1,False,False,2
C000000005__VIS-005_SW_data_19-June-2026_09-18-42,26,0.029044184212903026,0.20911097526550293,0.1240200400352478,1,False,False,1
C000000005__VIS-005_SW_data_19-June-2026_09-18-42,26,0.042290687147636084,0.23215192556381226,0.12532490491867065,1,False,False,1
C000000005__VIS-005_SW_data_19-June-2026_09-18-42,26,0.05553719008264112,0.25798505544662476,0.08858835697174072,1,False,False,1
C000000005__VIS-005_SW_data_19-June-2026_09-18-42,26,0.06878369301764616,0.3223053812980652,0.05858764052391052,1,True,True,0
C000000005__VIS-005_SW_data_19-June-2026_09-18-42,26,0.08203019595237922,0.4428119659423828,0.0837729275226593,1,True,True,0
C000000005__VIS-005_SW_data_19-June-2026_09-18-42,26,0.09527669888738426,0.375322163105011,0.16847893595695496,1,False,False,1
C000000005__VIS-005_SW_data_19-June-2026_09-18-42,26,0.1085232018223893,0.364532470703125,0.14302632212638855,1,True,True,0
C000000005__VIS-005_SW_data_19-June-2026_09-18-42,26,0.12176970475712236,0.35474276542663574,0.14541497826576233,1,False,False,1
C000000005__VIS-005_SW_data_19-June-2026_09-18-42,26,0.13501620769212738,0.36646127700805664,0.17271044850349426,1,False,False,1
C000000005__VIS-005_SW_data_19-June-2026_09-18-42,26,0.14826271062713242,0.35432565212249756,0.12084224820137024,1,False,False,1
C000000005__VIS-005_SW_data_19-June-2026_09-18-42,26,0.16150921356186548,0.43810081481933594,0.1505984663963318,1,True,True,0
C000000005__VIS-005_SW_data_19-June-2026_09-18-42,26,0.17475571649687052,0.5453686118125916,0.12303626537322998,1,True,True,0
C000000005__VIS-005_SW_data_19-June-2026_09-18-42,26,0.18800221943160358,0.5483408570289612,0.13801293075084686,1,False,False,1
C000000005__VIS-005_SW_data_19-June-2026_09-18-42,26,0.20124872236660862,0.7321428656578064,0.13550174236297607,1,True,True,0
C000000005__VIS-005_SW_data_19-June-2026_09-18-42,26,0.21449522530161366,0.6809191703796387,0.15899209678173065,1,True,True,0
C000000005__VIS-005_SW_data_19-June-2026_09-18-42,26,0.22774172823634672,0.7291197180747986,0.15515673160552979,1,False,False,1
C000000005__VIS-005_SW_data_19-June-2026_09-18-42,26,0.24098823117135174,0.672744870185852,0.19974777102470398,1,False,False,1
C000000005__VIS-005_SW_data_19-June-2026_09-18-42,26,0.2542347341063568,0.4442360997200012,0.0772395133972168,1,False,False,1
C000000005__VIS-005_SW_data_19-June-2026_09-18-42,26,0.26748123704108984,0.38694632053375244,0.1236484944820404,1,False,False,1
C000000005__VIS-005_SW_data_19-June-2026_09-18-42,26,0.2807277399760949,0.28957587480545044,0.11247995495796204,1,False,False,2
C000000005__VIS-005_SW_data_19-June-2026_09-18-42,26,0.2939742429110999,0.2772291898727417,0.09163928031921387,1,False,False,1
C000000005__VIS-005_SW_data_19-June-2026_09-18-42,26,0.307220745845833,0.29219329357147217,0.049122780561447144,1,False,False,2
C000000005__VIS-005_SW_data_19-June-2026_09-18-42,26,0.320467248780838,0.3038240671157837,0.06104153394699097,1,False,False,2
C000000005__VIS-005_SW_data_19-June-2026_09-18-42,26,0.33371375171557105,0.29351305961608887,0.053345322608947754,1,False,False,2
C000000005__VIS-005_SW_data_19-June-2026_09-18-42,26,0.3469602546505761,0.264896035194397,0.02927762269973755,1,False,False,1
C000000005__VIS-005_SW_data_19-June-2026_09-18-42,26,0.3602067575855811,0.25692105293273926,0.013867616653442383,2,False,False,4
C000000005__VIS-005_SW_data_19-June-2026_09-18-42,26,0.3734532605203142,0.20843350887298584,0.025003552436828613,2,False,False,4
C000000005__VIS-005_SW_data_19-June-2026_09-18-42,26,0.38669976345531926,0.192887544631958,0.1465359926223755,2,False,False,3
C000000005__VIS-005_SW_data_19-June-2026_09-18-42,26,0.39994626639032427,0.1791248321533203,0.19188418984413147,2,False,False,3
C000000005__VIS-005_SW_data_19-June-2026_09-18-42,26,0.41319276932505733,0.14044290781021118,0.19094395637512207,2,False,False,4
C000000005__VIS-005_SW_data_19-June-2026_09-18-42,26,0.4264392722600624,0.16133683919906616,0.17145612835884094,2,False,False,4
C000000005__VIS-005_SW_data_19-June-2026_09-18-42,26,0.4396857751950674,0.14000219106674194,0.18024152517318726,2,True,False,4
C000000005__VIS-005_SW_data_19-June-2026_09-18-42,26,0.45293227812980047,0.1518477201461792,0.1583958864212036,2,True,False,5
C000000005__VIS-005_SW_data_19-June-2026_09-18-42,26,0.4661787810648055,0.16908401250839233,0.19110554456710815,2,True,False,5
C000000005__VIS-005_SW_data_19-June-2026_09-18-42,26,0.47942528399981055,0.2178562879562378,0.1827641725540161,2,False,False,5
C000000005__VIS-005_SW_data_19-June-2026_09-18-42,26,0.4926717869345436,0.23845499753952026,0.1444055438041687,2,False,False,5
C000000005__VIS-005_SW_data_19-June-2026_09-18-42,26,0.5059182898695487,0.28762614727020264,0.16998335719108582,2,False,False,6
C000000005__VIS-005_SW_data_19-June-2026_09-18-42,26,0.5191647928042817,0.37854886054992676,0.17852112650871277,2,False,False,6
C000000005__VIS-005_SW_data_19-June-2026_09-18-42,26,0.5324112957392867,0.59236079454422,0.07044804096221924,2,False,False,5
C000000005__VIS-005_SW_data_19-June-2026_09-18-42,26,0.5456577986742918,0.6951375007629395,0.07900825142860413,2,False,False,7
C000000005__VIS-005_SW_data_19-June-2026_09-18-42,26,0.5589043016090248,0.8053679019212723,0.057542622089385986,2,False,False,6
C000000005__VIS-005_SW_data_19-June-2026_09-18-42,26,0.5721508045440299,0.8016286194324493,0.028719723224639893,1,False,False,1
C000000005__VIS-005_SW_data_19-June-2026_09-18-42,26,0.585397307479035,0.693219780921936,0.0219193696975708,1,False,False,2
C000000005__VIS-005_SW_data_19-June-2026_09-18-42,26,0.598643810413768,0.4719255566596985,0.0036198198795318604,1,False,False,3
C000000005__VIS-005_SW_data_19-June-2026_09-18-42,26,0.611890313348773,0.4114418625831604,0.01324339210987091,1,False,False,6
C000000005__VIS-005_SW_data_19-June-2026_09-18-42,26,0.625136816283778,0.397491991519928,0.07324057817459106,1,False,False,1
C000000005__VIS-005_SW_data_19-June-2026_09-18-42,26,0.6383833192185111,0.3405362367630005,0.12880739569664001,1,True,True,0
C000000005__VIS-005_SW_data_19-June-2026_09-18-42,26,0.6516298221535162,0.3068434000015259,0.13724133372306824,1,True,True,0
C000000005__VIS-005_SW_data_19-June-2026_09-18-42,26,0.6648763250882492,0.3169668912887573,0.17970532178878784,1,True,True,0
C000000005__VIS-005_SW_data_19-June-2026_09-18-42,26,0.6781228280232542,0.3515970706939697,0.14434123039245605,1,False,False,1
C000000005__VIS-005_SW_data_19-June-2026_09-18-42,26,0.6913693309582593,0.3579573631286621,0.12197095155715942,1,False,False,1
C000000005__VIS-005_SW_data_19-June-2026_09-18-42,26,0.7046158338929923,0.5151569545269012,0.10664509236812592,1,True,True,0
C000000005__VIS-005_SW_data_19-June-2026_09-18-42,26,0.7178623368279974,0.40102487802505493,0.10920155048370361,1,True,True,0
C000000005__VIS-005_SW_data_19-June-2026_09-18-42,26,0.7311088397630024,0.31081998348236084,0.04372216761112213,1,False,False,1
C000000005__VIS-005_SW_data_19-June-2026_09-18-42,26,0.7443553426977355,0.19316041469573975,0.0972186028957367,1,True,True,0
C000000005__VIS-005_SW_data_19-June-2026_09-18-42,26,0.7576018456327405,0.0,0.08050000667572021,1,True,True,0
C000000005__VIS-005_SW_data_19-June-2026_09-19-21,26,0.37564741896583104,0.22048699855804443,0.061615586280822754,1,False,False,4
C000000005__VIS-005_SW_data_19-June-2026_09-19-21,26,0.3888016963680621,0.19267332553863525,0.042003333568573,1,False,False,3
C000000005__VIS-005_SW_data_19-June-2026_09-19-21,26,0.4019559737700232,0.16662496328353882,0.04531145095825195,1,False,False,3
C000000005__VIS-005_SW_data_19-June-2026_09-19-21,26,0.41511025117225425,0.14077842235565186,0.07174551486968994,1,False,False,2
C000000005__VIS-005_SW_data_19-June-2026_09-19-21,26,0.4282645285744854,0.13681060075759888,0.06772911548614502,1,False,False,2
C000000005__VIS-005_SW_data_19-June-2026_09-19-21,26,0.4414188059764464,0.17585206031799316,0.08208554983139038,1,False,False,2
C000000005__VIS-005_SW_data_19-June-2026_09-19-21,26,0.45457308337867747,0.14155513048171997,0.06682950258255005,1,False,False,1
C000000005__VIS-005_SW_data_19-June-2026_09-19-21,26,0.4677273607806385,0.16870182752609253,0.05804800987243652,1,False,False,1
C000000005__VIS-005_SW_data_19-June-2026_09-19-21,26,0.4808816381828696,0.15460550785064697,0.0870293378829956,1,False,False,1
C000000005__VIS-005_SW_data_19-June-2026_09-19-21,26,0.49403591558510074,0.18733912706375122,0.09522604942321777,1,True,True,0
C000000005__VIS-005_SW_data_19-June-2026_09-19-21,26,0.5071901929870617,0.25812023878097534,0.09994649887084961,1,True,True,0
C000000005__VIS-005_SW_data_19-June-2026_09-19-21,26,0.5203444703892929,0.3204665184020996,0.10247963666915894,1,True,True,0
C000000005__VIS-005_SW_data_19-June-2026_09-19-21,26,0.533498747791524,0.5304528176784515,0.10858410596847534,1,True,True,0
C000000005__VIS-005_SW_data_19-June-2026_09-19-21,26,0.5466530251934849,0.7241376638412476,0.11330759525299072,1,True,True,0
C000000005__VIS-005_SW_data_19-June-2026_09-19-21,26,0.5598073025957161,0.7841529995203018,0.1903165876865387,1,True,True,0
C000000005__VIS-005_SW_data_19-June-2026_09-19-21,26,0.5729615799979472,0.9180457293987274,0.21182239055633545,1,True,True,0
C000000005__VIS-005_SW_data_19-June-2026_09-19-21,26,0.5861158573999082,0.8563158512115479,0.24011045694351196,1,False,False,1
C000000005__VIS-005_SW_data_19-June-2026_09-19-21,26,0.5992701348021393,0.545629620552063,0.2680312693119049,1,True,True,0
C000000005__VIS-005_SW_data_19-June-2026_09-19-21,26,0.6124244122043704,0.441614031791687,0.20531582832336426,1,True,True,0
C000000005__VIS-005_SW_data_19-June-2026_09-19-21,26,0.6255786896063315,0.3366929292678833,0.3888399600982666,1,False,False,1
C000000005__VIS-005_SW_data_19-June-2026_09-19-21,26,0.6387329670085625,0.28643518686294556,0.3210242986679077,1,True,True,0
C000000005__VIS-005_SW_data_19-June-2026_09-19-21,26,0.6518872444105235,0.23649299144744873,0.3177710175514221,1,True,True,0
C000000005__VIS-005_SW_data_19-June-2026_09-19-21,26,0.6650415218127547,0.2694607377052307,0.34018582105636597,1,True,True,0
C000000005__VIS-005_SW_data_19-June-2026_09-19-21,26,0.6781957992149857,0.3187124729156494,0.2357977032661438,1,False,False,1
C000000005__VIS-005_SW_data_19-June-2026_09-19-21,26,0.6913500766169468,0.35178935527801514,0.31465446949005127,1,True,True,0
C000000005__VIS-005_SW_data_19-June-2026_09-19-21,26,0.7045043540191779,0.4136165976524353,0.29281359910964966,1,True,True,0
C000000005__VIS-005_SW_data_19-June-2026_09-19-21,26,0.717658631421409,0.4461596608161926,0.22770047187805176,1,False,False,1
C000000005__VIS-005_SW_data_19-June-2026_09-19-21,26,0.73081290882337,0.5264951586723328,0.10419636964797974,1,False,False,1
C000000005__VIS-005_SW_data_19-June-2026_09-19-21,26,0.7439671862256011,0.4967876076698303,0.11726272106170654,1,True,True,0
C000000005__VIS-005_SW_data_19-June-2026_09-19-21,26,0.7571214636278322,0.46015334129333496,0.1588817834854126,1,True,True,0
C000000005__VIS-005_SW_data_19-June-2026_09-19-21,26,0.7702757410297932,0.3275165557861328,0.10104677081108093,1,True,True,0
C000000005__VIS-005_SW_data_19-June-2026_09-19-21,26,0.7834300184320243,0.2767103910446167,0.06533753871917725,1,True,True,0
C000000005__VIS-005_SW_data_19-June-2026_09-19-21,26,0.7965842958339854,0.30262529850006104,0.0032404065132141113,1,True,True,0
C000000005__VIS-005_SW_data_19-June-2026_09-19-21,26,0.8097385732362165,0.26853716373443604,0.0012653470039367676,1,False,False,2
C000000005__VIS-005_SW_data_19-June-2026_09-19-21,26,0.8228928506384475,0.2549785375595093,0.031073153018951416,1,False,False,9
C000000005__VIS-005_SW_data_19-June-2026_09-19-21,26,0.8360471280404086,0.22718238830566406,0.05932265520095825,1,False,False,9
C000000005__VIS-005_SW_data_19-June-2026_09-19-21,26,0.8492014054426397,0.1941739320755005,0.12338650226593018,1,False,False,9
C000000005__VIS-005_SW_data_19-June-2026_09-19-21,26,0.8623556828448707,0.2555149793624878,0.06375032663345337,1,False,False,8
C000000005__VIS-005_SW_data_19-June-2026_09-19-21,26,0.8755099602468318,0.37183529138565063,0.0934290885925293,1,False,False,8
C000000005__VIS-005_SW_data_19-June-2026_09-19-21,26,0.8886642376490629,0.3598470687866211,0.10761451721191406,1,False,False,8
C000000005__VIS-005_SW_data_19-June-2026_09-19-21,26,0.901818515051294,0.5173674523830414,0.0718299150466919,1,False,False,7
C000000005__VIS-005_SW_data_19-June-2026_09-19-21,26,0.914972792453255,0.6381862759590149,0.02739351987838745,1,True,True,0
C000000005__VIS-005_SW_data_19-June-2026_09-19-21,26,0.9281270698554861,0.6497604250907898,0.05226093530654907,1,True,True,0
C000000005__VIS-005_SW_data_19-June-2026_09-19-21,26,0.9412813472577172,0.524664580821991,0.0772295594215393,1,False,False,6
C000000005__VIS-005_SW_data_19-June-2026_09-19-21,26,0.9544356246596782,0.4805988073348999,0.02601855993270874,1,False,False,5
C000000005__VIS-005_SW_data_19-June-2026_09-19-21,26,0.9675899020619093,0.5386223793029785,0.0497281551361084,1,True,True,0
C000000005__VIS-005_SW_data_19-June-2026_09-19-21,26,0.9807441794638704,0.5526137351989746,0.15037143230438232,1,True,True,0
C000000005__VIS-005_SW_data_19-June-2026_09-19-21,26,0.9938984568661015,0.38907599449157715,0.11308711767196655,1,True,True,0
C000000005__VIS-005_SW_data_19-June-2026_09-19-21,26,1.0070527342683326,0.3520048260688782,0.07880866527557373,1,True,True,0
C000000005__VIS-005_SW_data_19-June-2026_09-19-21,26,1.0202070116702935,0.29809045791625977,0.002607405185699463,1,True,True,0
C000000005__VIS-005_SW_data_19-June-2026_09-19-21,26,1.0333612890725248,0.2532385587692261,0.043823957443237305,1,False,False,1
C000000007__VIS-007_SW_data_30-June-2026_11-54-10,26,0.3379586105784863,0.28693270683288574,0.009051322937011719,1,False,False,3
C000000007__VIS-007_SW_data_30-June-2026_11-54-10,26,0.35051562373660616,0.2527979612350464,0.03549295663833618,1,False,False,1
C000000007__VIS-007_SW_data_30-June-2026_11-54-10,26,0.3630726368952416,0.212743878364563,0.017054259777069092,1,False,False,1
C000000007__VIS-007_SW_data_30-June-2026_11-54-10,26,0.3756296500533614,0.20855283737182617,0.0851973295211792,1,False,False,1
C000000007__VIS-007_SW_data_30-June-2026_11-54-10,26,0.3881866632114812,0.2027904987335205,0.1138683557510376,1,False,False,1
C000000007__VIS-007_SW_data_30-June-2026_11-54-10,26,0.40074367637011665,0.22969913482666016,0.129766583442688,1,False,False,1
C000000007__VIS-007_SW_data_30-June-2026_11-54-10,26,0.41330068952823645,0.20474451780319214,0.04357200860977173,1,False,False,2
C000000007__VIS-007_SW_data_30-June-2026_11-54-10,26,0.42585770268635625,0.18454140424728394,0.12512439489364624,1,True,True,0
C000000007__VIS-007_SW_data_30-June-2026_11-54-10,26,0.4384147158449917,0.19454383850097656,0.10155749320983887,1,True,True,0
C000000007__VIS-007_SW_data_30-June-2026_11-54-10,26,0.4509717290031115,0.22412842512130737,0.11978369951248169,1,True,True,0
C000000007__VIS-007_SW_data_30-June-2026_11-54-10,26,0.4635287421612313,0.21197444200515747,0.06883871555328369,1,True,True,0
C000000007__VIS-007_SW_data_30-June-2026_11-54-10,26,0.47608575531986674,0.18257087469100952,0.08378654718399048,1,True,True,0
C000000007__VIS-007_SW_data_30-June-2026_11-54-10,26,0.4886427684779866,0.1789737343788147,0.10997378826141357,1,True,True,0
C000000007__VIS-007_SW_data_30-June-2026_11-54-10,26,0.5011997816361063,0.19832420349121094,0.10527878999710083,1,False,False,1
C000000007__VIS-007_SW_data_30-June-2026_11-54-10,26,0.5137567947942262,0.25910091400146484,0.051625609397888184,1,True,True,0
C000000007__VIS-007_SW_data_30-June-2026_11-54-10,26,0.5263138079528616,0.27921760082244873,0.06813758611679077,1,True,True,0
C000000007__VIS-007_SW_data_30-June-2026_11-54-10,26,0.5388708211109815,0.3807178735733032,0.05601024627685547,1,True,True,0
C000000007__VIS-007_SW_data_30-June-2026_11-54-10,26,0.5514278342691012,0.44918692111968994,0.09387731552124023,1,False,False,1
C000000007__VIS-007_SW_data_30-June-2026_11-54-10,26,0.5639848474277367,0.5071723461151123,0.12704354524612427,1,True,True,0
C000000007__VIS-007_SW_data_30-June-2026_11-54-10,26,0.5765418605858565,0.5014176368713379,0.19202852249145508,1,True,True,0
C000000007__VIS-007_SW_data_30-June-2026_11-54-10,26,0.5890988737439763,0.5425180196762085,0.2754630148410797,1,False,False,1
C000000007__VIS-007_SW_data_30-June-2026_11-54-10,26,0.6016558869026117,0.6662695705890656,0.27657973766326904,1,False,False,1
C000000007__VIS-007_SW_data_30-June-2026_11-54-10,26,0.6142129000607316,0.6374616622924805,0.2871803939342499,1,True,True,0
C000000007__VIS-007_SW_data_30-June-2026_11-54-10,26,0.6267699132188513,0.6990702152252197,0.29904380440711975,1,True,True,0
C000000007__VIS-007_SW_data_30-June-2026_11-54-10,26,0.6393269263774868,0.6155596375465393,0.37091919779777527,1,False,False,1
C000000007__VIS-007_SW_data_30-June-2026_11-54-10,26,0.6518839395356066,0.5868715047836304,0.34743115305900574,1,True,True,0
C000000007__VIS-007_SW_data_30-June-2026_11-54-10,26,0.6644409526937265,0.6688361763954163,0.20913738012313843,1,True,True,0
C000000007__VIS-007_SW_data_30-June-2026_11-54-10,26,0.6769979658523619,0.5338594913482666,0.18655049800872803,1,False,False,1
C000000007__VIS-007_SW_data_30-June-2026_11-54-10,26,0.6895549790104817,0.5507983565330505,0.09983420372009277,1,False,False,1
C000000007__VIS-007_SW_data_30-June-2026_11-54-10,26,0.7021119921686015,0.5829269289970398,0.011313170194625854,1,False,False,1
C000000007__VIS-007_SW_data_30-June-2026_11-54-10,26,0.714669005327237,0.5093651115894318,0.04377061128616333,1,False,False,3
C000000007__VIS-007_SW_data_30-June-2026_11-54-10,26,0.7272260184853567,0.5729972720146179,0.013279110193252563,1,True,True,0
C000000007__VIS-007_SW_data_30-June-2026_11-54-10,26,0.7397830316434766,0.5465262532234192,0.003846585750579834,1,False,False,4
C000000007__VIS-007_SW_data_30-June-2026_11-54-10,26,0.752340044802112,0.5022547543048859,0.023628294467926025,1,False,False,4
C000000007__VIS-007_SW_data_30-June-2026_11-54-10,26,0.7648970579602318,0.5047420859336853,0.04321959614753723,1,False,False,1
C000000007__VIS-007_SW_data_30-June-2026_11-54-10,26,0.7774540711183516,0.5108027160167694,0.05237656831741333,1,False,False,1
C000000007__VIS-007_SW_data_30-June-2026_11-54-10,26,0.7900110842769871,0.48317646980285645,0.06798189878463745,1,False,False,1
C000000007__VIS-007_SW_data_30-June-2026_11-54-10,26,0.8025680974351068,0.47638726234436035,0.014658421277999878,1,False,False,1
C000000007__VIS-007_SW_data_30-June-2026_11-54-10,26,0.8151251105932267,0.5419047176837921,0.07732528448104858,1,True,True,0
C000000007__VIS-007_SW_data_30-June-2026_11-54-10,26,0.8276821237513465,0.515158474445343,0.03841409087181091,1,True,True,0
C000000007__VIS-007_SW_data_30-June-2026_11-54-10,26,0.840239136909982,0.49832844734191895,0.013499528169631958,1,False,False,2
C000000007__VIS-007_SW_data_30-June-2026_11-54-10,26,0.8527961500681017,0.542523205280304,0.08682650327682495,1,False,False,1
C000000007__VIS-007_SW_data_30-June-2026_11-54-10,26,0.8653531632262216,0.41538822650909424,0.026398956775665283,1,False,False,1
C000000007__VIS-007_SW_data_30-June-2026_11-54-10,26,0.877910176384857,0.505671888589859,0.052800267934799194,1,False,False,1
C000000007__VIS-007_SW_data_30-June-2026_11-54-10,26,0.8904671895429768,0.472637414932251,0.026835471391677856,1,False,False,1
C000000007__VIS-007_SW_data_30-June-2026_11-54-10,26,0.9030242027010966,0.5222415626049042,0.006784647703170776,1,True,True,0
C000000007__VIS-007_SW_data_30-June-2026_11-54-10,26,0.9155812158597321,0.5008085370063782,0.1308397352695465,1,True,True,0
C000000007__VIS-007_SW_data_30-June-2026_11-54-10,26,0.9281382290178518,0.5749395191669464,0.0859329104423523,1,True,True,0
C000000007__VIS-007_SW_data_30-June-2026_11-54-10,26,0.9406952421759717,0.4673529863357544,0.05581498146057129,1,False,False,1
C000000007__VIS-007_SW_data_30-June-2026_11-54-10,26,0.9532522553346071,0.4233728051185608,0.025852441787719727,1,False,False,1
C000000007__VIS-007_SW_data_30-June-2026_11-54-10,26,0.965809268492727,0.523792564868927,0.022309482097625732,1,False,False,1
C000000007__VIS-007_SW_data_30-June-2026_11-54-10,26,0.9783662816508467,0.5582651495933533,0.0910901129245758,1,False,False,1
C000000007__VIS-007_SW_data_30-June-2026_11-54-10,26,0.9909232948094822,0.4021817445755005,0.001818150281906128,1,True,True,0
C000000007__VIS-007_SW_data_30-June-2026_11-54-10,26,1.003480307967602,0.5046334564685822,0.01970142126083374,1,False,False,1
C000000007__VIS-007_SW_data_30-June-2026_11-54-10,26,1.0160373211257219,0.5289226174354553,0.01903456449508667,1,False,False,1
C000000007__VIS-007_SW_data_30-June-2026_11-54-10,26,1.0285943342843573,0.5790774524211884,0.010311037302017212,1,False,False,3
C000000007__VIS-007_SW_data_30-June-2026_11-54-10,26,1.041151347442477,0.5937683582305908,0.05985495448112488,1,False,False,3
C000000007__VIS-007_SW_data_30-June-2026_11-54-10,26,1.0537083606005968,0.6626477241516113,0.03399667143821716,1,False,False,1
C000000007__VIS-007_SW_data_30-June-2026_11-54-10,26,1.0662653737592322,0.6485455632209778,0.0935114324092865,1,False,False,1
C000000007__VIS-007_SW_data_30-June-2026_11-54-10,26,1.078822386917352,0.6333965361118317,0.007445544004440308,1,False,False,5
C000000007__VIS-007_SW_data_30-June-2026_11-54-10,26,1.091379400075472,0.550676017999649,0.00445634126663208,1,False,False,4
C000000007__VIS-007_SW_data_30-June-2026_11-54-10,26,1.1039364132341074,0.5186805129051208,0.011711567640304565,1,False,False,2
C000000007__VIS-007_SW_data_30-June-2026_11-54-10,26,1.1164934263922273,0.5127936899662018,0.09408903121948242,1,False,False,2
C000000007__VIS-007_SW_data_30-June-2026_11-54-10,26,1.129050439550347,0.463214635848999,0.052892327308654785,1,False,False,1
C000000007__VIS-007_SW_data_30-June-2026_11-54-10,26,1.1416074527084668,0.45511722564697266,0.11301523447036743,1,False,False,1
C000000007__VIS-007_SW_data_30-June-2026_11-54-10,26,1.1541644658671022,0.40122032165527344,0.03880733251571655,1,True,True,0
C000000007__VIS-007_SW_data_30-June-2026_11-54-10,26,0.02408421835914415,0.35507112741470337,0.16902679204940796,1,True,True,0
C000000007__VIS-007_SW_data_30-June-2026_11-54-10,26,0.03664123151726396,0.3886754512786865,0.12626737356185913,1,True,True,0
C000000007__VIS-007_SW_data_30-June-2026_11-54-10,26,0.049198244675383765,0.48615825176239014,0.11400413513183594,1,True,True,0
C000000007__VIS-007_SW_data_30-June-2026_11-54-10,26,0.06175525783401921,0.39350318908691406,0.018703579902648926,1,False,False,1
C000000007__VIS-007_SW_data_30-June-2026_11-54-10,26,0.07431227099213902,0.3608768582344055,0.08429807424545288,1,True,True,0
C000000007__VIS-007_SW_data_30-June-2026_11-54-10,26,0.08686928415025882,0.42558467388153076,0.1102733314037323,1,True,True,0
C000000007__VIS-007_SW_data_30-June-2026_11-54-10,26,0.09942629730889427,0.37298810482025146,0.03460821509361267,1,True,True,0
C000000007__VIS-007_SW_data_30-June-2026_11-54-10,26,0.11198331046701408,0.4512060880661011,0.002653658390045166,1,False,False,1
C000000007__VIS-007_SW_data_30-June-2026_11-54-10,26,0.12454032362513388,0.37523549795150757,0.06250783801078796,1,False,False,1
C000000007__VIS-007_SW_data_30-June-2026_11-54-10,26,0.13709733678376934,0.5179314017295837,0.11609429121017456,1,True,True,0
C000000007__VIS-007_SW_data_30-June-2026_11-54-10,26,0.14965434994188914,0.5244040489196777,0.07289260625839233,1,False,False,1
C000000007__VIS-007_SW_data_30-June-2026_11-54-10,26,0.16221136310000894,0.6224377751350403,0.08332067728042603,1,True,True,0
C000000007__VIS-007_SW_data_30-June-2026_11-54-10,26,0.1747683762586444,0.7192139327526093,0.1600525677204132,1,True,True,0
C000000007__VIS-007_SW_data_30-June-2026_11-54-10,26,0.18732538941676422,0.821737602353096,0.07114118337631226,1,True,True,0
C000000007__VIS-007_SW_data_30-June-2026_11-54-10,26,0.19988240257488402,0.8231719136238098,0.15167945623397827,1,True,True,0
C000000007__VIS-007_SW_data_30-June-2026_11-54-10,26,0.21243941573351946,0.7158904075622559,0.19878838956356049,1,True,True,0
C000000007__VIS-007_SW_data_30-June-2026_11-54-10,26,0.22499642889163926,0.48094457387924194,0.18361806869506836,1,False,False,1
C000000007__VIS-007_SW_data_30-June-2026_11-54-10,26,0.23755344204975906,0.32292449474334717,0.15291082859039307,1,False,False,1
C000000007__VIS-007_SW_data_30-June-2026_11-54-10,26,0.2501104552078789,0.0,0.14287018775939941,1,True,True,0
C000000007__VIS-007_SW_data_30-June-2026_11-58-24,26,0.5228319708957017,0.4760250449180603,0.11872684955596924,1,False,False,1
C000000007__VIS-007_SW_data_30-June-2026_11-58-24,26,0.5352582787262443,0.4726071357727051,0.04503786563873291,1,True,True,0
C000000007__VIS-007_SW_data_30-June-2026_11-58-24,26,0.5476845865567949,0.39242541790008545,0.14139950275421143,1,True,True,0
C000000007__VIS-007_SW_data_30-June-2026_11-58-24,26,0.5601108943873375,0.47646164894104004,0.09428739547729492,1,True,True,0
C000000007__VIS-007_SW_data_30-June-2026_11-58-24,26,0.5725372022178881,0.5989028215408325,0.1542608141899109,1,True,True,0
C000000007__VIS-007_SW_data_30-June-2026_11-58-24,26,0.5849635100484307,0.7373589873313904,0.2628260850906372,1,True,True,0
C000000007__VIS-007_SW_data_30-June-2026_11-58-24,26,0.5973898178789813,0.7184862792491913,0.1449071168899536,1,False,False,1
C000000007__VIS-007_SW_data_30-June-2026_11-58-24,26,0.6098161257095239,0.9152464717626572,0.07303768396377563,1,True,True,0
C000000007__VIS-007_SW_data_30-June-2026_11-58-24,26,0.6222424335400745,0.8958798199892044,0.180961012840271,1,True,True,0
C000000007__VIS-007_SW_data_30-June-2026_11-58-24,26,0.6346687413706171,0.9226378351449966,0.1692490577697754,1,True,True,0
C000000007__VIS-007_SW_data_30-June-2026_11-58-24,26,0.6470950492011677,0.8477025330066681,0.022155284881591797,1,False,False,1
C000000007__VIS-007_SW_data_30-June-2026_11-58-24,26,0.6595213570317103,0.8915078192949295,0.06467011570930481,1,True,True,0
C000000007__VIS-007_SW_data_30-June-2026_11-58-24,26,0.6719476648622609,0.8964325487613678,0.08231481909751892,1,True,True,0
C000000007__VIS-007_SW_data_30-June-2026_11-58-24,26,0.6843739726928035,0.8025044351816177,0.13383647799491882,1,False,False,1
C000000007__VIS-007_SW_data_30-June-2026_11-58-24,26,0.6968002805233541,0.7392154932022095,0.08845825493335724,1,True,True,0
C000000007__VIS-007_SW_data_30-June-2026_11-58-24,26,0.7092265883538966,0.6565182507038116,0.0676582008600235,1,True,True,0
C000000007__VIS-007_SW_data_30-June-2026_11-58-24,26,0.7216528961844473,0.6557349562644958,0.05580472946166992,1,True,True,0
C000000007__VIS-007_SW_data_30-June-2026_11-58-24,26,0.7340792040149898,0.7193462252616882,0.00033548474311828613,1,False,False,1
C000000007__VIS-007_SW_data_30-June-2026_11-58-24,26,0.7465055118455405,0.6010172367095947,0.07388976216316223,1,False,False,1
C000000007__VIS-007_SW_data_30-June-2026_11-58-24,26,0.758931819676083,0.6504473090171814,0.04886126518249512,1,False,False,1
C000000007__VIS-007_SW_data_30-June-2026_11-58-24,26,0.7713581275066337,0.7101443111896515,0.031306713819503784,1,False,False,5
C000000007__VIS-007_SW_data_30-June-2026_11-58-24,26,0.7837844353371762,0.7201190888881683,0.03227365016937256,1,True,True,0
C000000007__VIS-007_SW_data_30-June-2026_11-58-24,26,0.7962107431677269,0.5878623723983765,0.09031882882118225,1,True,True,0
C000000007__VIS-007_SW_data_30-June-2026_11-58-24,26,0.8086370509982694,0.6082205474376678,0.04960477352142334,1,False,False,5
C000000007__VIS-007_SW_data_30-June-2026_11-58-24,26,0.8210633588288201,0.6514413356781006,0.016769379377365112,1,False,False,2
C000000007__VIS-007_SW_data_30-June-2026_11-58-24,26,0.8334896666593626,0.68116095662117,0.020989298820495605,1,False,False,1
C000000007__VIS-007_SW_data_30-June-2026_11-58-24,26,0.8459159744899053,0.6382225751876831,0.04630288481712341,1,False,False,2
C000000007__VIS-007_SW_data_30-June-2026_11-58-24,26,0.8583422823204558,0.5531901121139526,0.03947758674621582,1,False,False,1
C000000007__VIS-007_SW_data_30-June-2026_11-58-24,26,0.8707685901509985,0.4937112331390381,0.079384446144104,1,True,True,0
C000000007__VIS-007_SW_data_30-June-2026_11-58-24,26,0.883194897981549,0.5456639528274536,0.09126284718513489,1,True,True,0
C000000007__VIS-007_SW_data_30-June-2026_11-58-24,26,0.8956212058120917,0.6582564413547516,0.08390581607818604,1,True,True,0
C000000007__VIS-007_SW_data_30-June-2026_11-58-24,26,0.014656249315120653,0.4171072840690613,0.06296443939208984,2,False,False,7
C000000007__VIS-007_SW_data_30-June-2026_11-58-24,26,0.027082557145671236,0.40642857551574707,0.057622671127319336,2,False,False,8
C000000007__VIS-007_SW_data_30-June-2026_11-58-24,26,0.03950886497621385,0.31985390186309814,0.10789620876312256,2,False,False,7
C000000007__VIS-007_SW_data_30-June-2026_11-58-24,26,0.051935172806764435,0.39906740188598633,0.04345977306365967,2,False,False,8
C000000007__VIS-007_SW_data_30-June-2026_11-58-24,26,0.06436148063730704,0.3691408038139343,0.14412331581115723,2,True,False,6
C000000007__VIS-007_SW_data_30-June-2026_11-58-24,26,0.07678778846785762,0.40492159128189087,0.12380683422088623,2,False,False,7
C000000007__VIS-007_SW_data_30-June-2026_11-58-24,26,0.08921409629840024,0.5067637860774994,0.15921694040298462,2,False,False,7
C000000007__VIS-007_SW_data_30-June-2026_11-58-24,26,0.10164040412895083,0.545835942029953,0.12516748905181885,2,True,False,6
C000000007__VIS-007_SW_data_30-June-2026_11-58-24,26,0.11406671195949343,0.5466015338897705,0.10893803834915161,2,True,False,6
C000000007__VIS-007_SW_data_30-June-2026_11-58-24,26,0.12649301979004401,0.5946186482906342,0.16100898385047913,2,True,False,6
C000000007__VIS-007_SW_data_30-June-2026_11-58-24,26,0.13891932762058662,0.581333339214325,0.15020275115966797,2,True,False,7
C000000007__VIS-007_SW_data_30-June-2026_11-58-24,26,0.15134563545113722,0.6717414259910583,0.2088310718536377,2,True,False,6
C000000007__VIS-007_SW_data_30-June-2026_11-58-24,26,0.16377194328167982,0.7435577511787415,0.19067206978797913,2,True,False,6
C000000007__VIS-007_SW_data_30-June-2026_11-58-24,26,0.17619825111223042,0.7616088390350342,0.1641852855682373,2,True,False,6
C000000007__VIS-007_SW_data_30-June-2026_11-58-24,26,0.18862455894277302,0.9646229557693005,0.1927686333656311,2,True,False,6
C000000007__VIS-007_SW_data_30-June-2026_11-58-24,26,0.2010508667733236,0.864118680357933,0.12624388933181763,2,True,False,6
C000000007__VIS-007_SW_data_30-June-2026_11-58-24,26,0.21347717460386623,0.7498419880867004,0.14918872714042664,2,False,False,7
C000000007__VIS-007_SW_data_30-June-2026_11-58-24,26,0.2259034824344168,0.7312465310096741,0.14101949334144592,2,True,False,7
C000000007__VIS-007_SW_data_30-June-2026_11-58-24,26,0.2383297902649594,0.5610756278038025,0.07099840044975281,2,True,False,6
C000000007__VIS-007_SW_data_30-June-2026_11-58-24,26,0.25075609809550997,0.48317408561706543,0.1337210237979889,2,False,False,7
C000000007__VIS-007_SW_data_30-June-2026_11-58-24,26,0.26318240592605263,0.5104241669178009,0.05370405316352844,2,False,False,7
C000000007__VIS-007_SW_data_30-June-2026_11-58-24,26,0.2756087137566032,0.41175949573516846,0.0643981397151947,1,False,False,1
C000000007__VIS-007_SW_data_30-June-2026_11-58-24,26,0.2880350215871458,0.431577205657959,0.004134833812713623,1,False,False,1
C000000007__VIS-007_SW_data_30-June-2026_11-58-24,26,0.3004613294176964,0.42455607652664185,0.029948055744171143,1,False,False,1
C000000007__VIS-007_SW_data_30-June-2026_11-58-24,26,0.312887637248239,0.45238494873046875,0.045706093311309814,1,True,True,0
C000000007__VIS-007_SW_data_30-June-2026_11-58-24,26,0.3253139450787816,0.3669852614402771,0.003909111022949219,1,False,False,1
C000000007__VIS-007_SW_data_30-June-2026_11-58-24,26,0.3377402529093322,0.3019733428955078,0.02116525173187256,1,False,False,1
C000000007__VIS-007_SW_data_30-June-2026_11-58-24,26,0.3501665607398748,0.3073135018348694,0.04493004083633423,1,False,False,1
C000000007__VIS-007_SW_data_30-June-2026_11-58-24,26,0.3625928685704254,0.30137449502944946,0.041929006576538086,1,False,False,2
C000000007__VIS-007_SW_data_30-June-2026_11-58-24,26,0.375019176400968,0.2739325165748596,0.0767790675163269,1,False,False,1
C000000007__VIS-007_SW_data_30-June-2026_11-58-24,26,0.3874454842315186,0.26330500841140747,0.07454293966293335,1,False,False,1
C000000007__VIS-007_SW_data_30-June-2026_11-58-24,26,0.3998717920620612,0.2801417112350464,0.11104702949523926,1,True,True,0
C000000007__VIS-007_SW_data_30-June-2026_11-58-24,26,0.4122980998926118,0.3229708671569824,0.07170170545578003,1,True,True,0
C000000007__VIS-007_SW_data_30-June-2026_11-58-24,26,0.4247244077231544,0.2772287130355835,0.058183133602142334,1,True,True,0
C000000007__VIS-007_SW_data_30-June-2026_11-58-24,26,0.437150715553705,0.27182286977767944,0.0675535798072815,1,False,False,1
C000000007__VIS-007_SW_data_30-June-2026_11-58-24,26,0.4495770233842476,0.26663607358932495,0.04646754264831543,1,False,False,1
C000000007__VIS-007_SW_data_30-June-2026_11-58-24,26,0.4620033312147982,0.2427518367767334,0.0318412184715271,1,False,False,1
C000000007__VIS-007_SW_data_30-June-2026_11-58-24,26,0.4744296390453408,0.2048119306564331,0.052052974700927734,1,False,False,1
C000000008__VIS-010_SW_data_03-July-2026_10-36-33,26,1.0274600004289414,0.5001768469810486,0.04825696349143982,1,True,True,0
C000000008__VIS-010_SW_data_03-July-2026_10-36-33,26,1.0417678668533388,0.5459872782230377,0.023760348558425903,1,False,False,1
C000000008__VIS-010_SW_data_03-July-2026_10-36-33,26,0.0352965223306092,0.7852004319429398,0.023741990327835083,1,False,False,1
C000000008__VIS-010_SW_data_03-July-2026_10-36-33,26,0.049604388755006563,0.8160785138607025,0.040771692991256714,1,False,False,12
C000000008__VIS-010_SW_data_03-July-2026_10-36-33,26,0.06391225517940392,0.8727866113185883,0.061341285705566406,1,True,True,0
C000000008__VIS-010_SW_data_03-July-2026_10-36-33,26,0.07822012160438882,1.0196016505360603,0.07762894034385681,1,True,True,0
C000000008__VIS-010_SW_data_03-July-2026_10-36-33,26,0.09252798802878619,0.8387059271335602,0.0432778000831604,1,True,True,0
C000000008__VIS-010_SW_data_03-July-2026_10-36-33,26,0.10683585445318354,0.803745374083519,0.0491371750831604,1,True,True,0
C000000008__VIS-010_SW_data_03-July-2026_10-36-33,26,0.12114372087758091,0.8787180557847023,0.0838468074798584,1,True,True,0
C000000008__VIS-010_SW_data_03-July-2026_10-36-33,26,0.1354515873025658,0.8163868486881256,0.1343270242214203,1,True,True,0
C000000008__VIS-010_SW_data_03-July-2026_10-36-33,26,0.14975945372696317,0.6714147329330444,0.07236205041408539,1,True,True,0
C000000008__VIS-010_SW_data_03-July-2026_10-36-33,26,0.16406732015136052,0.7272324562072754,0.1489715725183487,1,True,True,0
C000000008__VIS-010_SW_data_03-July-2026_10-36-33,26,0.1783751865763454,0.6723552346229553,0.1770736575126648,1,False,False,1
C000000008__VIS-010_SW_data_03-July-2026_10-36-33,26,0.1926830530007428,0.6410804986953735,0.043860286474227905,1,False,False,1
C000000008__VIS-010_SW_data_03-July-2026_10-36-33,26,0.20699091942514014,0.641279548406601,0.0059830546379089355,1,False,False,1
C000000008__VIS-010_SW_data_03-July-2026_10-36-33,26,0.22129878585012502,0.5799520611763,0.09552988409996033,1,False,False,1
C000000008__VIS-010_SW_data_03-July-2026_10-36-33,26,0.2356066522745224,0.4528551697731018,0.05932331085205078,1,False,False,1
C000000008__VIS-010_SW_data_03-July-2026_10-36-33,26,0.24991451869891976,0.3856379985809326,0.10623115301132202,1,True,True,0
C000000008__VIS-010_SW_data_03-July-2026_10-36-33,26,0.26422238512390467,0.4103865623474121,0.023087143898010254,1,False,False,1
C000000008__VIS-010_SW_data_03-July-2026_10-36-33,26,0.278530251548302,0.35858678817749023,0.07047009468078613,1,True,True,0
C000000008__VIS-010_SW_data_03-July-2026_10-36-33,26,0.2928381179726994,0.3449637293815613,0.05816829204559326,1,True,True,0
C000000008__VIS-010_SW_data_03-July-2026_10-36-33,26,0.30714598439768426,0.3146265745162964,0.10195082426071167,1,False,False,1
C000000008__VIS-010_SW_data_03-July-2026_10-36-33,26,0.3214538508220816,0.3389759063720703,0.1891193985939026,1,False,False,1
C000000008__VIS-010_SW_data_03-July-2026_10-36-33,26,0.335761717246479,0.33627551794052124,0.09098505973815918,1,True,True,0
C000000008__VIS-010_SW_data_03-July-2026_10-36-33,26,0.3500695836714639,0.287067174911499,0.08665281534194946,1,True,True,0
C000000008__VIS-010_SW_data_03-July-2026_10-36-33,26,0.36437745009586125,0.2474203109741211,0.09550553560256958,1,False,False,1
C000000008__VIS-010_SW_data_03-July-2026_10-36-33,26,0.3786853165202586,0.3147319555282593,0.051130831241607666,1,True,True,0
C000000008__VIS-010_SW_data_03-July-2026_10-36-33,26,0.3929931829452435,0.3515043258666992,0.01850980520248413,1,False,False,1
C000000008__VIS-010_SW_data_03-July-2026_10-36-33,26,0.4073010493696409,0.3940267562866211,0.1586797833442688,1,True,True,0
C000000008__VIS-010_SW_data_03-July-2026_10-36-33,26,0.42160891579403825,0.4493136405944824,0.08604276180267334,1,True,True,0
C000000008__VIS-010_SW_data_03-July-2026_10-36-33,26,0.43591678221902314,0.4358528256416321,0.07697266340255737,1,True,True,0
C000000008__VIS-010_SW_data_03-July-2026_10-36-33,26,0.4502246486434205,0.46656739711761475,0.0523219108581543,1,True,True,0
C000000008__VIS-010_SW_data_03-July-2026_10-36-33,26,0.46453251506781784,0.4574887752532959,0.06761497259140015,1,True,True,0
C000000008__VIS-010_SW_data_03-July-2026_10-36-33,26,0.4788403814922152,0.5060610175132751,0.13083544373512268,1,False,False,1
C000000008__VIS-010_SW_data_03-July-2026_10-36-33,26,0.49314824791720013,0.5171203315258026,0.0994812548160553,1,True,True,0
C000000008__VIS-010_SW_data_03-July-2026_10-36-33,26,0.5074561143415974,0.47130870819091797,0.1093946099281311,1,True,True,0
C000000008__VIS-010_SW_data_03-July-2026_10-36-33,26,0.5217639807659948,0.5753864943981171,0.1468995213508606,1,False,False,1
C000000008__VIS-010_SW_data_03-July-2026_10-36-33,26,0.5360718471909798,0.6131758689880371,0.17421242594718933,1,True,True,0
C000000008__VIS-010_SW_data_03-July-2026_10-36-33,26,0.5503797136153771,0.513700544834137,0.19245198369026184,1,True,True,0
C000000008__VIS-010_SW_data_03-July-2026_10-36-33,26,0.5646875800397745,0.6012804210186005,0.14844664931297302,1,False,False,1
C000000008__VIS-010_SW_data_03-July-2026_10-36-33,26,0.5789954464647593,0.7008199393749237,0.1542339324951172,1,True,True,0
C000000008__VIS-010_SW_data_03-July-2026_10-36-33,26,0.5933033128891567,0.6169713139533997,0.21574538946151733,1,True,True,0
C000000008__VIS-010_SW_data_03-July-2026_10-36-33,26,0.6076111793135541,0.8316158652305603,0.2438746988773346,1,True,True,0
C000000008__VIS-010_SW_data_03-July-2026_10-36-33,26,0.621919045738539,0.883424811065197,0.18253052234649658,1,False,False,1
C000000008__VIS-010_SW_data_03-July-2026_10-36-33,26,0.6362269121629364,0.9845852535218,0.17040333151817322,1,False,False,1
C000000008__VIS-010_SW_data_03-July-2026_10-36-33,26,0.6505347785873337,0.9597442746162415,0.1864904761314392,1,True,True,0
C000000008__VIS-010_SW_data_03-July-2026_10-36-33,26,0.6648426450123186,0.9206070154905319,0.1705772876739502,1,True,True,0
C000000008__VIS-010_SW_data_03-July-2026_10-36-33,26,0.6791505114367159,0.8908977136015892,0.09802471101284027,1,False,False,1
C000000008__VIS-010_SW_data_03-July-2026_10-36-33,26,0.6934583778611133,0.8014300465583801,0.01536095142364502,1,True,True,0
C000000008__VIS-010_SW_data_03-July-2026_10-36-33,26,0.7077662442860982,0.7207278609275818,0.15874943137168884,1,True,True,0
C000000008__VIS-010_SW_data_03-July-2026_10-36-33,26,0.7220741107104955,0.6629267036914825,0.11208361387252808,1,True,True,0
C000000008__VIS-010_SW_data_03-July-2026_10-36-33,26,0.736381977134893,0.662003368139267,0.03763425350189209,1,True,True,0
C000000008__VIS-010_SW_data_03-July-2026_10-36-33,26,0.7506898435598778,0.6723967790603638,0.08786991238594055,2,True,False,6
C000000008__VIS-010_SW_data_03-July-2026_10-36-33,26,0.7649977099842752,0.6732288897037506,0.019800394773483276,2,True,False,6
C000000008__VIS-010_SW_data_03-July-2026_10-36-33,26,0.7793055764086726,0.7209821343421936,0.013480395078659058,2,False,False,6
C000000008__VIS-010_SW_data_03-July-2026_10-36-33,26,0.7936134428336574,0.6571453809738159,0.04118764400482178,2,True,False,5
C000000008__VIS-010_SW_data_03-July-2026_10-36-33,26,0.8079213092580548,0.6473699808120728,0.03976374864578247,2,False,False,5
C000000008__VIS-010_SW_data_03-July-2026_10-36-33,26,0.8222291756824521,0.5169416069984436,0.012720733880996704,2,True,False,5
C000000008__VIS-010_SW_data_03-July-2026_10-36-33,26,0.8365370421068495,0.6355758309364319,0.03966367244720459,2,False,False,3
C000000008__VIS-010_SW_data_03-July-2026_10-36-33,26,0.8508449085318345,0.6043744385242462,0.01705506443977356,2,True,False,6
C000000008__VIS-010_SW_data_03-July-2026_10-36-33,26,0.8651527749562318,0.5602555274963379,0.04978153109550476,2,False,False,4
C000000008__VIS-010_SW_data_03-July-2026_10-36-33,26,0.8794606413806292,0.5201060175895691,0.1282019019126892,2,True,False,5
C000000008__VIS-010_SW_data_03-July-2026_10-36-33,26,0.893768507805614,0.5528980493545532,0.03443092107772827,2,False,False,4
C000000008__VIS-010_SW_data_03-July-2026_10-36-33,26,0.9080763742300114,0.6187394857406616,0.13276880979537964,2,True,False,6
C000000008__VIS-010_SW_data_03-July-2026_10-36-33,26,0.9223842406544087,0.5683335065841675,0.13643702864646912,2,False,False,6
C000000008__VIS-010_SW_data_03-July-2026_10-36-33,26,0.9366921070793937,0.6653255224227905,0.005687147378921509,2,True,False,5
C000000008__VIS-010_SW_data_03-July-2026_10-36-33,26,0.9509999735037911,0.6813459992408752,0.007609158754348755,2,True,False,6
C000000008__VIS-010_SW_data_03-July-2026_10-36-33,26,0.9653078399281884,0.6559765338897705,0.07537201046943665,2,True,False,6
C000000008__VIS-010_SW_data_03-July-2026_10-36-33,26,0.9796157063531733,0.6418126225471497,0.01275944709777832,2,False,False,6
C000000008__VIS-010_SW_data_03-July-2026_10-36-33,26,0.9939235727775706,0.6061541140079498,0.10722613334655762,2,False,False,6
C000000008__VIS-010_SW_data_03-July-2026_10-36-33,26,1.008231439201968,0.6389884650707245,0.0008979141712188721,2,False,False,8
C000000008__VIS-010_SW_data_03-July-2026_10-36-33,26,1.022539305626953,0.596000075340271,0.019979417324066162,1,False,False,9
C000000008__VIS-010_SW_data_03-July-2026_10-36-33,26,1.0368471720513504,0.5353528559207916,0.016972631216049194,1,False,False,10
C000000008__VIS-010_SW_data_03-July-2026_10-36-33,26,0.03691404303179216,0.6274353265762329,0.022303998470306396,1,False,False,12
C000000008__VIS-010_SW_data_03-July-2026_10-36-33,26,0.05122190945618952,0.5621190071105957,0.004275292158126831,1,False,False,6
C000000008__VIS-010_SW_data_03-July-2026_10-36-33,26,0.06552977588058688,2.384185791015625e-07,0.04366427659988403,1,False,False,1
C000000008__VIS-010_SW_data_03-July-2026_10-37-44,26,0.12309555378524913,0.6660560369491577,0.030893176794052124,1,False,False,8
C000000008__VIS-010_SW_data_03-July-2026_10-37-44,26,0.13773595380106313,0.7215987145900726,0.01767408847808838,1,False,False,12
C000000008__VIS-010_SW_data_03-July-2026_10-37-44,26,0.1523763538174783,0.7704365253448486,0.01012575626373291,1,False,False,10
C000000008__VIS-010_SW_data_03-July-2026_10-37-44,26,0.1670167538332923,0.7420523166656494,0.011639416217803955,1,False,False,9
C000000008__VIS-010_SW_data_03-July-2026_10-37-44,26,0.18165715384910627,0.7378782331943512,0.04866965115070343,1,False,False,10
C000000008__VIS-010_SW_data_03-July-2026_10-37-44,26,0.19629755386552145,0.6823103427886963,0.04921966791152954,1,False,False,13
C000000008__VIS-010_SW_data_03-July-2026_10-37-44,26,0.21093795388133543,0.7668370604515076,0.03979508578777313,1,False,False,10
C000000008__VIS-010_SW_data_03-July-2026_10-37-44,26,0.22557835389714942,0.8096361309289932,0.04377637803554535,1,False,False,1
C000000008__VIS-010_SW_data_03-July-2026_10-37-44,26,0.2402187539135646,0.7091547250747681,0.15501908957958221,1,False,False,1
C000000008__VIS-010_SW_data_03-July-2026_10-37-44,26,0.2548591539293786,0.6651482582092285,0.020477473735809326,1,False,False,8
C000000008__VIS-010_SW_data_03-July-2026_10-37-44,26,0.2694995539451926,0.6124132871627808,0.10430216789245605,1,True,True,0
C000000008__VIS-010_SW_data_03-July-2026_10-37-44,26,0.28413995396160774,0.501741498708725,0.11178159713745117,1,False,False,1
C000000008__VIS-010_SW_data_03-July-2026_10-37-44,26,0.29878035397742175,0.5738555788993835,0.11672252416610718,1,True,True,0
C000000008__VIS-010_SW_data_03-July-2026_10-37-44,26,0.3134207539932357,0.5306456685066223,0.11883771419525146,1,False,False,1
C000000008__VIS-010_SW_data_03-July-2026_10-37-44,26,0.3280611540090497,0.444189190864563,0.10151958465576172,1,True,True,0
C000000008__VIS-010_SW_data_03-July-2026_10-37-44,26,0.34270155402546487,0.42488908767700195,0.05776494741439819,1,True,True,0
C000000008__VIS-010_SW_data_03-July-2026_10-37-44,26,0.3573419540412789,0.42063844203948975,0.027303874492645264,1,True,True,0
C000000008__VIS-010_SW_data_03-July-2026_10-37-44,26,0.37198235405709285,0.4274752736091614,0.151708722114563,1,True,True,0
C000000008__VIS-010_SW_data_03-July-2026_10-37-44,26,0.38662275407350805,0.38948774337768555,0.15879744291305542,1,True,True,0
C000000008__VIS-010_SW_data_03-July-2026_10-37-44,26,0.401263154089322,0.40640342235565186,0.1236879825592041,1,True,True,0
C000000008__VIS-010_SW_data_03-July-2026_10-37-44,26,0.415903554105136,0.4840847849845886,0.14159929752349854,1,True,True,0
C000000008__VIS-010_SW_data_03-July-2026_10-37-44,26,0.4305439541215512,0.5418281555175781,0.1809520125389099,1,False,False,1
C000000008__VIS-010_SW_data_03-July-2026_10-37-44,26,0.4451843541373652,0.7026245594024658,0.0711333155632019,1,False,False,1
C000000008__VIS-010_SW_data_03-July-2026_10-37-44,26,0.4598247541531792,0.6664194464683533,0.06072986125946045,1,True,True,0
C000000008__VIS-010_SW_data_03-July-2026_10-37-44,26,0.47446515416959434,0.6731211543083191,0.09848296642303467,1,True,True,0
C000000008__VIS-010_SW_data_03-July-2026_10-37-44,26,0.48910555418540835,0.7158767879009247,0.12434011697769165,1,True,True,0
C000000008__VIS-010_SW_data_03-July-2026_10-37-44,26,0.5037459542012224,0.5743120014667511,0.1719745397567749,1,True,True,0
C000000008__VIS-010_SW_data_03-July-2026_10-37-44,26,0.5183863542176375,0.6228795349597931,0.1462070345878601,1,False,False,1
C000000008__VIS-010_SW_data_03-July-2026_10-37-44,26,0.5330267542334515,0.727893590927124,0.17235097289085388,1,True,True,0
C000000008__VIS-010_SW_data_03-July-2026_10-37-44,26,0.5476671542492655,0.614954948425293,0.12356823682785034,1,True,True,0
C000000008__VIS-010_SW_data_03-July-2026_10-37-44,26,0.5623075542656807,0.5901047885417938,0.1337190568447113,1,True,True,0
C000000008__VIS-010_SW_data_03-July-2026_10-37-44,26,0.5769479542814946,0.5948580503463745,0.1519438922405243,1,True,True,0
C000000008__VIS-010_SW_data_03-July-2026_10-37-44,26,0.5915883542973086,0.7422656416893005,0.176912322640419,1,True,True,0
C000000008__VIS-010_SW_data_03-July-2026_10-37-44,26,0.6062287543137238,0.766330897808075,0.15108919143676758,1,True,True,0
C000000008__VIS-010_SW_data_03-July-2026_10-37-44,26,0.6208691543295378,0.8237380087375641,0.15576793253421783,1,False,False,1
C000000008__VIS-010_SW_data_03-July-2026_10-37-44,26,0.6355095543453517,0.9456781074404716,0.16427510976791382,1,True,True,0
C000000008__VIS-010_SW_data_03-July-2026_10-37-44,26,0.6501499543617669,1.0449179336428642,0.145024374127388,1,True,True,0
C000000008__VIS-010_SW_data_03-July-2026_10-37-44,26,0.6647903543775809,0.8764124140143394,0.08740963786840439,1,True,True,0
C000000008__VIS-010_SW_data_03-July-2026_10-37-44,26,0.679430754393395,0.8091290891170502,0.08536034822463989,1,False,False,4
C000000008__VIS-010_SW_data_03-July-2026_10-37-44,26,0.694071154409209,0.7248367667198181,0.019989505410194397,1,False,False,12
C000000008__VIS-010_SW_data_03-July-2026_10-37-44,26,0.7087115544256241,0.6700855791568756,0.004318922758102417,1,False,False,12
C000000008__VIS-010_SW_data_03-July-2026_10-37-44,26,0.7233519544414381,0.6355285346508026,0.05605053901672363,1,False,False,12
C000000008__VIS-010_SW_data_03-July-2026_10-37-44,26,0.7379923544572521,0.5974311828613281,0.033663421869277954,1,True,True,0
C000000008__VIS-010_SW_data_03-July-2026_10-37-44,26,0.7526327544736673,0.5808928310871124,0.03722876310348511,1,False,False,11
C000000008__VIS-010_SW_data_03-July-2026_10-37-44,26,0.7672731544894812,0.5245082378387451,0.06964853405952454,1,False,False,11
C000000008__VIS-010_SW_data_03-July-2026_10-37-44,26,0.7819135545052952,0.5593755841255188,0.007064551115036011,1,False,False,1
C000000008__VIS-010_SW_data_03-July-2026_10-37-44,26,0.7965539545217104,0.5230868756771088,0.02475932240486145,1,False,False,10
C000000008__VIS-010_SW_data_03-July-2026_10-37-44,26,0.8111943545375244,0.5386556386947632,0.039604246616363525,1,False,False,9
C000000008__VIS-010_SW_data_03-July-2026_10-37-44,26,0.8258347545533383,0.5569896399974823,0.026433497667312622,2,False,False,3
C000000008__VIS-010_SW_data_03-July-2026_10-37-44,26,0.8404751545697535,0.5849863886833191,0.08568167686462402,2,True,True,0
C000000008__VIS-010_SW_data_03-July-2026_10-37-44,26,0.8551155545855675,0.5623081922531128,0.016372203826904297,2,True,True,0
C000000008__VIS-010_SW_data_03-July-2026_10-37-44,26,0.8697559546013816,0.5353407263755798,0.013458967208862305,2,False,False,2
C000000008__VIS-010_SW_data_03-July-2026_10-37-44,26,0.8843963546177968,0.5803580284118652,0.012902498245239258,2,False,False,1
C000000008__VIS-010_SW_data_03-July-2026_10-37-44,26,0.8990367546336107,0.5303947925567627,0.025866985321044922,2,False,False,1
C000000008__VIS-010_SW_data_03-July-2026_10-37-44,26,0.9136771546494247,0.5447252094745636,0.10679939389228821,2,True,True,0
C000000008__VIS-010_SW_data_03-July-2026_10-37-44,26,0.9283175546658399,0.5458017885684967,0.015444904565811157,2,False,False,1
C000000008__VIS-010_SW_data_03-July-2026_10-37-44,26,0.9429579546816539,0.5255328714847565,0.1115846335887909,2,False,False,1
C000000008__VIS-010_SW_data_03-July-2026_10-37-44,26,0.9575983546974678,0.3778078556060791,0.1050938069820404,2,False,False,2
C000000008__VIS-010_SW_data_03-July-2026_10-37-44,26,0.972238754713883,0.3538703918457031,0.19018876552581787,2,False,False,2
C000000008__VIS-010_SW_data_03-July-2026_10-37-44,26,0.986879154729697,0.30472898483276367,0.1497526466846466,2,False,False,1
C000000008__VIS-010_SW_data_03-July-2026_10-37-44,26,1.001519554745511,0.3955467939376831,0.18395337462425232,2,False,False,1
C000000008__VIS-010_SW_data_03-July-2026_10-37-44,26,1.0161599547619262,0.44917333126068115,0.15662312507629395,2,False,False,1
C000000008__VIS-010_SW_data_03-July-2026_10-37-44,26,0.007561624593603053,0.5171120166778564,0.2404801845550537,1,False,False,5
C000000008__VIS-010_SW_data_03-July-2026_10-37-44,26,0.022202024609417042,0.5011829733848572,0.19808796048164368,2,False,False,1
C000000008__VIS-010_SW_data_03-July-2026_10-37-44,26,0.03684242462523103,0.578196108341217,0.14736220240592957,2,False,False,1
C000000008__VIS-010_SW_data_03-July-2026_10-37-44,26,0.051482824641646205,0.5851272344589233,0.11327424645423889,1,False,False,1
C000000008__VIS-010_SW_data_03-July-2026_10-37-44,26,0.06612322465746019,0.6150836944580078,0.014753609895706177,1,False,False,3
C000000008__VIS-010_SW_data_03-July-2026_10-37-44,26,0.08076362467327418,0.671548068523407,0.02266007661819458,1,False,False,3
C000000008__VIS-010_SW_data_03-July-2026_10-37-44,26,0.09540402468968935,0.6721596717834473,0.050367891788482666,1,True,True,0
C000000008__VIS-010_SW_data_03-July-2026_10-37-44,26,0.11004442470550335,0.6939752101898193,0.02071136236190796,1,False,False,3
C000000008__VIS-010_SW_data_03-July-2026_10-37-44,26,0.12468482472131734,0.7624094784259796,0.06846877932548523,1,False,False,1
C000000008__VIS-010_SW_data_03-July-2026_10-37-44,26,0.1393252247377325,0.7342986464500427,0.09117507934570312,1,True,True,0
C000000008__VIS-010_SW_data_03-July-2026_10-37-44,26,0.1539656247535465,0.6781733632087708,0.2616328299045563,1,True,True,0
C000000008__VIS-010_SW_data_03-July-2026_10-37-44,26,0.16860602476936049,0.6402245163917542,0.15216273069381714,1,False,False,1
C000000008__VIS-010_SW_data_03-July-2026_10-37-44,26,0.18324642478577566,0.7328672409057617,0.12867110967636108,1,True,True,0
C000000008__VIS-010_SW_data_03-July-2026_10-37-44,26,0.19788682480158964,0.7708072513341904,0.18899375200271606,1,True,True,0
C000000008__VIS-010_SW_data_03-July-2026_10-37-44,26,0.21252722481740363,0.6874931454658508,0.13207778334617615,1,True,True,0
C000000008__VIS-010_SW_data_03-July-2026_10-37-44,26,0.2271676248338188,0.7329030930995941,0.13322505354881287,1,False,False,1
C000000008__VIS-010_SW_data_03-July-2026_10-37-44,26,0.2418080248496328,0.6674066781997681,0.08773092925548553,1,True,True,0
C000000008__VIS-010_SW_data_03-July-2026_10-37-44,26,0.2564484248654468,0.6237994730472565,0.1049041897058487,1,False,False,1
C000000008__VIS-010_SW_data_03-July-2026_10-37-44,26,0.271088824881862,0.5714609324932098,0.1063319742679596,1,True,True,0
C000000008__VIS-010_SW_data_03-July-2026_10-37-44,26,0.28572922489767594,0.5459557771682739,0.04901644587516785,1,True,True,0
C000000008__VIS-010_SW_data_03-July-2026_10-37-44,26,0.30036962491348995,0.45145684480667114,0.1168825626373291,1,False,False,1
C000000008__VIS-010_SW_data_03-July-2026_10-37-44,26,0.3150100249299051,0.389398455619812,0.1421756148338318,1,True,True,0
C000000008__VIS-010_SW_data_03-July-2026_10-37-44,26,0.3296504249457191,0.4255235195159912,0.019377052783966064,1,True,True,0
C000000008__VIS-010_SW_data_03-July-2026_10-37-44,26,0.34429082496153307,0.38555991649627686,0.08911561965942383,1,True,True,0
C000000008__VIS-010_SW_data_03-July-2026_10-37-44,26,0.35893122497794827,0.32445043325424194,0.08898714184761047,1,False,False,1
C000000008__VIS-010_SW_data_03-July-2026_10-37-44,26,0.37357162499376223,0.2635180950164795,0.10259038209915161,1,True,True,0
C000000008__VIS-010_SW_data_03-July-2026_10-37-44,26,0.38821202500957624,0.27062153816223145,0.02043330669403076,1,False,False,1
C000000008__VIS-010_SW_data_03-July-2026_10-37-44,26,0.40285242502539026,0.0,0.09012502431869507,1,True,True,0
C000000008__VIS-010_SW_data_03-July-2026_10-38-22,26,0.9268785722471345,0.35061442852020264,0.05546346306800842,1,True,True,0
C000000008__VIS-010_SW_data_03-July-2026_10-38-22,26,0.9413139503800233,0.3238656520843506,0.061694711446762085,1,False,False,1
C000000008__VIS-010_SW_data_03-July-2026_10-38-22,26,0.9557493285135048,0.31882190704345703,0.09031271934509277,1,False,False,1
C000000008__VIS-010_SW_data_03-July-2026_10-38-22,26,0.9701847066463934,0.34665095806121826,0.08541113138198853,1,False,False,1
C000000008__VIS-010_SW_data_03-July-2026_10-38-22,26,0.9846200847792822,0.46054142713546753,0.1562785506248474,1,True,True,0
C000000008__VIS-010_SW_data_03-July-2026_10-38-22,26,0.026860750792158414,0.5698485374450684,0.011645644903182983,1,False,False,1
C000000008__VIS-010_SW_data_03-July-2026_10-38-22,26,0.04129612892504716,0.5656023621559143,0.013659089803695679,1,True,True,0
C000000008__VIS-010_SW_data_03-July-2026_10-38-22,26,0.05573150705852867,0.6346464455127716,0.014082103967666626,1,False,False,2
C000000008__VIS-010_SW_data_03-July-2026_10-38-22,26,0.07016688519141741,0.6487565636634827,0.04482901096343994,1,True,True,0
C000000008__VIS-010_SW_data_03-July-2026_10-38-22,26,0.08460226332430615,0.6179617047309875,0.06275773048400879,1,True,True,0
C000000008__VIS-010_SW_data_03-July-2026_10-38-22,26,0.09903764145778766,0.6847423315048218,0.10572296380996704,1,True,True,0
C000000008__VIS-010_SW_data_03-July-2026_10-38-22,26,0.1134730195906764,0.7244760096073151,0.09566868841648102,1,True,True,0
C000000008__VIS-010_SW_data_03-July-2026_10-38-22,26,0.12790839772356513,0.6581606268882751,0.2146516889333725,1,True,True,0
C000000008__VIS-010_SW_data_03-July-2026_10-38-22,26,0.14234377585645389,0.7738280147314072,0.12900690734386444,1,True,True,0
C000000008__VIS-010_SW_data_03-July-2026_10-38-22,26,0.1567791539899354,0.7727515995502472,0.09511637687683105,1,True,True,0
C000000008__VIS-010_SW_data_03-July-2026_10-38-22,26,0.17121453212282414,0.6790094971656799,0.18342824280261993,1,True,True,0
C000000008__VIS-010_SW_data_03-July-2026_10-38-22,26,0.18564991025571287,0.689214825630188,0.12388116121292114,1,False,False,1
C000000008__VIS-010_SW_data_03-July-2026_10-38-22,26,0.20008528838919437,0.6209691166877747,0.14275743067264557,1,True,True,0
C000000008__VIS-010_SW_data_03-July-2026_10-38-22,26,0.21452066652208313,0.6682596802711487,0.21380077302455902,1,False,False,1
C000000008__VIS-010_SW_data_03-July-2026_10-38-22,26,0.22895604465497185,0.6749541163444519,0.033036261796951294,1,True,True,0
C000000008__VIS-010_SW_data_03-July-2026_10-38-22,26,0.24339142278845338,0.6211606860160828,0.025078564882278442,1,True,True,0
C000000008__VIS-010_SW_data_03-July-2026_10-38-22,26,0.25782680092134214,0.673670768737793,0.05493670701980591,1,False,False,2
C000000008__VIS-010_SW_data_03-July-2026_10-38-22,26,0.27226217905423084,0.6435011923313141,0.04119822382926941,1,False,False,1
C000000008__VIS-010_SW_data_03-July-2026_10-38-22,26,0.2866975571877124,0.6540345251560211,0.010473906993865967,1,False,False,2
C000000008__VIS-010_SW_data_03-July-2026_10-38-22,26,0.3011329353206011,0.5413774847984314,0.040239691734313965,1,True,True,0
C000000008__VIS-010_SW_data_03-July-2026_10-38-22,26,0.31556831345348985,0.43714040517807007,0.06051751971244812,1,False,False,1
C000000008__VIS-010_SW_data_03-July-2026_10-38-22,26,0.33000369158697135,0.3971328139305115,0.07049781084060669,1,False,False,1
C000000008__VIS-010_SW_data_03-July-2026_10-38-22,26,0.3444390697198601,0.36820322275161743,0.12757429480552673,1,False,False,1
C000000008__VIS-010_SW_data_03-July-2026_10-38-22,26,0.35887444785274886,0.3825111389160156,0.15103313326835632,1,False,False,1
C000000008__VIS-010_SW_data_03-July-2026_10-38-22,26,0.37330982598623036,0.3333033323287964,0.19303777813911438,1,True,True,0
C000000008__VIS-010_SW_data_03-July-2026_10-38-22,26,0.3877452041191191,0.34260308742523193,0.1750979721546173,1,True,True,0
C000000008__VIS-010_SW_data_03-July-2026_10-38-22,26,0.4021805822520078,0.36648428440093994,0.17426198720932007,1,True,True,0
C000000008__VIS-010_SW_data_03-July-2026_10-38-22,26,0.4166159603854893,0.5156516432762146,0.15742522478103638,1,False,False,1
C000000008__VIS-010_SW_data_03-July-2026_10-38-22,26,0.43105133851837807,0.5196642279624939,0.17106035351753235,1,False,False,1
C000000008__VIS-010_SW_data_03-July-2026_10-38-22,26,0.4454867166512668,0.4933984875679016,0.16165146231651306,1,False,False,1
C000000008__VIS-010_SW_data_03-July-2026_10-38-22,26,0.4599220947847483,0.49197328090667725,0.13157537579536438,1,False,False,1
C000000008__VIS-010_SW_data_03-July-2026_10-38-22,26,0.4743574729176371,0.5369449853897095,0.0016016066074371338,1,False,False,1
C000000008__VIS-010_SW_data_03-July-2026_10-38-22,26,0.48879285105052583,0.6000333726406097,0.0812498927116394,1,True,True,0
C000000008__VIS-010_SW_data_03-July-2026_10-38-22,26,0.5032282291834146,0.5468885004520416,0.12120789289474487,1,False,False,1
C000000008__VIS-010_SW_data_03-July-2026_10-38-22,26,0.5176636073168961,0.5446153283119202,0.08153602480888367,1,False,False,2
C000000008__VIS-010_SW_data_03-July-2026_10-38-22,26,0.5320989854497848,0.6080787181854248,0.032582610845565796,1,False,False,2
C000000008__VIS-010_SW_data_03-July-2026_10-38-22,26,0.5465343635826736,0.6804843544960022,0.03816252946853638,1,False,False,2
C000000008__VIS-010_SW_data_03-July-2026_10-38-22,26,0.5609697417161551,0.6326152980327606,0.05406785011291504,1,False,False,2
C000000008__VIS-010_SW_data_03-July-2026_10-38-22,26,0.5754051198490437,0.5543403029441833,0.00804746150970459,1,False,False,5
C000000008__VIS-010_SW_data_03-July-2026_10-38-22,26,0.5898404979819325,0.704832524061203,0.015545696020126343,1,False,False,1
C000000008__VIS-010_SW_data_03-July-2026_10-38-22,26,0.604275876115414,0.8026101738214493,0.1311618685722351,1,False,False,6
C000000008__VIS-010_SW_data_03-July-2026_10-38-22,26,0.6187112542483028,0.8306364417076111,0.06377115845680237,1,False,False,5
C000000008__VIS-010_SW_data_03-July-2026_10-38-22,26,0.6331466323811915,0.9608066231012344,0.0050528645515441895,2,False,False,8
C000000008__VIS-010_SW_data_03-July-2026_10-38-22,26,0.647582010514673,1.0534453466534615,0.06612688302993774,2,False,False,13
C000000008__VIS-010_SW_data_03-July-2026_10-38-22,26,0.6620173886475618,0.930694468319416,0.03307786583900452,2,True,False,6
C000000008__VIS-010_SW_data_03-July-2026_10-38-22,26,0.6764527667804505,0.8537762612104416,0.008483916521072388,2,True,False,6
C000000008__VIS-010_SW_data_03-July-2026_10-38-22,26,0.690888144913932,0.7865401804447174,0.02460646629333496,2,False,False,4
C000000008__VIS-010_SW_data_03-July-2026_10-38-22,26,0.7053235230468208,0.6227507293224335,0.025593966245651245,2,False,False,4
C000000008__VIS-010_SW_data_03-July-2026_10-38-22,26,0.7197589011797095,0.6344301104545593,0.0055463314056396484,2,True,True,0
C000000008__VIS-010_SW_data_03-July-2026_10-38-22,26,0.734194279313191,0.67453932762146,0.0023376941680908203,2,True,False,6
C000000008__VIS-010_SW_data_03-July-2026_10-38-22,26,0.7486296574460798,0.6343904733657837,0.049163565039634705,2,False,False,7
C000000008__VIS-010_SW_data_03-July-2026_10-38-22,26,0.7630650355789685,0.6724411249160767,0.0016173869371414185,2,False,False,1
C000000008__VIS-010_SW_data_03-July-2026_10-38-22,26,0.77750041371245,0.7058672308921814,0.052897512912750244,2,False,False,7
C000000008__VIS-010_SW_data_03-July-2026_10-38-22,26,0.7919357918453388,0.6949760317802429,0.022890210151672363,2,False,False,8
C000000008__VIS-010_SW_data_03-July-2026_10-38-22,26,0.8063711699782276,0.703211784362793,0.010301560163497925,2,False,False,3
C000000008__VIS-010_SW_data_03-July-2026_10-38-22,26,0.8208065481117091,0.6676597893238068,0.04592728614807129,2,False,False,1
C000000008__VIS-010_SW_data_03-July-2026_10-38-22,26,0.8352419262445977,0.6406784355640411,0.041526854038238525,2,True,True,0
C000000008__VIS-010_SW_data_03-July-2026_10-38-22,26,0.8496773043774865,0.7427021265029907,0.024831563234329224,2,True,False,6
C000000008__VIS-010_SW_data_03-July-2026_10-38-22,26,0.8641126825103752,0.7285251915454865,0.014970555901527405,2,False,False,1
C000000008__VIS-010_SW_data_03-July-2026_10-38-22,26,0.8785480606438567,0.7194921970367432,0.011560976505279541,2,False,False,2
C000000008__VIS-010_SW_data_03-July-2026_10-38-22,26,0.8929834387767455,0.7075294554233551,0.05868092179298401,2,True,True,0
C000000008__VIS-010_SW_data_03-July-2026_10-38-22,26,0.9074188169096342,0.5249614119529724,0.03191953897476196,2,False,False,2
C000000008__VIS-010_SW_data_03-July-2026_10-38-22,26,0.9218541950431157,0.6069778800010681,0.012020736932754517,1,False,False,1
C000000008__VIS-010_SW_data_03-July-2026_10-38-22,26,0.9362895731760045,0.6189301311969757,0.06738051772117615,1,False,False,1
C000000008__VIS-010_SW_data_03-July-2026_10-38-22,26,0.9507249513088932,0.5576246976852417,0.06816557049751282,1,False,False,1
C000000008__VIS-010_SW_data_03-July-2026_10-38-22,26,0.9651603294423747,0.5835999250411987,0.08252379298210144,1,False,False,1
C000000008__VIS-010_SW_data_03-July-2026_10-38-22,26,0.018855098845324037,0.6972598731517792,0.07762265205383301,1,False,False,1
C000000008__VIS-010_SW_data_03-July-2026_10-38-22,26,0.03329047697880555,0.6636822521686554,0.034299612045288086,1,False,False,1
C000000008__VIS-010_SW_data_03-July-2026_10-38-22,26,0.04772585511169429,0.8000031858682632,0.0648871660232544,1,False,False,1
C000000008__VIS-010_SW_data_03-July-2026_10-38-22,26,0.06216123324458303,0.6415061950683594,0.08837617933750153,1,False,False,1
C000000008__VIS-010_SW_data_03-July-2026_10-38-22,26,0.07659661137806453,0.7868818044662476,0.03247667849063873,1,False,False,1
C000000008__VIS-010_SW_data_03-July-2026_10-38-22,26,0.09103198951095329,0.7341436147689819,0.10545963048934937,1,False,False,2
C000000008__VIS-010_SW_data_03-July-2026_10-38-22,26,0.10546736764384203,0.84841588139534,0.05993502587080002,1,False,False,2
C000000008__VIS-010_SW_data_03-July-2026_10-38-22,26,0.11990274577732353,0.8544417917728424,0.008216321468353271,1,False,False,4
C000000008__VIS-010_SW_data_03-July-2026_10-38-22,26,0.13433812391021227,0.7861589789390564,0.06457815319299698,1,False,False,2
C000000008__VIS-010_SW_data_03-July-2026_10-38-22,26,0.14877350204310102,0.6645143926143646,0.025710076093673706,1,False,False,7
C000000008__VIS-010_SW_data_03-July-2026_10-38-22,26,0.16320888017658253,0.7323266267776489,0.06422806531190872,1,False,False,3
C000000008__VIS-010_SW_data_03-July-2026_10-38-22,26,0.17764425830947125,0.7036406695842743,0.026009023189544678,1,False,False,8
C000000008__VIS-010_SW_data_03-July-2026_10-38-22,26,0.19207963644236,0.6755158305168152,0.0382852628827095,1,False,False,1
C000000008__VIS-010_SW_data_03-July-2026_10-38-22,26,0.2065150145758415,0.5749014019966125,0.05528604984283447,1,False,False,1
C000000008__VIS-010_SW_data_03-July-2026_10-38-22,26,0.22095039270873026,0.4725276231765747,0.001497507095336914,1,True,True,0
C000000008__VIS-010_SW_data_03-July-2026_10-38-22,26,0.235385770841619,0.45065581798553467,0.07540522515773773,1,False,False,3
C000000008__VIS-010_SW_data_03-July-2026_10-38-22,26,0.24982114897450775,1.1920928955078125e-07,0.0012145638465881348,1,False,False,1
C000000008__VIS-010_SW_data_03-July-2026_10-40-54,26,0.6252130694350531,1.1510051935911179,0.20439067482948303,1,True,True,0
C000000008__VIS-010_SW_data_03-July-2026_10-40-54,26,0.6385530688466915,0.9555200859904289,0.14682316780090332,1,False,False,1
C000000008__VIS-010_SW_data_03-July-2026_10-40-54,26,0.6518930682583298,0.8062883019447327,0.17948026955127716,1,True,True,0
C000000008__VIS-010_SW_data_03-July-2026_10-40-54,26,0.6652330676699683,0.7188379168510437,0.08651378750801086,1,True,True,0
C000000008__VIS-010_SW_data_03-July-2026_10-40-54,26,0.6785730670827023,0.6985345482826233,0.015366286039352417,1,False,False,6
C000000008__VIS-010_SW_data_03-July-2026_10-40-54,26,0.6919130664943406,0.6042214632034302,0.04543989896774292,1,True,True,0
C000000008__VIS-010_SW_data_03-July-2026_10-40-54,26,0.705253065905979,0.695068746805191,0.038645654916763306,1,True,True,0
C000000008__VIS-010_SW_data_03-July-2026_10-40-54,26,0.7185930653176174,0.6606950461864471,0.053962111473083496,1,True,True,0
C000000008__VIS-010_SW_data_03-July-2026_10-40-54,26,0.7319330647292558,0.5686070621013641,0.0156630277633667,1,False,False,1
C000000008__VIS-010_SW_data_03-July-2026_10-40-54,26,0.7452730641408941,0.5834962129592896,0.027094244956970215,1,False,False,1
C000000008__VIS-010_SW_data_03-July-2026_10-40-54,26,0.7586130635536281,0.576755166053772,0.0315016508102417,1,True,True,0
C000000008__VIS-010_SW_data_03-July-2026_10-40-54,26,0.7719530629652666,0.5459892749786377,0.0057923197746276855,1,False,False,3
C000000008__VIS-010_SW_data_03-July-2026_10-40-54,26,0.7852930623769049,0.5365037322044373,0.08481043577194214,1,False,False,1
C000000008__VIS-010_SW_data_03-July-2026_10-40-54,26,0.7986330617885433,0.48730939626693726,0.029060959815979004,1,True,True,0
C000000008__VIS-010_SW_data_03-July-2026_10-40-54,26,0.8119730612001816,0.4884294271469116,0.06457015872001648,1,False,False,1
C000000008__VIS-010_SW_data_03-July-2026_10-40-54,26,0.8253130606118201,0.4467008709907532,0.002009272575378418,1,False,False,1
C000000008__VIS-010_SW_data_03-July-2026_10-40-54,26,0.8386530600245541,0.5864700973033905,0.09396553039550781,1,True,True,0
C000000008__VIS-010_SW_data_03-July-2026_10-40-54,26,0.8519930594361924,0.5480676889419556,0.09558826684951782,1,False,False,1
C000000008__VIS-010_SW_data_03-July-2026_10-40-54,26,0.8653330588478308,0.5953611731529236,0.018506348133087158,1,False,False,1
C000000008__VIS-010_SW_data_03-July-2026_10-40-54,26,0.8786730582594692,0.6632811427116394,0.015686869621276855,1,True,True,0
C000000008__VIS-010_SW_data_03-July-2026_10-40-54,26,0.8920130576711076,0.626636803150177,0.0151442289352417,1,False,False,2
C000000008__VIS-010_SW_data_03-July-2026_10-40-54,26,0.9053530570827459,0.6680837273597717,0.04424118995666504,1,True,True,0
C000000008__VIS-010_SW_data_03-July-2026_10-40-54,26,0.9186930564954799,0.5455374121665955,0.07022064924240112,1,True,True,0
C000000008__VIS-010_SW_data_03-July-2026_10-40-54,26,0.9320330559071184,0.48726391792297363,0.058672547340393066,1,True,True,0
C000000008__VIS-010_SW_data_03-July-2026_10-40-54,26,0.9453730553187567,0.4481555223464966,0.23190826177597046,1,False,False,1
C000000008__VIS-010_SW_data_03-July-2026_10-40-54,26,0.9587130547303951,0.41208863258361816,0.3031206429004669,1,False,False,1
C000000008__VIS-010_SW_data_03-July-2026_10-40-54,26,0.9720530541420335,0.4705173969268799,0.2877240777015686,1,True,True,0
C000000008__VIS-010_SW_data_03-July-2026_10-40-54,26,0.9853930535536719,0.5882037580013275,0.2711866497993469,1,True,True,0
C000000008__VIS-010_SW_data_03-July-2026_10-40-54,26,0.013836426197808113,0.6925824284553528,0.0769275426864624,1,True,True,0
C000000008__VIS-010_SW_data_03-July-2026_10-40-54,26,0.0271764256094465,0.5645582973957062,0.11845904588699341,1,True,True,0
C000000008__VIS-010_SW_data_03-July-2026_10-40-54,26,0.04051642502108489,0.5982325673103333,0.005080878734588623,1,False,False,2
C000000008__VIS-010_SW_data_03-July-2026_10-40-54,26,0.05385642443272328,0.700092077255249,0.028362751007080078,1,True,True,0
C000000008__VIS-010_SW_data_03-July-2026_10-40-54,26,0.06719642384436167,0.7284839153289795,0.04318660497665405,1,True,True,0
C000000008__VIS-010_SW_data_03-July-2026_10-40-54,26,0.08053642325600006,0.7442489266395569,0.10950124263763428,1,True,True,0
C000000008__VIS-010_SW_data_03-July-2026_10-40-54,26,0.09387642266873403,0.7632781863212585,0.14783906936645508,1,False,False,1
C000000008__VIS-010_SW_data_03-July-2026_10-40-54,26,0.10721642208037241,0.7170294225215912,0.1677824854850769,1,True,True,0
C000000008__VIS-010_SW_data_03-July-2026_10-40-54,26,0.1205564214920108,0.7999017387628555,0.1542457640171051,1,True,True,0
C000000008__VIS-010_SW_data_03-July-2026_10-40-54,26,0.1338964209036492,0.777200311422348,0.13657546043395996,1,True,True,0
C000000008__VIS-010_SW_data_03-July-2026_10-40-54,26,0.14723642031528758,0.8807651251554489,0.29445284605026245,1,True,True,0
C000000008__VIS-010_SW_data_03-July-2026_10-40-54,26,0.16057641972692596,0.9857325553894043,0.2519933581352234,1,True,True,0
C000000008__VIS-010_SW_data_03-July-2026_10-40-54,26,0.17391641913965994,0.9231269806623459,0.22447660565376282,1,True,True,0
C000000008__VIS-010_SW_data_03-July-2026_10-40-54,26,0.18725641855129832,0.6865524351596832,0.03221236169338226,1,True,True,0
C000000008__VIS-010_SW_data_03-July-2026_10-40-54,26,0.2005964179629367,0.748754620552063,0.28625088930130005,1,True,True,0
C000000008__VIS-010_SW_data_03-July-2026_10-40-54,26,0.2139364173745751,0.5558937191963196,0.21965062618255615,1,False,False,1
C000000008__VIS-010_SW_data_03-July-2026_10-40-54,26,0.2272764167862135,0.5043558180332184,0.24604681134223938,1,False,False,1
C000000008__VIS-010_SW_data_03-July-2026_10-40-54,26,0.24061641619785187,0.5069120526313782,0.25941798090934753,1,True,True,0
C000000008__VIS-010_SW_data_03-July-2026_10-40-54,26,0.25395641561058585,0.4286256432533264,0.17729157209396362,1,True,True,0
C000000008__VIS-010_SW_data_03-July-2026_10-40-54,26,0.26729641502222423,0.41882848739624023,0.12170028686523438,1,True,True,0
C000000008__VIS-010_SW_data_03-July-2026_10-40-54,26,0.2806364144338626,0.3898404836654663,0.07764214277267456,1,False,False,1
C000000008__VIS-010_SW_data_03-July-2026_10-40-54,26,0.293976413845501,0.37561535835266113,0.09014111757278442,1,True,True,0
C000000008__VIS-010_SW_data_03-July-2026_10-40-54,26,0.3073164132571394,0.33837300539016724,0.03679746389389038,1,True,True,0
C000000008__VIS-010_SW_data_03-July-2026_10-40-54,26,0.3206564126687778,0.2890015244483948,0.01857680082321167,1,False,False,6
C000000008__VIS-010_SW_data_03-July-2026_10-40-54,26,0.3339964120804162,0.3146713972091675,0.01841956377029419,1,False,False,5
C000000008__VIS-010_SW_data_03-July-2026_10-40-54,26,0.34733641149315014,0.26918351650238037,0.013856291770935059,1,True,True,0
C000000008__VIS-010_SW_data_03-July-2026_10-40-54,26,0.3606764109047885,0.27243196964263916,0.007645606994628906,2,False,False,4
C000000008__VIS-010_SW_data_03-July-2026_10-40-54,26,0.3740164103164269,0.3098663091659546,0.027117788791656494,2,False,False,4
C000000008__VIS-010_SW_data_03-July-2026_10-40-54,26,0.3873564097280653,0.3818840980529785,0.010137498378753662,2,True,True,0
C000000008__VIS-010_SW_data_03-July-2026_10-40-54,26,0.4006964091397037,0.39834702014923096,0.015534698963165283,2,True,False,4
C000000008__VIS-010_SW_data_03-July-2026_10-40-54,26,0.4140364085513421,0.5192882120609283,0.06336665153503418,2,True,False,5
C000000008__VIS-010_SW_data_03-July-2026_10-40-54,26,0.42737640796407605,0.558486819267273,0.014801084995269775,2,True,True,0
C000000008__VIS-010_SW_data_03-July-2026_10-40-54,26,0.44071640737571444,0.5140593945980072,0.011994242668151855,2,True,True,0
C000000008__VIS-010_SW_data_03-July-2026_10-40-54,26,0.4540564067873528,0.49153345823287964,0.01283121109008789,2,True,False,5
C000000008__VIS-010_SW_data_03-July-2026_10-40-54,26,0.4673964061989912,0.500622421503067,0.012620985507965088,2,True,True,0
C000000008__VIS-010_SW_data_03-July-2026_10-40-54,26,0.48073640561062964,0.5276341438293457,0.022593677043914795,2,True,False,4
C000000008__VIS-010_SW_data_03-July-2026_10-40-54,26,0.494076405022268,0.46198368072509766,0.024932801723480225,2,True,False,4
C000000008__VIS-010_SW_data_03-July-2026_10-40-54,26,0.507416404435002,0.5577840209007263,0.0746355950832367,2,True,True,0
C000000008__VIS-010_SW_data_03-July-2026_10-40-54,26,0.5207564038466403,0.5174199938774109,0.05087995529174805,2,True,False,4
C000000008__VIS-010_SW_data_03-July-2026_10-40-54,26,0.5340964032582788,0.5520408749580383,0.04669243097305298,2,True,False,4
C000000008__VIS-010_SW_data_03-July-2026_10-40-54,26,0.5474364026699171,0.5288726091384888,0.05083698034286499,2,True,False,5
C000000008__VIS-010_SW_data_03-July-2026_10-40-54,26,0.5607764020815555,0.5895426273345947,0.010277152061462402,2,True,False,5
C000000008__VIS-010_SW_data_03-July-2026_10-40-54,26,0.5741164014931939,0.6130878031253815,0.02127295732498169,1,False,False,5
C000000008__VIS-010_SW_data_03-July-2026_10-40-54,26,0.5874564009059279,0.6762606203556061,0.047759443521499634,1,False,False,5
C000000008__VIS-010_SW_data_03-July-2026_10-40-54,26,0.6007964003175663,0.8989839032292366,0.010361462831497192,1,False,False,6
C000000008__VIS-010_SW_data_03-July-2026_10-40-54,26,0.6141363997292046,1.0047154556959867,0.12951308488845825,1,True,True,0
C000000008__VIS-010_SW_data_03-July-2026_10-40-54,26,0.6274763991408431,1.1327093541622162,0.18405157327651978,1,True,True,0
C000000008__VIS-010_SW_data_03-July-2026_10-40-54,26,0.6408163985524814,1.012324357405305,0.22681649029254913,1,False,False,1
C000000008__VIS-010_SW_data_03-July-2026_10-40-54,26,0.6541563979641198,0.9485588222742081,0.04792720079421997,1,False,False,1
C000000008__VIS-010_SW_data_03-July-2026_10-40-54,26,0.6674963973757582,0.7836004495620728,0.05149087309837341,1,True,True,0
C000000008__VIS-010_SW_data_03-July-2026_10-40-54,26,0.6808363967884922,0.6553349792957306,0.027777105569839478,1,False,False,4
C000000008__VIS-010_SW_data_03-July-2026_10-40-54,26,0.6941763962001306,0.655096024274826,0.04392576217651367,1,False,False,2
C000000008__VIS-010_SW_data_03-July-2026_10-40-54,26,0.7075163956117689,0.6056091487407684,0.0017281770706176758,1,False,False,2
C000000008__VIS-010_SW_data_03-July-2026_10-40-54,26,0.7208563950234074,0.539831668138504,0.003085494041442871,1,False,False,2
C000000008__VIS-010_SW_data_03-July-2026_10-40-54,26,0.7341963944350457,0.5180864334106445,0.014012664556503296,1,True,True,0
C000000008__VIS-010_SW_data_03-July-2026_10-40-54,26,0.7475363938466841,0.5527841150760651,0.07811814546585083,1,False,False,1
C000000008__VIS-010_SW_data_03-July-2026_10-40-54,26,0.7608763932594181,0.5732714533805847,0.020827114582061768,1,False,False,1
C000000008__VIS-010_SW_data_03-July-2026_10-40-54,26,0.7742163926710565,0.5425190329551697,0.02268850803375244,1,False,False,1
C000000008__VIS-010_SW_data_03-July-2026_10-40-54,26,0.7875563920826949,0.4773116111755371,0.09836864471435547,1,False,False,1
C000000008__VIS-010_SW_data_03-July-2026_10-40-54,26,0.8008963914943332,0.3185006380081177,0.07781755924224854,1,False,False,1
C000000008__VIS-010_SW_data_03-July-2026_10-40-54,26,0.8142363909059717,0.0,0.0805131196975708,1,False,False,1
C000000008__VIS-010_SW_data_03-July-2026_10-41-56,26,0.8256052909083627,0.5653815865516663,0.007802426815032959,1,False,False,9
C000000008__VIS-010_SW_data_03-July-2026_10-41-56,26,0.838921808321995,0.7063299715518951,0.007501959800720215,1,True,True,0
C000000008__VIS-010_SW_data_03-July-2026_10-41-56,26,0.8522383257356358,0.6778100728988647,0.019652992486953735,1,True,True,0
C000000008__VIS-010_SW_data_03-July-2026_10-41-56,26,0.8655548431492681,0.7048799097537994,0.030822336673736572,1,False,False,1
C000000008__VIS-010_SW_data_03-July-2026_10-41-56,26,0.8788713605629089,0.6075878143310547,0.0396895706653595,1,False,False,10
C000000008__VIS-010_SW_data_03-July-2026_10-41-56,26,0.8921878779765412,0.4543418884277344,0.07016357779502869,1,True,True,0
C000000008__VIS-010_SW_data_03-July-2026_10-41-56,26,0.905504395390182,0.4058636426925659,0.14389389753341675,1,True,True,0
C000000008__VIS-010_SW_data_03-July-2026_10-41-56,26,0.9188209128038143,0.4390234351158142,0.15507060289382935,1,False,False,1
C000000008__VIS-010_SW_data_03-July-2026_10-41-56,26,0.9321374302174552,0.5041276216506958,0.1338823139667511,1,True,True,0
C000000008__VIS-010_SW_data_03-July-2026_10-41-56,26,0.9454539476310875,0.4639517068862915,0.1094784140586853,1,False,False,1
C000000008__VIS-010_SW_data_03-July-2026_10-41-56,26,0.023757183756188516,0.6976821422576904,0.1180451512336731,1,False,False,1
C000000008__VIS-010_SW_data_03-July-2026_10-41-56,26,0.037073701169829346,0.6070303320884705,0.092379629611969,1,False,False,1
C000000008__VIS-010_SW_data_03-July-2026_10-41-56,26,0.050390218583461634,0.6828270256519318,0.044051289558410645,1,True,True,0
C000000008__VIS-010_SW_data_03-July-2026_10-41-56,26,0.06370673599710246,0.7215054631233215,0.013326317071914673,1,False,False,1
C000000008__VIS-010_SW_data_03-July-2026_10-41-56,26,0.07702325341073475,0.648300290107727,0.11728540062904358,1,True,True,0
C000000008__VIS-010_SW_data_03-July-2026_10-41-56,26,0.09033977082437558,0.7696175873279572,0.06850937008857727,1,True,True,0
C000000008__VIS-010_SW_data_03-July-2026_10-41-56,26,0.10365628823800786,0.7280685305595398,0.15723788738250732,1,False,False,1
C000000008__VIS-010_SW_data_03-July-2026_10-41-56,26,0.11697280565164869,0.6975854933261871,0.08563157916069031,1,True,True,0
C000000008__VIS-010_SW_data_03-July-2026_10-41-56,26,0.130289323065281,0.7674871981143951,0.19564568996429443,1,True,True,0
C000000008__VIS-010_SW_data_03-July-2026_10-41-56,26,0.1436058404789218,0.8744968175888062,0.1613561064004898,1,True,True,0
C000000008__VIS-010_SW_data_03-July-2026_10-41-56,26,0.1569223578925541,0.7554241269826889,0.23018139600753784,1,False,False,1
C000000008__VIS-010_SW_data_03-July-2026_10-41-56,26,0.17023887530619494,0.7782603651285172,0.2501375079154968,1,True,True,0
C000000008__VIS-010_SW_data_03-July-2026_10-41-56,26,0.1835553927198272,0.6544733345508575,0.262846440076828,1,False,False,1
C000000008__VIS-010_SW_data_03-July-2026_10-41-56,26,0.19687191013346805,0.6083176136016846,0.2542238235473633,1,False,False,1
C000000008__VIS-010_SW_data_03-July-2026_10-41-56,26,0.21018842754710032,0.6028971374034882,0.31437772512435913,1,True,True,0
C000000008__VIS-010_SW_data_03-July-2026_10-41-56,26,0.22350494496073262,0.522467702627182,0.19501441717147827,1,True,True,0
C000000008__VIS-010_SW_data_03-July-2026_10-41-56,26,0.23682146237437346,0.4938340187072754,0.07297360897064209,1,True,True,0
C000000008__VIS-010_SW_data_03-July-2026_10-41-56,26,0.2501379797880057,0.393929123878479,0.08666253089904785,1,False,False,1
C000000008__VIS-010_SW_data_03-July-2026_10-41-56,26,0.26345449720164654,0.40892159938812256,0.08661779761314392,1,False,False,1
C000000008__VIS-010_SW_data_03-July-2026_10-41-56,26,0.27677101461527887,0.3945356607437134,0.06120491027832031,1,False,False,1
C000000008__VIS-010_SW_data_03-July-2026_10-41-56,26,0.2900875320289197,0.3141610026359558,0.04823368787765503,1,False,False,1
C000000008__VIS-010_SW_data_03-July-2026_10-41-56,26,0.30340404944255195,0.31546592712402344,0.0009899735450744629,1,False,False,2
C000000008__VIS-010_SW_data_03-July-2026_10-41-56,26,0.3167205668561928,0.3025401830673218,0.25933587551116943,1,False,False,1
C000000008__VIS-010_SW_data_03-July-2026_10-41-56,26,0.3300370842698251,0.22612667083740234,0.3134779930114746,1,False,False,1
C000000008__VIS-010_SW_data_03-July-2026_10-41-56,26,0.3433536016834659,0.2394927740097046,0.2679094970226288,1,False,False,1
C000000008__VIS-010_SW_data_03-July-2026_10-41-56,26,0.3566701190970982,0.24352222681045532,0.3459283709526062,1,True,True,0
C000000008__VIS-010_SW_data_03-July-2026_10-41-56,26,0.36998663651073904,0.265608549118042,0.3399488627910614,1,True,True,0
C000000008__VIS-010_SW_data_03-July-2026_10-41-56,26,0.3833031539243713,0.3397805690765381,0.29626959562301636,1,True,True,0
C000000008__VIS-010_SW_data_03-July-2026_10-41-56,26,0.3966196713380121,0.4140293598175049,0.2817487120628357,1,False,False,1
C000000008__VIS-010_SW_data_03-July-2026_10-41-56,26,0.40993618875164445,0.47494423389434814,0.10991239547729492,1,True,True,0
C000000008__VIS-010_SW_data_03-July-2026_10-41-56,26,0.42325270616528526,0.5032054781913757,0.12436586618423462,1,True,True,0
C000000008__VIS-010_SW_data_03-July-2026_10-41-56,26,0.43656922357891753,0.4720398187637329,0.10471737384796143,1,True,True,0
C000000008__VIS-010_SW_data_03-July-2026_10-41-56,26,0.4498857409925584,0.4212348461151123,0.04940754175186157,1,True,True,0
C000000008__VIS-010_SW_data_03-July-2026_10-41-56,26,0.46320225840619067,0.41713088750839233,0.03304368257522583,1,True,True,0
C000000008__VIS-010_SW_data_03-July-2026_10-41-56,26,0.4765187758198315,0.3975933790206909,0.06449180841445923,1,False,False,1
C000000008__VIS-010_SW_data_03-July-2026_10-41-56,26,0.4898352932334638,0.5052659809589386,0.0649440586566925,1,True,True,0
C000000008__VIS-010_SW_data_03-July-2026_10-41-56,26,0.5031518106471046,0.5598262250423431,0.035178542137145996,2,True,False,6
C000000008__VIS-010_SW_data_03-July-2026_10-41-56,26,0.516468328060737,0.46733617782592773,0.061589062213897705,2,True,False,6
C000000008__VIS-010_SW_data_03-July-2026_10-41-56,26,0.5297848454743778,0.5097836256027222,0.016485095024108887,2,True,False,6
C000000008__VIS-010_SW_data_03-July-2026_10-41-56,26,0.54310136288801,0.4174048900604248,0.013791203498840332,2,False,False,7
C000000008__VIS-010_SW_data_03-July-2026_10-41-56,26,0.5564178803016423,0.4682290554046631,0.09084343910217285,2,True,False,6
C000000008__VIS-010_SW_data_03-July-2026_10-41-56,26,0.5697343977152831,0.597890317440033,0.11615020036697388,2,True,False,6
C000000008__VIS-010_SW_data_03-July-2026_10-41-56,26,0.5830509151289154,0.6511850357055664,0.04785478115081787,2,False,False,6
C000000008__VIS-010_SW_data_03-July-2026_10-41-56,26,0.5963674325425562,0.7366465926170349,0.0536726713180542,2,False,False,7
C000000008__VIS-010_SW_data_03-July-2026_10-41-56,26,0.6096839499561886,0.873866856098175,0.010480642318725586,2,False,False,1
C000000008__VIS-010_SW_data_03-July-2026_10-41-56,26,0.6230004673698294,1.0808155238628387,0.02036505937576294,2,False,False,1
C000000008__VIS-010_SW_data_03-July-2026_10-41-56,26,0.6363169847834617,1.1357659548521042,0.014356553554534912,2,False,False,7
C000000008__VIS-010_SW_data_03-July-2026_10-41-56,26,0.6496335021971025,1.027776189148426,0.1607217788696289,2,True,False,6
C000000008__VIS-010_SW_data_03-July-2026_10-41-56,26,0.6629500196107347,0.8844868093729019,0.18955770134925842,2,True,False,6
C000000008__VIS-010_SW_data_03-July-2026_10-41-56,26,0.6762665370243756,0.6490912437438965,0.03881463408470154,2,True,False,5
C000000008__VIS-010_SW_data_03-July-2026_10-41-56,26,0.6895830544380079,0.5980238318443298,0.0017767548561096191,2,True,False,6
C000000008__VIS-010_SW_data_03-July-2026_10-41-56,26,0.7028995718516488,0.5629590153694153,0.015241801738739014,2,False,False,1
C000000008__VIS-010_SW_data_03-July-2026_10-41-56,26,0.716216089265281,0.582729160785675,0.060656577348709106,2,False,False,1
C000000008__VIS-010_SW_data_03-July-2026_10-41-56,26,0.7295326066789218,0.5817514061927795,0.0043472349643707275,2,False,False,7
C000000008__VIS-010_SW_data_03-July-2026_10-41-56,26,0.7428491240925541,0.49529850482940674,0.0048358142375946045,2,True,True,0
C000000008__VIS-010_SW_data_03-July-2026_10-41-56,26,0.7561656415061949,0.48716336488723755,0.00141182541847229,2,False,False,2
C000000008__VIS-010_SW_data_03-July-2026_10-41-56,26,0.7694821589198272,0.5907098650932312,0.08259734511375427,1,False,False,1
C000000008__VIS-010_SW_data_03-July-2026_10-41-56,26,0.7827986763334681,0.4909532070159912,0.07693231105804443,1,False,False,1
C000000008__VIS-010_SW_data_03-July-2026_10-41-56,26,0.7961151937471004,0.4984433650970459,0.016513079404830933,1,False,False,1
C000000008__VIS-010_SW_data_03-July-2026_10-41-56,26,0.8094317111607412,0.4930221438407898,0.11719697713851929,1,True,True,0
C000000008__VIS-010_SW_data_03-July-2026_10-41-56,26,0.8227482285743735,0.45011138916015625,0.08075323700904846,1,True,True,0
C000000008__VIS-010_SW_data_03-July-2026_10-41-56,26,0.8360647459880143,0.430483341217041,0.0596717894077301,1,False,False,1
C000000008__VIS-010_SW_data_03-July-2026_10-41-56,26,0.8493812634016465,0.42485058307647705,0.13648605346679688,1,False,False,1
C000000008__VIS-010_SW_data_03-July-2026_10-41-56,26,0.8626977808152875,0.5732795596122742,0.02056184411048889,1,True,True,0
C000000008__VIS-010_SW_data_03-July-2026_10-41-56,26,0.8760142982289197,0.5133364796638489,0.08900588750839233,1,False,False,1
C000000008__VIS-010_SW_data_03-July-2026_10-41-56,26,0.889330815642552,0.6671545505523682,0.03387400507926941,1,False,False,2
C000000008__VIS-010_SW_data_03-July-2026_10-41-56,26,0.9026473330561928,0.6629322171211243,0.09212949872016907,1,False,False,1
C000000008__VIS-010_SW_data_03-July-2026_10-41-56,26,0.9159638504698251,0.6857929825782776,0.09851893782615662,1,False,False,2
C000000008__VIS-010_SW_data_03-July-2026_10-41-56,26,0.9292803678834659,0.6284271478652954,0.07148706912994385,1,False,False,2
C000000008__VIS-010_SW_data_03-July-2026_10-41-56,26,0.9425968852970982,0.5185947716236115,0.01255035400390625,1,False,False,4
C000000008__VIS-010_SW_data_03-July-2026_10-41-56,26,0.9559134027107391,0.4766305685043335,0.039578378200531006,1,False,False,1
C000000008__VIS-010_SW_data_03-July-2026_10-41-56,26,0.02348122418016423,0.45138680934906006,0.12597504258155823,1,False,False,1
C000000008__VIS-010_SW_data_03-July-2026_10-41-56,26,0.036797741593796514,0.3988167643547058,0.07686156034469604,1,False,False,2
C000000008__VIS-010_SW_data_03-July-2026_10-41-56,26,0.050114259007437344,0.0,0.06489792466163635,1,False,False,1
C000000008__VIS-010_SW_data_03-July-2026_10-43-23,26,0.47977183680031904,0.35063743591308594,0.19574019312858582,1,False,False,7
C000000008__VIS-010_SW_data_03-July-2026_10-43-23,26,0.49378792935102145,0.42769837379455566,0.16189628839492798,1,False,False,8
C000000008__VIS-010_SW_data_03-July-2026_10-43-23,26,0.5078040219017239,0.3881262540817261,0.12305265665054321,1,False,False,8
C000000008__VIS-010_SW_data_03-July-2026_10-43-23,26,0.5218201144524264,0.4353717565536499,0.053798139095306396,1,False,False,8
C000000008__VIS-010_SW_data_03-July-2026_10-43-23,26,0.5358362070031287,0.4690409302711487,0.16191625595092773,1,False,False,10
C000000008__VIS-010_SW_data_03-July-2026_10-43-23,26,0.5498522995538672,0.48215222358703613,0.05868181586265564,1,False,False,11
C000000008__VIS-010_SW_data_03-July-2026_10-43-23,26,0.5638683921045696,0.593408614397049,0.12696659564971924,1,False,False,10
C000000008__VIS-010_SW_data_03-July-2026_10-43-23,26,0.5778844846552721,0.7111122310161591,0.059302836656570435,1,False,False,11
C000000008__VIS-010_SW_data_03-July-2026_10-43-23,26,0.5919005772059744,0.8176190257072449,0.09833577275276184,1,False,False,12
C000000008__VIS-010_SW_data_03-July-2026_10-43-23,26,0.6059166697566769,0.7841179668903351,0.14460496604442596,1,False,False,12
C000000008__VIS-010_SW_data_03-July-2026_10-43-23,26,0.6199327623073794,0.8512880504131317,0.15346470475196838,1,False,False,13
C000000008__VIS-010_SW_data_03-July-2026_10-43-23,26,0.6339488548580818,0.9153915271162987,0.059590309858322144,1,False,False,11
C000000008__VIS-010_SW_data_03-July-2026_10-43-23,26,0.6479649474087842,0.870368704199791,0.13657113909721375,1,False,False,11
C000000008__VIS-010_SW_data_03-July-2026_10-43-23,26,0.6619810399595226,0.6527082920074463,0.14007753133773804,1,False,False,10
C000000008__VIS-010_SW_data_03-July-2026_10-43-23,26,0.6759971325102251,0.7083948254585266,0.04509162902832031,1,False,False,11
C000000008__VIS-010_SW_data_03-July-2026_10-43-23,26,0.6900132250609274,0.5040214657783508,0.003560364246368408,1,False,False,4
C000000008__VIS-010_SW_data_03-July-2026_10-43-23,26,0.7040293176116299,0.4625392556190491,0.10282391309738159,1,False,False,8
C000000008__VIS-010_SW_data_03-July-2026_10-43-23,26,0.7180454101623324,0.4334351420402527,0.06516954302787781,1,False,False,8
C000000008__VIS-010_SW_data_03-July-2026_10-43-23,26,0.7320615027130348,0.4471721649169922,0.034723252058029175,1,False,False,6
C000000008__VIS-010_SW_data_03-July-2026_10-43-23,26,0.7460775952637372,0.4832434058189392,0.012179732322692871,1,False,False,1
C000000008__VIS-010_SW_data_03-July-2026_10-43-23,26,0.7600936878144396,0.465228796005249,0.0008585155010223389,1,False,False,3
C000000008__VIS-010_SW_data_03-July-2026_10-43-23,26,0.7741097803651781,0.4831600785255432,0.038456082344055176,1,False,False,3
C000000008__VIS-010_SW_data_03-July-2026_10-43-23,26,0.7881258729158804,0.45884567499160767,0.06148731708526611,1,False,False,2
C000000008__VIS-010_SW_data_03-July-2026_10-43-23,26,0.8021419654665829,0.4059699773788452,0.03738102316856384,1,False,False,2
C000000008__VIS-010_SW_data_03-July-2026_10-43-23,26,0.8161580580172854,0.4370230436325073,0.05806735157966614,1,False,False,2
C000000008__VIS-010_SW_data_03-July-2026_10-43-23,26,0.8301741505679878,0.41752028465270996,0.09475353360176086,1,False,False,1
C000000008__VIS-010_SW_data_03-July-2026_10-43-23,26,0.8441902431186902,0.4508655071258545,0.16714417934417725,1,False,False,1
C000000008__VIS-010_SW_data_03-July-2026_10-43-23,26,0.8582063356693926,0.49448221921920776,0.09553602337837219,1,False,False,1
C000000008__VIS-010_SW_data_03-July-2026_10-43-23,26,0.8722224282200951,0.5230332612991333,0.11493140459060669,1,False,False,1
C000000008__VIS-010_SW_data_03-July-2026_10-43-23,26,0.8862385207707976,0.5807501077651978,0.14771294593811035,1,True,True,0
C000000008__VIS-010_SW_data_03-July-2026_10-43-23,26,0.9002546133215359,0.5138510465621948,0.08968919515609741,1,True,True,0
C000000008__VIS-010_SW_data_03-July-2026_10-43-23,26,0.9142707058722384,0.37413156032562256,0.022268712520599365,1,True,True,0
C000000008__VIS-010_SW_data_03-July-2026_10-43-23,26,0.9282867984229408,0.4355738162994385,0.0621335506439209,1,True,True,0
C000000008__VIS-010_SW_data_03-July-2026_10-43-23,26,0.9423028909736432,0.41183847188949585,0.02276092767715454,1,False,False,2
C000000008__VIS-010_SW_data_03-July-2026_10-43-23,26,0.9563189835243456,0.3993540406227112,0.015579581260681152,1,False,False,2
C000000008__VIS-010_SW_data_03-July-2026_10-43-23,26,0.9703350760750481,0.369054913520813,0.14088445901870728,1,True,True,0
C000000008__VIS-010_SW_data_03-July-2026_10-43-23,26,0.024324224109190374,0.4508875608444214,0.024819016456604004,1,True,True,0
C000000008__VIS-010_SW_data_03-July-2026_10-43-23,26,0.03834031665992878,0.4936755895614624,0.0960162878036499,1,True,True,0
C000000008__VIS-010_SW_data_03-July-2026_10-43-23,26,0.05235640921063121,0.6292307078838348,0.026891231536865234,1,True,True,0
C000000008__VIS-010_SW_data_03-July-2026_10-43-23,26,0.06637250176133365,0.6623103022575378,0.028039872646331787,1,False,False,2
C000000008__VIS-010_SW_data_03-July-2026_10-43-23,26,0.08038859431203609,0.6347392499446869,0.006885498762130737,1,False,False,3
C000000008__VIS-010_SW_data_03-July-2026_10-43-23,26,0.09440468686273851,0.6018020808696747,0.04489591717720032,1,True,True,0
C000000008__VIS-010_SW_data_03-July-2026_10-43-23,26,0.10842077941344094,0.6503813862800598,0.028722137212753296,1,True,True,0
C000000008__VIS-010_SW_data_03-July-2026_10-43-23,26,0.12243687196414338,0.6537178158760071,0.011287659406661987,1,False,False,9
C000000008__VIS-010_SW_data_03-July-2026_10-43-23,26,0.13645296451484581,0.6162605881690979,0.01797732710838318,1,False,False,8
C000000008__VIS-010_SW_data_03-July-2026_10-43-23,26,0.15046905706558422,0.7708256244659424,0.004481852054595947,2,False,False,12
C000000008__VIS-010_SW_data_03-July-2026_10-43-23,26,0.16448514961628666,0.7802905589342117,0.10447262227535248,2,True,False,5
C000000008__VIS-010_SW_data_03-July-2026_10-43-23,26,0.1785012421669891,0.7640062570571899,0.0722106397151947,2,True,False,5
C000000008__VIS-010_SW_data_03-July-2026_10-43-23,26,0.19251733471769153,0.7506949305534363,0.10980397462844849,2,True,False,6
C000000008__VIS-010_SW_data_03-July-2026_10-43-23,26,0.20653342726839394,0.7663250863552094,0.028035253286361694,2,True,True,0
C000000008__VIS-010_SW_data_03-July-2026_10-43-23,26,0.22054951981909637,0.6906003355979919,0.02771414816379547,2,True,True,0
C000000008__VIS-010_SW_data_03-July-2026_10-43-23,26,0.2345656123697988,0.7152775526046753,0.07005348801612854,2,False,False,1
C000000008__VIS-010_SW_data_03-July-2026_10-43-23,26,0.24858170492050125,0.6300944983959198,0.1221112459897995,2,True,True,0
C000000008__VIS-010_SW_data_03-July-2026_10-43-23,26,0.2625977974712037,0.5803102850914001,0.14610081911087036,2,True,True,0
C000000008__VIS-010_SW_data_03-July-2026_10-43-23,26,0.2766138900219421,0.6173645555973053,0.1677800416946411,2,True,True,0
C000000008__VIS-010_SW_data_03-July-2026_10-43-23,26,0.2906299825726445,0.6050116121768951,0.07983934879302979,2,False,False,1
C000000008__VIS-010_SW_data_03-July-2026_10-43-23,26,0.30464607512334696,0.4822884798049927,0.0696769654750824,2,True,True,0
C000000008__VIS-010_SW_data_03-July-2026_10-43-23,26,0.31866216767404937,0.43649613857269287,0.07302886247634888,2,False,False,1
C000000008__VIS-010_SW_data_03-July-2026_10-43-23,26,0.33267826022475183,0.4118483066558838,0.030802667140960693,2,False,False,1
C000000008__VIS-010_SW_data_03-July-2026_10-43-23,26,0.34669435277545424,0.35507678985595703,0.04376184940338135,2,False,False,1
C000000008__VIS-010_SW_data_03-July-2026_10-43-23,26,0.3607104453261567,0.3480091691017151,0.018253803253173828,2,True,True,0
C000000008__VIS-010_SW_data_03-July-2026_10-43-23,26,0.3747265378768591,0.35213685035705566,0.06549888849258423,2,True,True,0
C000000008__VIS-010_SW_data_03-July-2026_10-43-23,26,0.38874263042759755,0.3691542148590088,0.09579920768737793,2,False,False,1
C000000008__VIS-010_SW_data_03-July-2026_10-43-23,26,0.40275872297829995,0.31008052825927734,0.15223419666290283,2,True,True,0
C000000008__VIS-010_SW_data_03-July-2026_10-43-23,26,0.41677481552900236,0.4233458638191223,0.1558762788772583,1,True,True,0
C000000008__VIS-010_SW_data_03-July-2026_10-43-23,26,0.4307909080797048,0.4294048547744751,0.16209715604782104,1,True,True,0
C000000008__VIS-010_SW_data_03-July-2026_10-43-23,26,0.44480700063040723,0.534494161605835,0.12827599048614502,1,False,False,1
C000000008__VIS-010_SW_data_03-July-2026_10-43-23,26,0.4588230931811097,0.5735771059989929,0.020171165466308594,1,True,True,0
C000000008__VIS-010_SW_data_03-July-2026_10-43-23,26,0.4728391857318121,0.6031244695186615,0.11206543445587158,1,True,True,0
C000000008__VIS-010_SW_data_03-July-2026_10-43-23,26,0.48685527828251457,0.5723643898963928,0.08920952677726746,1,False,False,1
C000000008__VIS-010_SW_data_03-July-2026_10-43-23,26,0.500871370833253,0.555213451385498,0.059514909982681274,1,False,False,1
C000000008__VIS-010_SW_data_03-July-2026_10-43-23,26,0.5148874633839554,0.5830333530902863,0.03039628267288208,1,False,False,1
C000000008__VIS-010_SW_data_03-July-2026_10-43-23,26,0.5289035559346579,0.5263858735561371,0.05926629900932312,1,True,True,0
C000000008__VIS-010_SW_data_03-July-2026_10-43-23,26,0.5429196484853602,0.5548408925533295,0.021699458360671997,1,False,False,1
C000000008__VIS-010_SW_data_03-July-2026_10-43-23,26,0.5569357410360627,0.474395215511322,0.015238344669342041,1,True,True,0
C000000008__VIS-010_SW_data_03-July-2026_10-43-23,26,0.5709518335867652,0.6069605946540833,0.10512915253639221,1,False,False,1
C000000008__VIS-010_SW_data_03-July-2026_10-43-23,26,0.5849679261374675,0.5544372498989105,0.09534987807273865,1,True,True,0
C000000008__VIS-010_SW_data_03-July-2026_10-43-23,26,0.59898401868817,0.733676552772522,0.14508876204490662,1,True,True,0
C000000008__VIS-010_SW_data_03-July-2026_10-43-23,26,0.6130001112388724,0.9246781915426254,0.0019291043281555176,1,False,False,7
C000000008__VIS-010_SW_data_03-July-2026_10-43-23,26,0.6270162037896109,1.126600667834282,0.12576836347579956,1,True,True,0
C000000008__VIS-010_SW_data_03-July-2026_10-43-23,26,0.6410322963403132,0.9127994924783707,0.05088585615158081,1,False,False,1
C000000008__VIS-010_SW_data_03-July-2026_10-43-23,26,0.6550483888910157,0.7935815453529358,0.050019145011901855,1,False,False,10
C000000008__VIS-010_SW_data_03-July-2026_10-43-23,26,0.6690644814417182,0.6923212707042694,0.049463242292404175,1,False,False,10
C000000008__VIS-010_SW_data_03-July-2026_10-43-23,26,0.6830805739924206,0.5562271177768707,0.03734010457992554,1,False,False,3
C000000008__VIS-010_SW_data_03-July-2026_10-43-23,26,0.697096666543123,0.5359518826007843,0.039742350578308105,1,False,False,1
C000000008__VIS-010_SW_data_03-July-2026_10-43-23,26,0.7111127590938254,0.3738095760345459,0.058130860328674316,1,False,False,1
C000000008__VIS-010_SW_data_03-July-2026_10-43-23,26,0.7251288516445279,0.3464360237121582,0.032593607902526855,1,False,False,1
C000000008__VIS-010_SW_data_03-July-2026_10-43-23,26,0.7391449441952662,0.2815396785736084,0.03654754161834717,1,False,False,5
C000000008__VIS-010_SW_data_03-July-2026_10-43-23,26,0.7531610367459687,-1.1920928955078125e-07,0.021079540252685547,1,True,True,0
