folder,n,truth,ecg,wrap_jump,cont,cont_m,cont_e,w05,w05_m,w05_e,w10,w10_m,w10_e,wj,wj_m,wj_e
C000000001__SWE_01_SW_data_21-April-2026_12-12-54,26,6,True,312.91999999999985,6,0.14374959468841553,0.0,6.0,3.401231890151432,0.0,6.0,4.597211348602057,0.0,6.0,4.7002250459566035,0.0
C000000001__SWE_01_SW_data_21-April-2026_12-14-11,26,4,True,309.91999999999985,4,0.1706283688545227,0.0,4.0,6.81982016483694,0.0,4.0,8.452663849053632,0.0,4.0,8.560649244703159,0.0
C000000001__SWE_01_SW_data_21-April-2026_12-14-53,26,7,True,260.91999999999985,17,0.03737211227416992,10.0,7.0,4.833780246410949,0.0,7.0,5.450298694005042,0.0,7.0,5.314889214433918,0.0
C000000001__SWE_01_SW_data_21-April-2026_12-15-49,26,25,True,258.91999999999985,4,0.009353458881378174,5.0,25.0,4.349020323087587,0.0,25.0,4.485839213315577,0.0,25.0,4.448369079911806,0.0
C000000001__SWE_01_SW_data_21-April-2026_12-16-46,26,3,True,262.91999999999985,11,0.004928410053253174,8.0,3.0,4.575496983811524,0.0,3.0,4.609918532406072,0.0,3.0,4.601409525593498,0.0
C000000001__SWE_01_SW_data_21-April-2026_12-17-37,26,24,True,252.91999999999985,24,0.029505550861358643,0.0,24.0,5.574887209477135,0.0,24.0,6.354814453768743,0.0,24.0,6.110021289360416,0.0
C000000001__SWE_01_SW_data_21-April-2026_12-18-31,26,3,True,235.91999999999985,18,0.0343509316444397,11.0,3.0,4.281949391193196,0.0,3.0,5.096396771459597,0.0,3.0,4.74846485060979,0.0
C000000001__SWE_01_SW_data_21-April-2026_12-19-03,26,0,True,233.91999999999985,0,0.034738898277282715,0.0,0.0,5.70813844685098,0.0,0.0,7.42275724532737,0.0,0.0,6.667410510638568,0.0
C000000001__SWE_01_SW_data_21-April-2026_12-19-36,26,15,True,259.91999999999985,15,0.010030925273895264,0.0,15.0,4.30754933784876,0.0,15.0,4.787279057424625,0.0,15.0,4.659095276353954,0.0
C000000001__SWE_01_SW_data_21-April-2026_12-20-24,26,20,True,264.91999999999985,10,0.0018489360809326172,10.0,20.0,5.516422431604088,0.0,20.0,6.1759716420431765,0.0,20.0,6.021725066695154,0.0
C000000001__SWE_01_SW_data_21-April-2026_12-21-32,26,7,True,220.91999999999985,16,0.05242687463760376,9.0,7.0,5.405498034770318,0.0,7.0,6.017680995708679,0.0,7.0,5.694938138701975,0.0
C000000001__SWE_01_SW_data_21-April-2026_12-22-36,26,21,True,180.91999999999985,25,0.006068706512451172,4.0,21.0,4.445086012604334,0.0,21.0,4.990279503988904,0.0,21.0,4.603146569372818,0.0
C000000001__SWE_01_SW_data_21-April-2026_12-23-44,26,22,True,248.91999999999985,12,0.012658476829528809,10.0,22.0,3.2242735903932784,0.0,22.0,3.416170616574519,0.0,22.0,3.3508232825922675,0.0
C000000001__SWE_01_SW_data_21-April-2026_12-24-24,26,21,True,219.91999999999985,21,0.057719528675079346,0.0,21.0,2.6774280413918405,0.0,21.0,3.4005351888819773,0.0,21.0,3.0144923864085755,0.0
C000000002__SWE02_SW_data_28-April-2026_10-09-45,26,14,True,148.08000000000015,3,0.04453134536743164,11.0,14.0,3.5739654941604524,0.0,14.0,3.6636505814667863,0.0,14.0,3.5728175250429315,0.0
C000000002__SWE02_SW_data_28-April-2026_10-11-53,26,1,True,133.08000000000015,1,0.11287903785705566,0.0,1.0,3.602089908777753,0.0,1.0,5.782484360446979,0.0,1.0,3.356141414629467,0.0
C000000002__SWE02_SW_data_28-April-2026_10-12-32,26,15,True,242.08000000000015,9,0.004011273384094238,6.0,15.0,2.136602305404498,0.0,15.0,1.7658780005470258,0.0,15.0,1.9090270121293234,0.0
C000000002__SWE02_SW_data_28-April-2026_10-13-12,26,13,True,286.08000000000015,13,0.12350136041641235,0.0,13.0,3.7609067989423783,0.0,13.0,5.8347196250524735,0.0,13.0,5.642269794789458,0.0
C000000002__SWE02_SW_data_28-April-2026_10-13-45,26,24,True,280.08000000000015,12,0.005190789699554443,12.0,24.0,4.3318462195252385,0.0,24.0,4.7775972811014,0.0,24.0,4.718401540124086,0.0
C000000002__SWE02_SW_data_28-April-2026_10-14-30,26,17,True,166.08000000000015,10,0.039823293685913086,7.0,17.0,2.63691586551217,0.0,17.0,2.767305562387315,0.0,17.0,2.650893641017185,0.0
C000000002__SWE02_SW_data_28-April-2026_10-16-34,26,-1,True,148.08000000000015,4,0.008942246437072754,,21.0,1.265827716078768,,20.0,2.7953336666058854,,21.0,1.269234529680141,
C000000002__SWE02_SW_data_28-April-2026_10-17-52,26,19,True,206.08000000000015,19,0.12062859535217285,0.0,19.0,4.477605505801463,0.0,19.0,6.574020234405227,0.0,19.0,5.261385092335459,0.0
C000000002__SWE02_SW_data_28-April-2026_10-18-32,26,16,True,250.08000000000015,8,0.0008243322372436523,8.0,16.0,3.7655726303387844,0.0,16.0,4.4480193547695155,0.0,16.0,4.220901084878969,0.0
C000000002__SWE02_SW_data_28-April-2026_10-19-37,26,-1,True,212.08000000000015,19,0.05838841199874878,,7.0,2.3382700286844678,,7.0,2.184449204592084,,7.0,2.2746087169534333,
C000000002__SWE02_SW_data_28-April-2026_10-20-20,26,22,True,155.08000000000015,22,0.12777400016784668,0.0,22.0,4.427420892463802,0.0,22.0,6.454969734785701,0.0,22.0,4.496087213257105,0.0
C000000002__SWE02_SW_data_28-April-2026_10-21-04,26,16,True,263.08000000000015,16,0.07752633094787598,0.0,16.0,3.7588473177351833,0.0,16.0,4.530263982339702,0.0,16.0,4.34039262729171,0.0
C000000002__SWE02_SW_data_28-April-2026_10-22-19,26,-1,True,192.08000000000015,8,0.0839492678642273,,8.0,4.86729581088143,,8.0,6.739719948399882,,8.0,5.392573195593276,
C000000002__SWE02_SW_data_28-April-2026_10-23-21,26,-1,True,193.08000000000015,13,0.14942431449890137,,13.0,3.2715179023117416,,13.0,5.395769356080249,,13.0,3.881602919834059,
C000000002__SWE02_SW_data_28-April-2026_10-24-12,26,10,True,72.08000000000015,10,0.12574881315231323,0.0,10.0,4.009552414837652,0.0,10.0,5.671829127171179,0.0,10.0,3.1460550720041307,0.0
C000000003__VIS_03_SW_data_16-June-2026_10-09-42,26,1,True,26.919999999999845,1,0.015403389930725098,0.0,1.0,3.7885143656543003,0.0,1.0,5.797223044725784,0.0,1.0,2.140301937520178,0.0
C000000003__VIS_03_SW_data_16-June-2026_10-10-39,26,14,True,65.91999999999985,14,0.01253741979598999,0.0,14.0,1.9500610216646752,0.0,14.0,2.6987866839805665,0.0,14.0,1.5303753304145413,0.0
C000000003__VIS_03_SW_data_16-June-2026_10-12-10,26,8,True,45.919999999999845,1,0.012215375900268555,7.0,8.0,1.622614881906253,0.0,8.0,1.8227694881970935,0.0,8.0,1.286632435895584,0.0
C000000003__VIS_03_SW_data_16-June-2026_10-13-59,26,21,True,41.919999999999845,11,0.005580425262451172,10.0,21.0,1.742855280500668,0.0,22.0,2.319294093792913,1.0,21.0,2.3195823003088623,0.0
C000000003__VIS_03_SW_data_16-June-2026_10-14-33,26,8,True,67.91999999999985,25,0.000699162483215332,9.0,8.0,2.405898641368945,0.0,8.0,2.9201114384434192,0.0,8.0,1.8484817231797903,0.0
C000000003__VIS_03_SW_data_16-June-2026_10-15-05,26,3,True,102.91999999999985,8,0.0021231770515441895,5.0,3.0,2.9369267691276457,0.0,3.0,3.5690634223375364,0.0,3.0,2.738520144906834,0.0
C000000003__VIS_03_SW_data_16-June-2026_10-16-31,26,16,True,55.919999999999845,9,0.011699438095092773,7.0,16.0,2.8067636407026586,0.0,16.0,3.605897260477896,0.0,16.0,2.3055470343796287,0.0
C000000003__VIS_03_SW_data_16-June-2026_10-17-36,26,15,True,119.91999999999985,15,0.0022032856941223145,0.0,15.0,2.9358199347047496,0.0,15.0,4.497879690513496,0.0,15.0,2.622574885006567,0.0
C000000003__VIS_03_SW_data_16-June-2026_10-18-12,26,24,True,41.919999999999845,1,0.014125704765319824,3.0,24.0,1.3612906381258671,0.0,24.0,0.5890654316995185,0.0,24.0,1.9177046401962654,0.0
C000000003__VIS_03_SW_data_16-June-2026_10-18-58,26,17,True,6.919999999999845,21,0.0006009340286254883,4.0,17.0,1.377214775936387,0.0,17.0,1.4090444075085822,0.0,17.0,1.3468535513673898,0.0
C000000003__VIS_03_SW_data_16-June-2026_10-19-41,26,17,True,39.919999999999845,17,0.01982724666595459,0.0,17.0,1.2011880961700725,0.0,17.0,2.076273417820559,0.0,18.0,1.7435905660838036,1.0
C000000003__VIS_03_SW_data_16-June-2026_10-20-18,26,16,True,65.91999999999985,20,0.0015168190002441406,4.0,16.0,1.6607510517458204,0.0,16.0,2.063826337971414,0.0,16.0,1.4348139179735004,0.0
C000000003__VIS_03_SW_data_16-June-2026_10-21-54,26,20,True,41.919999999999845,20,0.02216547727584839,0.0,20.0,2.392422658258509,0.0,20.0,3.9878974052023475,0.0,20.0,1.2428299205939068,0.0
C000000003__VIS_03_SW_data_16-June-2026_10-23-03,26,4,True,47.919999999999845,19,0.0038743019104003906,11.0,4.0,2.337318088338357,0.0,4.0,2.632113123016205,0.0,4.0,1.6662390146996717,0.0
C000000003__VIS_03_SW_data_16-June-2026_10-23-36,26,8,True,46.919999999999845,1,0.00182265043258667,7.0,8.0,2.70362991937614,0.0,8.0,3.8739008426262695,0.0,8.0,1.819918831464447,0.0
C000000004__VIS_4_SW_data_16-June-2026_10-58-59,26,10,True,226.91999999999985,1,0.006154119968414307,9.0,10.0,2.88732034073908,0.0,10.0,3.5543223808059365,0.0,10.0,3.2293589868853636,0.0
C000000004__VIS_4_SW_data_16-June-2026_11-00-06,26,15,True,215.91999999999985,12,0.001698613166809082,3.0,15.0,2.0732805638804326,0.0,15.0,1.8494982753300402,0.0,15.0,1.9749357074721532,0.0
C000000004__VIS_4_SW_data_16-June-2026_11-00-39,26,13,True,231.91999999999985,19,0.0050473809242248535,6.0,13.0,2.8894834603967556,0.0,13.0,3.7266716372903446,0.0,13.0,3.3487247313163326,0.0
C000000004__VIS_4_SW_data_16-June-2026_11-01-20,26,15,True,214.91999999999985,7,0.003970801830291748,8.0,15.0,2.279300310121298,0.0,15.0,2.1353624423464153,0.0,15.0,2.2170040009483287,0.0
C000000004__VIS_4_SW_data_16-June-2026_11-01-48,26,19,True,212.91999999999985,19,0.019498825073242188,0.0,19.0,3.237242568127998,0.0,19.0,4.540972433877269,0.0,19.0,3.784113789147625,0.0
C000000004__VIS_4_SW_data_16-June-2026_11-02-20,26,5,True,226.91999999999985,5,0.05161333084106445,0.0,5.0,3.5680259879769434,0.0,5.0,5.0308354437750555,0.0,5.0,4.318154676910215,0.0
C000000004__VIS_4_SW_data_16-June-2026_11-03-50,26,14,True,224.91999999999985,14,0.052395641803741455,0.0,14.0,6.8256238412892305,0.0,14.0,8.905454098902432,0.0,14.0,7.864429727291768,0.0
C000000004__VIS_4_SW_data_16-June-2026_11-04-18,26,8,True,243.91999999999985,8,0.020412087440490723,0.0,8.0,2.377846840801286,0.0,8.0,3.4715876534066066,0.0,8.0,3.0626744216005624,0.0
C000000004__VIS_4_SW_data_16-June-2026_11-04-50,26,2,True,238.91999999999985,2,0.0085982084274292,0.0,2.0,2.9562069472580133,0.0,2.0,4.287465524129275,0.0,2.0,3.7453770316272963,0.0
C000000004__VIS_4_SW_data_16-June-2026_11-05-52,26,1,True,244.91999999999985,9,0.005051076412200928,8.0,1.0,1.4689928645238517,0.0,1.0,1.5347537352629081,0.0,1.0,1.730767796164074,0.0
C000000004__VIS_4_SW_data_16-June-2026_11-06-25,26,8,True,224.91999999999985,8,0.007173061370849609,0.0,8.0,3.8054987447403894,0.0,8.0,5.4225179661872405,0.0,8.0,4.613145945212375,0.0
C000000004__VIS_4_SW_data_16-June-2026_11-07-32,26,16,True,224.91999999999985,16,0.010387718677520752,0.0,16.0,2.89516844791588,0.0,16.0,4.44468657766565,0.0,16.0,3.6691011031215632,0.0
C000000004__VIS_4_SW_data_16-June-2026_11-08-03,26,12,True,245.91999999999985,12,0.033781230449676514,0.0,12.0,7.176797621747211,0.0,12.0,8.814013330169326,0.0,12.0,8.223742493426204,0.0
C000000004__VIS_4_SW_data_16-June-2026_11-08-35,26,22,True,225.91999999999985,22,0.017535507678985596,0.0,22.0,6.820723789451455,0.0,22.0,8.824454302937916,0.0,22.0,7.834878593344066,0.0
C000000005__VIS-005_SW_data_19-June-2026_09-12-20,26,11,False,66.83200000047668,3,0.03122490644454956,8.0,,,,,,,,,
C000000005__VIS-005_SW_data_19-June-2026_09-12-54,26,10,False,62.83999999992534,15,0.018983900547027588,5.0,,,,,,,,,
C000000005__VIS-005_SW_data_19-June-2026_09-14-24,26,7,False,64.83199999954536,7,0.0025061368942260742,0.0,,,,,,,,,
C000000005__VIS-005_SW_data_19-June-2026_09-15-51,26,20,False,204.3480000000725,11,0.006651043891906738,9.0,,,,,,,,,
C000000005__VIS-005_SW_data_19-June-2026_09-16-29,26,15,False,227.35100000009857,15,0.01155632734298706,0.0,,,,,,,,,
C000000005__VIS-005_SW_data_19-June-2026_09-17-03,26,18,False,11.16800000045464,9,0.01776444911956787,9.0,,,,,,,,,
C000000005__VIS-005_SW_data_19-June-2026_09-18-05,26,5,False,97.1759999999033,5,0.0030474066734313965,0.0,,,,,,,,,
C000000005__VIS-005_SW_data_19-June-2026_09-18-42,26,6,True,168.8450000000464,6,0.05622589588165283,0.0,6.0,3.8169350743815267,0.0,6.0,6.1152187588634455,0.0,6.0,4.105676114609317,0.0
C000000005__VIS-005_SW_data_19-June-2026_09-19-21,26,13,True,162.84299999995142,13,0.03621399402618408,0.0,13.0,3.7931871253931373,0.0,13.0,4.454271371868309,0.0,13.0,3.9255761798243927,0.0
C000000005__VIS-005_SW_data_19-June-2026_09-20-29,26,-1,False,15.167999999523317,1,0.009183287620544434,,,,,,,,,,
C000000005__VIS-005_SW_data_19-June-2026_09-21-07,26,8,False,62.83600000020101,4,0.003639519214630127,4.0,,,,,,,,,
C000000005__VIS-005_SW_data_19-June-2026_09-27-12,26,-1,False,62.83599999926969,23,0.0030417442321777344,,,,,,,,,,
C000000005__VIS-005_SW_data_19-June-2026_09-27-41,26,15,False,64.83599999926969,15,0.017155170440673828,0.0,,,,,,,,,
C000000005__VIS-005_SW_data_19-June-2026_09-28-50,26,-1,False,64.83599999926969,21,0.02762216329574585,,,,,,,,,,
C000000005__VIS-005_SW_data_19-June-2026_09-29-28,26,9,False,64.83600000113233,9,0.07396143674850464,0.0,,,,,,,,,
C000000005__VIS-005_SW_data_19-June-2026_09-30-03,26,14,False,64.83999999992534,8,0.007055938243865967,6.0,,,,,,,,,
C000000007__VIS-007_SW_data_30-June-2026_11-45-50,26,20,False,61.83600000020101,21,0.007326841354370117,1.0,,,,,,,,,
C000000007__VIS-007_SW_data_30-June-2026_11-47-50,26,-1,True,30.833000000174934,25,0.009450733661651611,,24.0,1.8453219277093398,,24.0,2.2425607088884947,,24.0,1.5297369021312939,
C000000007__VIS-007_SW_data_30-June-2026_11-49-10,26,-1,False,194.84799999983966,15,0.006491959095001221,,,,,,,,,,
C000000007__VIS-007_SW_data_30-June-2026_11-50-12,26,20,False,15.332000000011021,1,0.02433180809020996,7.0,,,,,,,,,
C000000007__VIS-007_SW_data_30-June-2026_11-50-55,26,-1,False,33.16999999985114,17,0.030205726623535156,,,,,,,,,,
C000000007__VIS-007_SW_data_30-June-2026_11-51-26,26,6,False,42.17399999957547,6,0.06923127174377441,0.0,,,,,,,,,
C000000007__VIS-007_SW_data_30-June-2026_11-53-29,26,6,False,112.340000000391,1,0.018829822540283203,5.0,,,,,,,,,
C000000007__VIS-007_SW_data_30-June-2026_11-54-10,26,10,True,121.83899999976143,18,0.010823309421539307,8.0,10.0,1.6948067284939294,0.0,10.0,1.7309059556040198,0.0,10.0,1.6880294595962235,0.0
C000000007__VIS-007_SW_data_30-June-2026_11-57-47,26,-1,True,127.84099999999967,3,0.0055419206619262695,,13.0,2.049041094811331,,12.0,1.818189878032332,,13.0,2.076257264383184,
C000000007__VIS-007_SW_data_30-June-2026_11-58-24,26,25,True,112.34000000000538,2,0.015413641929626465,3.0,25.0,1.7622940449559357,0.0,25.0,1.4722504675392276,0.0,25.0,1.835114319126014,0.0
C000000007__VIS-007_SW_data_30-June-2026_11-58-59,26,20,False,154.84500000000276,12,0.010424494743347168,8.0,,,,,,,,,
C000000007__VIS-007_SW_data_30-June-2026_11-59-49,26,-1,False,282.35600000000136,3,0.0037740468978881836,,,,,,,,,,
C000000007__VIS-007_SW_data_30-June-2026_12-00-27,26,10,False,18.172000000004346,10,4.750490188598633e-05,0.0,,,,,,,,,
C000000007__VIS-007_SW_data_30-June-2026_12-01-29,26,-1,False,14.167999999988979,15,0.010679244995117188,,,,,,,,,,
C000000008__VIS-010_SW_data_03-July-2026_10-36-33,26,9,True,232.34900000000357,3,7.796287536621094e-05,6.0,9.0,4.002988982663427,0.0,9.0,5.580839657974264,0.0,9.0,4.8692184844046125,0.0
C000000008__VIS-010_SW_data_03-July-2026_10-37-16,26,-1,True,265.3550000000557,0,0.022525668144226074,,0.0,4.821356855517195,,0.0,5.631658729012845,,0.0,5.444506006298099,
C000000008__VIS-010_SW_data_03-July-2026_10-37-44,26,21,True,250.35099999986573,21,0.003477931022644043,0.0,21.0,3.739928506429559,0.0,21.0,5.225514871467592,0.0,21.0,4.8412231727630415,0.0
C000000008__VIS-010_SW_data_03-July-2026_10-38-22,26,3,True,239.35000000016748,3,0.01750659942626953,0.0,3.0,5.229601007019161,0.0,3.0,5.961404025169413,0.0,3.0,5.6655116714981455,0.0
C000000008__VIS-010_SW_data_03-July-2026_10-39-08,26,-1,True,226.84900000000357,22,0.003513157367706299,,2.0,2.042453474643917,,2.0,2.2102127374002474,,2.0,2.1284010185343294,
C000000008__VIS-010_SW_data_03-July-2026_10-39-52,26,-1,True,137.34300000041708,21,0.007987022399902344,,9.0,2.5775615564417924,,9.0,2.2283338484988113,,9.0,2.60702939043705,
C000000008__VIS-010_SW_data_03-July-2026_10-40-54,26,11,True,174.84499999981358,17,0.005330801010131836,6.0,11.0,3.0920613650500304,0.0,11.0,3.7370274673943085,0.0,11.0,3.1988892504675195,0.0
C000000008__VIS-010_SW_data_03-July-2026_10-41-24,26,-1,True,179.8449999999998,15,0.0018544793128967285,,21.0,2.9224974055300423,,21.0,3.2008685772073826,,21.0,2.991515118203315,
C000000008__VIS-010_SW_data_03-July-2026_10-41-56,26,10,True,173.34599999999932,10,0.02731531858444214,0.0,10.0,5.730925994093933,0.0,10.0,7.046093514163703,0.0,10.0,5.937609051942453,0.0
C000000008__VIS-010_SW_data_03-July-2026_10-42-38,26,-1,True,228.85100000001125,18,0.05041670799255371,,18.0,5.17762686605103,,18.0,6.874979754393718,,18.0,6.06988001670922,
C000000008__VIS-010_SW_data_03-July-2026_10-43-23,26,7,True,215.85000000002196,7,0.040572285652160645,0.0,7.0,5.570255003540269,0.0,7.0,7.521185834164819,0.0,7.0,6.4449837009116475,0.0
C000000008__VIS-010_SW_data_03-July-2026_10-43-54,26,10,True,191.347000000025,17,0.006734013557434082,7.0,10.0,3.3561673609432514,0.0,10.0,4.3308182787732115,0.0,10.0,3.6248266376068488,0.0
C000000008__VIS-010_SW_data_03-July-2026_10-44-27,26,20,True,185.8450000000173,14,0.006637871265411377,6.0,20.0,2.6011685054920775,0.0,20.0,3.496197521501977,0.0,20.0,2.815050606018013,0.0
C000000008__VIS-010_SW_data_03-July-2026_10-44-58,26,19,True,170.3459999999775,19,0.021441221237182617,0.0,19.0,5.672086213153165,0.0,19.0,7.5163530077431755,0.0,19.0,5.9222425611710765,0.0
C000000009__VIS-009_SW_data_03-July-2026_09-43-33,26,-1,True,92.83899999999426,14,0.011852502822875977,,10.0,1.7694785713659744,,10.0,1.1572834840387336,,10.0,2.002769793944081,
C000000009__VIS-009_SW_data_03-July-2026_09-45-12,26,20,True,18.83200000001102,20,0.0013402700424194336,0.0,20.0,4.598936297495663,0.0,20.0,5.601747411918819,0.0,20.0,3.0153755199346874,0.0
C000000009__VIS-009_SW_data_03-July-2026_09-45-57,26,4,True,259.85300000007715,4,0.018810927867889404,0.0,4.0,4.0619855967795475,0.0,4.0,5.014688030002223,0.0,4.0,4.847568859639536,0.0
C000000009__VIS-009_SW_data_03-July-2026_09-47-12,26,-1,True,165.3470000001414,15,0.00431513786315918,,13.0,0.16027649298719204,,13.0,0.051460093139716,,13.0,0.14914312439736133,
C000000009__VIS-009_SW_data_03-July-2026_09-47-50,26,17,True,169.34499999981358,19,0.002975940704345703,2.0,17.0,2.051195365229429,0.0,17.0,1.174246397043751,0.0,17.0,1.9380981799668389,0.0
C000000009__VIS-009_SW_data_03-July-2026_09-48-24,26,17,True,115.33899999999426,21,0.022672295570373535,4.0,17.0,2.6586599912687836,0.0,17.0,2.0909467715162156,0.0,17.0,2.69848742690073,0.0
C000000009__VIS-009_SW_data_03-July-2026_09-49-49,26,-1,True,152.34400000011533,2,0.021564960479736328,,25.0,0.5643614283188505,,1.0,1.102012792095096,,25.0,0.5383215538332338,
C000000009__VIS-009_SW_data_03-July-2026_09-50-42,26,13,True,210.3480000000725,13,0.0030630826950073242,0.0,13.0,5.152817187425941,0.0,13.0,5.747530035614501,0.0,13.0,5.39208206050945,0.0
C000000009__VIS-009_SW_data_03-July-2026_09-51-59,26,5,True,93.83899999999426,5,0.13124245405197144,0.0,5.0,2.9331903111513515,0.0,5.0,4.954027968605106,0.0,5.0,2.1765752199495396,0.0
C000000009__VIS-009_SW_data_03-July-2026_09-54-19,26,21,True,52.3350000000371,10,0.00013953447341918945,11.0,21.0,2.3257088331966513,0.0,21.0,2.4557484522614668,0.0,21.0,2.241040037223583,0.0
C000000009__VIS-009_SW_data_03-July-2026_09-55-35,26,5,True,142.84299999995142,5,0.0015376806259155273,0.0,5.0,2.4746053805706487,0.0,5.0,2.5347518459475467,0.0,5.0,2.4717355922192787,0.0
C000000009__VIS-009_SW_data_03-July-2026_09-56-29,26,24,True,164.34400000011533,12,0.009905755519866943,12.0,24.0,1.0644800302984407,0.0,23.0,0.5019780384836006,1.0,24.0,0.951019257531645,0.0
C000000009__VIS-009_SW_data_03-July-2026_09-57-15,26,-1,True,176.84699999990858,6,0.013305425643920898,,6.0,3.655956111450682,,6.0,4.8408682510985,,6.0,3.868031686204126,
C000000009__VIS-009_SW_data_03-July-2026_09-57-46,26,19,True,101.33799999983034,19,0.03188586235046387,0.0,19.0,2.96172797086093,0.0,19.0,5.127776715795449,0.0,19.0,2.25903287735179,0.0
C000000009__VIS-009_SW_data_03-July-2026_09-58-21,26,15,True,82.33699999989926,12,0.002694368362426758,3.0,15.0,1.985484674681378,0.0,15.0,1.8152071225238746,0.0,15.0,2.0622946080923805,0.0
C000000009__VIS-009_SW_data_03-July-2026_10-02-09,26,-1,True,172.3450000000464,13,0.004550457000732422,,19.0,0.20035825936646723,,21.0,0.24333407573622146,,19.0,0.1892950438921861,
C000000010__vis-006_SW_data_30-June-2026_09-43-28,26,16,True,302.35899999989647,16,0.06950229406356812,0.0,16.0,5.476402404992075,0.0,16.0,7.713049843821832,0.0,16.0,7.748224852541618,0.0
C000000010__vis-006_SW_data_30-June-2026_09-44-14,26,-1,True,326.35999999994397,4,0.06094717979431152,,4.0,5.830965827625553,,4.0,8.093580137534026,,4.0,8.491196892261097,
C000000010__vis-006_SW_data_30-June-2026_09-44-49,26,4,True,338.8600000000604,4,0.018364548683166504,0.0,4.0,4.067172804526966,0.0,4.0,5.148389851612613,0.0,4.0,5.428497147944704,0.0
C000000010__vis-006_SW_data_30-June-2026_09-46-57,26,-1,True,334.1959999999219,7,0.03562319278717041,,7.0,5.639268186290982,,7.0,7.935787997600347,,7.0,8.323004964789993,
C000000010__vis-006_SW_data_30-June-2026_09-47-28,26,11,True,334.8590000000129,11,0.0036205649375915527,0.0,11.0,2.9814492028530135,0.0,11.0,3.220044520417309,0.0,11.0,3.2754924815838216,0.0
C000000010__vis-006_SW_data_30-June-2026_09-48-33,26,6,False,334.1980000000169,6,0.011191844940185547,0.0,,,,,,,,,
C000000010__vis-006_SW_data_30-June-2026_09-50-42,26,-1,True,315.8590000000129,20,0.05842387676239014,,20.0,1.7363784036916017,,20.0,3.8516985414241445,,20.0,4.075344288519663,
C000000010__vis-006_SW_data_30-June-2026_09-51-19,26,9,True,303.3590000000129,9,0.001858830451965332,0.0,9.0,2.632049339250197,0.0,9.0,3.4351283255253153,0.0,9.0,3.4374698783183146,0.0
C000000010__vis-006_SW_data_30-June-2026_09-52-14,26,-1,True,325.86099999987505,5,0.015277087688446045,,5.0,4.930889920588192,,5.0,6.763617202014208,,5.0,7.079591603512403,
C000000010__vis-006_SW_data_30-June-2026_09-53-44,26,25,True,301.3559999999868,25,0.014615416526794434,0.0,25.0,3.7295438584563234,0.0,25.0,4.79736923261521,0.0,25.0,4.807022373997513,0.0
C000000010__vis-006_SW_data_30-June-2026_09-55-00,26,4,False,284.8550000000557,4,0.013942301273345947,0.0,,,,,,,,,
C000000010__vis-006_SW_data_30-June-2026_09-55-36,26,11,False,270.8559999999868,11,0.027249693870544434,0.0,,,,,,,,,
C000000010__vis-006_SW_data_30-June-2026_09-56-24,26,15,True,322.8590000000129,15,0.03901016712188721,0.0,5.0,1.2845796427018783,10.0,15.0,1.0397580088376284,0.0,15.0,1.3812382780093309,0.0
C000000010__vis-006_SW_data_30-June-2026_09-56-54,26,21,False,331.8580000000818,21,0.0334659218788147,0.0,,,,,,,,,
C000000011__VIS-11_SW_data_07-July-2026_08-40-05,32,-1,True,391.7040000000877,20,0.09903860092163086,,20.0,6.2962293866562895,,20.0,8.583647703913963,,20.0,9.982083766353952,
C000000011__VIS-11_SW_data_07-July-2026_08-40-50,32,-1,True,412.7039999999713,24,0.10747790336608887,,24.0,6.092331131680178,,24.0,8.743182203631598,,24.0,10.734925665052511,
C000000011__VIS-11_SW_data_07-July-2026_08-42-03,32,-1,True,410.86799999995606,7,0.00521397590637207,,7.0,4.7074803702260155,,7.0,6.088431616963886,,7.0,6.479964231754648,
C000000011__VIS-11_SW_data_07-July-2026_08-42-55,32,-1,True,410.36699999990856,27,0.07640892267227173,,27.0,6.108388385860122,,27.0,7.822364030531601,,27.0,9.083473030366935,
C000000011__VIS-11_SW_data_07-July-2026_08-43-46,32,6,True,403.86499999993,6,0.05829131603240967,0.0,6.0,4.5365399993589675,0.0,6.0,6.021871087079401,0.0,6.0,6.773398935758183,0.0
C000000011__VIS-11_SW_data_07-July-2026_08-44-19,32,9,True,393.8659999999775,9,0.010833263397216797,0.0,9.0,3.8674452107973467,0.0,9.0,4.856891337219526,0.0,9.0,5.212004280669259,0.0
C000000011__VIS-11_SW_data_07-July-2026_08-47-07,32,-1,True,391.3639999999989,9,0.015201866626739502,,9.0,4.268167055301481,,9.0,4.732121546189012,,9.0,5.014713133558665,
C000000011__VIS-11_SW_data_07-July-2026_08-47-48,32,-1,True,383.86499999993,28,0.016213059425354004,,28.0,4.3118926377731395,,28.0,5.966725321805689,,28.0,6.891942275447516,
C000000011__VIS-11_SW_data_07-July-2026_08-48-43,32,-1,True,417.367000000025,26,0.09524840116500854,,26.0,6.98613488263398,,26.0,9.349286540669022,,26.0,11.198326678326739,
C000000011__VIS-11_SW_data_07-July-2026_08-50-02,32,-1,True,381.3620000000203,5,0.035510361194610596,,5.0,5.086286892985134,,5.0,6.708528734442231,,5.0,7.484259480597732,
C000000011__VIS-11_SW_data_07-July-2026_08-50-39,32,-1,True,389.8640000001153,20,0.07658010721206665,,20.0,5.2889094876075795,,20.0,7.288913780237503,,20.0,8.487103018591675,
C000000011__VIS-11_SW_data_07-July-2026_08-51-19,32,-1,True,388.8650000000464,27,0.058072566986083984,,27.0,5.9194337486821365,,27.0,7.79989084503327,,27.0,8.913936310815474,
C000000011__VIS-11_SW_data_07-July-2026_08-52-16,32,4,True,363.3629999999514,4,0.0735548734664917,0.0,4.0,5.39270005077779,0.0,4.0,7.5794988129845935,0.0,4.0,8.503246346115285,0.0
C000000011__VIS-11_SW_data_07-July-2026_08-52-47,32,4,True,372.86300000018423,4,0.13462406396865845,0.0,4.0,3.8109865535332417,0.0,4.0,5.957364425273685,0.0,4.0,6.999974631067147,0.0
C000000011__VIS-11_SW_data_07-July-2026_08-53-32,32,16,True,393.3639999998825,16,0.05270588397979736,0.0,16.0,4.024428169958281,0.0,16.0,5.743040681783613,0.0,16.0,6.812750938809337,0.0
C000000012__VIS-014_SW_data_07-July-2026_11-41-37,32,0,False,63.819999998956746,0,0.055156826972961426,0.0,,,,,,,,,
C000000012__VIS-014_SW_data_07-July-2026_11-42-46,32,-1,False,382.3629999999514,11,0.03362476825714111,,,,,,,,,,
C000000012__VIS-014_SW_data_07-July-2026_11-43-19,32,5,False,58.82499999977631,5,0.09339457750320435,0.0,,,,,,,,,
C000000012__VIS-014_SW_data_07-July-2026_11-47-54,32,-1,False,58.83499999908713,3,0.05129408836364746,,,,,,,,,,
C000000012__VIS-014_SW_data_07-July-2026_11-51-16,32,-1,True,366.3619999997875,26,0.007015228271484375,,26.0,3.598392709253292,,26.0,4.460649824137163,,26.0,4.842123868522098,
C000000012__VIS-014_SW_data_07-July-2026_11-52-00,32,-1,True,372.36100000008923,14,0.02830219268798828,,14.0,4.1901068158535475,,14.0,5.190351868950975,,14.0,5.6728767508661235,
C000000012__VIS-014_SW_data_07-July-2026_11-52-35,32,-1,True,396.70599999971705,16,0.06617361307144165,,16.0,2.844815177056997,,16.0,5.4075836452314885,,16.0,6.797426821166211,
C000000012__VIS-014_SW_data_07-July-2026_11-53-20,32,27,True,259.69200000021624,27,0.01215505599975586,0.0,27.0,1.1842927345349663,0.0,27.0,2.7579908545151133,0.0,27.0,2.3351066957163167,0.0
C000000012__VIS-014_SW_data_07-July-2026_11-55-12,32,-1,False,225.69200000021624,11,0.040484845638275146,,,,,,,,,,
C000000012__VIS-014_SW_data_07-July-2026_11-55-56,32,-1,True,417.7080000000449,4,0.021536707878112793,,26.0,0.07217806120304449,,26.0,0.9261116174854651,,26.0,0.39432128655633214,
C000000012__VIS-014_SW_data_07-July-2026_11-56-44,32,-1,False,154.68399999983626,18,0.0020642876625061035,,,,,,,,,,
C000000012__VIS-014_SW_data_07-July-2026_12-03-49,32,15,True,355.86100000008923,15,0.010956048965454102,0.0,15.0,3.9646165786145375,0.0,15.0,5.773220788297294,0.0,15.0,6.446757053345626,0.0
C000000012__VIS-014_SW_data_07-July-2026_12-04-31,32,-1,True,360.3589999997614,30,0.04639756679534912,,30.0,6.0155080647138,,30.0,7.5945458151709575,,30.0,8.229940079034069,
C000000012__VIS-014_SW_data_07-July-2026_12-05-09,32,-1,True,331.85900000022707,9,0.03829944133758545,,9.0,4.442946400763779,,9.0,6.022760591552579,,9.0,6.3583025935839075,
C000000012__VIS-014_SW_data_07-July-2026_12-05-40,32,31,True,335.3599999999253,31,0.023856520652770996,0.0,31.0,3.9708623489543324,0.0,31.0,4.59085199392365,0.0,31.0,4.737004219564108,0.0
C000000012__VIS-014_SW_data_07-July-2026_12-06-10,32,21,False,116.33999999850971,21,0.05838572978973389,0.0,,,,,,,,,
C000000013__VIS-016_SW_data_10-July-2026_10-11-11,32,-1,True,132.6779999997841,27,0.0031291842460632324,,21.0,5.781563284980199,,21.0,6.482415696999945,,21.0,5.582636539654802,
C000000013__VIS-016_SW_data_10-July-2026_10-11-53,32,-1,True,245.6899999998884,22,0.08414757251739502,,22.0,6.103320623724558,,22.0,6.984573686205519,,22.0,6.665501327382589,
C000000013__VIS-016_SW_data_10-July-2026_10-12-47,32,-1,True,315.70000000013056,26,0.03881937265396118,,26.0,5.717492918023253,,26.0,7.055195100117199,,26.0,7.195207928510864,
C000000013__VIS-016_SW_data_10-July-2026_10-13-38,32,-1,True,249.69199999975058,23,0.017014503479003906,,4.0,4.339097452704726,,4.0,5.466471266408616,,4.0,5.197983309134841,
C000000013__VIS-016_SW_data_10-July-2026_10-14-12,32,-1,True,307.7039999998549,12,0.025324583053588867,,12.0,3.882201123129221,,12.0,4.915488667456902,,12.0,4.9685583157325715,
C000000013__VIS-016_SW_data_10-July-2026_10-14-46,32,-1,True,333.6980000002684,17,0.026549100875854492,,2.0,5.527576973866374,,2.0,6.562713922215986,,2.0,6.4874165351599125,
C000000013__VIS-016_SW_data_10-July-2026_10-16-00,32,-1,True,226.6899999998884,2,0.03474193811416626,,2.0,5.842161206498853,,2.0,7.568829469549683,,2.0,6.735981216741951,
C000000013__VIS-016_SW_data_10-July-2026_10-16-57,32,-1,True,176.68800000002625,5,0.13686281442642212,,5.0,5.199783584666191,,5.0,6.7662692544795675,,5.0,5.478492715039661,
C000000013__VIS-016_SW_data_10-July-2026_10-17-32,32,-1,True,242.6879999995606,5,0.03476452827453613,,5.0,5.048382047883477,,5.0,6.0947124614688555,,5.0,5.6949305370430885,
C000000013__VIS-016_SW_data_10-July-2026_10-18-26,32,8,True,272.69599999994057,8,0.12218368053436279,0.0,8.0,6.028706731090507,0.0,8.0,8.69619941559109,0.0,8.0,8.210644613872674,0.0
C000000013__VIS-016_SW_data_10-July-2026_10-19-06,32,-1,True,285.69599999994057,26,0.08849334716796875,,26.0,4.664883479781837,,26.0,6.863651648968119,,26.0,6.653977116353644,
C000000013__VIS-016_SW_data_10-July-2026_10-19-58,32,31,True,348.7039999993892,31,0.08023154735565186,0.0,31.0,4.06046261287417,0.0,31.0,5.837713322779027,0.0,31.0,6.1978081321100085,0.0
C000000013__VIS-016_SW_data_10-July-2026_10-20-33,32,-1,True,347.6980000002684,26,0.026880204677581787,,26.0,5.175631233107206,,26.0,6.410267651972413,,26.0,6.802865571354837,
C000000013__VIS-016_SW_data_10-July-2026_10-21-05,32,23,True,244.69399999961274,23,0.026583373546600342,0.0,23.0,4.519762118703689,0.0,23.0,6.157200569506108,0.0,23.0,5.617782118853408,0.0
C000000013__VIS-016_SW_data_10-July-2026_10-22-00,32,-1,True,222.6880000004919,21,0.016416430473327637,,21.0,3.7285448295912555,,21.0,4.842801440031842,,21.0,4.268498726259612,
C000000014__VIS-008_SW_data_10-July-2026_08-36-06,32,-1,False,33.67499999993265,3,0.001796722412109375,,,,,,,,,,
C000000014__VIS-008_SW_data_10-July-2026_08-38-51,32,-1,True,279.8550000000371,26,0.0014794468879699707,,26.0,0.8527053870746286,,26.0,0.8765191700175876,,26.0,0.8733209789683545,
C000000014__VIS-008_SW_data_10-July-2026_08-42-17,32,-1,True,276.3530000000585,18,0.009145081043243408,,25.0,3.5683367431010224,,25.0,4.184371292038429,,25.0,4.1040229222651705,
C000000014__VIS-008_SW_data_10-July-2026_08-43-45,32,-1,True,255.3530000000585,22,0.048736631870269775,,22.0,5.269468480625911,,22.0,6.151295629182576,,22.0,5.930671408667974,
C000000014__VIS-008_SW_data_10-July-2026_08-44-48,32,-1,True,284.35700000001566,17,0.011610686779022217,,24.0,3.102345664678559,,24.0,2.982618744708523,,24.0,2.9951046661024527,
C000000014__VIS-008_SW_data_10-July-2026_08-45-21,32,-1,True,278.8539999999896,5,0.05892956256866455,,5.0,5.209246355013963,,5.0,6.011053304018218,,5.0,5.898019905727202,
C000000014__VIS-008_SW_data_10-July-2026_08-49-37,32,-1,True,228.352000000011,6,0.003595888614654541,,13.0,2.930609578420329,,13.0,2.976057019373854,,13.0,2.9543488977109362,
C000000014__VIS-008_SW_data_10-July-2026_08-50-21,32,-1,True,268.854000000106,25,0.023322105407714844,,16.0,3.1834942393267887,,16.0,3.9994806924464834,,16.0,3.830049265321287,
C000000014__VIS-008_SW_data_10-July-2026_08-50-58,32,-1,True,280.85599999996816,29,0.028079986572265625,,20.0,3.5355368212131317,,20.0,4.389590610751455,,20.0,4.280590572438463,
C000000014__VIS-008_SW_data_10-July-2026_08-51-48,32,17,True,278.35599999996816,24,0.003574848175048828,7.0,17.0,2.9285042485174233,0.0,17.0,3.915591319518977,0.0,17.0,3.773161235753717,0.0
C000000014__VIS-008_SW_data_10-July-2026_08-52-22,32,-1,True,278.35599999996816,3,0.02689415216445923,,3.0,3.5101049813423577,,3.0,3.9833466758059615,,3.0,3.915061054239393,
C000000014__VIS-008_SW_data_10-July-2026_08-53-00,32,-1,True,247.85399999987317,1,0.038533926010131836,,1.0,4.965403626051162,,1.0,6.458219844676723,,1.0,5.939257214432471,
C000000014__VIS-008_SW_data_10-July-2026_08-53-46,32,-1,True,259.354000000106,6,0.002131819725036621,,29.0,3.5550598684212265,,29.0,4.310788506047278,,29.0,4.106006198014822,
C000000014__VIS-008_SW_data_10-July-2026_08-54-18,32,23,True,259.354000000106,17,0.020876407623291016,6.0,23.0,2.5854092576658623,0.0,23.0,2.9725998206171207,0.0,23.0,2.8676815031392824,0.0
C000000014__VIS-008_SW_data_10-July-2026_08-55-26,32,-1,True,254.352000000011,30,0.009937644004821777,,24.0,3.237219176902507,,24.0,3.7656454608793797,,24.0,3.6048347741395768,
C000000015__VIS-017_SW_data_10-July-2026_10-53-28,32,-1,True,68.67799999885278,23,0.03979754447937012,,23.0,5.788896609188143,,23.0,6.975513890816542,,23.0,4.946921340449028,
C000000015__VIS-017_SW_data_10-July-2026_10-54-09,32,-1,True,60.679999999995516,3,0.013924062252044678,,12.0,0.6523843200548956,,12.0,1.1509059216327433,,12.0,0.35553132370199236,
C000000015__VIS-017_SW_data_10-July-2026_10-54-55,32,-1,True,29.671999999993886,1,0.10866475105285645,,1.0,5.5064121858810156,,1.0,6.703141968353702,,1.0,4.11595188910567,
C000000015__VIS-017_SW_data_10-July-2026_10-55-41,32,-1,True,143.68400000001088,0,0.13698863983154297,,0.0,5.254425251142055,,0.0,6.338334605316998,,0.0,5.208785441269008,
C000000015__VIS-017_SW_data_10-July-2026_10-56-30,32,30,True,224.6940000000202,30,0.010909795761108398,0.0,30.0,5.754248382151445,0.0,30.0,6.829376825877097,0.0,30.0,6.381639001344296,0.0
C000000015__VIS-017_SW_data_10-July-2026_10-57-02,32,10,True,189.69000000000483,17,0.00362318754196167,7.0,10.0,0.34669501873138664,0.0,10.0,0.3987573053744997,0.0,10.0,0.36047069977715473,0.0
C000000015__VIS-017_SW_data_10-July-2026_10-57-56,32,20,True,148.67999999999552,20,0.06748652458190918,0.0,20.0,6.20174545026268,0.0,20.0,7.304336281841223,0.0,20.0,6.192042650944757,0.0
C000000015__VIS-017_SW_data_10-July-2026_10-58-33,32,-1,True,132.6840000000691,21,0.08478820323944092,,21.0,5.179113320300669,,21.0,6.67565431106972,,21.0,5.0063526283269795,
C000000015__VIS-017_SW_data_10-July-2026_10-59-04,32,11,True,193.6919999999834,1,0.0038788318634033203,10.0,11.0,5.260567716363951,0.0,11.0,5.5191170869081425,0.0,11.0,5.370978999148159,0.0
C000000015__VIS-017_SW_data_10-July-2026_10-59-53,32,-1,True,238.6919999999834,11,0.11380016803741455,,11.0,5.6180206834419195,,11.0,7.3218542370650965,,11.0,6.750269390011898,
C000000015__VIS-017_SW_data_10-July-2026_11-00-50,32,6,True,91.67999999999552,2,0.007550656795501709,4.0,6.0,4.233053103521529,0.0,6.0,4.480968149742164,0.0,6.0,4.136663733550938,0.0
C000000015__VIS-017_SW_data_10-July-2026_11-01-40,32,-1,True,238.693999999962,5,0.042040109634399414,,5.0,6.626169024619905,,5.0,9.057100634232283,,5.0,8.126144339119714,
C000000015__VIS-017_SW_data_10-July-2026_11-02-36,32,-1,True,192.68800000002625,9,0.10536348819732666,,9.0,6.4289563934530864,,9.0,8.187300443103519,,9.0,6.973083150641705,
C000000016__VIS-015_SW_data_10-July-2026_09-24-32,32,-1,True,405.3650000002792,3,0.024850070476531982,,3.0,5.599007933107379,,3.0,6.696208344235567,,3.0,6.893390589088455,
C000000016__VIS-015_SW_data_10-July-2026_09-25-23,32,-1,True,367.8619999997875,31,0.15762853622436523,,31.0,5.344952993446368,,31.0,7.495092974217653,,31.0,8.467844970048613,
C000000016__VIS-015_SW_data_10-July-2026_09-26-07,32,-1,True,355.3609999996236,30,0.031813979148864746,,14.0,3.298224308995888,,14.0,3.5582262820526784,,14.0,3.6541860769213406,
C000000016__VIS-015_SW_data_10-July-2026_09-27-06,32,-1,True,393.36499999981356,19,0.0940963625907898,,19.0,6.665603764186219,,19.0,8.38234434114667,,19.0,8.86877936845424,
C000000016__VIS-015_SW_data_10-July-2026_09-27-54,32,-1,True,413.3670000001414,7,0.008566439151763916,,7.0,4.123094358360097,,7.0,4.879548454387152,,7.0,5.451261331083192,
C000000016__VIS-015_SW_data_10-July-2026_09-29-08,32,-1,True,352.86200000025315,0,0.018874824047088623,,0.0,4.692645189680473,,0.0,6.288846991577431,,0.0,6.851369789259304,
C000000016__VIS-015_SW_data_10-July-2026_09-29-55,32,-1,True,299.69599999994057,12,0.008728563785552979,,10.0,2.8300164856569836,,10.0,2.5322043234155034,,10.0,2.5328078893977644,
C000000016__VIS-015_SW_data_10-July-2026_09-30-28,32,23,True,402.347999999821,23,0.020292699337005615,0.0,23.0,4.908852026813419,0.0,23.0,6.63732840712759,0.0,23.0,7.8167024109414935,0.0
C000000016__VIS-015_SW_data_10-July-2026_09-31-11,32,-1,True,376.3619999997875,16,0.07279431819915771,,16.0,4.299193946071717,,16.0,6.849525482961822,,16.0,8.147848261758224,
C000000016__VIS-015_SW_data_10-July-2026_09-32-03,32,-1,True,413.3669999996757,13,0.06629037857055664,,13.0,5.642073642099532,,13.0,8.113529074314462,,13.0,9.98140566086852,
C000000016__VIS-015_SW_data_10-July-2026_09-33-05,32,0,True,309.6980000002684,0,0.06215381622314453,0.0,0.0,4.130451566854515,0.0,0.0,6.366781910943795,0.0,0.0,6.511368122127647,0.0
C000000016__VIS-015_SW_data_10-July-2026_09-33-53,32,-1,True,286.69599999994057,12,0.04425424337387085,,12.0,3.8049991875492655,,12.0,5.954510323307565,,12.0,5.76386301563919,
C000000016__VIS-015_SW_data_10-July-2026_09-34-55,32,-1,True,305.6980000002684,3,0.010782599449157715,,3.0,4.784135039548677,,3.0,6.033868021473052,,3.0,6.067322567355126,
C000000016__VIS-015_SW_data_10-July-2026_09-35-44,32,-1,True,325.6980000002684,15,0.051487505435943604,,15.0,4.195521818476978,,15.0,6.882456320939463,,15.0,7.342781939906143,
C000000016__VIS-015_SW_data_10-July-2026_09-36-21,32,-1,True,334.7000000005962,7,0.04074364900588989,,7.0,7.212253780938418,,7.0,9.020991791505372,,7.0,9.439413184623719,
C000000016__VIS-015_SW_data_10-July-2026_09-37-04,32,-1,True,197.6880000004919,19,0.030390024185180664,,19.0,3.685064447894457,,19.0,6.1251328451510805,,19.0,4.460810992758285,
C000000016__VIS-015_SW_data_10-July-2026_09-37-46,32,30,True,284.6899999998884,30,0.03019660711288452,0.0,30.0,4.805810911798125,0.0,30.0,7.221433091680636,0.0,30.0,6.974878587852164,0.0
C000000017__VIS-013_SW_data_07-July-2026_10-52-55,32,-1,False,181.34400000009668,18,0.023654460906982422,,,,,,,,,,
C000000017__VIS-013_SW_data_07-July-2026_10-53-54,32,31,False,44.6760000003876,31,0.02778148651123047,0.0,,,,,,,,,
C000000017__VIS-013_SW_data_07-July-2026_10-54-33,32,-1,True,132.68200000137108,8,0.0175744891166687,,8.0,5.514493719632661,,8.0,6.193003716888826,,8.0,5.436157478755648,
C000000017__VIS-013_SW_data_07-July-2026_10-55-21,32,-1,True,133.68199999950843,1,0.00186234712600708,,1.0,5.712052033396118,,1.0,6.528018106272151,,1.0,5.62328580421217,
C000000017__VIS-013_SW_data_07-July-2026_10-56-23,32,10,True,97.67599999999834,10,0.06684339046478271,0.0,10.0,1.9742771095257319,0.0,10.0,4.346626015576691,0.0,10.0,1.0220827334214997,0.0
C000000017__VIS-013_SW_data_07-July-2026_10-57-19,32,-1,True,59.6759999999947,25,0.048871517181396484,,25.0,4.155300151636196,,25.0,5.226673165297491,,25.0,3.3700776049412995,
C000000017__VIS-013_SW_data_07-July-2026_10-58-36,32,26,False,126.6819999999741,26,0.07466632127761841,0.0,,,,,,,,,
C000000017__VIS-013_SW_data_07-July-2026_10-59-19,32,-1,True,128.68400000001088,8,0.04417985677719116,,8.0,6.314787836012272,,8.0,8.184421943859244,,8.0,6.049100365059967,
C000000017__VIS-013_SW_data_07-July-2026_11-00-34,32,-1,True,24.676000000038357,15,0.0034815073013305664,,18.0,4.291683822046476,,18.0,4.730710409399969,,18.0,3.924880035156661,
C000000017__VIS-013_SW_data_07-July-2026_11-01-20,32,-1,True,127.6819999999741,29,0.008300065994262695,,19.0,3.7824407207026916,,19.0,4.28150564171326,,19.0,3.70818651465518,
C000000017__VIS-013_SW_data_07-July-2026_11-02-03,32,-1,True,106.67600000003836,22,0.006224453449249268,,22.0,4.4056478078886485,,22.0,5.175928760915871,,22.0,4.18317012782917,
C000000017__VIS-013_SW_data_07-July-2026_11-03-32,32,-1,True,84.67800000001694,27,0.008532106876373291,,0.0,1.008361231545421,,0.0,0.4208282298470638,,0.0,0.975703270724158,
C000000017__VIS-013_SW_data_07-July-2026_11-04-32,32,-1,True,177.68599999993125,22,0.02985602617263794,,22.0,6.4331002020042565,,22.0,7.937958287776594,,22.0,6.7108568750881865,
C000000017__VIS-013_SW_data_07-July-2026_11-05-11,32,-1,True,176.69000000012124,27,0.013525962829589844,,27.0,5.4206086444698585,,27.0,6.480818765143736,,27.0,5.6092553652759545,
C000000017__VIS-013_SW_data_07-July-2026_11-05-54,32,-1,True,162.6919999999834,3,0.066184401512146,,3.0,7.4430502432338885,,3.0,9.693653561309374,,3.0,7.633481291987067,
C000000018__VIS-012_SW_data_07-July-2026_09-21-31,32,-1,True,137.68199999950843,7,0.01549530029296875,,7.0,5.132004843406275,,7.0,5.454617717163859,,7.0,5.105511874212245,
C000000018__VIS-012_SW_data_07-July-2026_09-22-43,32,-1,True,60.6760000003876,17,0.025742053985595703,,17.0,6.40920956359641,,17.0,7.9204805381739884,,17.0,4.892530798617638,
C000000018__VIS-012_SW_data_07-July-2026_09-23-42,32,-1,True,135.6799999991806,4,0.022807955741882324,,4.0,6.047978254547096,,4.0,6.626914649778123,,4.0,5.992709126679212,
C000000018__VIS-012_SW_data_07-July-2026_09-24-36,32,-1,True,151.6880000004919,24,0.1369152069091797,,24.0,6.82867911597509,,24.0,8.885820972359593,,24.0,6.851828819005682,
C000000018__VIS-012_SW_data_07-July-2026_09-25-14,32,-1,True,168.6880000004919,23,0.018717527389526367,,23.0,4.04734273326714,,23.0,4.451719459544092,,23.0,4.0977226816728916,
C000000018__VIS-012_SW_data_07-July-2026_09-26-12,32,-1,True,181.6879999995606,20,0.062422752380371094,,20.0,6.723616444412848,,20.0,8.450811521623868,,20.0,7.15362724527384,
C000000018__VIS-012_SW_data_07-July-2026_09-27-30,32,-1,True,158.68400000076758,19,0.025412678718566895,,19.0,4.823334610147693,,19.0,6.567663036026191,,19.0,4.924319597158812,
C000000018__VIS-012_SW_data_07-July-2026_09-29-07,32,-1,True,139.68399999983626,9,0.11399680376052856,,9.0,5.384698216791047,,9.0,7.397965322771252,,9.0,5.246239127020236,
C000000018__VIS-012_SW_data_07-July-2026_09-30-37,32,-1,True,191.6880000004919,1,0.05741679668426514,,1.0,6.82954177732471,,1.0,9.281283592034724,,1.0,7.585060882646594,
C000000018__VIS-012_SW_data_07-July-2026_09-31-30,32,-1,True,177.68600000016409,12,0.03271079063415527,,12.0,5.258678635087776,,12.0,7.437787783770379,,12.0,5.66088407435967,
C000000018__VIS-012_SW_data_07-July-2026_09-32-10,32,-1,True,177.68599999923276,29,0.010555863380432129,,29.0,4.076278861209068,,29.0,5.079859634626477,,29.0,4.261513109822831,
C000000018__VIS-012_SW_data_07-July-2026_09-33-06,32,10,True,158.6880000004919,10,0.03599494695663452,0.0,10.0,5.7585491268974955,0.0,10.0,8.042993172402419,0.0,10.0,5.890864126020633,0.0
C000000018__VIS-012_SW_data_07-July-2026_09-33-48,32,-1,True,152.68399999983626,26,0.04719322919845581,,26.0,6.757795062574578,,26.0,9.166547594397285,,26.0,6.800895674541363,
C000000018__VIS-012_SW_data_07-July-2026_09-34-29,32,-1,True,175.68600000016409,7,0.0012826919555664062,,20.0,2.9722521238615434,,20.0,2.9238446442695323,,20.0,2.9639628270561547,
C000000018__VIS-012_SW_data_07-July-2026_09-35-02,32,-1,True,144.68200000043976,5,0.02446979284286499,,5.0,3.3152418437342153,,5.0,5.612184340074016,,5.0,3.233807575770716,
C000000019__VIS-027_SW_data_21-July-2026_11-19-20,32,-1,True,30.330999999828464,1,0.02620035409927368,,27.0,2.3328356111572113,,27.0,2.4395230960820515,,27.0,2.247721046933951,
C000000019__VIS-027_SW_data_21-July-2026_11-20-11,32,-1,True,18.671999999731952,17,0.03393667936325073,,13.0,2.467644994564278,,13.0,1.8589628055561218,,13.0,2.6104202032472514,
C000000019__VIS-027_SW_data_21-July-2026_11-20-48,32,-1,True,23.830999999828464,9,0.0019173622131347656,,22.0,2.160951243827234,,22.0,2.157125558109569,,22.0,2.164169130102651,
C000000019__VIS-027_SW_data_21-July-2026_11-21-41,32,-1,True,139.8399999999067,19,0.01894557476043701,,31.0,2.8138765318893872,,31.0,3.339401066406556,,31.0,2.778281003417764,
C000000019__VIS-027_SW_data_21-July-2026_11-22-43,32,-1,True,263.3530000001749,27,0.003336787223815918,,20.0,2.4928621964188578,,20.0,3.0508679731052895,,20.0,2.914539721784423,
C000000019__VIS-027_SW_data_21-July-2026_11-23-45,32,-1,True,193.84599999995885,30,0.0982593297958374,,30.0,4.306003944837228,,30.0,5.528860279631877,,30.0,4.663453003872934,
C000000019__VIS-027_SW_data_21-July-2026_11-26-55,32,-1,True,118.34100000007061,28,0.02633422613143921,,0.0,2.4340827690835085,,0.0,2.516354794463923,,0.0,2.4167184354067563,
C000000019__VIS-027_SW_data_21-July-2026_11-27-33,32,-1,True,159.34299999993277,8,0.012487828731536865,,27.0,1.241190456687344,,27.0,0.9532328272010417,,27.0,1.2232545358055358,
C000000019__VIS-027_SW_data_21-July-2026_11-28-12,32,-1,True,29.83300000015629,15,0.12269389629364014,,15.0,2.4755310954104166,,15.0,3.924518162986401,,15.0,1.3147282357492363,
C000000019__VIS-027_SW_data_21-July-2026_11-28-51,32,-1,True,77.17700000008585,12,0.05756807327270508,,12.0,2.8304767600738527,,12.0,4.123869823099061,,12.0,2.1343118482479593,
C000000019__VIS-027_SW_data_21-July-2026_11-29-29,32,-1,True,62.67599999992194,22,0.012131094932556152,,22.0,2.050568839571792,,22.0,2.268510778154747,,22.0,1.923691760606225,
C000000019__VIS-027_SW_data_21-July-2026_11-30-06,32,-1,True,50.1760000003876,7,0.0038195252418518066,,0.0,1.1649034812709722,,0.0,0.9274138562313596,,0.0,1.3229512434700545,
C000000019__VIS-027_SW_data_21-July-2026_11-30-54,32,-1,True,60.67500000022369,28,0.014916181564331055,,2.0,1.5881099794928173,,2.0,1.1023586498140938,,2.0,1.877374896315772,
C000000019__VIS-027_SW_data_21-July-2026_11-31-34,32,-1,True,92.33900000020844,11,0.0067168474197387695,,11.0,2.1595165433192927,,11.0,3.3581298908420116,,11.0,1.6987615817775739,
C000000019__VIS-027_SW_data_21-July-2026_11-32-16,32,-1,True,91.33699999988062,31,0.006472349166870117,,11.0,2.0731304414734595,,11.0,2.2442720420172497,,11.0,2.006199243388654,
C000000020__VIS-026_SW_data_21-July-2026_10-42-10,32,-1,True,37.675000000107275,4,0.03447401523590088,,19.0,2.2935021433853486,,19.0,2.0738786476158184,,19.0,2.2981666971734658,
C000000020__VIS-026_SW_data_21-July-2026_10-43-19,32,-1,True,22.171999999964783,12,0.025985240936279297,,19.0,2.744132862138085,,19.0,3.245864451166474,,19.0,2.2023197527984886,
C000000020__VIS-026_SW_data_21-July-2026_10-43-57,32,-1,True,37.67300000001228,12,0.0326840877532959,,11.0,2.4741851731343183,,11.0,3.2001571032013083,,11.0,1.3443966002703718,
C000000020__VIS-026_SW_data_21-July-2026_10-44-45,32,-1,True,20.32999999989738,23,0.02086925506591797,,21.0,1.0707931066873853,,21.0,0.6066154748678372,,21.0,1.4584396172686995,
C000000020__VIS-026_SW_data_21-July-2026_10-45-21,32,-1,True,9.671999999964783,20,0.022544503211975098,,20.0,2.2440200750468415,,20.0,2.9860050590693517,,20.0,1.5498782827939288,
C000000020__VIS-026_SW_data_21-July-2026_10-45-56,32,-1,True,43.17399999994336,27,0.04471409320831299,,27.0,2.827238130172017,,27.0,4.260837129272712,,27.0,1.8062671523186027,
C000000020__VIS-026_SW_data_21-July-2026_10-46-45,32,-1,True,20.170999999917285,16,0.001206040382385254,,16.0,1.478969294516605,,16.0,1.511562737842489,,16.0,1.4507588001595466,
C000000020__VIS-026_SW_data_21-July-2026_10-47-20,32,-1,True,0.6719999999647825,15,0.015723347663879395,,15.0,1.7918656052384216,,15.0,2.328506890133731,,15.0,1.257628473299317,
C000000020__VIS-026_SW_data_21-July-2026_10-48-19,32,-1,True,23.1710000000337,27,0.00816953182220459,,21.0,1.7554776747832022,,21.0,2.4870230234071022,,21.0,1.1369365746458961,
C000000020__VIS-026_SW_data_21-July-2026_10-49-00,32,-1,True,22.674000000059777,20,0.05909991264343262,,20.0,1.6468587829193835,,20.0,3.0297248653976077,,20.0,0.4730267374691195,
C000000020__VIS-026_SW_data_21-July-2026_10-49-46,32,-1,True,17.671999999964783,26,0.006442904472351074,,10.0,1.8091648649308918,,10.0,1.6656649852277718,,10.0,1.6395624288042896,
C000000020__VIS-026_SW_data_21-July-2026_10-50-25,32,-1,True,21.331000000061294,2,0.04125165939331055,,2.0,1.2640516293478834,,2.0,2.6081526393455308,,3.0,1.0703412834819148,
C000000020__VIS-026_SW_data_21-July-2026_10-50-55,32,0,True,3.1719999999647825,0,0.08639711141586304,0.0,0.0,1.8821756294122016,0.0,0.0,3.751773367651807,0.0,1.0,0.18041056472447892,1.0
C000000020__VIS-026_SW_data_21-July-2026_10-51-26,32,2,True,21.1710000000337,2,0.06731075048446655,0.0,2.0,2.9658984342675496,0.0,2.0,4.840570795137105,0.0,2.0,0.9376453436292569,0.0
C000000020__VIS-026_SW_data_21-July-2026_10-52-18,32,-1,True,14.171999999964783,9,0.023756027221679688,,9.0,2.76962014686944,,9.0,5.243717736028694,,8.0,2.221065953848544,
C000000020__VIS-026_SW_data_21-July-2026_10-53-50,32,14,True,82.83599999994954,18,0.0018781423568725586,4.0,17.0,1.1714251043946224,3.0,17.0,1.757986082793522,3.0,17.0,0.9087865607065329,3.0
C000000020__VIS-026_SW_data_21-July-2026_10-54-19,32,21,True,22.331000000061294,21,0.05067896842956543,0.0,21.0,2.455246448721811,0.0,21.0,4.045931164338735,0.0,21.0,1.1013722690018137,0.0
C000000021__VIS-024_SW_data_17-July-2026_09-35-47,32,-1,False,391.7099999994414,22,0.02697962522506714,,,,,,,,,,
C000000021__VIS-024_SW_data_17-July-2026_09-36-34,32,-1,True,388.7039999993892,26,0.03701752424240112,,26.0,5.574662049491557,,26.0,7.840094908020976,,26.0,8.651551447780953,
C000000021__VIS-024_SW_data_17-July-2026_09-37-09,32,-1,True,267.6960000008719,31,0.052188336849212646,,31.0,3.835025054717481,,31.0,4.9679379757485504,,31.0,4.7239538490818855,
C000000021__VIS-024_SW_data_17-July-2026_09-38-05,32,-1,True,408.7119999997692,12,0.003100275993347168,,12.0,2.6141942588062985,,12.0,2.8282756958295843,,12.0,2.9834305037070905,
C000000021__VIS-024_SW_data_17-July-2026_09-38-39,32,-1,True,372.70400000032055,4,0.04589492082595825,,4.0,5.790195879425401,,4.0,7.68891793983004,,4.0,8.609215864365154,
C000000021__VIS-024_SW_data_17-July-2026_09-41-11,32,-1,True,392.7080000000449,5,0.055921316146850586,,5.0,4.468388794415628,,5.0,6.014153619083023,,5.0,6.7291739771201105,
C000000021__VIS-024_SW_data_17-July-2026_09-42-45,32,-1,True,406.8659999999775,4,0.037409305572509766,,4.0,0.3170280383026105,,4.0,1.8732766029550882,,4.0,2.982010330355866,
C000000021__VIS-024_SW_data_17-July-2026_09-44-15,32,-1,False,308.69799999933707,19,0.019398868083953857,,,,,,,,,,
C000000021__VIS-024_SW_data_17-July-2026_09-44-51,32,-1,True,340.6980000002684,0,0.05393022298812866,,0.0,5.165965971576144,,0.0,7.245220518704832,,0.0,7.80936386243551,
C000000021__VIS-024_SW_data_17-July-2026_09-45-19,32,21,True,413.70400000032055,21,0.01824057102203369,0.0,21.0,5.234417495817057,0.0,21.0,7.396600952033994,0.0,21.0,8.337758412025002,0.0
C000000021__VIS-024_SW_data_17-July-2026_09-46-29,32,-1,True,417.8660000009088,7,0.02540409564971924,,7.0,4.2751995068300594,,7.0,5.597154878398746,,7.0,6.095543284582303,
C000000021__VIS-024_SW_data_17-July-2026_09-47-05,32,-1,True,404.70200000092404,6,0.00019752979278564453,,6.0,2.095052298281501,,6.0,3.696980150960089,,6.0,4.815147151177648,
C000000021__VIS-024_SW_data_17-July-2026_09-47-39,32,-1,True,417.3670000001414,2,0.02634042501449585,,2.0,3.87616887424942,,2.0,5.041066977284601,,2.0,5.9525376150119,
C000000021__VIS-024_SW_data_17-July-2026_09-48-12,32,-1,True,420.3669999999995,12,0.07891714572906494,,12.0,3.731525554110991,,12.0,6.1714073293745795,,12.0,8.000505215471634,
C000000021__VIS-024_SW_data_17-July-2026_09-48-42,32,31,True,375.6999999999996,31,0.08284181356430054,0.0,31.0,4.110824310770211,0.0,31.0,5.757006230707553,0.0,31.0,6.587779372969259,0.0
C000000021__VIS-024_SW_data_17-July-2026_09-49-14,32,18,True,402.7040000000004,18,0.12317824363708496,0.0,18.0,3.2028974479087537,0.0,18.0,5.002681164792481,0.0,18.0,6.23498107718466,0.0
C000000022__VIS-023_SW_data_17-July-2026_08-48-06,32,-1,True,357.3620000000203,17,0.05810648202896118,,17.0,5.843325411796928,,17.0,7.336920501970569,,17.0,7.908091179054376,
C000000022__VIS-023_SW_data_17-July-2026_08-48-50,32,-1,True,373.3629999999514,18,0.006129145622253418,,31.0,3.2825990908166314,,31.0,4.302385060611476,,31.0,4.7512220375884295,
C000000022__VIS-023_SW_data_17-July-2026_08-49-31,32,-1,True,399.36499999993,1,0.05841463804244995,,1.0,6.623373885230154,,1.0,9.016150406042772,,1.0,10.265090774431782,
C000000022__VIS-023_SW_data_17-July-2026_08-50-35,32,-1,True,396.3650000000464,26,0.04204106330871582,,26.0,4.341320271610337,,26.0,6.08699425714269,,26.0,7.208473414582064,
C000000022__VIS-023_SW_data_17-July-2026_08-51-14,32,-1,True,379.8639999999989,29,0.025802969932556152,,29.0,4.443215735024274,,29.0,5.644501508879506,,29.0,6.2840980891673235,
C000000022__VIS-023_SW_data_17-July-2026_08-51-55,32,-1,True,389.3650000000464,1,0.014818787574768066,,2.0,3.0590579191922416,,2.0,3.232672348774403,,1.0,3.5228264842526817,
C000000022__VIS-023_SW_data_17-July-2026_08-52-58,32,-1,True,401.3650000000464,25,0.050946712493896484,,25.0,5.575051769254188,,25.0,7.320370673349435,,25.0,8.499799011440743,
C000000022__VIS-023_SW_data_17-July-2026_08-54-08,32,-1,True,400.3650000000464,25,0.021083831787109375,,25.0,5.54176012733665,,25.0,6.746383816122043,,25.0,7.552397526288718,
C000000022__VIS-023_SW_data_17-July-2026_08-57-01,32,-1,True,374.8629999999514,2,0.0023039579391479492,,17.0,3.4157927661769336,,17.0,4.526329513984209,,17.0,5.080583597657823,
C000000022__VIS-023_SW_data_17-July-2026_08-57-53,32,-1,True,400.70000000013056,13,0.06077396869659424,,13.0,6.284090350669317,,13.0,8.011112370801655,,13.0,9.071018077086675,
C000000022__VIS-023_SW_data_17-July-2026_08-58-40,32,11,True,408.3659999999775,11,0.09906035661697388,0.0,11.0,4.972148520066808,0.0,11.0,6.992810619376167,0.0,11.0,8.452617746400914,0.0
C000000022__VIS-023_SW_data_17-July-2026_08-59-39,32,-1,True,385.3640000001153,9,0.034853994846343994,,9.0,5.6269745295870095,,9.0,7.165212179850666,,9.0,7.847276018188843,
C000000022__VIS-023_SW_data_17-July-2026_09-03-07,32,-1,True,375.3640000001153,16,0.10736751556396484,,16.0,6.632073407606838,,16.0,9.093721048463028,,16.0,10.330518467168158,
C000000022__VIS-023_SW_data_17-July-2026_09-04-50,32,-1,True,370.8629999999514,25,0.058396756649017334,,25.0,5.66158830832964,,25.0,7.1253337601258515,,25.0,7.816836386462943,
C000000022__VIS-023_SW_data_17-July-2026_09-05-59,32,18,True,331.6999999996649,18,0.08554267883300781,0.0,18.0,6.5463460164990686,0.0,18.0,8.619669008506817,0.0,18.0,9.057831267479823,0.0
C000000022__VIS-023_SW_data_17-July-2026_09-06-37,32,-1,True,403.8660000002103,26,0.011197566986083984,,26.0,4.604203055519523,,26.0,5.580116066484061,,26.0,6.2558772717977105,
C000000022__VIS-023_SW_data_17-July-2026_09-07-26,32,-1,True,370.36300000018423,23,0.018630921840667725,,23.0,4.241717566143238,,23.0,6.572855021460336,,23.0,7.597257676995781,
C000000023__VIS-022_SW_data_14-July-2026_11-41-10,32,-1,True,367.70400000032055,3,0.02053999900817871,,3.0,5.381331894179422,,3.0,6.9608870704585275,,3.0,7.673835094827242,
C000000023__VIS-022_SW_data_14-July-2026_11-41-58,32,-1,True,328.7019999999927,21,0.015483677387237549,,2.0,3.5553607389720896,,2.0,4.378438659066855,,2.0,4.5359318754838815,
C000000023__VIS-022_SW_data_14-July-2026_11-42-34,32,-1,True,289.6980000002684,25,0.12223261594772339,,23.0,0.7007412951322953,,25.0,1.1307781433155188,,25.0,1.0049893882861998,
C000000023__VIS-022_SW_data_14-July-2026_11-44-18,32,-1,True,233.69199999928492,1,0.0023983120918273926,,23.0,4.1842729642467384,,23.0,4.440468863460536,,23.0,4.3272166122255245,
C000000023__VIS-022_SW_data_14-July-2026_11-45-09,32,18,True,392.86399999964965,18,0.15841525793075562,0.0,18.0,5.968461533657419,0.0,18.0,8.350033011016752,0.0,18.0,9.82444803550117,0.0
C000000023__VIS-022_SW_data_14-July-2026_11-45-57,32,5,True,393.36399999964965,5,0.01483917236328125,0.0,5.0,4.660713238081799,0.0,5.0,6.100411066129688,0.0,5.0,6.996517386245413,0.0
C000000023__VIS-022_SW_data_14-July-2026_11-46-25,32,28,True,402.3629999999514,28,0.06123226881027222,0.0,28.0,4.5282387745665105,0.0,28.0,5.854321551458729,0.0,28.0,6.759266960065085,0.0
C000000023__VIS-022_SW_data_14-July-2026_11-46-53,32,28,True,411.3640000001153,28,0.022174835205078125,0.0,28.0,3.27100419134752,0.0,28.0,4.249239088192363,0.0,28.0,4.975506761874643,0.0
C000000023__VIS-022_SW_data_14-July-2026_11-47-49,32,4,True,398.36499999981356,4,0.04588085412979126,0.0,4.0,4.25456095846279,0.0,4.0,5.51010414672552,0.0,4.0,6.33344751814705,0.0
C000000023__VIS-022_SW_data_14-July-2026_11-48-18,32,6,True,397.36200000025315,6,0.096382737159729,0.0,6.0,5.624855327683229,0.0,6.0,8.179474982598036,0.0,6.0,9.837627508214451,0.0
C000000023__VIS-022_SW_data_14-July-2026_11-48-46,32,26,True,338.6999999996649,26,0.1292850375175476,0.0,26.0,6.566212171213154,0.0,26.0,8.958513903950287,0.0,26.0,9.399263383679388,0.0
C000000023__VIS-022_SW_data_14-July-2026_11-49-20,32,-1,True,355.70400000032055,7,0.1347905397415161,,7.0,5.802360125546369,,7.0,8.009694161482688,,7.0,8.753143334313208,
C000000023__VIS-022_SW_data_14-July-2026_11-49-49,32,11,True,358.70599999971705,23,0.000590980052947998,12.0,11.0,1.7984207146112485,0.0,11.0,2.0347234268367425,0.0,11.0,2.1272060069956966,0.0
C000000023__VIS-022_SW_data_14-July-2026_11-50-19,32,12,True,390.3629999999514,12,0.07534134387969971,0.0,12.0,4.717744842363802,0.0,12.0,6.56409847748456,0.0,12.0,7.676378834353409,0.0
C000000024__VIS-021_SW_data_14-July-2026_10-55-16,32,12,True,188.68799999990983,12,0.030820727348327637,0.0,12.0,4.466574041457056,0.0,12.0,5.530216398715385,0.0,12.0,4.740908678240486,0.0
C000000024__VIS-021_SW_data_14-July-2026_10-56-18,32,-1,True,330.7040000000877,31,0.05542469024658203,,31.0,4.378570834715481,,31.0,5.759611123681355,,31.0,6.042300863898218,
C000000024__VIS-021_SW_data_14-July-2026_10-56-55,32,-1,True,334.70000000013056,6,0.060697197914123535,,6.0,4.740038128824969,,6.0,6.325205000674503,,6.0,6.691906937030407,
C000000024__VIS-021_SW_data_14-July-2026_10-57-50,32,-1,True,368.7059999999499,29,0.10462832450866699,,29.0,5.80896279113287,,29.0,7.384674180761121,,29.0,8.106413025665919,
C000000024__VIS-021_SW_data_14-July-2026_10-58-27,32,10,True,362.7019999999927,10,0.07981401681900024,0.0,10.0,6.193181731923223,0.0,10.0,8.61365805416134,0.0,10.0,9.625449429874386,0.0
C000000024__VIS-021_SW_data_14-July-2026_11-00-39,32,29,True,329.6999999998977,29,0.07652747631072998,0.0,29.0,5.902364600327363,0.0,29.0,8.127455940822651,0.0,29.0,8.5680240262392,0.0
C000000024__VIS-021_SW_data_14-July-2026_11-01-58,32,6,True,416.7040000000877,6,0.007472872734069824,0.0,6.0,3.9637220716502917,0.0,6.0,5.0074180393054935,0.0,6.0,5.8194413340343205,0.0
C000000024__VIS-021_SW_data_14-July-2026_11-02-31,32,22,True,384.7059999999499,22,0.08899176120758057,0.0,22.0,4.950194766598752,0.0,22.0,6.587907301710892,0.0,22.0,7.512734488371738,0.0
C000000024__VIS-021_SW_data_14-July-2026_11-03-09,32,-1,True,381.7040000000877,9,0.0972251296043396,,9.0,5.356992633999976,,9.0,7.131670833680971,,9.0,8.09832621786025,
C000000024__VIS-021_SW_data_14-July-2026_11-04-05,32,2,True,394.7039999998549,2,0.04071927070617676,0.0,2.0,4.368408696074269,0.0,2.0,5.306509082167639,0.0,2.0,5.898788141930642,0.0
C000000024__VIS-021_SW_data_14-July-2026_11-05-06,32,-1,True,318.70000000013056,27,0.06452083587646484,,27.0,5.36158048511263,,27.0,7.657691130777597,,27.0,7.943939591272496,
C000000024__VIS-021_SW_data_14-July-2026_11-08-01,32,-1,True,378.7019999999927,7,0.046746253967285156,,7.0,5.431439853826142,,7.0,7.499997085018476,,7.0,8.585327693080371,
C000000024__VIS-021_SW_data_14-July-2026_11-09-07,32,-1,True,415.3650000000464,16,0.07286906242370605,,16.0,5.772213095381161,,16.0,7.906298245286838,,16.0,9.547623134079952,
C000000025__VIS-025_SW_data_21-July-2026_09-53-09,32,-1,True,322.69399999961274,10,0.07157117128372192,,10.0,5.530411941997473,,10.0,6.1803714532754555,,10.0,6.278705994266726,
C000000025__VIS-025_SW_data_21-July-2026_09-53-59,32,-1,True,271.69599999994057,19,0.03062880039215088,,19.0,4.882992636958994,,19.0,6.875043868611264,,19.0,6.499157081539234,
C000000025__VIS-025_SW_data_21-July-2026_09-54-43,32,-1,True,412.3659999999775,7,0.012818634510040283,,30.0,4.270539935533606,,30.0,4.956412393301305,,30.0,5.321656702116517,
C000000025__VIS-025_SW_data_21-July-2026_09-55-24,32,-1,True,333.69599999994057,0,0.019347786903381348,,0.0,4.960102961481329,,0.0,6.1323153179677945,,0.0,6.395641101728449,
C000000025__VIS-025_SW_data_21-July-2026_09-55-57,32,26,True,333.7019999999927,30,0.0055547356605529785,4.0,26.0,4.359033971182784,0.0,26.0,4.99154342688758,0.0,26.0,4.868472042521278,0.0
C000000025__VIS-025_SW_data_21-July-2026_09-56-31,32,-1,True,383.70400000032055,29,0.0014126896858215332,,1.0,4.464615514458803,,1.0,5.01931201147495,,1.0,5.0935786850689695,
C000000025__VIS-025_SW_data_21-July-2026_09-57-31,32,-1,True,334.69599999994057,11,0.029461443424224854,,11.0,5.180430080074873,,11.0,5.907659233973648,,11.0,6.0758721854645055,
C000000025__VIS-025_SW_data_21-July-2026_09-58-27,32,10,True,415.70599999971705,10,0.014373421669006348,0.0,10.0,5.519695307882596,0.0,10.0,6.997217035993062,0.0,10.0,8.136937896475272,0.0
C000000025__VIS-025_SW_data_21-July-2026_09-59-00,32,15,True,376.70400000032055,15,0.008709907531738281,0.0,15.0,5.249849233210373,0.0,15.0,5.502153722511975,0.0,15.0,5.631172146161781,0.0
C000000025__VIS-025_SW_data_21-July-2026_10-00-25,32,-1,True,359.7019999999927,0,0.015691041946411133,,0.0,5.348828909344803,,0.0,7.160567928551609,,0.0,7.881664214716086,
C000000025__VIS-025_SW_data_21-July-2026_10-01-26,32,4,True,298.69599999994057,4,0.023606300354003906,0.0,4.0,6.621276573039464,0.0,4.0,8.367540863431287,0.0,4.0,8.352360005866124,0.0
C000000025__VIS-025_SW_data_21-July-2026_10-02-24,32,-1,True,351.7000000005962,8,0.017456769943237305,,8.0,5.832107071245298,,8.0,7.845740808907869,,8.0,8.53977323716357,
C000000025__VIS-025_SW_data_21-July-2026_10-03-03,32,-1,True,358.70400000032055,31,0.026445508003234863,,31.0,5.294917481419709,,31.0,7.999710733519581,,31.0,8.781062106204502,
C000000025__VIS-025_SW_data_21-July-2026_10-03-36,32,7,True,339.69799999933707,7,0.01080477237701416,0.0,7.0,3.585263069721276,0.0,7.0,4.602691998394208,0.0,7.0,4.871957955792766,0.0
C000000025__VIS-025_SW_data_21-July-2026_10-04-09,32,-1,True,372.7019999999927,30,0.012849926948547363,,30.0,6.31728548428417,,30.0,8.553323188859213,,30.0,9.63708594351254,
C000000026__VIS-020_SW_data_14-July-2026_10-03-40,32,-1,True,406.7060000001827,23,0.031186401844024658,,23.0,5.928937579142602,,23.0,7.102864829240164,,23.0,7.937965370234332,
C000000026__VIS-020_SW_data_14-July-2026_10-04-27,32,-1,True,385.3640000001153,17,0.025261223316192627,,17.0,4.680019213126069,,17.0,5.737561260019728,,17.0,6.339401388627411,
C000000026__VIS-020_SW_data_14-July-2026_10-05-15,32,-1,True,343.70000000013056,1,0.020088553428649902,,1.0,4.160197470267443,,1.0,6.149866086692825,,1.0,6.7295228769464845,
C000000026__VIS-020_SW_data_14-July-2026_10-06-14,32,-1,True,379.7060000001827,9,0.01587367057800293,,9.0,4.834440203008455,,9.0,6.127611259763757,,9.0,6.588873204304226,
C000000026__VIS-020_SW_data_14-July-2026_10-06-51,32,-1,True,363.86300000018423,19,0.011026918888092041,,5.0,3.5410873953892206,,5.0,4.575157676179369,,5.0,5.01541654512798,
C000000026__VIS-020_SW_data_14-July-2026_10-07-28,32,-1,True,304.35800000006316,25,0.01345127820968628,,25.0,3.6315899083558403,,25.0,4.574994658524825,,25.0,4.602403711200131,
C000000026__VIS-020_SW_data_14-July-2026_10-08-20,32,-1,True,401.3650000000464,29,0.006455779075622559,,12.0,2.4447308359411606,,12.0,2.9123037708673793,,12.0,3.228273974526164,
C000000026__VIS-020_SW_data_14-July-2026_10-09-33,32,-1,True,407.8640000001153,13,0.011410832405090332,,13.0,3.976934156845938,,13.0,4.749101035463432,,13.0,5.3043610900986735,
C000000026__VIS-020_SW_data_14-July-2026_10-10-10,32,-1,True,379.3619999997875,8,0.014538168907165527,,8.0,4.7748567467275915,,8.0,6.2259911364764875,,8.0,6.765719954656532,
C000000026__VIS-020_SW_data_14-July-2026_10-10-49,32,-1,True,382.7080000000449,0,0.02254009246826172,,0.0,5.726525785949679,,0.0,7.50320201764074,,0.0,8.482837602779302,
C000000026__VIS-020_SW_data_14-July-2026_10-12-12,32,-1,True,314.6980000002684,7,0.04447072744369507,,7.0,5.092565218264533,,7.0,6.7326004976610125,,7.0,6.8933020879077445,
C000000026__VIS-020_SW_data_14-July-2026_10-13-08,32,-1,True,308.6980000002684,15,0.0495988130569458,,15.0,6.01845977626202,,15.0,7.945315754606707,,15.0,8.057047709941102,
C000000026__VIS-020_SW_data_14-July-2026_10-13-43,32,-1,True,398.3650000002792,4,0.0036749839782714844,,12.0,2.5108484358944128,,12.0,3.0716410422162674,,12.0,3.439390140356307,
C000000026__VIS-020_SW_data_14-July-2026_10-14-20,32,-1,True,384.3629999999514,5,0.0279693603515625,,5.0,5.100096266549452,,5.0,6.533066313041335,,5.0,7.338997326588837,
C000000027__VIS-019_SW_data_14-July-2026_09-20-26,32,-1,True,340.85800000006316,30,0.1067693829536438,,30.0,5.147457501750212,,30.0,5.984356800368815,,30.0,6.2123170106555605,
C000000027__VIS-019_SW_data_14-July-2026_09-21-01,32,-1,True,367.3599999999253,8,0.04959660768508911,,18.0,3.8657555463705235,,18.0,4.678930916941401,,18.0,5.044100870018692,
C000000027__VIS-019_SW_data_14-July-2026_09-21-40,32,-1,False,388.7019999999927,29,0.08849984407424927,,,,,,,,,,
C000000027__VIS-019_SW_data_14-July-2026_09-22-29,32,18,True,324.3599999999253,15,0.039773404598236084,3.0,18.0,1.1506134207761232,0.0,18.0,0.5363002830363346,0.0,18.0,0.4365358294676982,0.0
C000000027__VIS-019_SW_data_14-July-2026_09-23-05,32,-1,True,233.852000000011,16,0.08238929510116577,,26.0,2.964504615628993,,26.0,3.4324680692993335,,26.0,3.2277938399014108,
C000000027__VIS-019_SW_data_14-July-2026_09-24-01,32,-1,True,310.35800000006316,0,0.06383216381072998,,0.0,6.675142967980726,,0.0,8.701098943834966,,0.0,8.840997957155142,
C000000027__VIS-019_SW_data_14-July-2026_09-26-08,32,-1,True,239.34999999968318,14,0.047835350036621094,,31.0,3.8773575398774542,,31.0,4.836041748333021,,31.0,4.448413766712129,
C000000027__VIS-019_SW_data_14-July-2026_09-26-53,32,-1,True,355.3589999997614,30,0.03815573453903198,,18.0,3.9943084407333265,,18.0,4.848846735530193,,18.0,5.1642226386065655,
C000000027__VIS-019_SW_data_14-July-2026_09-27-24,32,28,True,328.35900000022707,26,0.044260501861572266,2.0,28.0,1.529554011715713,0.0,28.0,1.1276686546771764,0.0,28.0,1.0516882090748618,0.0
C000000027__VIS-019_SW_data_14-July-2026_09-28-34,32,-1,True,351.86200000025315,3,0.056709885597229004,,3.0,4.24081194237967,,3.0,5.4161278136501405,,3.0,5.82248935842432,
C000000027__VIS-019_SW_data_14-July-2026_09-29-07,32,-1,True,289.8790000002457,1,0.010522127151489258,,26.0,3.8127523212672454,,26.0,4.775698754528869,,26.0,4.720359304778738,
C000000027__VIS-019_SW_data_14-July-2026_09-29-48,32,-1,True,353.8609999996236,17,0.04861795902252197,,17.0,4.953127951161866,,17.0,5.534106281286074,,17.0,5.7427201068767495,
C000000027__VIS-019_SW_data_14-July-2026_09-30-41,32,-1,True,411.8670000001414,16,0.004325687885284424,,16.0,3.7282648735073614,,16.0,4.565126359734553,,16.0,5.189240918933857,
C000000027__VIS-019_SW_data_14-July-2026_09-31-35,32,-1,True,396.36200000025315,24,0.027574777603149414,,6.0,3.648382393322004,,6.0,4.245566650466529,,6.0,4.629205779713942,
C000000028__VIS-018_SW_data_14-July-2026_08-30-41,32,-1,True,169.34700000000635,17,0.03178894519805908,,17.0,4.3785932275249495,,17.0,4.815852548743996,,17.0,4.434990934775801,
C000000028__VIS-018_SW_data_14-July-2026_08-31-36,32,12,True,89.84000000002311,10,0.02187192440032959,2.0,12.0,2.1788683530152815,0.0,12.0,0.8090048897076336,0.0,12.0,2.7282749260323236,0.0
C000000028__VIS-018_SW_data_14-July-2026_08-32-28,32,-1,True,229.84899999998493,18,0.012816786766052246,,6.0,1.2343035379449132,,6.0,0.1655603266875243,,6.0,0.6653830267737453,
C000000028__VIS-018_SW_data_14-July-2026_08-34-06,32,-1,True,170.84700000000635,7,0.08178079128265381,,5.0,1.6186563831718308,,6.0,0.912578390143862,,5.0,1.4063418237629701,
C000000028__VIS-018_SW_data_14-July-2026_08-36-24,32,-1,True,197.84800000005384,29,0.00433349609375,,29.0,4.364928511036831,,29.0,4.430312745593086,,29.0,4.414937208451379,
C000000028__VIS-018_SW_data_14-July-2026_08-37-36,32,-1,True,123.34200000000169,20,0.0203283429145813,,16.0,1.796363618936219,,16.0,0.7574133044376401,,16.0,1.9046381641964087,
C000000028__VIS-018_SW_data_14-July-2026_08-38-55,32,-1,True,112.34200000000169,4,0.019422471523284912,,7.0,2.7720677761852466,,7.0,2.220291497793661,,7.0,2.9105930501297097,
C000000028__VIS-018_SW_data_14-July-2026_08-40-35,32,-1,True,63.33800000004453,23,0.02306222915649414,,31.0,2.7262440608994694,,31.0,2.310199320733713,,31.0,2.9666125227143114,
C000000028__VIS-018_SW_data_14-July-2026_08-41-28,32,-1,True,260.35399999987317,25,0.009501397609710693,,29.0,4.087951416732814,,29.0,4.915435558146043,,29.0,4.696725983008884,
C000000028__VIS-018_SW_data_14-July-2026_08-42-20,32,-1,True,244.352000000011,3,0.02163177728652954,,3.0,5.234865071176241,,3.0,6.66537418965199,,3.0,6.134674380152505,
C000000028__VIS-018_SW_data_14-July-2026_08-43-02,32,-1,True,203.88799999985827,11,0.007726073265075684,,6.0,1.790795666833818,,6.0,1.4402009672407243,,6.0,1.664843352356332,
C000000028__VIS-018_SW_data_14-July-2026_08-44-25,32,-1,True,205.84899999998493,14,0.013955950736999512,,1.0,2.8462498614948935,,1.0,3.5556329397908173,,1.0,3.110372098426483,
C000000028__VIS-018_SW_data_14-July-2026_08-45-18,32,-1,True,177.84600000019168,21,0.009752631187438965,,30.0,3.126329525924794,,30.0,3.844984141003528,,30.0,3.2597405686689287,
C000000028__VIS-018_SW_data_14-July-2026_08-46-32,32,-1,True,153.84399999986385,10,0.0016008615493774414,,28.0,2.611575946599369,,28.0,2.59282390240108,,28.0,2.611095394213398,
C000000028__VIS-018_SW_data_14-July-2026_08-47-04,32,9,True,160.8430000001656,9,0.0038324594497680664,0.0,9.0,3.0702098774608952,0.0,9.0,3.5691424531001568,0.0,9.0,3.106276050245823,0.0
C000000028__VIS-018_SW_data_14-July-2026_08-47-38,32,-1,True,109.84099999983778,23,0.0016959309577941895,,26.0,1.5769582548876295,,26.0,0.7791672224031698,,26.0,1.7905481887121146,
C000000029__VIS-031_SW_data_24-July-2026_11-11-50,32,-1,True,411.367000000025,23,0.18054771423339844,,23.0,6.9593996135811365,,23.0,9.619121194534895,,23.0,11.469185499364203,
C000000029__VIS-031_SW_data_24-July-2026_11-13-37,32,-1,True,396.8620000000203,11,0.0691307783126831,,11.0,4.723639294690829,,11.0,6.060891327076705,,11.0,6.9244173694832885,
C000000029__VIS-031_SW_data_24-July-2026_11-15-26,32,-1,True,409.86499999993,15,0.13687384128570557,,15.0,6.437791545767935,,15.0,8.01150555108374,,15.0,9.113468688382108,
C000000029__VIS-031_SW_data_24-July-2026_11-16-52,32,-1,True,392.70400000032055,6,0.0819661021232605,,6.0,6.028411159157079,,6.0,8.190194257670182,,6.0,9.526233860105192,
C000000029__VIS-031_SW_data_24-July-2026_11-17-56,32,-1,True,410.7100000003727,12,0.030206382274627686,,12.0,4.9543991873704165,,12.0,6.784291288355173,,12.0,8.134873651693201,
C000000029__VIS-031_SW_data_24-July-2026_11-19-14,32,-1,True,416.3639999998825,27,0.05993372201919556,,27.0,6.174743815158206,,27.0,7.996135649639024,,27.0,9.409098579154437,
C000000029__VIS-031_SW_data_24-July-2026_11-19-50,32,-1,True,386.7080000000449,28,0.048776865005493164,,28.0,6.337971918877688,,28.0,8.485213758525962,,28.0,9.726434061408087,
C000000029__VIS-031_SW_data_24-July-2026_11-20-40,32,-1,True,323.6980000002684,17,0.08215546607971191,,17.0,6.564920815963238,,17.0,9.17461706715306,,17.0,9.586914278895705,
C000000029__VIS-031_SW_data_24-July-2026_11-21-17,32,-1,True,365.70000000013056,17,0.0217665433883667,,17.0,6.479804142314095,,17.0,7.244913296279666,,17.0,7.420144361028677,
C000000029__VIS-031_SW_data_24-July-2026_11-23-20,32,-1,True,403.86300000018423,14,0.052113234996795654,,14.0,5.088715863144929,,14.0,6.087246081469595,,14.0,6.778648375243185,
C000000029__VIS-031_SW_data_24-July-2026_11-24-40,32,24,True,412.7060000001827,24,0.08828723430633545,0.0,24.0,5.330621114325167,0.0,24.0,6.8404236532581635,0.0,24.0,7.974849019613218,0.0
C000000029__VIS-031_SW_data_24-July-2026_11-25-22,32,-1,True,408.8660000002103,19,0.04719650745391846,,19.0,4.060213894892767,,19.0,6.107239650824649,,19.0,7.362317292838874,
C000000029__VIS-031_SW_data_24-July-2026_11-26-20,32,-1,True,372.7060000001827,2,0.04152035713195801,,2.0,5.403157843196878,,2.0,7.314237939292523,,2.0,8.240551202406383,
C000000029__VIS-031_SW_data_24-July-2026_11-27-04,32,-1,True,337.6980000002684,25,0.05531907081604004,,25.0,3.4791377101492063,,25.0,5.04856865688829,,25.0,5.4429980424255655,
C000000030__VIS-029_SW_data_24-July-2026_09-36-27,32,-1,False,400.7100000003727,25,0.007334589958190918,,,,,,,,,,
C000000030__VIS-029_SW_data_24-July-2026_09-37-10,32,-1,True,407.8629999999514,31,0.0757291316986084,,31.0,6.021113599553983,,31.0,7.972266573235924,,31.0,9.375314661236992,
C000000030__VIS-029_SW_data_24-July-2026_09-38-43,32,-1,True,417.8669999996757,4,0.040954649448394775,,4.0,4.715102575019841,,4.0,6.5502146635731195,,4.0,7.622849632648975,
C000000030__VIS-029_SW_data_24-July-2026_09-39-32,32,10,True,403.3640000001153,10,0.09305834770202637,0.0,10.0,6.762867213503859,0.0,10.0,8.831575701478485,0.0,10.0,10.257108929153471,0.0
C000000030__VIS-029_SW_data_24-July-2026_09-40-03,32,26,True,378.8640000001153,26,0.09238362312316895,0.0,26.0,6.4090119300216415,0.0,26.0,8.252113570934135,0.0,26.0,9.221142689661704,0.0
C000000030__VIS-029_SW_data_24-July-2026_09-40-37,32,23,True,402.8650000002792,23,0.05415177345275879,0.0,23.0,5.7241113850940675,0.0,23.0,7.635951977366828,0.0,23.0,8.947028527531304,0.0
C000000030__VIS-029_SW_data_24-July-2026_09-41-15,32,-1,False,402.3640000001153,8,0.04987800121307373,,,,,,,,,,
C000000030__VIS-029_SW_data_24-July-2026_09-44-24,32,-1,False,416.7080000000449,29,0.08318054676055908,,,,,,,,,,
C000000030__VIS-029_SW_data_24-July-2026_09-46-58,32,-1,False,400.8639999999989,27,0.0020141005516052246,,,,,,,,,,
C000000030__VIS-029_SW_data_24-July-2026_09-48-09,32,-1,True,374.86400000001345,28,0.008830428123474121,,28.0,2.3900838836148948,,28.0,3.6355408995411542,,28.0,3.9838424187265735,
C000000030__VIS-029_SW_data_24-July-2026_09-49-09,32,-1,True,418.71000000002346,2,0.0017625093460083008,,2.0,1.5458876947303746,,2.0,2.0799628543327913,,2.0,2.2766718094723655,
C000000030__VIS-029_SW_data_24-July-2026_09-50-11,32,-1,False,316.70000000001414,13,0.032883524894714355,,,,,,,,,,
C000000030__VIS-029_SW_data_24-July-2026_09-50-57,32,-1,True,375.86000000001263,2,0.0061969757080078125,,11.0,1.2855981316254281,,11.0,1.0215288583854392,,11.0,0.8879802245988464,
C000000030__VIS-029_SW_data_24-July-2026_09-51-29,32,20,False,318.35800000000495,20,0.02229297161102295,0.0,,,,,,,,,
C000000030__VIS-029_SW_data_24-July-2026_09-52-03,32,-1,True,380.3630000000096,23,0.04500257968902588,,23.0,5.3316019307321785,,23.0,7.001340062454765,,23.0,7.895907832319018,
C000000030__VIS-029_SW_data_24-July-2026_09-52-38,32,-1,True,360.8619999999621,6,0.01908433437347412,,6.0,3.0999150863296987,,6.0,4.293965565536293,,6.0,4.778447567305805,
C000000030__VIS-029_SW_data_24-July-2026_09-53-18,32,-1,True,321.35899999999424,29,0.003111600875854492,,17.0,2.9486142069129504,,17.0,3.7157270692595783,,17.0,3.8249588267719608,
C000000031__VIS-032_SW_data_24-July-2026_11-57-06,32,-1,True,372.36100000008923,25,0.03608226776123047,,25.0,4.814310632591912,,25.0,7.4569057411132675,,25.0,8.731711238766263,
C000000031__VIS-032_SW_data_24-July-2026_11-58-23,32,19,True,341.85900000022707,19,0.030610203742980957,0.0,19.0,5.840315346669149,0.0,19.0,8.293427979407756,0.0,19.0,8.977993590703505,0.0
C000000031__VIS-032_SW_data_24-July-2026_11-59-33,32,-1,True,359.85900000022707,12,0.0010341405868530273,,28.0,3.246291286126659,,28.0,4.894603653157413,,28.0,5.5523791863472,
C000000031__VIS-032_SW_data_24-July-2026_12-02-02,32,-1,True,299.69599999994057,29,0.03182244300842285,,29.0,3.825488722428899,,29.0,4.711587727971492,,29.0,4.70979190065324,
C000000031__VIS-032_SW_data_24-July-2026_12-04-14,32,-1,True,377.86300000041706,1,0.04279351234436035,,1.0,3.0935065210787585,,1.0,4.2111092792542095,,1.0,4.791241969656083,
C000000031__VIS-032_SW_data_24-July-2026_12-04-54,32,11,True,412.3650000002792,11,0.042939841747283936,0.0,11.0,4.855438452710789,0.0,11.0,6.962940544988186,0.0,11.0,8.541670362317106,0.0
C000000031__VIS-032_SW_data_24-July-2026_12-06-09,32,-1,True,349.3599999999253,11,0.1374284029006958,,11.0,5.400151611609118,,11.0,7.683991481760258,,11.0,8.43552705503019,
C000000031__VIS-032_SW_data_24-July-2026_12-07-02,32,-1,True,383.86399999964965,24,0.04965043067932129,,24.0,2.5552391747803918,,24.0,4.634222489402138,,24.0,5.796568200713535,
C000000031__VIS-032_SW_data_24-July-2026_12-07-40,32,-1,True,386.8629999999514,13,0.05073857307434082,,13.0,3.568839492991458,,13.0,5.256114395858853,,13.0,5.972871682698627,
C000000031__VIS-032_SW_data_24-July-2026_12-08-42,32,18,True,354.3599999999253,27,0.004295468330383301,9.0,18.0,1.3156160499957745,0.0,18.0,2.186429588937693,0.0,18.0,2.3459576561412265,0.0
C000000031__VIS-032_SW_data_24-July-2026_12-09-14,32,21,True,369.36399999964965,19,0.009029626846313477,2.0,18.0,1.4418595846918296,3.0,18.0,1.662559944143843,3.0,18.0,1.764617675696858,3.0
C000000031__VIS-032_SW_data_24-July-2026_12-09-49,32,6,True,408.36499999981356,20,0.036202311515808105,14.0,20.0,1.8858182055621602,14.0,20.0,4.161762570269811,14.0,20.0,5.805980644143947,14.0
C000000031__VIS-032_SW_data_24-July-2026_12-10-22,32,23,True,387.3189999999988,23,0.016039609909057617,0.0,23.0,3.1664544874894753,0.0,23.0,4.219301091480942,0.0,23.0,4.832191175573806,0.0
C000000031__VIS-032_SW_data_24-July-2026_12-11-00,32,11,False,396.3619999999985,11,0.029387712478637695,0.0,,,,,,,,,
C000000031__VIS-032_SW_data_24-July-2026_12-11-35,32,13,True,371.8630000000096,13,0.013738274574279785,0.0,13.0,1.7812983076120736,0.0,13.0,3.640276314084527,0.0,13.0,4.5308878906121794,0.0
C000000032__VIS-030_SW_data_24-July-2026_10-24-32,32,-1,True,301.69599999994057,26,0.0003848075866699219,,16.0,3.435849520768095,,16.0,3.4952168247017843,,16.0,3.4958880710182374,
C000000032__VIS-030_SW_data_24-July-2026_10-27-00,32,-1,True,300.69599999994057,2,0.0011898279190063477,,4.0,3.9887878452997727,,4.0,3.6235455122153386,,4.0,3.621850787789972,
C000000032__VIS-030_SW_data_24-July-2026_10-29-36,32,-1,True,384.70599999971705,19,0.06363123655319214,,19.0,6.514773179567197,,19.0,8.383884011908082,,19.0,9.439383359666337,
C000000032__VIS-030_SW_data_24-July-2026_10-31-56,32,-1,True,418.7099999994414,29,0.12452435493469238,,29.0,6.420134666627069,,29.0,8.453991032363145,,29.0,10.063584960199101,
C000000032__VIS-030_SW_data_24-July-2026_10-32-50,32,-1,True,397.8650000002792,7,0.04370009899139404,,7.0,6.392176071893245,,7.0,7.658238198500803,,7.0,8.48425933197282,
C000000032__VIS-030_SW_data_24-July-2026_10-33-56,32,-1,True,236.69599999994057,19,0.00955510139465332,,19.0,4.268141978423915,,19.0,5.872371174284812,,19.0,5.195678759209963,
C000000032__VIS-030_SW_data_24-July-2026_10-36-31,32,-1,True,329.7000000005962,11,0.023643851280212402,,11.0,6.005418486235545,,11.0,7.472395828797278,,11.0,7.648355358187282,
C000000032__VIS-030_SW_data_24-July-2026_10-37-09,32,15,True,415.8659999999775,15,0.12189626693725586,0.0,15.0,4.036338987021086,0.0,15.0,5.159397723315273,0.0,15.0,6.0268932135781865,0.0
C000000032__VIS-030_SW_data_24-July-2026_10-37-38,32,0,True,404.8640000001153,11,0.011716067790985107,11.0,0.0,3.882011706490197,0.0,0.0,4.571228871734618,0.0,0.0,4.673851134745128,0.0
C000000032__VIS-030_SW_data_24-July-2026_10-38-12,32,-1,True,367.7039999993892,23,0.0530049204826355,,23.0,6.432661229546107,,23.0,8.528331688688962,,23.0,9.474233507119147,
C000000032__VIS-030_SW_data_24-July-2026_10-38-47,32,-1,True,359.6999999996649,18,0.07293391227722168,,18.0,6.323680722773434,,18.0,8.255862609418982,,18.0,8.840765209567145,
C000000032__VIS-030_SW_data_24-July-2026_10-39-16,32,17,True,402.7039999993892,17,0.10376220941543579,0.0,17.0,6.591103730334437,0.0,17.0,9.108426773905661,0.0,17.0,10.832021079675002,0.0
C000000032__VIS-030_SW_data_24-July-2026_10-39-58,32,-1,True,401.3659999999775,1,0.027018427848815918,,1.0,4.8331702593409,,1.0,5.735910360592229,,1.0,6.345958047948374,
C000000032__VIS-030_SW_data_24-July-2026_10-40-31,32,14,True,368.7019999999927,14,0.01616990566253662,0.0,14.0,5.216701536919435,0.0,14.0,6.709736357087567,0.0,14.0,7.393566211855434,0.0
C000000032__VIS-030_SW_data_24-July-2026_10-41-17,32,-1,True,270.69599999994057,14,0.009036540985107422,,14.0,4.063514963190263,,14.0,4.829626140191952,,14.0,4.6799586606525985,
C000000032__VIS-030_SW_data_24-July-2026_10-41-45,32,8,True,260.69200000021624,8,0.049998342990875244,0.0,8.0,6.259254489343613,0.0,8.0,7.952584729886896,0.0,8.0,7.508841895920835,0.0
C000000033__VIS-028_SW_data_24-July-2026_08-43-33,32,14,True,79.8399999999649,14,0.009762108325958252,0.0,14.0,1.326687868854358,0.0,14.0,1.700831862353498,0.0,14.0,1.151688251628273,0.0
C000000033__VIS-028_SW_data_24-July-2026_08-45-28,32,-1,True,255.85500000003708,23,0.043516337871551514,,23.0,4.036651608593653,,23.0,6.265997523784286,,23.0,5.609901020944235,
C000000033__VIS-028_SW_data_24-July-2026_08-45-58,32,1,True,304.35800000006316,1,0.14157259464263916,0.0,1.0,6.518476179945475,0.0,1.0,8.735405397301841,0.0,1.0,8.795595059561595,0.0
C000000033__VIS-028_SW_data_24-July-2026_08-46-47,32,19,True,278.85599999996816,1,0.021139144897460938,14.0,19.0,1.956595637605786,0.0,19.0,3.0479304505461493,0.0,19.0,2.894095895313845,0.0
C000000033__VIS-028_SW_data_24-July-2026_08-47-28,32,-1,True,202.84899999998493,26,0.0026644468307495117,,18.0,2.9927919041414173,,18.0,4.682794621918784,,18.0,3.588224928353354,
C000000033__VIS-028_SW_data_24-July-2026_08-48-22,32,-1,True,210.34899999998493,26,0.028476417064666748,,26.0,3.2921677492374184,,26.0,5.58084080301769,,26.0,4.212961950054426,
C000000033__VIS-028_SW_data_24-July-2026_08-48-57,32,-1,True,137.84500000002777,17,0.005695343017578125,,15.0,1.5095378293026585,,15.0,1.1155189255571543,,15.0,1.5414664944694296,
C000000033__VIS-028_SW_data_24-July-2026_08-50-00,32,-1,True,105.33900000009203,3,0.04778718948364258,,16.0,0.02578141477714646,,3.0,1.5773717008320074,,16.0,0.4489389987644965,
C000000033__VIS-028_SW_data_24-July-2026_08-50-33,32,8,True,94.84099999995419,8,0.07352060079574585,0.0,8.0,2.9307570591716967,0.0,8.0,5.14740461975784,0.0,8.0,2.1156366405418794,0.0
C000000033__VIS-028_SW_data_24-July-2026_08-51-05,32,14,False,112.34100000007061,14,0.11367940902709961,0.0,,,,,,,,,
C000000033__VIS-028_SW_data_24-July-2026_08-51-37,32,1,True,85.83699999999703,1,0.1748088002204895,0.0,1.0,1.9808849960811912,0.0,1.0,4.626835730858688,0.0,1.0,0.8490707494442813,0.0
C000000033__VIS-028_SW_data_24-July-2026_08-52-16,32,-1,True,83.34099999995419,16,0.0016951560974121094,,1.0,3.005886645424938,,1.0,3.7800126193659245,,1.0,2.6618702234451534,
C000000033__VIS-028_SW_data_24-July-2026_08-52-53,32,-1,True,77.33699999999703,19,0.011455059051513672,,3.0,1.8283648241563726,,3.0,2.218206199937636,,3.0,1.6395178649004043,
C000000033__VIS-028_SW_data_24-July-2026_08-53-24,32,20,True,92.33899999997561,20,0.1775376796722412,0.0,20.0,2.8403365891207137,0.0,20.0,5.243847310802407,0.0,20.0,1.9164110443010696,0.0
C000000033__VIS-028_SW_data_24-July-2026_08-53-58,32,-1,True,23.335000000018454,26,0.17165958881378174,,26.0,3.122600304519817,,26.0,5.276782490308477,,26.0,1.3035370607672774,
C000000033__VIS-028_SW_data_24-July-2026_08-54-29,32,31,True,15.670000000102618,31,0.057502031326293945,0.0,31.0,0.45789239658365144,0.0,31.0,1.703683393903277,0.0,28.0,0.4884780094482535,3.0
C000000033__VIS-028_SW_data_24-July-2026_08-55-00,32,10,True,21.33299999992346,21,0.02231466770172119,11.0,10.0,2.65609545319045,0.0,10.0,2.730187860550552,0.0,10.0,2.5925404680050628,0.0
C000000034__VIS-045_SW_data_07-August-2026_11-42-13,32,-1,True,269.8530000001749,7,0.015376806259155273,,23.0,2.6984310103216003,,23.0,3.6071291825159477,,23.0,3.424499023869388,
C000000034__VIS-045_SW_data_07-August-2026_11-42-57,32,-1,True,244.87300000019354,19,0.008557021617889404,,19.0,4.084821912707616,,19.0,5.698985163393527,,19.0,5.105758646591861,
C000000034__VIS-045_SW_data_07-August-2026_11-43-35,32,-1,True,294.8570000003649,9,0.09613871574401855,,9.0,5.4964515697845515,,9.0,7.263715138091204,,9.0,7.203121561216829,
C000000034__VIS-045_SW_data_07-August-2026_11-44-37,32,-1,True,299.3550000000371,21,0.02258819341659546,,21.0,3.691902233749056,,21.0,4.778346551980594,,21.0,4.773674841412466,
C000000034__VIS-045_SW_data_07-August-2026_11-45-17,32,-1,True,284.8550000000371,21,0.02212423086166382,,0.0,2.6150085619714574,,0.0,2.9648045888450665,,0.0,2.929486849998481,
C000000034__VIS-045_SW_data_07-August-2026_11-47-02,32,26,False,275.8530000001749,26,0.013753294944763184,0.0,,,,,,,,,
C000000034__VIS-045_SW_data_07-August-2026_11-47-37,32,-1,True,262.352000000011,30,0.018660247325897217,,30.0,3.0255218860236384,,30.0,4.112575795408045,,30.0,3.8397397582047637,
C000000034__VIS-045_SW_data_07-August-2026_11-48-26,32,-1,False,274.35299999970925,31,0.005849480628967285,,,,,,,,,,
C000000034__VIS-045_SW_data_07-August-2026_11-50-06,32,-1,True,247.8509999998471,21,0.011825919151306152,,21.0,3.367030652772181,,21.0,4.016170256698715,,21.0,3.805265910972263,
C000000034__VIS-045_SW_data_07-August-2026_11-51-08,32,-1,True,251.852000000011,12,0.002331972122192383,,12.0,4.424070456895451,,12.0,5.596805790498924,,12.0,5.22037338488341,
C000000034__VIS-045_SW_data_07-August-2026_11-51-45,32,-1,True,280.85400000033883,25,0.029040157794952393,,25.0,4.6935065118854125,,25.0,5.513778366629144,,25.0,5.409078867091507,
C000000034__VIS-045_SW_data_07-August-2026_11-52-19,32,26,True,299.35399999987317,26,0.038289666175842285,0.0,26.0,3.955194082249925,0.0,26.0,5.645667216669097,0.0,26.0,5.6383869123687695,0.0
C000000034__VIS-045_SW_data_07-August-2026_11-53-10,32,-1,True,265.35399999987317,6,0.0016592741012573242,,21.0,3.362607452472344,,21.0,4.505731228725426,,21.0,4.241700119710697,
C000000034__VIS-045_SW_data_07-August-2026_11-53-50,32,-1,True,272.352000000011,25,0.000672757625579834,,3.0,3.5599036865885876,,3.0,4.051674421747291,,3.0,3.9610312398428738,
C000000035__VIS-044_SW_data_07-August-2026_10-54-57,32,23,True,110.33900000000472,23,0.04617142677307129,0.0,23.0,3.327189775272585,0.0,23.0,4.462164149695455,0.0,23.0,3.0270949841793846,0.0
C000000035__VIS-044_SW_data_07-August-2026_10-55-40,32,-1,True,117.839999999994,19,0.02864009141921997,,6.0,2.647932502128569,,6.0,3.794896921714277,,6.0,2.4020233305693464,
C000000035__VIS-044_SW_data_07-August-2026_10-56-15,32,13,True,115.83799999998632,6,0.026067674160003662,7.0,13.0,1.9101904699033234,0.0,13.0,2.0402984315660295,0.0,13.0,1.8805588153278352,0.0
C000000035__VIS-044_SW_data_07-August-2026_10-57-54,32,-1,True,192.34600000001706,18,0.02505350112915039,,24.0,1.593501764809076,,24.0,1.9985918519785746,,24.0,1.7078613970176528,
C000000035__VIS-044_SW_data_07-August-2026_10-58-42,32,5,True,218.84899999998493,29,0.025622844696044922,8.0,5.0,2.2682323134729376,0.0,5.0,3.083879570847828,0.0,5.0,2.642608966959548,0.0
C000000035__VIS-044_SW_data_07-August-2026_10-59-23,32,-1,False,236.69000000000483,18,0.04440569877624512,,,,,,,,,,
C000000035__VIS-044_SW_data_07-August-2026_11-00-32,32,-1,False,119.33899999997561,31,0.005583643913269043,,,,,,,,,,
C000000035__VIS-044_SW_data_07-August-2026_11-01-12,32,-1,True,217.84899999998493,31,0.007432997226715088,,12.0,0.3674275303711325,,31.0,0.39714564249782836,,12.0,0.1889886538580272,
C000000035__VIS-044_SW_data_07-August-2026_11-02-38,32,-1,True,205.34700000000635,25,0.0036057233810424805,,25.0,2.997623099914159,,25.0,3.8579948011268885,,25.0,3.3150830502276682,
C000000035__VIS-044_SW_data_07-August-2026_11-03-27,32,-1,False,180.18600000004767,10,0.0024083852767944336,,,,,,,,,,
C000000035__VIS-044_SW_data_07-August-2026_11-05-46,32,-1,False,178.84499999991135,7,0.0011840462684631348,,,,,,,,,,
C000000035__VIS-044_SW_data_07-August-2026_11-06-26,32,-1,True,166.34399999998027,9,0.0027028322219848633,,22.0,1.78392702024045,,23.0,1.2362409925847486,,23.0,0.9907241342018835,
C000000035__VIS-044_SW_data_07-August-2026_11-07-01,32,-1,True,100.33899999997561,23,0.023854613304138184,,25.0,1.4046679333547623,,25.0,0.37490676598690165,,25.0,1.7455943955726316,
C000000035__VIS-044_SW_data_07-August-2026_11-07-37,32,16,True,84.8180000000259,16,0.018365979194641113,0.0,16.0,2.309183659871173,0.0,16.0,3.019858719662256,0.0,16.0,2.0003621815559467,0.0
C000000036__VIS-043_SW_data_07-August-2026_10-03-38,32,-1,True,408.70999999990704,15,0.043127477169036865,,15.0,4.396701816572151,,15.0,5.749392289111645,,15.0,6.729732164242594,
C000000036__VIS-043_SW_data_07-August-2026_10-04-23,32,-1,True,340.6980000002684,18,0.029617607593536377,,18.0,3.8503406871812533,,18.0,4.724646637054761,,18.0,4.9306013231300145,
C000000036__VIS-043_SW_data_07-August-2026_10-05-09,32,-1,True,331.70000000013056,11,0.015262901782989502,,11.0,1.1927132670457086,,11.0,2.229715517404123,,11.0,2.448868659647437,
C000000036__VIS-043_SW_data_07-August-2026_10-06-37,32,-1,True,352.70000000013056,9,0.002405881881713867,,2.0,5.438546094041046,,2.0,5.876434578038191,,2.0,6.030279398749569,
C000000036__VIS-043_SW_data_07-August-2026_10-09-01,32,-1,True,386.7019999999927,13,0.02669239044189453,,13.0,6.126213114520631,,13.0,7.206627320317432,,13.0,7.831121136790675,
C000000036__VIS-043_SW_data_07-August-2026_10-09-35,32,-1,True,402.34399999986385,16,0.010928750038146973,,16.0,4.038412885438959,,16.0,5.21038547620549,,16.0,6.010014561733824,
C000000036__VIS-043_SW_data_07-August-2026_10-10-13,32,-1,True,382.3639999998825,10,0.03423827886581421,,10.0,4.766400490456288,,10.0,6.641284830575902,,10.0,7.623771453221197,
C000000036__VIS-043_SW_data_07-August-2026_10-12-02,32,-1,True,309.69599999994057,19,0.01631075143814087,,19.0,5.333354609733784,,19.0,5.820127297571924,,19.0,5.851592284113589,
C000000036__VIS-043_SW_data_07-August-2026_10-12-48,32,-1,True,336.70000000013056,19,0.015476107597351074,,2.0,3.50727292537957,,2.0,4.116724687924306,,2.0,4.265837219160782,
C000000036__VIS-043_SW_data_07-August-2026_10-14-49,32,-1,True,386.7080000000449,30,0.01727759838104248,,31.0,3.109781460990632,,31.0,3.244451389383314,,31.0,3.322297790390505,
C000000036__VIS-043_SW_data_07-August-2026_10-15-37,32,-1,True,416.8659999999775,13,0.04039895534515381,,13.0,6.442361914312722,,13.0,8.103313625489545,,13.0,9.397372176678564,
C000000036__VIS-043_SW_data_07-August-2026_10-16-28,32,-1,True,416.3659999999775,21,0.004543125629425049,,21.0,3.8077593459650783,,21.0,4.949729689523888,,21.0,5.6521050307908265,
C000000036__VIS-043_SW_data_07-August-2026_10-17-06,32,-1,True,403.3659999999775,30,0.033968329429626465,,30.0,1.0835587021487205,,30.0,3.0097914686668945,,30.0,4.337171309626058,
C000000036__VIS-043_SW_data_07-August-2026_10-17-40,32,23,True,400.8659999999775,23,0.06572693586349487,0.0,23.0,4.224174087486642,0.0,23.0,6.520404125626062,0.0,23.0,8.064481052472189,0.0
C000000036__VIS-043_SW_data_07-August-2026_10-18-17,32,-1,True,354.85399999987317,16,0.04874294996261597,,16.0,3.856461629273398,,16.0,5.868536406425093,,16.0,6.60433873859592,
C000000036__VIS-043_SW_data_07-August-2026_10-19-00,32,-1,True,374.8629999999514,24,0.025873541831970215,,24.0,5.278824507266313,,24.0,7.032342560072943,,24.0,7.907500039987458,
C000000037__VIS-042_SW_data_07-August-2026_08-39-39,32,-1,True,205.34799999993743,2,0.025782108306884766,,29.0,1.9747097668066877,,29.0,2.283684362735122,,29.0,2.0887172730428722,
C000000037__VIS-042_SW_data_07-August-2026_08-40-25,32,18,True,239.852000000011,18,0.006237149238586426,0.0,18.0,3.8251094315498673,0.0,18.0,4.870112123434171,0.0,18.0,4.4510799773578675,0.0
C000000037__VIS-042_SW_data_07-August-2026_08-41-13,32,-1,True,239.352000000011,28,0.0033844709396362305,,4.0,1.5198711748685056,,4.0,1.6398218632773278,,4.0,1.5913234009398822,
C000000037__VIS-042_SW_data_07-August-2026_08-42-03,32,28,True,231.35000000003242,28,0.015124320983886719,0.0,28.0,5.256808898219115,0.0,28.0,6.6458433629663265,0.0,28.0,6.0101285896006535,0.0
C000000037__VIS-042_SW_data_07-August-2026_08-42-34,32,6,True,251.352000000011,29,0.011924028396606445,9.0,6.0,2.155595425571993,0.0,6.0,2.671047693739145,0.0,6.0,2.5038762141272115,0.0
C000000037__VIS-042_SW_data_07-August-2026_08-43-07,32,11,True,220.35000000003242,31,0.009744465351104736,12.0,11.0,2.100697872640922,0.0,11.0,3.060306096172033,0.0,11.0,2.55075412947722,0.0
C000000037__VIS-042_SW_data_07-August-2026_08-45-29,32,-1,True,143.84499999991135,9,0.025356173515319824,,30.0,2.0398273804043536,,30.0,1.5913922440856125,,30.0,2.0582281688315645,
C000000037__VIS-042_SW_data_07-August-2026_08-47-33,32,-1,True,138.34399999986385,7,0.005984902381896973,,25.0,2.350645495274746,,25.0,2.5724850624333393,,25.0,2.3334070819758743,
C000000037__VIS-042_SW_data_07-August-2026_08-48-43,32,-1,False,325.85800000006316,4,0.0123366117477417,,,,,,,,,,
C000000037__VIS-042_SW_data_07-August-2026_08-49-49,32,-1,True,220.3509999998471,5,0.00942915678024292,,15.0,1.7523588647614128,,15.0,1.7161750147615749,,15.0,1.7353883978858584,
C000000037__VIS-042_SW_data_07-August-2026_08-50-50,32,-1,True,144.84400000009668,8,0.015365779399871826,,5.0,1.304363524067969,,5.0,0.28048115257671213,,5.0,1.3395577741167015,
C000000037__VIS-042_SW_data_07-August-2026_08-51-24,32,-1,True,158.84599999995885,9,0.021428287029266357,,9.0,3.2258590789454873,,9.0,4.34273638403376,,9.0,3.2947124115467625,
C000000037__VIS-042_SW_data_07-August-2026_08-52-28,32,27,True,163.84599999995885,1,0.023795485496520996,6.0,27.0,2.992633984669695,0.0,27.0,3.0699341064264516,0.0,27.0,3.07050525412989,0.0
C000000037__VIS-042_SW_data_07-August-2026_08-53-41,32,-1,True,169.84599999995885,2,0.005918979644775391,,1.0,2.264295500539277,,2.0,0.7545193525131655,,1.0,2.279508330762002,
C000000037__VIS-042_SW_data_07-August-2026_08-54-43,32,-1,True,280.35699999989924,30,0.010789930820465088,,20.0,2.1017595794248227,,20.0,1.6201192165616698,,20.0,1.6831916275467993,
C000000037__VIS-042_SW_data_07-August-2026_08-56-11,32,-1,True,417.3650000000464,11,0.0033059120178222656,,1.0,3.742652890324543,,1.0,4.470004521048766,,1.0,5.03910868198198,
C000000037__VIS-042_SW_data_07-August-2026_08-57-51,32,-1,True,111.84200000000169,2,0.016491234302520752,,26.0,2.8135460737645595,,26.0,3.319939680670291,,26.0,2.6847262920825057,
C000000037__VIS-042_SW_data_07-August-2026_08-58-54,32,-1,True,143.8420000000017,7,0.010153770446777344,,30.0,3.138105061710269,,30.0,3.473837802815281,,30.0,3.1238327064074523,
C000000037__VIS-042_SW_data_07-August-2026_08-59-32,32,-1,True,128.8420000000017,22,0.02362358570098877,,25.0,1.8295411817878917,,25.0,0.16866107118319285,,25.0,1.9549831896757182,
C000000037__VIS-042_SW_data_07-August-2026_09-00-06,32,-1,True,164.84500000002777,1,0.013784348964691162,,2.0,2.384558250694326,,2.0,2.667109708675561,,2.0,2.412521426652588,
C000000038__VIS-041_SW_data_04-August-2026_12-28-28,32,-1,True,183.34399999998027,1,0.00024276971817016602,,1.0,3.1566621063929854,,1.0,4.120682630334701,,1.0,3.4314238950688973,
C000000038__VIS-041_SW_data_04-August-2026_12-29-03,32,-1,True,180.34599999995885,19,0.010738015174865723,,19.0,4.744931246868195,,19.0,6.0438307088989855,,19.0,5.007707267366415,
C000000038__VIS-041_SW_data_04-August-2026_12-29-40,32,-1,True,177.34399999998027,20,0.013884484767913818,,13.0,1.8459401403158777,,13.0,1.9816209091040822,,13.0,1.8706738399274911,
C000000038__VIS-041_SW_data_04-August-2026_12-30-31,32,-1,True,142.8420000000017,17,0.0034928321838378906,,22.0,3.351415794190157,,22.0,4.681002493599073,,22.0,3.287967916894378,
C000000038__VIS-041_SW_data_04-August-2026_12-31-04,32,23,True,138.8389999999756,27,0.001977264881134033,4.0,23.0,2.5969481700358554,0.0,23.0,3.0150645354816303,0.0,23.0,2.5658375250041856,0.0
C000000038__VIS-041_SW_data_04-August-2026_12-31-47,32,-1,True,137.3420000000017,24,0.01884537935256958,,24.0,3.58175597937079,,24.0,5.2684205404232864,,24.0,3.426906630050507,
C000000038__VIS-041_SW_data_04-August-2026_12-42-06,32,-1,True,129.84099999983778,20,0.04357492923736572,,20.0,1.4028312082747667,,20.0,4.026689246890992,,20.0,1.0409071247973825,
C000000038__VIS-041_SW_data_04-August-2026_12-42-56,32,20,True,183.34500000002777,20,0.019281625747680664,0.0,20.0,4.031360926936091,0.0,20.0,6.059953355065254,0.0,20.0,4.482317023709578,0.0
C000000038__VIS-041_SW_data_04-August-2026_12-43-38,32,-1,True,172.34399999986385,7,0.005654036998748779,,7.0,1.756035009898378,,7.0,3.539594150509039,,7.0,2.021713979482122,
C000000038__VIS-041_SW_data_04-August-2026_12-44-12,32,-1,True,166.84500000002777,27,0.006003737449645996,,27.0,3.071277935498921,,27.0,4.824031337932069,,27.0,3.2681121425924875,
C000000039__VIS-040_SW_data_04-August-2026_11-46-05,32,-1,True,387.7080000000449,19,0.008158206939697266,,1.0,2.8416277059389476,,1.0,2.8535871662255134,,1.0,2.8605801018442776,
C000000039__VIS-040_SW_data_04-August-2026_11-50-50,32,-1,True,212.6879999995606,31,0.08503353595733643,,31.0,5.93960432499796,,31.0,8.462242380305408,,31.0,7.057470972276771,
C000000039__VIS-040_SW_data_04-August-2026_11-53-08,32,-1,True,273.69400000054407,22,0.053605735301971436,,22.0,3.88130144119111,,22.0,5.65547194162475,,22.0,5.344329747068469,
C000000039__VIS-040_SW_data_04-August-2026_11-53-57,32,-1,True,194.6899999998884,15,0.030200064182281494,,15.0,5.362067399471787,,15.0,6.739473381156564,,15.0,5.77244255494738,
C000000039__VIS-040_SW_data_04-August-2026_11-54-42,32,-1,True,240.69200000021624,31,0.06958335638046265,,31.0,5.984187626308473,,31.0,7.571385832900386,,31.0,6.943828824658986,
C000000039__VIS-040_SW_data_04-August-2026_11-55-30,32,-1,True,380.7039999993892,29,0.026146650314331055,,29.0,5.766159006476068,,29.0,7.891494156348974,,29.0,9.017821943019703,
C000000039__VIS-040_SW_data_04-August-2026_11-56-23,32,-1,True,275.69599999994057,26,0.03446996212005615,,26.0,5.953577885072163,,26.0,8.881763338135805,,26.0,8.407319209792918,
C000000039__VIS-040_SW_data_04-August-2026_11-57-05,32,-1,True,307.69599999994057,13,0.057414233684539795,,13.0,6.1530213708033035,,13.0,8.254499384505333,,13.0,8.319100751240423,
C000000039__VIS-040_SW_data_04-August-2026_11-57-49,32,-1,True,407.3640000001153,14,0.03693544864654541,,14.0,5.837863674184958,,14.0,8.060215034424758,,14.0,9.650885244031704,
C000000039__VIS-040_SW_data_04-August-2026_11-58-46,32,-1,True,372.70400000032055,15,0.02407360076904297,,15.0,5.062963484207534,,15.0,7.257725578192675,,15.0,8.321512133404669,
C000000039__VIS-040_SW_data_04-August-2026_11-59-19,32,11,True,301.6999999996649,11,0.03143852949142456,0.0,11.0,4.275688439266599,0.0,11.0,5.488553217252126,0.0,11.0,5.502299018066585,0.0
C000000039__VIS-040_SW_data_04-August-2026_11-59-50,32,11,False,349.6999999996649,10,0.013650119304656982,1.0,,,,,,,,,
C000000039__VIS-040_SW_data_04-August-2026_12-13-36,32,-1,True,291.6959999999988,16,0.048557937145233154,,16.0,5.401751477174624,,16.0,7.018280308461437,,16.0,6.963057706667443,
C000000040__VIS-039_SW_data_04-August-2026_10-57-58,32,-1,True,311.85599999973533,8,0.02564471960067749,,16.0,2.311212587008561,,16.0,2.6661728263424394,,16.0,2.694228883658763,
C000000040__VIS-039_SW_data_04-August-2026_10-58-42,32,-1,True,285.85400000033883,12,0.005532622337341309,,12.0,3.761510721657123,,12.0,4.9895690877379,,12.0,4.873754996763484,
C000000040__VIS-039_SW_data_04-August-2026_11-00-43,32,-1,True,364.36100000008923,13,0.014877915382385254,,13.0,3.594667567112869,,13.0,3.9515010801782786,,13.0,4.104608825074509,
C000000040__VIS-039_SW_data_04-August-2026_11-01-25,32,-1,True,302.356000000201,25,0.08010679483413696,,25.0,6.16650165357246,,25.0,8.033507887750499,,25.0,8.062832332337827,
C000000040__VIS-039_SW_data_04-August-2026_11-02-21,32,-1,True,333.3599999999981,9,0.036025166511535645,,17.0,1.7099468729983136,,17.0,1.8974535268289356,,17.0,1.9391550066408634,
C000000040__VIS-039_SW_data_04-August-2026_11-02-54,32,18,True,276.35199999999645,18,0.054643094539642334,0.0,18.0,5.910929051883786,0.0,18.0,7.211958713259672,0.0,18.0,7.088841315168331,0.0
C000000040__VIS-039_SW_data_04-August-2026_11-03-35,32,-1,True,210.34799999999564,25,0.014056503772735596,,25.0,3.328889849368482,,25.0,3.71903915805163,,25.0,3.4858547192378744,
C000000040__VIS-039_SW_data_04-August-2026_11-04-47,32,-1,True,199.84899999998493,23,0.0406491756439209,,23.0,4.9527221148689895,,23.0,5.9832263802098895,,23.0,5.295186162355409,
C000000040__VIS-039_SW_data_04-August-2026_11-05-21,32,-1,True,276.3539999999896,6,0.014805018901824951,,6.0,1.2313176437454598,,6.0,2.349500576439495,,6.0,2.1881565994467587,
C000000040__VIS-039_SW_data_04-August-2026_11-06-02,32,-1,True,313.85699999998656,3,0.060302555561065674,,3.0,5.3256000414481,,3.0,7.098688918620692,,3.0,7.262486869093737,
C000000040__VIS-039_SW_data_04-August-2026_11-07-27,32,-1,True,229.34999999997422,22,0.009431958198547363,,30.0,2.147886387427012,,30.0,2.8502471878590927,,30.0,2.5194352508554614,
C000000040__VIS-039_SW_data_04-August-2026_11-08-40,32,-1,True,330.35999999998353,21,0.026443123817443848,,21.0,3.768348078696143,,21.0,5.293510262776421,,21.0,5.6022030888340995,
C000000040__VIS-039_SW_data_04-August-2026_11-09-14,32,4,True,316.85700000001566,4,0.01858752965927124,0.0,4.0,2.760662087819144,0.0,4.0,3.9173716452044514,0.0,4.0,4.047362665263533,0.0
C000000040__VIS-039_SW_data_04-August-2026_11-09-58,32,-1,True,311.8549999999789,17,0.010768413543701172,,17.0,3.6357557099881532,,17.0,4.48528267214229,,17.0,4.552423619717752,
C000000040__VIS-039_SW_data_04-August-2026_11-10-36,32,-1,True,298.35700000001566,7,0.0013886094093322754,,7.0,3.1564828999099266,,7.0,3.4833837166265376,,7.0,3.4798030630141366,
C000000040__VIS-039_SW_data_04-August-2026_11-11-33,32,-1,False,417.8660000000939,16,0.03791928291320801,,,,,,,,,,
C000000041__VIS-038_SW_data_31-July-2026_09-01-39,32,-1,True,205.34800000005384,4,0.06628894805908203,,4.0,4.694031811832156,,4.0,6.704793218843872,,4.0,5.435975960868108,
C000000041__VIS-038_SW_data_31-July-2026_09-02-26,32,-1,True,196.34899999998493,8,0.08812934160232544,,8.0,4.545179475887282,,8.0,7.460046666186454,,8.0,5.4458540052414985,
C000000041__VIS-038_SW_data_31-July-2026_09-03-27,32,-1,True,193.34800000005384,16,0.01099318265914917,,20.0,2.2920711994973852,,20.0,2.318185157764089,,20.0,2.3643081730310946,
C000000041__VIS-038_SW_data_31-July-2026_09-04-19,32,-1,True,246.35299999994209,26,0.03375232219696045,,26.0,3.055685729129351,,26.0,5.1860871270621285,,26.0,4.42415616842864,
C000000041__VIS-038_SW_data_31-July-2026_09-05-19,32,-1,True,196.34899999998493,4,0.005982875823974609,,11.0,1.2476237849483622,,11.0,1.4699763760644688,,11.0,1.3163292532526092,
C000000041__VIS-038_SW_data_31-July-2026_09-07-11,32,-1,True,226.84999999968318,13,0.009466826915740967,,28.0,2.6943886538970547,,28.0,3.584773205472592,,28.0,3.1505623391523745,
C000000041__VIS-038_SW_data_31-July-2026_09-08-18,32,0,True,196.34800000028667,0,0.022153735160827637,0.0,0.0,2.420705689704957,0.0,0.0,4.451881705160366,0.0,0.0,3.048311996137688,0.0
C000000041__VIS-038_SW_data_31-July-2026_09-09-57,32,3,False,181.84499999979494,3,0.06556516885757446,0.0,,,,,,,,,
C000000041__VIS-038_SW_data_31-July-2026_09-10-33,32,-1,False,206.84700000012276,12,0.03615117073059082,,,,,,,,,,
C000000041__VIS-038_SW_data_31-July-2026_09-11-11,32,-1,True,232.84899999998493,0,0.05264639854431152,,0.0,3.525361612459349,,0.0,5.43308595276762,,0.0,4.579048638260491,
C000000041__VIS-038_SW_data_31-July-2026_09-12-12,32,-1,True,209.347999999821,18,0.0015121102333068848,,18.0,1.4084842929894386,,18.0,1.48980677463343,,18.0,1.4406598039267262,
C000000041__VIS-038_SW_data_31-July-2026_09-13-11,32,-1,True,247.85000000014884,0,0.07219886779785156,,0.0,4.395409434678157,,0.0,6.845681564071452,,0.0,5.993803620421483,
C000000041__VIS-038_SW_data_31-July-2026_09-14-12,32,-1,False,18.335999999716705,18,0.027166247367858887,,,,,,,,,,
C000000041__VIS-038_SW_data_31-July-2026_09-15-11,32,18,True,204.847999999821,18,0.03865480422973633,0.0,18.0,2.8141815479029093,0.0,18.0,4.770810892553513,0.0,18.0,3.589956647760619,0.0
C000000041__VIS-038_SW_data_31-July-2026_09-16-02,32,-1,True,182.3450000002606,1,0.00032341480255126953,,23.0,1.4180306311595339,,23.0,1.9839530215450436,,23.0,1.5928200925873757,
C000000042__VIS-036_SW_data_28-July-2026_14-07-08,32,-1,True,373.36300000041706,23,0.031054675579071045,,23.0,6.384065259434318,,23.0,7.349622739804859,,23.0,7.821864029357036,
C000000042__VIS-036_SW_data_28-July-2026_14-08-15,32,-1,True,405.3640000001153,19,0.0184248685836792,,30.0,4.527957745707391,,30.0,5.0900461357641245,,30.0,5.484872009964142,
C000000042__VIS-036_SW_data_28-July-2026_14-09-16,32,-1,True,356.3489999999849,30,0.0022960901260375977,,27.0,5.853762434914038,,27.0,5.684131350967412,,27.0,5.620407737972042,
C000000042__VIS-036_SW_data_28-July-2026_14-11-12,32,-1,True,393.36300000041706,11,0.14915812015533447,,11.0,4.475687613332602,,11.0,5.759701186262066,,11.0,6.558896914328394,
C000000042__VIS-036_SW_data_28-July-2026_14-12-06,32,-1,True,389.8629999999514,26,0.10062593221664429,,6.0,4.26679465643659,,6.0,4.49416171564077,,6.0,3.7872344026137688,
C000000042__VIS-036_SW_data_28-July-2026_14-14-03,32,-1,True,363.8599999999253,24,0.03683823347091675,,24.0,6.39774022952173,,24.0,7.165710617840712,,24.0,7.492661211160664,
C000000042__VIS-036_SW_data_28-July-2026_14-14-48,32,-1,True,389.36399999964965,22,0.07583582401275635,,22.0,2.2700081216045374,,22.0,4.019676752772673,,22.0,5.009185211455215,
C000000042__VIS-036_SW_data_28-July-2026_14-16-15,32,-1,True,396.36499999981356,25,0.03565281629562378,,25.0,6.613071657681789,,25.0,8.406992234804505,,25.0,9.01949504864563,
C000000042__VIS-036_SW_data_28-July-2026_14-17-15,32,7,True,386.3640000001153,7,0.04825258255004883,0.0,7.0,3.2448021553986095,0.0,7.0,4.728206414907843,0.0,7.0,5.582291251364019,0.0
C000000042__VIS-036_SW_data_28-July-2026_14-17-53,32,-1,True,387.8650000002792,26,0.029403984546661377,,26.0,3.5017637213846626,,26.0,4.83727863166618,,26.0,5.619578748947903,
C000000042__VIS-036_SW_data_28-July-2026_14-18-46,32,12,True,364.36100000008923,20,0.023829162120819092,8.0,12.0,1.936428886184844,0.0,12.0,2.363212198010722,0.0,12.0,2.5463335362271455,0.0
C000000042__VIS-036_SW_data_28-July-2026_14-19-31,32,-1,True,361.86100000008923,30,0.04366028308868408,,30.0,5.898868612248877,,30.0,6.859668225667461,,30.0,7.255908391572612,
C000000042__VIS-036_SW_data_28-July-2026_14-20-14,32,-1,True,391.36100000008923,25,0.023366570472717285,,25.0,4.346488337611506,,25.0,5.2104821177391365,,25.0,5.7367176893812575,
C000000042__VIS-036_SW_data_28-July-2026_14-20-59,32,-1,True,364.3599999999253,24,0.002683281898498535,,0.0,4.143987954268656,,0.0,5.203251021560346,,0.0,5.657745494965772,
C000000042__VIS-036_SW_data_28-July-2026_14-21-56,32,-1,True,374.3619999997875,24,0.03969389200210571,,24.0,7.242872037879032,,24.0,9.42133624637178,,24.0,10.38942394554302,
C000000042__VIS-036_SW_data_28-July-2026_14-22-48,32,-1,True,358.360000000391,3,0.024467825889587402,,16.0,4.426820895716054,,16.0,5.514781643948119,,16.0,5.7255073470547275,
C000000042__VIS-036_SW_data_28-July-2026_14-25-49,32,-1,True,393.36300000041706,24,0.0013603568077087402,,10.0,6.6705410216608145,,10.0,7.553424136807453,,10.0,7.444085021950429,
C000000042__VIS-036_SW_data_28-July-2026_14-26-36,32,-1,True,420.3659999999775,6,0.01746058464050293,,6.0,8.718196080607141,,6.0,9.97710353413182,,6.0,10.842970280565268,
C000000043__VIS-035_SW_data_28-July-2026_12-24-19,32,-1,True,343.69799999980273,22,0.023461103439331055,,2.0,4.967206293859019,,2.0,5.80685883237326,,2.0,5.701171470932856,
C000000043__VIS-035_SW_data_28-July-2026_12-25-18,32,-1,True,325.69799999980273,2,0.00743710994720459,,2.0,5.878113760664147,,2.0,6.461979222538741,,2.0,6.562007053466328,
C000000043__VIS-035_SW_data_28-July-2026_12-26-15,32,-1,True,329.7019999999927,11,0.018480777740478516,,11.0,6.435779772230076,,11.0,7.53685629980044,,11.0,7.7548841332796865,
C000000043__VIS-035_SW_data_28-July-2026_12-27-05,32,-1,True,342.70000000013056,26,0.06260603666305542,,7.0,3.8492804012280315,,7.0,4.654404959914576,,7.0,4.8217369127949095,
C000000043__VIS-035_SW_data_28-July-2026_12-28-24,32,-1,True,263.69600000040623,26,0.04015225172042847,,26.0,6.2958754875801475,,26.0,7.88337923760042,,26.0,7.499160996666479,
C000000043__VIS-035_SW_data_28-July-2026_12-30-03,32,-1,True,393.7080000000449,5,0.013165771961212158,,19.0,4.786109415604585,,19.0,6.22342987888499,,19.0,7.121352718705953,
C000000043__VIS-035_SW_data_28-July-2026_12-30-50,32,-1,True,348.70400000032055,7,0.0650598406791687,,7.0,6.33725951537768,,7.0,8.140776628929002,,7.0,8.446653296143927,
C000000043__VIS-035_SW_data_28-July-2026_12-31-34,32,-1,True,222.6899999998884,24,0.0005934238433837891,,31.0,6.052162479277918,,31.0,7.281032034451611,,31.0,6.757269787225746,
C000000043__VIS-035_SW_data_28-July-2026_12-32-32,32,-1,True,370.7080000000449,2,0.07468855381011963,,2.0,5.607066341796905,,2.0,6.8055242854991675,,2.0,7.356738021588825,
C000000043__VIS-035_SW_data_28-July-2026_12-33-22,32,-1,True,188.68800000002625,12,0.03581428527832031,,12.0,4.5777347891153095,,12.0,5.836160977283426,,12.0,5.059760815666645,
C000000043__VIS-035_SW_data_28-July-2026_12-34-07,32,-1,True,357.7039999998549,15,0.11976790428161621,,15.0,5.706388807685264,,15.0,7.590119444194311,,15.0,8.249982656163269,
C000000043__VIS-035_SW_data_28-July-2026_12-35-12,32,-1,True,339.70000000013056,27,0.0025700926780700684,,8.0,2.862203010437995,,8.0,3.148336771112561,,8.0,3.2240668397713454,
C000000043__VIS-035_SW_data_28-July-2026_12-36-33,32,-1,True,351.7019999999927,4,0.040389955043792725,,4.0,3.944916008546253,,4.0,5.693311914908088,,4.0,6.192343637425237,
C000000043__VIS-035_SW_data_28-July-2026_12-37-54,32,-1,True,285.6999999996649,14,0.06831139326095581,,8.0,0.5620780422199005,,14.0,0.4337950213286228,,14.0,0.24790968138817737,
C000000044__VIS-034_SW_data_28-July-2026_11-02-22,32,-1,True,250.35000000003242,9,0.002781987190246582,,27.0,4.298156837124724,,27.0,5.270624319530498,,27.0,4.948737582854396,
C000000044__VIS-034_SW_data_28-July-2026_11-03-14,32,-1,True,315.35699999989924,18,0.0015472173690795898,,18.0,4.2032615941703995,,18.0,4.30413197268053,,18.0,4.314459082032329,
C000000044__VIS-034_SW_data_28-July-2026_11-03-53,32,-1,True,279.3539999999896,20,0.011871576309204102,,28.0,3.7025084430200037,,28.0,4.67545019681612,,28.0,4.55970997727605,
C000000044__VIS-034_SW_data_28-July-2026_11-05-42,32,-1,True,384.3619999999039,16,0.00866711139678955,,18.0,2.6450284480561224,,18.0,3.0009371043492967,,18.0,2.8008820358173336,
C000000044__VIS-034_SW_data_28-July-2026_11-06-30,32,-1,True,303.8550000000371,25,0.008003830909729004,,25.0,4.138306541518389,,25.0,5.070276522276885,,25.0,5.094228150782609,
C000000044__VIS-034_SW_data_28-July-2026_11-07-15,32,-1,True,384.3620000000203,30,0.004334688186645508,,11.0,2.927742056259585,,11.0,3.858802960993341,,11.0,4.382444027961126,
C000000044__VIS-034_SW_data_28-July-2026_11-08-14,32,-1,True,335.85799999994674,26,0.033461034297943115,,26.0,5.6714347171186335,,26.0,6.709452755447869,,26.0,6.957594427570234,
C000000044__VIS-034_SW_data_28-July-2026_11-09-20,32,-1,True,271.85599999996816,1,0.008051037788391113,,1.0,2.329233235499616,,1.0,4.1335341458231625,,1.0,3.794999180355141,
C000000044__VIS-034_SW_data_28-July-2026_11-10-28,32,-1,True,286.35399999987317,27,0.04732823371887207,,27.0,3.8555228129525494,,27.0,5.250086419204774,,27.0,5.123218319397473,
C000000044__VIS-034_SW_data_28-July-2026_11-11-00,32,31,True,251.34899999998493,31,0.021363794803619385,0.0,31.0,3.025393643606842,0.0,31.0,4.50808792437781,0.0,31.0,4.0271908613524054,0.0
C000000044__VIS-034_SW_data_28-July-2026_11-11-43,32,-1,True,367.3609999998564,13,0.02415454387664795,,13.0,5.21413581936112,,13.0,7.188875203654868,,13.0,7.707218106709478,
C000000044__VIS-034_SW_data_28-July-2026_11-12-23,32,-1,True,374.3629999999514,5,0.0006539225578308105,,13.0,1.924861021268065,,13.0,2.1779269445038967,,13.0,2.303385219501056,
C000000044__VIS-034_SW_data_28-July-2026_11-13-20,32,30,True,259.8509999998471,30,0.07150506973266602,0.0,30.0,4.105609278050369,0.0,30.0,6.32153500082999,0.0,30.0,5.728420321868538,0.0
C000000044__VIS-034_SW_data_28-July-2026_11-13-49,32,11,True,307.35599999996816,11,0.0033101439476013184,0.0,11.0,3.449408868755203,0.0,11.0,3.963649099340338,0.0,11.0,3.9888674402481232,0.0
C000000044__VIS-034_SW_data_28-July-2026_11-14-37,32,-1,True,317.35599999996816,31,0.012792825698852539,,31.0,4.094948829343182,,31.0,5.4674024223292905,,31.0,5.626204452728112,
C000000045__VIS-033_SW_data_28-July-2026_09-25-55,32,-1,True,148.84200000023452,19,0.04410678148269653,,19.0,1.4113715563063405,,19.0,2.044628762827463,,19.0,1.4064828106729887,
C000000045__VIS-033_SW_data_28-July-2026_09-26-33,32,-1,True,32.830999999828464,17,0.000497281551361084,,29.0,2.6400543900244298,,29.0,3.1017796893551184,,29.0,1.976563162770356,
C000000045__VIS-033_SW_data_28-July-2026_09-27-15,32,-1,True,250.352000000011,18,0.01585209369659424,,18.0,3.066810087086296,,18.0,4.043091647977519,,18.0,3.7199554684100744,
C000000045__VIS-033_SW_data_28-July-2026_09-28-41,32,-1,True,13.830000000130212,15,0.017913341522216797,,15.0,4.365495096488192,,15.0,5.355089617362078,,15.0,3.467141190439736,
C000000045__VIS-033_SW_data_28-July-2026_09-29-30,32,-1,True,32.83000000013021,6,0.06059753894805908,,6.0,2.535553663885907,,6.0,4.212098480677074,,6.0,1.2259486226645557,
C000000045__VIS-033_SW_data_28-July-2026_09-31-11,32,-1,True,115.84000000037236,15,0.021758437156677246,,12.0,1.3789407423144326,,12.0,1.119796885576859,,12.0,1.320328236235988,
C000000045__VIS-033_SW_data_28-July-2026_09-33-03,32,-1,True,76.83600000018237,18,0.06552308797836304,,18.0,2.652113473094343,,18.0,3.803010721108855,,18.0,2.090751831404185,
C000000045__VIS-033_SW_data_28-July-2026_09-33-56,32,-1,True,123.34100000007061,30,0.05784595012664795,,30.0,3.280594772330727,,30.0,5.631315661192697,,30.0,2.8628089844906923,
C000000045__VIS-033_SW_data_28-July-2026_09-34-26,32,11,True,123.34100000007061,11,0.007785439491271973,0.0,11.0,2.975492883450619,0.0,11.0,4.586981610911524,0.0,11.0,2.689088363548843,0.0
C000000045__VIS-033_SW_data_28-July-2026_09-35-31,32,-1,True,106.33899999974278,15,0.025697708129882812,,15.0,2.6481561402737204,,15.0,4.661971270344185,,15.0,2.0619882576435575,
C000000045__VIS-033_SW_data_28-July-2026_09-36-04,32,2,True,115.84200000023452,5,0.0001487135887145996,3.0,2.0,1.312484868781545,0.0,2.0,1.357428892172143,0.0,2.0,1.302250215775108,0.0
C000000045__VIS-033_SW_data_28-July-2026_09-36-34,32,1,True,170.84499999979494,1,0.013294816017150879,0.0,1.0,2.5197507694387,0.0,1.0,4.331959611767165,0.0,1.0,2.7715873915584686,0.0
C000000045__VIS-033_SW_data_28-July-2026_09-37-13,32,-1,True,70.86700000014139,10,0.026111900806427002,,10.0,2.271441630511575,,10.0,4.059279449565096,,10.0,1.3282618296121789,
C000000045__VIS-033_SW_data_28-July-2026_09-38-08,32,-1,True,169.34299999993277,2,0.03320443630218506,,2.0,3.609096362969076,,2.0,5.183209864307583,,2.0,3.812083546010976,
C000000045__VIS-033_SW_data_28-July-2026_09-39-38,32,3,True,62.335999999716705,3,0.003932178020477295,0.0,3.0,2.8105403270597296,0.0,3.0,3.9191576160127424,0.0,3.0,2.1626348202657897,0.0
C000000046__VIS-049_SW_data_04-September-2026_09-33-53,32,21,True,304.69599999994057,21,0.06478703022003174,0.0,21.0,6.025670723590201,0.0,21.0,8.29249431825593,0.0,21.0,8.363461008925366,0.0
C000000046__VIS-049_SW_data_04-September-2026_09-34-47,32,-1,True,304.69599999994057,26,0.07396763563156128,,26.0,3.8092954234821645,,26.0,5.376503334196719,,26.0,5.425567389854202,
C000000046__VIS-049_SW_data_04-September-2026_09-35-23,32,10,True,330.7019999999927,10,0.11120349168777466,0.0,10.0,6.486793019335659,0.0,10.0,8.955865509466008,0.0,10.0,9.427428752816395,0.0
C000000046__VIS-049_SW_data_04-September-2026_09-36-21,32,-1,True,307.69799999933707,25,0.03557133674621582,,25.0,3.309643079514489,,25.0,4.391553120954002,,25.0,4.447076744275896,
C000000046__VIS-049_SW_data_04-September-2026_09-36-50,32,18,True,339.6999999996649,18,0.022995948791503906,0.0,18.0,4.779628036766274,0.0,18.0,5.712502793582443,0.0,18.0,5.95940364588437,0.0
C000000046__VIS-049_SW_data_04-September-2026_09-37-50,32,-1,True,234.69399999961274,5,0.02843618392944336,,6.0,2.715421905725318,,5.0,1.7605935741537513,,5.0,1.2549606917456506,
C000000046__VIS-049_SW_data_04-September-2026_09-39-02,32,-1,True,377.70400000032055,6,0.008248090744018555,,11.0,4.728100103569021,,11.0,4.7828019118088,,11.0,4.744474904382761,
C000000046__VIS-049_SW_data_04-September-2026_09-40-58,32,-1,True,276.69399999961274,9,0.04226553440093994,,9.0,3.303728503929726,,9.0,4.4572811698194466,,9.0,4.278049846941629,
C000000046__VIS-049_SW_data_04-September-2026_09-42-22,32,-1,True,417.8669999996757,3,0.04087066650390625,,3.0,3.3469826759272547,,3.0,5.06946983727405,,3.0,6.1493938875290635,
C000000046__VIS-049_SW_data_04-September-2026_09-42-55,32,12,True,337.69599999994057,12,0.025734663009643555,0.0,12.0,6.3551447295762955,0.0,12.0,7.86001838352494,0.0,12.0,7.951080833777944,0.0
C000000046__VIS-049_SW_data_04-September-2026_09-43-37,32,14,True,363.6999999996649,14,0.09950911998748779,0.0,14.0,4.500515737852438,0.0,14.0,6.219037294557702,0.0,14.0,6.948836115634698,0.0
C000000046__VIS-049_SW_data_04-September-2026_09-44-09,32,9,True,278.69399999961274,9,0.019768476486206055,0.0,9.0,2.810184235570321,0.0,9.0,3.5547000092462655,0.0,9.0,3.448948988751412,0.0
C000000046__VIS-049_SW_data_04-September-2026_09-44-38,32,22,False,306.69599999994057,22,0.04629874229431152,0.0,,,,,,,,,
C000000046__VIS-049_SW_data_04-September-2026_09-45-15,32,-1,True,357.7019999999927,30,0.0023260116577148438,,30.0,4.3361884077410435,,30.0,4.85878908449401,,30.0,5.059823112827315,
C000000046__VIS-049_SW_data_04-September-2026_09-46-14,32,-1,True,376.70400000032055,22,0.046979308128356934,,22.0,4.972831352797006,,22.0,6.218884705370536,,22.0,6.8560665477452005,
C000000046__VIS-049_SW_data_04-September-2026_09-46-52,32,21,True,340.7000000005962,10,0.020292341709136963,11.0,21.0,3.0231978966282846,0.0,21.0,4.041451688952257,0.0,21.0,4.317737884606876,0.0
C000000046__VIS-049_SW_data_04-September-2026_09-47-24,32,0,True,375.7019999999927,0,0.02386915683746338,0.0,0.0,6.242650978347699,0.0,0.0,7.692790359159208,0.0,0.0,8.068098597755752,0.0
C000000047__VIS-048_SW_data_04-September-2026_08-51-34,32,-1,True,354.8630000000096,25,0.028838515281677246,,25.0,0.5979190824406739,,25.0,2.578272849946235,,25.0,3.3025938415907454,
C000000047__VIS-048_SW_data_04-September-2026_08-52-20,32,-1,True,362.3620000000203,9,0.06659531593322754,,9.0,3.6640145522307255,,9.0,5.512285951634881,,9.0,6.270802275170965,
C000000047__VIS-048_SW_data_04-September-2026_08-52-56,32,-1,True,313.85800000000495,22,0.035095155239105225,,22.0,5.037534160030157,,22.0,6.025353590773694,,22.0,6.116614935248686,
C000000047__VIS-048_SW_data_04-September-2026_08-54-05,32,-1,True,296.85599999996816,29,0.0012133121490478516,,29.0,4.905906695758449,,29.0,6.060477586129059,,29.0,6.036277780266647,
C000000047__VIS-048_SW_data_04-September-2026_08-54-35,32,31,True,301.35800000000495,31,0.01181870698928833,0.0,31.0,4.386224519505617,0.0,31.0,5.313327001508825,0.0,31.0,5.321720369312592,0.0
C000000047__VIS-048_SW_data_04-September-2026_08-55-10,32,-1,True,311.35799999994674,1,0.03104102611541748,,1.0,5.0829962045326305,,1.0,6.305489059430452,,1.0,6.398056218402881,
C000000047__VIS-048_SW_data_04-September-2026_08-56-31,32,-1,True,283.35599999996816,19,0.01327204704284668,,26.0,0.7934968780857279,,26.0,1.1439586917280726,,26.0,1.1050714488862443,
C000000047__VIS-048_SW_data_04-September-2026_08-57-16,32,-1,True,339.86000000004174,12,0.030489325523376465,,12.0,5.3592137878551265,,12.0,6.950931223883869,,12.0,7.373903603885014,
C000000047__VIS-048_SW_data_04-September-2026_08-58-32,32,16,True,300.85700000001566,8,7.772445678710938e-05,8.0,16.0,2.5196392185351857,0.0,16.0,3.4073109840949174,0.0,16.0,3.412382548782241,0.0
C000000047__VIS-048_SW_data_04-September-2026_08-59-07,32,-1,True,283.85700000001566,22,0.007327616214752197,,26.0,1.7582588083023678,,22.0,0.12427635552246663,,26.0,0.080712527429037,
C000000047__VIS-048_SW_data_04-September-2026_09-00-23,32,19,True,360.3629999999514,19,0.012447893619537354,0.0,19.0,5.4943990508359954,0.0,19.0,6.855842821222025,0.0,19.0,7.368118006262979,0.0
C000000047__VIS-048_SW_data_04-September-2026_09-03-55,32,-1,True,299.35700000001566,15,0.02869969606399536,,15.0,6.068764268843578,,15.0,8.214970298769186,,15.0,8.20794680166704,
C000000048__VIS-047_SW_data_28-August-2026_10-12-35,32,22,True,350.86100000008923,22,0.06689733266830444,0.0,22.0,4.5077119530391805,0.0,22.0,6.375129776263064,0.0,22.0,7.008321362310776,0.0
C000000048__VIS-047_SW_data_28-August-2026_10-13-27,32,-1,False,354.86100000008923,6,0.059243738651275635,,,,,,,,,,
C000000048__VIS-047_SW_data_28-August-2026_10-14-15,32,-1,True,332.8609999998564,1,0.05661594867706299,,1.0,3.696262347552676,,1.0,6.044510909408431,,1.0,6.392680795403534,
C000000048__VIS-047_SW_data_28-August-2026_10-14-52,32,-1,True,321.8570000001321,26,0.0060787200927734375,,26.0,3.851845738504576,,26.0,5.252163597115517,,26.0,5.456208580021146,
C000000048__VIS-047_SW_data_28-August-2026_10-15-37,32,-1,True,326.85899999999424,27,0.0003909468650817871,,11.0,1.4498523736594287,,11.0,2.512232952042339,,11.0,2.702462818407543,
C000000048__VIS-047_SW_data_28-August-2026_10-16-16,32,-1,True,318.85800000006316,8,0.034136176109313965,,8.0,5.310950026607035,,8.0,7.732608362960775,,8.0,8.037059249008186,
C000000048__VIS-047_SW_data_28-August-2026_10-17-13,32,-1,True,338.8599999999253,26,0.08393394947052002,,26.0,4.531723000493489,,26.0,6.400961460614826,,26.0,6.885218837682661,
C000000048__VIS-047_SW_data_28-August-2026_10-18-16,32,-1,True,299.35800000006316,12,0.020767390727996826,,12.0,3.8843003110035186,,12.0,5.2293913307401825,,12.0,5.223634341176277,
C000000048__VIS-047_SW_data_28-August-2026_10-19-24,32,-1,True,345.8609999998564,7,0.022108793258666992,,7.0,1.7540437275276042,,7.0,3.77634358720812,,7.0,4.3946415463049044,
C000000048__VIS-047_SW_data_28-August-2026_10-20-08,32,-1,True,303.8570000001321,3,0.0835191011428833,,3.0,7.4052427094206745,,3.0,9.649396585322824,,3.0,9.707101261987164,
C000000048__VIS-047_SW_data_28-August-2026_10-21-12,32,-1,True,338.3620000000203,27,0.06843161582946777,,27.0,3.5176334820814827,,27.0,5.160827757401348,,27.0,5.581069216000376,
C000000048__VIS-047_SW_data_28-August-2026_10-21-52,32,21,True,317.85899999999424,21,0.06623697280883789,0.0,21.0,4.565004255216893,0.0,21.0,6.724324196995008,0.0,21.0,6.981412829263027,0.0
C000000048__VIS-047_SW_data_28-August-2026_10-22-40,32,-1,True,337.36100000008923,26,0.007261037826538086,,26.0,2.954200878059105,,26.0,3.6354418998648104,,26.0,3.805120871969769,
C000000048__VIS-047_SW_data_28-August-2026_10-23-18,32,-1,True,323.85800000006316,10,0.04053950309753418,,10.0,4.5785412555789575,,10.0,6.228447009331923,,10.0,6.4908700191528705,
C000000048__VIS-047_SW_data_28-August-2026_10-23-48,32,14,True,335.36100000008923,14,0.06187516450881958,0.0,14.0,6.306745361555417,0.0,14.0,8.540283657650892,0.0,14.0,9.044017978240518,0.0
C000000048__VIS-047_SW_data_28-August-2026_10-24-44,32,-1,True,313.85899999999424,2,0.04531729221343994,,2.0,3.6042217361546,,2.0,5.11174401752837,,2.0,5.251029026178706,
C000000048__VIS-047_SW_data_28-August-2026_10-25-21,32,-1,True,323.8579999998303,20,0.0023946762084960938,,20.0,1.8403920993480138,,20.0,3.122181483916269,,20.0,3.326054358161683,
C000000049__VIS-046_SW_data_28-August-2026_08-46-35,32,-1,True,188.84899999998493,20,0.04481816291809082,,20.0,5.486129090510836,,20.0,6.81602271352553,,20.0,5.830562672914022,
C000000049__VIS-046_SW_data_28-August-2026_08-47-17,32,-1,True,166.84600000001706,31,0.005358576774597168,,31.0,2.8204559664290128,,31.0,2.9767915677363916,,31.0,2.8380134966931903,
C000000049__VIS-046_SW_data_28-August-2026_08-48-05,32,-1,True,219.34999999997422,16,0.03905743360519409,,16.0,5.769669983787343,,16.0,6.627714821558633,,16.0,6.166372713783455,
C000000049__VIS-046_SW_data_28-August-2026_08-48-41,32,-1,True,217.3530000000003,12,0.06014186143875122,,12.0,5.8165421527617,,12.0,7.683043530770828,,12.0,6.6546386015153605,
C000000049__VIS-046_SW_data_28-August-2026_08-49-26,32,-1,True,223.3510000000217,21,0.06079912185668945,,21.0,5.602606905926227,,21.0,7.191125369746471,,21.0,6.387953601718088,
C000000049__VIS-046_SW_data_28-August-2026_08-49-57,32,20,True,216.34900000010134,28,5.543231964111328e-05,8.0,20.0,3.7571051901413,0.0,20.0,5.182757500463082,0.0,20.0,4.3877092243925295,0.0
C000000049__VIS-046_SW_data_28-August-2026_08-51-53,32,-1,True,216.352000000011,13,0.015280842781066895,,13.0,3.8417078085704173,,13.0,4.269711429627682,,13.0,4.031033783666392,
C000000049__VIS-046_SW_data_28-August-2026_08-52-49,32,-1,True,223.8509999999635,26,0.0056209564208984375,,28.0,0.8095552259245151,,28.0,0.062467687812549855,,28.0,0.441734147410652,
C000000049__VIS-046_SW_data_28-August-2026_08-53-39,32,20,True,227.8509999999635,20,0.028327524662017822,0.0,20.0,1.5812642075645025,0.0,20.0,2.4079088034395006,0.0,20.0,2.0102982637873983,0.0
C000000049__VIS-046_SW_data_28-August-2026_08-54-13,32,-1,True,212.84899999998493,29,0.05867195129394531,,29.0,2.064788552020158,,29.0,3.822538185512638,,29.0,2.8012739301224405,
C000000049__VIS-046_SW_data_28-August-2026_08-55-37,32,-1,True,177.84700000000635,13,0.07298088073730469,,13.0,2.1672970132862805,,13.0,4.78116998580147,,13.0,2.6525538177239274,
C000000049__VIS-046_SW_data_28-August-2026_08-56-11,32,27,True,263.8539999999896,27,0.02680867910385132,0.0,27.0,5.137695294880471,0.0,27.0,6.433747103282088,0.0,27.0,6.121433178838767,0.0
C000000049__VIS-046_SW_data_28-August-2026_08-56-44,32,8,True,315.35800000006316,8,0.032919466495513916,0.0,8.0,4.785974785688472,0.0,8.0,6.489652645147787,0.0,8.0,6.664086542252345,0.0
C000000049__VIS-046_SW_data_28-August-2026_08-57-27,32,-1,True,265.354000000106,0,0.00078582763671875,,0.0,2.2586146209489497,,0.0,2.3701627666083223,,0.0,2.3519885952750625,
C000000049__VIS-046_SW_data_28-August-2026_08-58-00,32,30,True,253.35500000003708,30,0.03525340557098389,0.0,30.0,3.547237904226211,0.0,30.0,5.393751570469158,0.0,30.0,4.819547370723599,0.0
