subject,folder,view,p_view,frame_agreement,top_fine,p_PLAX,p_PSAX,p_Apical,p_Other,p_A2C,p_A3C,p_A4C,p_A5C,p_Apical_Doppler,p_Doppler_Parasternal_Long,p_Doppler_Parasternal_Short,p_Parasternal_Long,p_Parasternal_Short,p_SSN,p_Subcostal,gif,block,confident,suggested,review
C000000001,SWE_01_SW_data_21-April-2026_12-12-54,PLAX,0.997,1.0,Parasternal_Long,0.997,0.002,0.0,0.0,0.0,0.0,0.0,0.0,0.0,0.0,0.0,0.997,0.002,0.0,0.0,Z:\raw_data\C000000001\SWE_01_SW_data_21-April-2026_12-12-54\output\CombinedData_buffer3_iq.gif,PLAX,True,PLAX,False
C000000001,SWE_01_SW_data_21-April-2026_12-14-11,PLAX,0.998,1.0,Parasternal_Long,0.998,0.002,0.0,0.0,0.0,0.0,0.0,0.0,0.0,0.0,0.0,0.998,0.002,0.0,0.0,Z:\raw_data\C000000001\SWE_01_SW_data_21-April-2026_12-14-11\output\CombinedData_buffer3_iq.gif,PLAX,True,PLAX,False
C000000001,SWE_01_SW_data_21-April-2026_12-14-53,PLAX,0.998,1.0,Parasternal_Long,0.998,0.001,0.0,0.0,0.0,0.0,0.0,0.0,0.0,0.0,0.0,0.998,0.001,0.0,0.0,Z:\raw_data\C000000001\SWE_01_SW_data_21-April-2026_12-14-53\output\CombinedData_buffer3_iq.gif,PLAX,True,PLAX,False
C000000001,SWE_01_SW_data_21-April-2026_12-15-49,PLAX,0.995,1.0,Parasternal_Long,0.995,0.005,0.0,0.0,0.0,0.0,0.0,0.0,0.0,0.0,0.0,0.994,0.005,0.0,0.0,Z:\raw_data\C000000001\SWE_01_SW_data_21-April-2026_12-15-49\output\CombinedData_buffer3_iq.gif,PLAX,True,PLAX,False
C000000001,SWE_01_SW_data_21-April-2026_12-16-46,PLAX,0.994,1.0,Parasternal_Long,0.994,0.005,0.0,0.0,0.0,0.0,0.0,0.0,0.0,0.0,0.0,0.994,0.005,0.0,0.0,Z:\raw_data\C000000001\SWE_01_SW_data_21-April-2026_12-16-46\output\CombinedData_buffer3_iq.gif,PLAX,True,PLAX,False
C000000001,SWE_01_SW_data_21-April-2026_12-17-37,PLAX,0.998,1.0,Parasternal_Long,0.998,0.002,0.0,0.0,0.0,0.0,0.0,0.0,0.0,0.0,0.0,0.998,0.002,0.0,0.0,Z:\raw_data\C000000001\SWE_01_SW_data_21-April-2026_12-17-37\output\CombinedData_buffer3_iq.gif,PLAX,True,PLAX,False
C000000001,SWE_01_SW_data_21-April-2026_12-18-31,PSAX,1.0,1.0,Parasternal_Short,0.0,1.0,0.0,0.0,0.0,0.0,0.0,0.0,0.0,0.0,0.0,0.0,1.0,0.0,0.0,Z:\raw_data\C000000001\SWE_01_SW_data_21-April-2026_12-18-31\output\CombinedData_buffer3_iq.gif,PSAX,True,PSAX,False
C000000001,SWE_01_SW_data_21-April-2026_12-19-03,PSAX,0.999,1.0,Parasternal_Short,0.001,0.999,0.0,0.0,0.0,0.0,0.0,0.0,0.0,0.0,0.0,0.001,0.999,0.0,0.0,Z:\raw_data\C000000001\SWE_01_SW_data_21-April-2026_12-19-03\output\CombinedData_buffer3_iq.gif,PSAX,True,PSAX,False
C000000001,SWE_01_SW_data_21-April-2026_12-19-36,PSAX,1.0,1.0,Parasternal_Short,0.0,1.0,0.0,0.0,0.0,0.0,0.0,0.0,0.0,0.0,0.0,0.0,0.999,0.0,0.0,Z:\raw_data\C000000001\SWE_01_SW_data_21-April-2026_12-19-36\output\CombinedData_buffer3_iq.gif,PSAX,True,PSAX,False
C000000001,SWE_01_SW_data_21-April-2026_12-20-24,PSAX,0.998,1.0,Parasternal_Short,0.001,0.998,0.0,0.0,0.0,0.0,0.0,0.0,0.0,0.0,0.0,0.001,0.998,0.0,0.0,Z:\raw_data\C000000001\SWE_01_SW_data_21-April-2026_12-20-24\output\CombinedData_buffer3_iq.gif,PSAX,True,PSAX,False
C000000001,SWE_01_SW_data_21-April-2026_12-21-32,PSAX,0.995,1.0,Parasternal_Short,0.004,0.995,0.0,0.0,0.0,0.0,0.0,0.0,0.0,0.0,0.0,0.004,0.995,0.0,0.0,Z:\raw_data\C000000001\SWE_01_SW_data_21-April-2026_12-21-32\output\CombinedData_buffer3_iq.gif,PSAX,True,PSAX,False
C000000001,SWE_01_SW_data_21-April-2026_12-22-36,PSAX,0.986,1.0,Parasternal_Short,0.013,0.986,0.001,0.0,0.0,0.0,0.001,0.0,0.0,0.0,0.0,0.013,0.986,0.0,0.0,Z:\raw_data\C000000001\SWE_01_SW_data_21-April-2026_12-22-36\output\CombinedData_buffer3_iq.gif,PSAX,True,PSAX,False
C000000001,SWE_01_SW_data_21-April-2026_12-23-44,PSAX,0.996,1.0,Parasternal_Short,0.004,0.996,0.0,0.0,0.0,0.0,0.0,0.0,0.0,0.0,0.0,0.004,0.996,0.0,0.0,Z:\raw_data\C000000001\SWE_01_SW_data_21-April-2026_12-23-44\output\CombinedData_buffer3_iq.gif,PSAX,True,PSAX,False
C000000001,SWE_01_SW_data_21-April-2026_12-24-24,PSAX,0.996,1.0,Parasternal_Short,0.004,0.996,0.0,0.0,0.0,0.0,0.0,0.0,0.0,0.0,0.0,0.004,0.995,0.0,0.0,Z:\raw_data\C000000001\SWE_01_SW_data_21-April-2026_12-24-24\output\CombinedData_buffer3_iq.gif,PSAX,True,PSAX,False
C000000002,SWE02_SW_data_28-April-2026_10-09-45,PLAX,0.651,0.538,Parasternal_Long,0.651,0.347,0.001,0.002,0.0,0.0,0.0,0.0,0.0,0.0,0.0,0.651,0.347,0.0,0.002,Z:\raw_data\C000000002\SWE02_SW_data_28-April-2026_10-09-45\output\CombinedData_buffer3_iq.gif,PLAX,False,PLAX,True
C000000002,SWE02_SW_data_28-April-2026_10-11-53,PLAX,0.998,1.0,Parasternal_Long,0.998,0.002,0.0,0.0,0.0,0.0,0.0,0.0,0.0,0.0,0.0,0.997,0.002,0.0,0.0,Z:\raw_data\C000000002\SWE02_SW_data_28-April-2026_10-11-53\output\CombinedData_buffer3_iq.gif,PLAX,True,PLAX,False
C000000002,SWE02_SW_data_28-April-2026_10-12-32,PLAX,0.997,1.0,Parasternal_Long,0.997,0.003,0.0,0.0,0.0,0.0,0.0,0.0,0.0,0.0,0.0,0.996,0.003,0.0,0.0,Z:\raw_data\C000000002\SWE02_SW_data_28-April-2026_10-12-32\output\CombinedData_buffer3_iq.gif,PLAX,True,PLAX,False
C000000002,SWE02_SW_data_28-April-2026_10-13-12,PLAX,0.994,1.0,Parasternal_Long,0.994,0.006,0.0,0.0,0.0,0.0,0.0,0.0,0.0,0.0,0.0,0.994,0.006,0.0,0.0,Z:\raw_data\C000000002\SWE02_SW_data_28-April-2026_10-13-12\output\CombinedData_buffer3_iq.gif,PLAX,True,PLAX,False
C000000002,SWE02_SW_data_28-April-2026_10-13-45,PLAX,0.965,1.0,Parasternal_Long,0.965,0.034,0.0,0.001,0.0,0.0,0.0,0.0,0.0,0.0,0.0,0.965,0.034,0.0,0.001,Z:\raw_data\C000000002\SWE02_SW_data_28-April-2026_10-13-45\output\CombinedData_buffer3_iq.gif,PLAX,True,PLAX,False
C000000002,SWE02_SW_data_28-April-2026_10-14-30,PLAX,0.973,1.0,Parasternal_Long,0.973,0.027,0.0,0.001,0.0,0.0,0.0,0.0,0.0,0.0,0.0,0.972,0.027,0.0,0.001,Z:\raw_data\C000000002\SWE02_SW_data_28-April-2026_10-14-30\output\CombinedData_buffer3_iq.gif,PLAX,True,PLAX,False
C000000002,SWE02_SW_data_28-April-2026_10-16-34,PSAX,0.994,1.0,Parasternal_Short,0.006,0.994,0.0,0.0,0.0,0.0,0.0,0.0,0.0,0.0,0.0,0.006,0.994,0.0,0.0,Z:\raw_data\C000000002\SWE02_SW_data_28-April-2026_10-16-34\output\CombinedData_buffer3_iq.gif,PSAX,True,PSAX,False
C000000002,SWE02_SW_data_28-April-2026_10-17-52,PSAX,0.967,1.0,Parasternal_Short,0.032,0.967,0.0,0.001,0.0,0.0,0.0,0.0,0.0,0.0,0.0,0.032,0.967,0.0,0.0,Z:\raw_data\C000000002\SWE02_SW_data_28-April-2026_10-17-52\output\CombinedData_buffer3_iq.gif,PSAX,True,PSAX,False
C000000002,SWE02_SW_data_28-April-2026_10-18-32,PSAX,0.998,1.0,Parasternal_Short,0.002,0.998,0.0,0.0,0.0,0.0,0.0,0.0,0.0,0.0,0.0,0.002,0.998,0.0,0.0,Z:\raw_data\C000000002\SWE02_SW_data_28-April-2026_10-18-32\output\CombinedData_buffer3_iq.gif,PSAX,True,PSAX,False
C000000002,SWE02_SW_data_28-April-2026_10-19-37,PSAX,0.994,1.0,Parasternal_Short,0.005,0.994,0.0,0.0,0.0,0.0,0.0,0.0,0.0,0.0,0.0,0.005,0.994,0.0,0.0,Z:\raw_data\C000000002\SWE02_SW_data_28-April-2026_10-19-37\output\CombinedData_buffer3_iq.gif,PSAX,True,PSAX,False
C000000002,SWE02_SW_data_28-April-2026_10-20-20,PSAX,0.986,1.0,Parasternal_Short,0.013,0.986,0.0,0.001,0.0,0.0,0.0,0.0,0.0,0.0,0.0,0.013,0.985,0.0,0.001,Z:\raw_data\C000000002\SWE02_SW_data_28-April-2026_10-20-20\output\CombinedData_buffer3_iq.gif,PSAX,True,PSAX,False
C000000002,SWE02_SW_data_28-April-2026_10-21-04,PSAX,0.995,1.0,Parasternal_Short,0.005,0.995,0.0,0.0,0.0,0.0,0.0,0.0,0.0,0.0,0.0,0.005,0.995,0.0,0.0,Z:\raw_data\C000000002\SWE02_SW_data_28-April-2026_10-21-04\output\CombinedData_buffer3_iq.gif,PSAX,True,PSAX,False
C000000002,SWE02_SW_data_28-April-2026_10-22-19,PSAX,0.776,1.0,Parasternal_Short,0.214,0.776,0.002,0.008,0.0,0.0,0.001,0.0,0.0,0.0,0.0,0.214,0.776,0.003,0.005,Z:\raw_data\C000000002\SWE02_SW_data_28-April-2026_10-22-19\output\CombinedData_buffer3_iq.gif,PSAX,False,PSAX,True
C000000002,SWE02_SW_data_28-April-2026_10-23-21,PSAX,0.798,1.0,Parasternal_Short,0.195,0.798,0.002,0.005,0.0,0.0,0.001,0.0,0.0,0.0,0.0,0.195,0.798,0.001,0.004,Z:\raw_data\C000000002\SWE02_SW_data_28-April-2026_10-23-21\output\CombinedData_buffer3_iq.gif,PSAX,False,PSAX,True
C000000002,SWE02_SW_data_28-April-2026_10-24-12,PSAX,0.827,1.0,Parasternal_Short,0.163,0.827,0.002,0.007,0.0,0.0,0.001,0.0,0.0,0.0,0.0,0.163,0.827,0.001,0.006,Z:\raw_data\C000000002\SWE02_SW_data_28-April-2026_10-24-12\output\CombinedData_buffer3_iq.gif,PSAX,True,PSAX,False
C000000003,VIS_03_SW_data_16-June-2026_10-09-42,PLAX,0.984,1.0,Parasternal_Long,0.984,0.01,0.0,0.006,0.0,0.0,0.0,0.0,0.0,0.0,0.0,0.984,0.01,0.001,0.005,Z:\raw_data\C000000003\VIS_03_SW_data_16-June-2026_10-09-42\output\CombinedData_buffer3_iq.gif,PLAX,True,PLAX,False
C000000003,VIS_03_SW_data_16-June-2026_10-10-39,PLAX,0.887,1.0,Parasternal_Long,0.887,0.088,0.003,0.022,0.0,0.001,0.002,0.0,0.0,0.0,0.0,0.887,0.088,0.001,0.021,Z:\raw_data\C000000003\VIS_03_SW_data_16-June-2026_10-10-39\output\CombinedData_buffer3_iq.gif,PLAX,True,PLAX,False
C000000003,VIS_03_SW_data_16-June-2026_10-12-10,PLAX,0.977,1.0,Parasternal_Long,0.977,0.02,0.001,0.003,0.0,0.0,0.0,0.0,0.0,0.0,0.0,0.977,0.02,0.0,0.003,Z:\raw_data\C000000003\VIS_03_SW_data_16-June-2026_10-12-10\output\CombinedData_buffer3_iq.gif,PLAX,True,PLAX,False
C000000003,VIS_03_SW_data_16-June-2026_10-13-59,PLAX,0.97,1.0,Parasternal_Long,0.97,0.012,0.001,0.018,0.0,0.0,0.0,0.0,0.0,0.001,0.0,0.969,0.012,0.007,0.012,Z:\raw_data\C000000003\VIS_03_SW_data_16-June-2026_10-13-59\output\CombinedData_buffer3_iq.gif,PLAX,True,PLAX,False
C000000003,VIS_03_SW_data_16-June-2026_10-14-33,PLAX,0.895,1.0,Parasternal_Long,0.895,0.036,0.001,0.068,0.0,0.001,0.0,0.0,0.0,0.001,0.0,0.894,0.036,0.025,0.043,Z:\raw_data\C000000003\VIS_03_SW_data_16-June-2026_10-14-33\output\CombinedData_buffer3_iq.gif,PLAX,True,PLAX,False
C000000003,VIS_03_SW_data_16-June-2026_10-15-05,PLAX,0.908,1.0,Parasternal_Long,0.908,0.029,0.001,0.063,0.0,0.0,0.0,0.0,0.0,0.001,0.0,0.907,0.029,0.028,0.034,Z:\raw_data\C000000003\VIS_03_SW_data_16-June-2026_10-15-05\output\CombinedData_buffer3_iq.gif,PLAX,True,PLAX,False
C000000003,VIS_03_SW_data_16-June-2026_10-16-31,PSAX,0.735,0.923,Parasternal_Short,0.197,0.735,0.038,0.03,0.002,0.005,0.026,0.005,0.0,0.0,0.0,0.197,0.735,0.004,0.026,Z:\raw_data\C000000003\VIS_03_SW_data_16-June-2026_10-16-31\output\CombinedData_buffer3_iq.gif,PSAX,False,PSAX,True
C000000003,VIS_03_SW_data_16-June-2026_10-17-36,PSAX,0.564,0.692,Parasternal_Short,0.329,0.564,0.023,0.085,0.002,0.01,0.01,0.001,0.0,0.0,0.0,0.329,0.563,0.001,0.083,Z:\raw_data\C000000003\VIS_03_SW_data_16-June-2026_10-17-36\output\CombinedData_buffer3_iq.gif,PSAX,False,PSAX,True
C000000003,VIS_03_SW_data_16-June-2026_10-18-12,PSAX,0.495,0.577,Parasternal_Short,0.453,0.495,0.026,0.027,0.002,0.01,0.013,0.002,0.0,0.0,0.0,0.452,0.495,0.001,0.025,Z:\raw_data\C000000003\VIS_03_SW_data_16-June-2026_10-18-12\output\CombinedData_buffer3_iq.gif,PSAX,False,PSAX,True
C000000003,VIS_03_SW_data_16-June-2026_10-18-58,PLAX,0.501,0.654,Parasternal_Long,0.501,0.4,0.073,0.026,0.003,0.007,0.057,0.006,0.0,0.0,0.0,0.501,0.4,0.004,0.021,Z:\raw_data\C000000003\VIS_03_SW_data_16-June-2026_10-18-58\output\CombinedData_buffer3_iq.gif,PSAX,False,PSAX,True
C000000003,VIS_03_SW_data_16-June-2026_10-19-41,PLAX,0.48,0.538,Parasternal_Long,0.48,0.452,0.027,0.04,0.003,0.004,0.018,0.002,0.0,0.0,0.0,0.48,0.452,0.004,0.036,Z:\raw_data\C000000003\VIS_03_SW_data_16-June-2026_10-19-41\output\CombinedData_buffer3_iq.gif,PSAX,False,PSAX,True
C000000003,VIS_03_SW_data_16-June-2026_10-20-18,PSAX,0.835,1.0,Parasternal_Short,0.131,0.835,0.016,0.018,0.001,0.002,0.012,0.001,0.0,0.0,0.0,0.131,0.834,0.001,0.017,Z:\raw_data\C000000003\VIS_03_SW_data_16-June-2026_10-20-18\output\CombinedData_buffer3_iq.gif,PSAX,True,PSAX,False
C000000003,VIS_03_SW_data_16-June-2026_10-21-54,PSAX,0.802,1.0,Parasternal_Short,0.121,0.802,0.007,0.07,0.001,0.001,0.004,0.002,0.0,0.0,0.002,0.121,0.8,0.012,0.058,Z:\raw_data\C000000003\VIS_03_SW_data_16-June-2026_10-21-54\output\CombinedData_buffer3_iq.gif,PSAX,True,PSAX,False
C000000003,VIS_03_SW_data_16-June-2026_10-23-03,PSAX,0.914,1.0,Parasternal_Short,0.072,0.914,0.004,0.01,0.0,0.0,0.002,0.001,0.0,0.0,0.0,0.072,0.914,0.002,0.008,Z:\raw_data\C000000003\VIS_03_SW_data_16-June-2026_10-23-03\output\CombinedData_buffer3_iq.gif,PSAX,True,PSAX,False
C000000003,VIS_03_SW_data_16-June-2026_10-23-36,PSAX,0.923,1.0,Parasternal_Short,0.056,0.923,0.006,0.015,0.001,0.001,0.003,0.001,0.0,0.0,0.001,0.056,0.922,0.004,0.011,Z:\raw_data\C000000003\VIS_03_SW_data_16-June-2026_10-23-36\output\CombinedData_buffer3_iq.gif,PSAX,True,PSAX,False
C000000004,VIS_4_SW_data_16-June-2026_10-58-59,PSAX,0.522,0.5,Parasternal_Short,0.477,0.522,0.001,0.001,0.0,0.0,0.001,0.0,0.0,0.0,0.0,0.477,0.521,0.0,0.001,Z:\raw_data\C000000004\VIS_4_SW_data_16-June-2026_10-58-59\output\CombinedData_buffer3_iq.gif,PLAX,False,PLAX,True
C000000004,VIS_4_SW_data_16-June-2026_11-00-06,PLAX,0.867,1.0,Parasternal_Long,0.867,0.131,0.001,0.002,0.0,0.0,0.0,0.0,0.0,0.0,0.0,0.866,0.131,0.0,0.002,Z:\raw_data\C000000004\VIS_4_SW_data_16-June-2026_11-00-06\output\CombinedData_buffer3_iq.gif,PLAX,True,PLAX,False
C000000004,VIS_4_SW_data_16-June-2026_11-00-39,PLAX,0.578,0.538,Parasternal_Long,0.578,0.419,0.001,0.002,0.0,0.0,0.001,0.0,0.0,0.0,0.0,0.578,0.418,0.0,0.002,Z:\raw_data\C000000004\VIS_4_SW_data_16-June-2026_11-00-39\output\CombinedData_buffer3_iq.gif,PLAX,False,PLAX,True
C000000004,VIS_4_SW_data_16-June-2026_11-01-20,PLAX,0.8,1.0,Parasternal_Long,0.8,0.197,0.001,0.002,0.0,0.0,0.001,0.0,0.0,0.0,0.0,0.8,0.197,0.0,0.002,Z:\raw_data\C000000004\VIS_4_SW_data_16-June-2026_11-01-20\output\CombinedData_buffer3_iq.gif,PLAX,True,PLAX,False
C000000004,VIS_4_SW_data_16-June-2026_11-01-48,PLAX,0.822,0.885,Parasternal_Long,0.822,0.176,0.001,0.001,0.0,0.0,0.0,0.0,0.0,0.0,0.0,0.822,0.176,0.0,0.001,Z:\raw_data\C000000004\VIS_4_SW_data_16-June-2026_11-01-48\output\CombinedData_buffer3_iq.gif,PLAX,False,PLAX,True
C000000004,VIS_4_SW_data_16-June-2026_11-02-20,PLAX,0.772,0.923,Parasternal_Long,0.772,0.227,0.001,0.001,0.0,0.0,0.0,0.0,0.0,0.0,0.0,0.771,0.227,0.0,0.001,Z:\raw_data\C000000004\VIS_4_SW_data_16-June-2026_11-02-20\output\CombinedData_buffer3_iq.gif,PLAX,False,PLAX,True
C000000004,VIS_4_SW_data_16-June-2026_11-03-50,PSAX,0.994,1.0,Parasternal_Short,0.004,0.994,0.001,0.001,0.0,0.0,0.0,0.0,0.0,0.0,0.0,0.004,0.994,0.0,0.001,Z:\raw_data\C000000004\VIS_4_SW_data_16-June-2026_11-03-50\output\CombinedData_buffer3_iq.gif,PSAX,True,PSAX,False
C000000004,VIS_4_SW_data_16-June-2026_11-04-18,PSAX,0.966,1.0,Parasternal_Short,0.022,0.966,0.002,0.01,0.001,0.0,0.001,0.0,0.0,0.0,0.001,0.022,0.965,0.001,0.009,Z:\raw_data\C000000004\VIS_4_SW_data_16-June-2026_11-04-18\output\CombinedData_buffer3_iq.gif,PSAX,True,PSAX,False
C000000004,VIS_4_SW_data_16-June-2026_11-04-50,PSAX,0.989,1.0,Parasternal_Short,0.006,0.989,0.001,0.003,0.001,0.0,0.001,0.0,0.0,0.0,0.001,0.006,0.988,0.001,0.003,Z:\raw_data\C000000004\VIS_4_SW_data_16-June-2026_11-04-50\output\CombinedData_buffer3_iq.gif,PSAX,True,PSAX,False
C000000004,VIS_4_SW_data_16-June-2026_11-05-52,PSAX,0.973,1.0,Parasternal_Short,0.015,0.973,0.002,0.01,0.001,0.0,0.001,0.0,0.0,0.0,0.002,0.015,0.971,0.001,0.009,Z:\raw_data\C000000004\VIS_4_SW_data_16-June-2026_11-05-52\output\CombinedData_buffer3_iq.gif,PSAX,True,PSAX,False
C000000004,VIS_4_SW_data_16-June-2026_11-06-25,PSAX,0.966,1.0,Parasternal_Short,0.021,0.966,0.003,0.01,0.001,0.0,0.001,0.0,0.0,0.0,0.001,0.021,0.965,0.001,0.009,Z:\raw_data\C000000004\VIS_4_SW_data_16-June-2026_11-06-25\output\CombinedData_buffer3_iq.gif,PSAX,True,PSAX,False
C000000004,VIS_4_SW_data_16-June-2026_11-07-32,PSAX,0.827,1.0,Parasternal_Short,0.129,0.827,0.006,0.037,0.001,0.001,0.003,0.0,0.0,0.0,0.001,0.129,0.826,0.007,0.03,Z:\raw_data\C000000004\VIS_4_SW_data_16-June-2026_11-07-32\output\CombinedData_buffer3_iq.gif,PSAX,True,PSAX,False
C000000004,VIS_4_SW_data_16-June-2026_11-08-03,PSAX,0.874,1.0,Parasternal_Short,0.075,0.874,0.01,0.041,0.003,0.003,0.004,0.0,0.0,0.0,0.002,0.074,0.872,0.007,0.034,Z:\raw_data\C000000004\VIS_4_SW_data_16-June-2026_11-08-03\output\CombinedData_buffer3_iq.gif,PSAX,True,PSAX,False
C000000004,VIS_4_SW_data_16-June-2026_11-08-35,PSAX,0.572,0.654,Parasternal_Short,0.344,0.572,0.042,0.042,0.011,0.007,0.023,0.001,0.0,0.001,0.001,0.343,0.571,0.024,0.018,Z:\raw_data\C000000004\VIS_4_SW_data_16-June-2026_11-08-35\output\CombinedData_buffer3_iq.gif,PSAX,False,PSAX,True
C000000005,VIS-005_SW_data_19-June-2026_09-12-20,PLAX,0.942,1.0,Parasternal_Long,0.942,0.057,0.001,0.001,0.0,0.0,0.0,0.0,0.0,0.0,0.0,0.942,0.057,0.0,0.001,Z:\raw_data\C000000005\VIS-005_SW_data_19-June-2026_09-12-20\output\CombinedData_buffer3_iq.gif,PLAX,True,PLAX,False
C000000005,VIS-005_SW_data_19-June-2026_09-12-54,PLAX,0.914,1.0,Parasternal_Long,0.914,0.083,0.001,0.003,0.0,0.0,0.0,0.0,0.0,0.0,0.0,0.914,0.083,0.0,0.002,Z:\raw_data\C000000005\VIS-005_SW_data_19-June-2026_09-12-54\output\CombinedData_buffer3_iq.gif,PLAX,True,PLAX,False
C000000005,VIS-005_SW_data_19-June-2026_09-14-24,PLAX,0.769,0.923,Parasternal_Long,0.769,0.22,0.005,0.006,0.0,0.001,0.002,0.001,0.0,0.001,0.0,0.769,0.22,0.001,0.005,Z:\raw_data\C000000005\VIS-005_SW_data_19-June-2026_09-14-24\output\CombinedData_buffer3_iq.gif,PLAX,False,PLAX,True
C000000005,VIS-005_SW_data_19-June-2026_09-15-51,PLAX,0.508,0.5,Parasternal_Long,0.508,0.479,0.003,0.01,0.0,0.001,0.002,0.0,0.0,0.0,0.0,0.508,0.479,0.0,0.01,Z:\raw_data\C000000005\VIS-005_SW_data_19-June-2026_09-15-51\output\CombinedData_buffer3_iq.gif,PLAX,False,PLAX,True
C000000005,VIS-005_SW_data_19-June-2026_09-16-29,PLAX,0.526,0.5,Parasternal_Long,0.526,0.454,0.002,0.018,0.0,0.001,0.001,0.0,0.0,0.001,0.001,0.525,0.454,0.0,0.018,Z:\raw_data\C000000005\VIS-005_SW_data_19-June-2026_09-16-29\output\CombinedData_buffer3_iq.gif,PLAX,False,PLAX,True
C000000005,VIS-005_SW_data_19-June-2026_09-17-03,PLAX,0.825,1.0,Parasternal_Long,0.825,0.167,0.003,0.005,0.0,0.001,0.001,0.0,0.0,0.0,0.0,0.825,0.167,0.0,0.005,Z:\raw_data\C000000005\VIS-005_SW_data_19-June-2026_09-17-03\output\CombinedData_buffer3_iq.gif,PLAX,True,PLAX,False
C000000005,VIS-005_SW_data_19-June-2026_09-18-05,PSAX,0.991,1.0,Parasternal_Short,0.008,0.991,0.0,0.001,0.0,0.0,0.0,0.0,0.0,0.0,0.0,0.008,0.991,0.0,0.001,Z:\raw_data\C000000005\VIS-005_SW_data_19-June-2026_09-18-05\output\CombinedData_buffer3_iq.gif,PSAX,True,PSAX,False
C000000005,VIS-005_SW_data_19-June-2026_09-18-42,PSAX,0.996,1.0,Parasternal_Short,0.004,0.996,0.0,0.0,0.0,0.0,0.0,0.0,0.0,0.0,0.0,0.004,0.996,0.0,0.0,Z:\raw_data\C000000005\VIS-005_SW_data_19-June-2026_09-18-42\output\CombinedData_buffer3_iq.gif,PSAX,True,PSAX,False
C000000005,VIS-005_SW_data_19-June-2026_09-19-21,PSAX,0.996,1.0,Parasternal_Short,0.004,0.996,0.0,0.0,0.0,0.0,0.0,0.0,0.0,0.0,0.0,0.004,0.996,0.0,0.0,Z:\raw_data\C000000005\VIS-005_SW_data_19-June-2026_09-19-21\output\CombinedData_buffer3_iq.gif,PSAX,True,PSAX,False
C000000005,VIS-005_SW_data_19-June-2026_09-20-29,PSAX,0.987,1.0,Parasternal_Short,0.01,0.987,0.0,0.002,0.0,0.0,0.0,0.0,0.0,0.0,0.0,0.01,0.987,0.0,0.002,Z:\raw_data\C000000005\VIS-005_SW_data_19-June-2026_09-20-29\output\CombinedData_buffer3_iq.gif,PSAX,True,PSAX,False
C000000005,VIS-005_SW_data_19-June-2026_09-21-07,PSAX,0.962,1.0,Parasternal_Short,0.026,0.962,0.002,0.01,0.0,0.0,0.001,0.0,0.0,0.0,0.0,0.026,0.962,0.0,0.009,Z:\raw_data\C000000005\VIS-005_SW_data_19-June-2026_09-21-07\output\CombinedData_buffer3_iq.gif,PSAX,True,PSAX,False
C000000005,VIS-005_SW_data_19-June-2026_09-27-12,PLAX,0.459,0.538,Parasternal_Long,0.459,0.395,0.111,0.035,0.032,0.015,0.061,0.002,0.0,0.0,0.0,0.459,0.395,0.005,0.03,Z:\raw_data\C000000005\VIS-005_SW_data_19-June-2026_09-27-12\output\CombinedData_buffer3_iq.gif,PSAX,False,PSAX,True
C000000005,VIS-005_SW_data_19-June-2026_09-27-41,PSAX,0.913,1.0,Parasternal_Short,0.079,0.913,0.002,0.007,0.0,0.0,0.001,0.0,0.0,0.0,0.0,0.079,0.912,0.001,0.006,Z:\raw_data\C000000005\VIS-005_SW_data_19-June-2026_09-27-41\output\CombinedData_buffer3_iq.gif,PSAX,True,PSAX,False
C000000005,VIS-005_SW_data_19-June-2026_09-28-50,PSAX,0.929,1.0,Parasternal_Short,0.062,0.929,0.002,0.007,0.0,0.0,0.001,0.0,0.0,0.0,0.0,0.062,0.928,0.0,0.007,Z:\raw_data\C000000005\VIS-005_SW_data_19-June-2026_09-28-50\output\CombinedData_buffer3_iq.gif,PSAX,True,PSAX,False
C000000005,VIS-005_SW_data_19-June-2026_09-29-28,PSAX,0.981,1.0,Parasternal_Short,0.013,0.981,0.002,0.004,0.0,0.0,0.001,0.0,0.0,0.0,0.001,0.013,0.981,0.0,0.004,Z:\raw_data\C000000005\VIS-005_SW_data_19-June-2026_09-29-28\output\CombinedData_buffer3_iq.gif,PSAX,True,PSAX,False
C000000005,VIS-005_SW_data_19-June-2026_09-30-03,PSAX,0.847,0.962,Parasternal_Short,0.124,0.847,0.007,0.021,0.0,0.004,0.002,0.001,0.0,0.0,0.001,0.124,0.847,0.002,0.019,Z:\raw_data\C000000005\VIS-005_SW_data_19-June-2026_09-30-03\output\CombinedData_buffer3_iq.gif,PSAX,True,PSAX,False
C000000007,VIS-007_SW_data_30-June-2026_11-45-50,PLAX,0.791,0.885,Parasternal_Long,0.791,0.199,0.003,0.007,0.0,0.0,0.002,0.001,0.0,0.0,0.0,0.791,0.199,0.003,0.004,Z:\raw_data\C000000007\VIS-007_SW_data_30-June-2026_11-45-50\output\CombinedData_buffer3_iq.gif,PLAX,False,PLAX,True
C000000007,VIS-007_SW_data_30-June-2026_11-47-50,PLAX,0.535,0.654,Parasternal_Long,0.535,0.449,0.006,0.01,0.001,0.001,0.004,0.001,0.0,0.0,0.0,0.535,0.449,0.003,0.008,Z:\raw_data\C000000007\VIS-007_SW_data_30-June-2026_11-47-50\output\CombinedData_buffer3_iq.gif,PLAX,False,PLAX,True
C000000007,VIS-007_SW_data_30-June-2026_11-49-10,PLAX,0.875,0.962,Parasternal_Long,0.875,0.032,0.008,0.084,0.0,0.001,0.006,0.001,0.0,0.0,0.0,0.875,0.032,0.003,0.081,Z:\raw_data\C000000007\VIS-007_SW_data_30-June-2026_11-49-10\output\CombinedData_buffer3_iq.gif,PLAX,True,PLAX,False
C000000007,VIS-007_SW_data_30-June-2026_11-50-12,PLAX,0.992,1.0,Parasternal_Long,0.992,0.005,0.0,0.003,0.0,0.0,0.0,0.0,0.0,0.0,0.0,0.992,0.005,0.0,0.003,Z:\raw_data\C000000007\VIS-007_SW_data_30-June-2026_11-50-12\output\CombinedData_buffer3_iq.gif,PLAX,True,PLAX,False
C000000007,VIS-007_SW_data_30-June-2026_11-50-55,PLAX,0.851,0.885,Parasternal_Long,0.851,0.146,0.001,0.002,0.0,0.0,0.0,0.0,0.0,0.0,0.0,0.851,0.146,0.0,0.001,Z:\raw_data\C000000007\VIS-007_SW_data_30-June-2026_11-50-55\output\CombinedData_buffer3_iq.gif,PLAX,False,PLAX,True
C000000007,VIS-007_SW_data_30-June-2026_11-51-26,PLAX,0.994,1.0,Parasternal_Long,0.994,0.004,0.0,0.002,0.0,0.0,0.0,0.0,0.0,0.0,0.0,0.994,0.004,0.0,0.001,Z:\raw_data\C000000007\VIS-007_SW_data_30-June-2026_11-51-26\output\CombinedData_buffer3_iq.gif,PLAX,True,PLAX,False
C000000007,VIS-007_SW_data_30-June-2026_11-53-29,PSAX,0.657,0.731,Parasternal_Short,0.295,0.657,0.006,0.042,0.001,0.001,0.003,0.001,0.0,0.0,0.001,0.295,0.656,0.002,0.04,Z:\raw_data\C000000007\VIS-007_SW_data_30-June-2026_11-53-29\output\CombinedData_buffer3_iq.gif,PSAX,False,PSAX,True
C000000007,VIS-007_SW_data_30-June-2026_11-54-10,PSAX,0.908,0.962,Parasternal_Short,0.081,0.908,0.003,0.008,0.0,0.001,0.002,0.001,0.0,0.0,0.0,0.081,0.908,0.001,0.007,Z:\raw_data\C000000007\VIS-007_SW_data_30-June-2026_11-54-10\output\CombinedData_buffer3_iq.gif,PSAX,True,PSAX,False
C000000007,VIS-007_SW_data_30-June-2026_11-57-47,PSAX,0.974,1.0,Parasternal_Short,0.024,0.974,0.001,0.001,0.0,0.0,0.001,0.0,0.0,0.0,0.0,0.024,0.974,0.0,0.001,Z:\raw_data\C000000007\VIS-007_SW_data_30-June-2026_11-57-47\output\CombinedData_buffer3_iq.gif,PSAX,True,PSAX,False
C000000007,VIS-007_SW_data_30-June-2026_11-58-24,PSAX,0.983,1.0,Parasternal_Short,0.015,0.983,0.001,0.002,0.0,0.0,0.0,0.0,0.0,0.0,0.0,0.015,0.982,0.0,0.001,Z:\raw_data\C000000007\VIS-007_SW_data_30-June-2026_11-58-24\output\CombinedData_buffer3_iq.gif,PSAX,True,PSAX,False
C000000007,VIS-007_SW_data_30-June-2026_11-58-59,PSAX,0.986,1.0,Parasternal_Short,0.012,0.986,0.0,0.001,0.0,0.0,0.0,0.0,0.0,0.0,0.0,0.012,0.986,0.0,0.001,Z:\raw_data\C000000007\VIS-007_SW_data_30-June-2026_11-58-59\output\CombinedData_buffer3_iq.gif,PSAX,True,PSAX,False
C000000007,VIS-007_SW_data_30-June-2026_11-59-49,PSAX,0.513,0.462,Parasternal_Short,0.48,0.513,0.005,0.003,0.001,0.001,0.003,0.001,0.0,0.0,0.0,0.48,0.512,0.001,0.002,Z:\raw_data\C000000007\VIS-007_SW_data_30-June-2026_11-59-49\output\CombinedData_buffer3_iq.gif,PSAX,False,PSAX,True
C000000007,VIS-007_SW_data_30-June-2026_12-00-27,PSAX,0.768,0.846,Parasternal_Short,0.224,0.768,0.003,0.005,0.0,0.0,0.001,0.001,0.0,0.0,0.0,0.224,0.768,0.001,0.004,Z:\raw_data\C000000007\VIS-007_SW_data_30-June-2026_12-00-27\output\CombinedData_buffer3_iq.gif,PSAX,False,PSAX,True
C000000007,VIS-007_SW_data_30-June-2026_12-01-29,PSAX,0.57,0.769,Parasternal_Short,0.413,0.57,0.006,0.011,0.001,0.001,0.003,0.001,0.0,0.0,0.0,0.413,0.57,0.002,0.009,Z:\raw_data\C000000007\VIS-007_SW_data_30-June-2026_12-01-29\output\CombinedData_buffer3_iq.gif,PSAX,False,PSAX,True
C000000008,VIS-010_SW_data_03-July-2026_10-36-33,PLAX,0.821,0.923,Parasternal_Long,0.821,0.174,0.003,0.002,0.001,0.0,0.001,0.0,0.0,0.0,0.0,0.821,0.174,0.001,0.001,Z:\raw_data\C000000008\VIS-010_SW_data_03-July-2026_10-36-33\output\CombinedData_buffer3_iq.gif,PLAX,True,PLAX,False
C000000008,VIS-010_SW_data_03-July-2026_10-37-16,PLAX,0.903,0.962,Parasternal_Long,0.903,0.092,0.004,0.001,0.001,0.0,0.002,0.0,0.0,0.0,0.0,0.903,0.092,0.0,0.001,Z:\raw_data\C000000008\VIS-010_SW_data_03-July-2026_10-37-16\output\CombinedData_buffer3_iq.gif,PLAX,True,PLAX,False
C000000008,VIS-010_SW_data_03-July-2026_10-37-44,PLAX,0.882,1.0,Parasternal_Long,0.882,0.112,0.005,0.001,0.002,0.001,0.002,0.0,0.0,0.0,0.0,0.882,0.112,0.001,0.001,Z:\raw_data\C000000008\VIS-010_SW_data_03-July-2026_10-37-44\output\CombinedData_buffer3_iq.gif,PLAX,True,PLAX,False
C000000008,VIS-010_SW_data_03-July-2026_10-38-22,PLAX,0.637,0.731,Parasternal_Long,0.637,0.347,0.013,0.003,0.005,0.002,0.007,0.0,0.0,0.0,0.0,0.637,0.347,0.001,0.002,Z:\raw_data\C000000008\VIS-010_SW_data_03-July-2026_10-38-22\output\CombinedData_buffer3_iq.gif,PLAX,False,PLAX,True
C000000008,VIS-010_SW_data_03-July-2026_10-39-08,PLAX,0.745,0.962,Parasternal_Long,0.745,0.226,0.025,0.004,0.007,0.004,0.013,0.0,0.0,0.0,0.0,0.745,0.226,0.001,0.003,Z:\raw_data\C000000008\VIS-010_SW_data_03-July-2026_10-39-08\output\CombinedData_buffer3_iq.gif,PLAX,False,PLAX,True
C000000008,VIS-010_SW_data_03-July-2026_10-39-52,PLAX,0.876,1.0,Parasternal_Long,0.876,0.111,0.009,0.004,0.002,0.003,0.003,0.0,0.0,0.0,0.0,0.876,0.111,0.001,0.003,Z:\raw_data\C000000008\VIS-010_SW_data_03-July-2026_10-39-52\output\CombinedData_buffer3_iq.gif,PLAX,True,PLAX,False
C000000008,VIS-010_SW_data_03-July-2026_10-40-54,PSAX,0.771,0.846,Parasternal_Short,0.178,0.771,0.005,0.046,0.002,0.001,0.001,0.0,0.0,0.0,0.0,0.178,0.77,0.039,0.007,Z:\raw_data\C000000008\VIS-010_SW_data_03-July-2026_10-40-54\output\CombinedData_buffer3_iq.gif,PSAX,False,PSAX,True
C000000008,VIS-010_SW_data_03-July-2026_10-41-24,PSAX,0.819,0.923,Parasternal_Short,0.117,0.819,0.007,0.057,0.003,0.001,0.002,0.0,0.0,0.0,0.001,0.117,0.818,0.046,0.011,Z:\raw_data\C000000008\VIS-010_SW_data_03-July-2026_10-41-24\output\CombinedData_buffer3_iq.gif,PSAX,True,PSAX,False
C000000008,VIS-010_SW_data_03-July-2026_10-41-56,PSAX,0.662,0.769,Parasternal_Short,0.229,0.662,0.007,0.101,0.003,0.002,0.002,0.0,0.0,0.0,0.001,0.228,0.662,0.08,0.022,Z:\raw_data\C000000008\VIS-010_SW_data_03-July-2026_10-41-56\output\CombinedData_buffer3_iq.gif,PSAX,False,PSAX,True
C000000008,VIS-010_SW_data_03-July-2026_10-42-38,PSAX,0.867,1.0,Parasternal_Short,0.105,0.867,0.007,0.021,0.004,0.001,0.002,0.0,0.0,0.0,0.001,0.105,0.867,0.016,0.005,Z:\raw_data\C000000008\VIS-010_SW_data_03-July-2026_10-42-38\output\CombinedData_buffer3_iq.gif,PSAX,True,PSAX,False
C000000008,VIS-010_SW_data_03-July-2026_10-43-23,Other,0.502,0.538,SSN,0.045,0.449,0.004,0.502,0.002,0.001,0.001,0.0,0.0,0.0,0.002,0.045,0.447,0.494,0.008,Z:\raw_data\C000000008\VIS-010_SW_data_03-July-2026_10-43-23\output\CombinedData_buffer3_iq.gif,PSAX,False,PSAX,True
C000000008,VIS-010_SW_data_03-July-2026_10-43-54,PSAX,0.486,0.769,Parasternal_Short,0.199,0.486,0.012,0.303,0.005,0.002,0.004,0.001,0.0,0.001,0.001,0.199,0.485,0.275,0.027,Z:\raw_data\C000000008\VIS-010_SW_data_03-July-2026_10-43-54\output\CombinedData_buffer3_iq.gif,PSAX,False,PSAX,True
C000000008,VIS-010_SW_data_03-July-2026_10-44-27,PSAX,0.479,0.615,Parasternal_Short,0.145,0.479,0.019,0.358,0.009,0.004,0.004,0.001,0.0,0.001,0.001,0.144,0.477,0.349,0.009,Z:\raw_data\C000000008\VIS-010_SW_data_03-July-2026_10-44-27\output\CombinedData_buffer3_iq.gif,PSAX,False,PSAX,True
C000000008,VIS-010_SW_data_03-July-2026_10-44-58,PSAX,0.527,0.654,Parasternal_Short,0.073,0.527,0.009,0.391,0.004,0.002,0.002,0.001,0.0,0.0,0.001,0.073,0.526,0.383,0.008,Z:\raw_data\C000000008\VIS-010_SW_data_03-July-2026_10-44-58\output\CombinedData_buffer3_iq.gif,PSAX,False,PSAX,True
C000000009,VIS-009_SW_data_03-July-2026_09-43-33,PLAX,0.955,1.0,Parasternal_Long,0.955,0.044,0.0,0.0,0.0,0.0,0.0,0.0,0.0,0.0,0.0,0.955,0.044,0.0,0.0,Z:\raw_data\C000000009\VIS-009_SW_data_03-July-2026_09-43-33\output\CombinedData_buffer3_iq.gif,PLAX,True,PLAX,False
C000000009,VIS-009_SW_data_03-July-2026_09-45-12,PLAX,0.979,1.0,Parasternal_Long,0.979,0.021,0.0,0.0,0.0,0.0,0.0,0.0,0.0,0.0,0.0,0.979,0.021,0.0,0.0,Z:\raw_data\C000000009\VIS-009_SW_data_03-July-2026_09-45-12\output\CombinedData_buffer3_iq.gif,PLAX,True,PLAX,False
C000000009,VIS-009_SW_data_03-July-2026_09-45-57,PLAX,0.991,1.0,Parasternal_Long,0.991,0.009,0.0,0.0,0.0,0.0,0.0,0.0,0.0,0.0,0.0,0.991,0.009,0.0,0.0,Z:\raw_data\C000000009\VIS-009_SW_data_03-July-2026_09-45-57\output\CombinedData_buffer3_iq.gif,PLAX,True,PLAX,False
C000000009,VIS-009_SW_data_03-July-2026_09-47-12,PLAX,0.798,0.808,Parasternal_Long,0.798,0.2,0.0,0.001,0.0,0.0,0.0,0.0,0.0,0.0,0.0,0.798,0.2,0.001,0.0,Z:\raw_data\C000000009\VIS-009_SW_data_03-July-2026_09-47-12\output\CombinedData_buffer3_iq.gif,PLAX,False,PLAX,True
C000000009,VIS-009_SW_data_03-July-2026_09-47-50,PLAX,0.996,1.0,Parasternal_Long,0.996,0.004,0.0,0.0,0.0,0.0,0.0,0.0,0.0,0.0,0.0,0.995,0.004,0.0,0.0,Z:\raw_data\C000000009\VIS-009_SW_data_03-July-2026_09-47-50\output\CombinedData_buffer3_iq.gif,PLAX,True,PLAX,False
C000000009,VIS-009_SW_data_03-July-2026_09-48-24,PLAX,0.992,1.0,Parasternal_Long,0.992,0.008,0.0,0.0,0.0,0.0,0.0,0.0,0.0,0.0,0.0,0.992,0.008,0.0,0.0,Z:\raw_data\C000000009\VIS-009_SW_data_03-July-2026_09-48-24\output\CombinedData_buffer3_iq.gif,PLAX,True,PLAX,False
C000000009,VIS-009_SW_data_03-July-2026_09-49-49,PSAX,0.999,1.0,Parasternal_Short,0.001,0.999,0.0,0.0,0.0,0.0,0.0,0.0,0.0,0.0,0.0,0.001,0.999,0.0,0.0,Z:\raw_data\C000000009\VIS-009_SW_data_03-July-2026_09-49-49\output\CombinedData_buffer3_iq.gif,PSAX,True,PSAX,False
C000000009,VIS-009_SW_data_03-July-2026_09-50-42,PSAX,0.997,1.0,Parasternal_Short,0.003,0.997,0.0,0.0,0.0,0.0,0.0,0.0,0.0,0.0,0.0,0.003,0.997,0.0,0.0,Z:\raw_data\C000000009\VIS-009_SW_data_03-July-2026_09-50-42\output\CombinedData_buffer3_iq.gif,PSAX,True,PSAX,False
C000000009,VIS-009_SW_data_03-July-2026_09-51-59,PSAX,0.996,1.0,Parasternal_Short,0.004,0.996,0.0,0.0,0.0,0.0,0.0,0.0,0.0,0.0,0.0,0.004,0.996,0.0,0.0,Z:\raw_data\C000000009\VIS-009_SW_data_03-July-2026_09-51-59\output\CombinedData_buffer3_iq.gif,PSAX,True,PSAX,False
C000000009,VIS-009_SW_data_03-July-2026_09-54-19,PSAX,0.998,1.0,Parasternal_Short,0.002,0.998,0.0,0.0,0.0,0.0,0.0,0.0,0.0,0.0,0.0,0.002,0.998,0.0,0.0,Z:\raw_data\C000000009\VIS-009_SW_data_03-July-2026_09-54-19\output\CombinedData_buffer3_iq.gif,PSAX,True,PSAX,False
C000000009,VIS-009_SW_data_03-July-2026_09-55-35,PSAX,0.998,1.0,Parasternal_Short,0.002,0.998,0.0,0.0,0.0,0.0,0.0,0.0,0.0,0.0,0.0,0.002,0.998,0.0,0.0,Z:\raw_data\C000000009\VIS-009_SW_data_03-July-2026_09-55-35\output\CombinedData_buffer3_iq.gif,PSAX,True,PSAX,False
C000000009,VIS-009_SW_data_03-July-2026_09-56-29,PSAX,0.998,1.0,Parasternal_Short,0.002,0.998,0.0,0.0,0.0,0.0,0.0,0.0,0.0,0.0,0.0,0.002,0.997,0.0,0.0,Z:\raw_data\C000000009\VIS-009_SW_data_03-July-2026_09-56-29\output\CombinedData_buffer3_iq.gif,PSAX,True,PSAX,False
C000000009,VIS-009_SW_data_03-July-2026_09-57-15,PSAX,0.923,1.0,Parasternal_Short,0.059,0.923,0.002,0.017,0.0,0.0,0.001,0.0,0.0,0.0,0.0,0.059,0.922,0.0,0.016,Z:\raw_data\C000000009\VIS-009_SW_data_03-July-2026_09-57-15\output\CombinedData_buffer3_iq.gif,PSAX,True,PSAX,False
C000000009,VIS-009_SW_data_03-July-2026_09-57-46,PSAX,0.966,1.0,Parasternal_Short,0.03,0.966,0.001,0.003,0.0,0.0,0.0,0.0,0.0,0.0,0.0,0.03,0.966,0.0,0.003,Z:\raw_data\C000000009\VIS-009_SW_data_03-July-2026_09-57-46\output\CombinedData_buffer3_iq.gif,PSAX,True,PSAX,False
C000000009,VIS-009_SW_data_03-July-2026_09-58-21,PSAX,0.991,1.0,Parasternal_Short,0.008,0.991,0.0,0.001,0.0,0.0,0.0,0.0,0.0,0.0,0.0,0.008,0.991,0.0,0.001,Z:\raw_data\C000000009\VIS-009_SW_data_03-July-2026_09-58-21\output\CombinedData_buffer3_iq.gif,PSAX,True,PSAX,False
C000000009,VIS-009_SW_data_03-July-2026_10-02-09,Apical,0.999,1.0,A4C,0.0,0.001,0.999,0.0,0.012,0.0,0.977,0.009,0.0,0.0,0.0,0.0,0.001,0.0,0.0,Z:\raw_data\C000000009\VIS-009_SW_data_03-July-2026_10-02-09\output\CombinedData_buffer3_iq.gif,PSAX,True,Apical,True
C000000010,vis-006_SW_data_30-June-2026_09-43-28,PLAX,0.984,1.0,Parasternal_Long,0.984,0.015,0.0,0.0,0.0,0.0,0.0,0.0,0.0,0.0,0.0,0.984,0.015,0.0,0.0,Z:\raw_data\C000000010\vis-006_SW_data_30-June-2026_09-43-28\output\CombinedData_buffer3_iq.gif,PLAX,True,PLAX,False
C000000010,vis-006_SW_data_30-June-2026_09-44-14,PLAX,0.979,1.0,Parasternal_Long,0.979,0.02,0.0,0.001,0.0,0.0,0.0,0.0,0.0,0.0,0.0,0.979,0.02,0.0,0.001,Z:\raw_data\C000000010\vis-006_SW_data_30-June-2026_09-44-14\output\CombinedData_buffer3_iq.gif,PLAX,True,PLAX,False
C000000010,vis-006_SW_data_30-June-2026_09-44-49,PLAX,0.969,1.0,Parasternal_Long,0.969,0.03,0.0,0.001,0.0,0.0,0.0,0.0,0.0,0.0,0.0,0.969,0.03,0.0,0.001,Z:\raw_data\C000000010\vis-006_SW_data_30-June-2026_09-44-49\output\CombinedData_buffer3_iq.gif,PLAX,True,PLAX,False
C000000010,vis-006_SW_data_30-June-2026_09-46-57,PLAX,0.964,1.0,Parasternal_Long,0.964,0.034,0.001,0.001,0.0,0.001,0.0,0.0,0.0,0.0,0.0,0.964,0.034,0.0,0.001,Z:\raw_data\C000000010\vis-006_SW_data_30-June-2026_09-46-57\output\CombinedData_buffer3_iq.gif,PLAX,True,PLAX,False
C000000010,vis-006_SW_data_30-June-2026_09-47-28,PLAX,0.991,1.0,Parasternal_Long,0.991,0.009,0.0,0.0,0.0,0.0,0.0,0.0,0.0,0.0,0.0,0.99,0.009,0.0,0.0,Z:\raw_data\C000000010\vis-006_SW_data_30-June-2026_09-47-28\output\CombinedData_buffer3_iq.gif,PLAX,True,PLAX,False
C000000010,vis-006_SW_data_30-June-2026_09-48-33,PLAX,0.963,1.0,Parasternal_Long,0.963,0.036,0.0,0.0,0.0,0.0,0.0,0.0,0.0,0.0,0.0,0.963,0.036,0.0,0.0,Z:\raw_data\C000000010\vis-006_SW_data_30-June-2026_09-48-33\output\CombinedData_buffer3_iq.gif,PLAX,True,PLAX,False
C000000010,vis-006_SW_data_30-June-2026_09-50-42,PSAX,0.997,1.0,Parasternal_Short,0.002,0.997,0.0,0.0,0.0,0.0,0.0,0.0,0.0,0.0,0.0,0.002,0.997,0.0,0.0,Z:\raw_data\C000000010\vis-006_SW_data_30-June-2026_09-50-42\output\CombinedData_buffer3_iq.gif,PSAX,True,PSAX,False
C000000010,vis-006_SW_data_30-June-2026_09-51-19,PSAX,0.988,1.0,Parasternal_Short,0.009,0.988,0.001,0.002,0.0,0.0,0.0,0.0,0.0,0.0,0.0,0.009,0.988,0.001,0.001,Z:\raw_data\C000000010\vis-006_SW_data_30-June-2026_09-51-19\output\CombinedData_buffer3_iq.gif,PSAX,True,PSAX,False
C000000010,vis-006_SW_data_30-June-2026_09-52-14,PSAX,0.783,1.0,Parasternal_Short,0.103,0.783,0.004,0.11,0.001,0.001,0.002,0.0,0.0,0.0,0.001,0.102,0.782,0.091,0.019,Z:\raw_data\C000000010\vis-006_SW_data_30-June-2026_09-52-14\output\CombinedData_buffer3_iq.gif,PSAX,False,PSAX,True
C000000010,vis-006_SW_data_30-June-2026_09-53-44,PSAX,0.986,1.0,Parasternal_Short,0.012,0.986,0.001,0.002,0.0,0.0,0.0,0.0,0.0,0.0,0.0,0.012,0.986,0.001,0.001,Z:\raw_data\C000000010\vis-006_SW_data_30-June-2026_09-53-44\output\CombinedData_buffer3_iq.gif,PSAX,True,PSAX,False
C000000010,vis-006_SW_data_30-June-2026_09-55-00,PSAX,0.907,1.0,Parasternal_Short,0.056,0.907,0.004,0.033,0.0,0.001,0.003,0.001,0.0,0.0,0.001,0.056,0.905,0.007,0.027,Z:\raw_data\C000000010\vis-006_SW_data_30-June-2026_09-55-00\output\CombinedData_buffer3_iq.gif,PSAX,True,PSAX,False
C000000010,vis-006_SW_data_30-June-2026_09-55-36,PSAX,0.779,0.962,Parasternal_Short,0.138,0.779,0.009,0.074,0.003,0.001,0.004,0.001,0.0,0.001,0.003,0.137,0.776,0.05,0.024,Z:\raw_data\C000000010\vis-006_SW_data_30-June-2026_09-55-36\output\CombinedData_buffer3_iq.gif,PSAX,False,PSAX,True
C000000010,vis-006_SW_data_30-June-2026_09-56-24,PSAX,0.84,0.923,Parasternal_Short,0.127,0.84,0.003,0.03,0.0,0.0,0.001,0.001,0.0,0.0,0.002,0.127,0.838,0.005,0.025,Z:\raw_data\C000000010\vis-006_SW_data_30-June-2026_09-56-24\output\CombinedData_buffer3_iq.gif,PSAX,True,PSAX,False
C000000010,vis-006_SW_data_30-June-2026_09-56-54,PSAX,0.929,1.0,Parasternal_Short,0.042,0.929,0.003,0.026,0.0,0.0,0.002,0.0,0.0,0.0,0.003,0.042,0.926,0.01,0.016,Z:\raw_data\C000000010\vis-006_SW_data_30-June-2026_09-56-54\output\CombinedData_buffer3_iq.gif,PSAX,True,PSAX,False
C000000011,VIS-11_SW_data_07-July-2026_08-40-05,PLAX,0.802,1.0,Parasternal_Long,0.802,0.187,0.002,0.008,0.0,0.001,0.001,0.0,0.0,0.0,0.0,0.802,0.187,0.002,0.007,Z:\raw_data\C000000011\VIS-11_SW_data_07-July-2026_08-40-05\output\CombinedData_buffer3_iq.gif,PLAX,True,PLAX,False
C000000011,VIS-11_SW_data_07-July-2026_08-40-50,PLAX,0.933,1.0,Parasternal_Long,0.933,0.037,0.002,0.028,0.0,0.0,0.001,0.0,0.0,0.0,0.0,0.933,0.037,0.001,0.027,Z:\raw_data\C000000011\VIS-11_SW_data_07-July-2026_08-40-50\output\CombinedData_buffer3_iq.gif,PLAX,True,PLAX,False
C000000011,VIS-11_SW_data_07-July-2026_08-42-03,PLAX,0.996,1.0,Parasternal_Long,0.996,0.003,0.0,0.001,0.0,0.0,0.0,0.0,0.0,0.0,0.0,0.996,0.003,0.0,0.0,Z:\raw_data\C000000011\VIS-11_SW_data_07-July-2026_08-42-03\output\CombinedData_buffer3_iq.gif,PLAX,True,PLAX,False
C000000011,VIS-11_SW_data_07-July-2026_08-42-55,PLAX,0.991,1.0,Parasternal_Long,0.991,0.007,0.0,0.001,0.0,0.0,0.0,0.0,0.0,0.0,0.0,0.991,0.007,0.001,0.001,Z:\raw_data\C000000011\VIS-11_SW_data_07-July-2026_08-42-55\output\CombinedData_buffer3_iq.gif,PLAX,True,PLAX,False
C000000011,VIS-11_SW_data_07-July-2026_08-43-46,PLAX,0.997,1.0,Parasternal_Long,0.997,0.002,0.0,0.001,0.0,0.0,0.0,0.0,0.0,0.0,0.0,0.997,0.002,0.0,0.0,Z:\raw_data\C000000011\VIS-11_SW_data_07-July-2026_08-43-46\output\CombinedData_buffer3_iq.gif,PLAX,True,PLAX,False
C000000011,VIS-11_SW_data_07-July-2026_08-44-19,PLAX,0.996,1.0,Parasternal_Long,0.996,0.003,0.0,0.001,0.0,0.0,0.0,0.0,0.0,0.0,0.0,0.996,0.003,0.0,0.001,Z:\raw_data\C000000011\VIS-11_SW_data_07-July-2026_08-44-19\output\CombinedData_buffer3_iq.gif,PLAX,True,PLAX,False
C000000011,VIS-11_SW_data_07-July-2026_08-47-07,PSAX,0.972,1.0,Parasternal_Short,0.027,0.972,0.0,0.001,0.0,0.0,0.0,0.0,0.0,0.0,0.0,0.027,0.972,0.001,0.0,Z:\raw_data\C000000011\VIS-11_SW_data_07-July-2026_08-47-07\output\CombinedData_buffer3_iq.gif,PSAX,True,PSAX,False
C000000011,VIS-11_SW_data_07-July-2026_08-47-48,PSAX,0.994,1.0,Parasternal_Short,0.006,0.994,0.0,0.0,0.0,0.0,0.0,0.0,0.0,0.0,0.0,0.006,0.994,0.0,0.0,Z:\raw_data\C000000011\VIS-11_SW_data_07-July-2026_08-47-48\output\CombinedData_buffer3_iq.gif,PSAX,True,PSAX,False
C000000011,VIS-11_SW_data_07-July-2026_08-48-43,PSAX,0.871,0.969,Parasternal_Short,0.128,0.871,0.0,0.001,0.0,0.0,0.0,0.0,0.0,0.0,0.0,0.128,0.871,0.0,0.001,Z:\raw_data\C000000011\VIS-11_SW_data_07-July-2026_08-48-43\output\CombinedData_buffer3_iq.gif,PSAX,True,PSAX,False
C000000011,VIS-11_SW_data_07-July-2026_08-50-02,PSAX,0.991,1.0,Parasternal_Short,0.007,0.991,0.0,0.001,0.0,0.0,0.0,0.0,0.0,0.0,0.0,0.007,0.991,0.001,0.0,Z:\raw_data\C000000011\VIS-11_SW_data_07-July-2026_08-50-02\output\CombinedData_buffer3_iq.gif,PSAX,True,PSAX,False
C000000011,VIS-11_SW_data_07-July-2026_08-50-39,PSAX,0.998,1.0,Parasternal_Short,0.001,0.998,0.0,0.0,0.0,0.0,0.0,0.0,0.0,0.0,0.0,0.001,0.998,0.0,0.0,Z:\raw_data\C000000011\VIS-11_SW_data_07-July-2026_08-50-39\output\CombinedData_buffer3_iq.gif,PSAX,True,PSAX,False
C000000011,VIS-11_SW_data_07-July-2026_08-51-19,PSAX,0.999,1.0,Parasternal_Short,0.001,0.999,0.0,0.0,0.0,0.0,0.0,0.0,0.0,0.0,0.0,0.001,0.999,0.0,0.0,Z:\raw_data\C000000011\VIS-11_SW_data_07-July-2026_08-51-19\output\CombinedData_buffer3_iq.gif,PSAX,True,PSAX,False
C000000011,VIS-11_SW_data_07-July-2026_08-52-16,PSAX,0.993,1.0,Parasternal_Short,0.005,0.993,0.0,0.002,0.0,0.0,0.0,0.0,0.0,0.0,0.0,0.005,0.993,0.002,0.0,Z:\raw_data\C000000011\VIS-11_SW_data_07-July-2026_08-52-16\output\CombinedData_buffer3_iq.gif,PSAX,True,PSAX,False
C000000011,VIS-11_SW_data_07-July-2026_08-52-47,PSAX,0.994,1.0,Parasternal_Short,0.004,0.994,0.0,0.002,0.0,0.0,0.0,0.0,0.0,0.0,0.0,0.004,0.994,0.001,0.0,Z:\raw_data\C000000011\VIS-11_SW_data_07-July-2026_08-52-47\output\CombinedData_buffer3_iq.gif,PSAX,True,PSAX,False
C000000011,VIS-11_SW_data_07-July-2026_08-53-32,PSAX,0.996,1.0,Parasternal_Short,0.003,0.996,0.0,0.001,0.0,0.0,0.0,0.0,0.0,0.0,0.0,0.003,0.996,0.001,0.0,Z:\raw_data\C000000011\VIS-11_SW_data_07-July-2026_08-53-32\output\CombinedData_buffer3_iq.gif,PSAX,True,PSAX,False
C000000012,VIS-014_SW_data_07-July-2026_11-41-37,PLAX,0.998,1.0,Parasternal_Long,0.998,0.002,0.0,0.0,0.0,0.0,0.0,0.0,0.0,0.0,0.0,0.998,0.002,0.0,0.0,Z:\raw_data\C000000012\VIS-014_SW_data_07-July-2026_11-41-37\output\CombinedData_buffer3_iq.gif,PLAX,True,PLAX,False
C000000012,VIS-014_SW_data_07-July-2026_11-42-46,PLAX,0.997,1.0,Parasternal_Long,0.997,0.003,0.0,0.0,0.0,0.0,0.0,0.0,0.0,0.0,0.0,0.997,0.003,0.0,0.0,Z:\raw_data\C000000012\VIS-014_SW_data_07-July-2026_11-42-46\output\CombinedData_buffer3_iq.gif,PLAX,True,PLAX,False
C000000012,VIS-014_SW_data_07-July-2026_11-43-19,PLAX,0.997,1.0,Parasternal_Long,0.997,0.003,0.0,0.0,0.0,0.0,0.0,0.0,0.0,0.0,0.0,0.997,0.003,0.0,0.0,Z:\raw_data\C000000012\VIS-014_SW_data_07-July-2026_11-43-19\output\CombinedData_buffer3_iq.gif,PLAX,True,PLAX,False
C000000012,VIS-014_SW_data_07-July-2026_11-47-54,PLAX,0.989,1.0,Parasternal_Long,0.989,0.01,0.001,0.0,0.0,0.0,0.001,0.0,0.0,0.0,0.0,0.989,0.01,0.0,0.0,Z:\raw_data\C000000012\VIS-014_SW_data_07-July-2026_11-47-54\output\CombinedData_buffer3_iq.gif,PLAX,True,PLAX,False
C000000012,VIS-014_SW_data_07-July-2026_11-51-16,PLAX,0.997,1.0,Parasternal_Long,0.997,0.003,0.0,0.0,0.0,0.0,0.0,0.0,0.0,0.0,0.0,0.997,0.003,0.0,0.0,Z:\raw_data\C000000012\VIS-014_SW_data_07-July-2026_11-51-16\output\CombinedData_buffer3_iq.gif,PLAX,True,PLAX,False
C000000012,VIS-014_SW_data_07-July-2026_11-52-00,PLAX,0.984,1.0,Parasternal_Long,0.984,0.015,0.001,0.0,0.0,0.0,0.0,0.0,0.0,0.0,0.0,0.984,0.015,0.0,0.0,Z:\raw_data\C000000012\VIS-014_SW_data_07-July-2026_11-52-00\output\CombinedData_buffer3_iq.gif,PLAX,True,PLAX,False
C000000012,VIS-014_SW_data_07-July-2026_11-52-35,PLAX,0.98,1.0,Parasternal_Long,0.98,0.019,0.0,0.0,0.0,0.0,0.0,0.0,0.0,0.0,0.0,0.98,0.019,0.0,0.0,Z:\raw_data\C000000012\VIS-014_SW_data_07-July-2026_11-52-35\output\CombinedData_buffer3_iq.gif,PLAX,True,PLAX,False
C000000012,VIS-014_SW_data_07-July-2026_11-53-20,PLAX,0.991,1.0,Parasternal_Long,0.991,0.007,0.001,0.0,0.0,0.0,0.001,0.0,0.0,0.0,0.0,0.991,0.007,0.0,0.0,Z:\raw_data\C000000012\VIS-014_SW_data_07-July-2026_11-53-20\output\CombinedData_buffer3_iq.gif,PLAX,True,PLAX,False
C000000012,VIS-014_SW_data_07-July-2026_11-55-12,PLAX,0.984,1.0,Parasternal_Long,0.984,0.016,0.0,0.0,0.0,0.0,0.0,0.0,0.0,0.0,0.0,0.984,0.016,0.0,0.0,Z:\raw_data\C000000012\VIS-014_SW_data_07-July-2026_11-55-12\output\CombinedData_buffer3_iq.gif,PLAX,True,PLAX,False
C000000012,VIS-014_SW_data_07-July-2026_11-55-56,PSAX,0.793,0.844,Parasternal_Short,0.089,0.793,0.007,0.11,0.004,0.001,0.002,0.0,0.0,0.0,0.001,0.089,0.793,0.102,0.009,Z:\raw_data\C000000012\VIS-014_SW_data_07-July-2026_11-55-56\output\CombinedData_buffer3_iq.gif,PSAX,False,PSAX,True
C000000012,VIS-014_SW_data_07-July-2026_11-56-44,PSAX,0.756,0.875,Parasternal_Short,0.166,0.756,0.015,0.063,0.007,0.002,0.005,0.001,0.0,0.0,0.001,0.166,0.756,0.04,0.023,Z:\raw_data\C000000012\VIS-014_SW_data_07-July-2026_11-56-44\output\CombinedData_buffer3_iq.gif,PSAX,False,PSAX,True
C000000012,VIS-014_SW_data_07-July-2026_12-03-49,PSAX,0.6,0.719,Parasternal_Short,0.257,0.6,0.01,0.133,0.002,0.0,0.006,0.001,0.0,0.0,0.0,0.257,0.6,0.1,0.034,Z:\raw_data\C000000012\VIS-014_SW_data_07-July-2026_12-03-49\output\CombinedData_buffer3_iq.gif,PSAX,False,PSAX,True
C000000012,VIS-014_SW_data_07-July-2026_12-04-31,PSAX,0.806,0.906,Parasternal_Short,0.04,0.806,0.012,0.142,0.004,0.001,0.006,0.001,0.0,0.0,0.0,0.04,0.806,0.137,0.005,Z:\raw_data\C000000012\VIS-014_SW_data_07-July-2026_12-04-31\output\CombinedData_buffer3_iq.gif,PSAX,True,PSAX,False
C000000012,VIS-014_SW_data_07-July-2026_12-05-09,PSAX,0.929,0.969,Parasternal_Short,0.025,0.929,0.009,0.036,0.003,0.001,0.005,0.0,0.0,0.0,0.0,0.025,0.929,0.032,0.004,Z:\raw_data\C000000012\VIS-014_SW_data_07-July-2026_12-05-09\output\CombinedData_buffer3_iq.gif,PSAX,True,PSAX,False
C000000012,VIS-014_SW_data_07-July-2026_12-05-40,PLAX,0.958,1.0,Parasternal_Long,0.958,0.04,0.001,0.001,0.0,0.0,0.001,0.0,0.0,0.0,0.0,0.958,0.04,0.0,0.0,Z:\raw_data\C000000012\VIS-014_SW_data_07-July-2026_12-05-40\output\CombinedData_buffer3_iq.gif,PSAX,True,PLAX,True
C000000012,VIS-014_SW_data_07-July-2026_12-06-10,PLAX,0.916,0.969,Parasternal_Long,0.916,0.079,0.004,0.001,0.0,0.001,0.003,0.0,0.0,0.0,0.0,0.916,0.079,0.0,0.0,Z:\raw_data\C000000012\VIS-014_SW_data_07-July-2026_12-06-10\output\CombinedData_buffer3_iq.gif,PSAX,True,PLAX,True
C000000013,VIS-016_SW_data_10-July-2026_10-11-11,PLAX,0.916,0.938,Parasternal_Long,0.916,0.084,0.0,0.0,0.0,0.0,0.0,0.0,0.0,0.0,0.0,0.916,0.084,0.0,0.0,Z:\raw_data\C000000013\VIS-016_SW_data_10-July-2026_10-11-11\output\CombinedData_buffer3_iq.gif,PLAX,True,PLAX,False
C000000013,VIS-016_SW_data_10-July-2026_10-11-53,PLAX,0.93,0.938,Parasternal_Long,0.93,0.07,0.0,0.0,0.0,0.0,0.0,0.0,0.0,0.0,0.0,0.93,0.07,0.0,0.0,Z:\raw_data\C000000013\VIS-016_SW_data_10-July-2026_10-11-53\output\CombinedData_buffer3_iq.gif,PLAX,True,PLAX,False
C000000013,VIS-016_SW_data_10-July-2026_10-12-47,PLAX,0.99,1.0,Parasternal_Long,0.99,0.01,0.0,0.0,0.0,0.0,0.0,0.0,0.0,0.0,0.0,0.99,0.01,0.0,0.0,Z:\raw_data\C000000013\VIS-016_SW_data_10-July-2026_10-12-47\output\CombinedData_buffer3_iq.gif,PLAX,True,PLAX,False
C000000013,VIS-016_SW_data_10-July-2026_10-13-38,PLAX,0.931,0.938,Parasternal_Long,0.931,0.069,0.0,0.0,0.0,0.0,0.0,0.0,0.0,0.0,0.0,0.931,0.069,0.0,0.0,Z:\raw_data\C000000013\VIS-016_SW_data_10-July-2026_10-13-38\output\CombinedData_buffer3_iq.gif,PLAX,True,PLAX,False
C000000013,VIS-016_SW_data_10-July-2026_10-14-12,PLAX,0.975,1.0,Parasternal_Long,0.975,0.025,0.0,0.0,0.0,0.0,0.0,0.0,0.0,0.0,0.0,0.975,0.025,0.0,0.0,Z:\raw_data\C000000013\VIS-016_SW_data_10-July-2026_10-14-12\output\CombinedData_buffer3_iq.gif,PLAX,True,PLAX,False
C000000013,VIS-016_SW_data_10-July-2026_10-14-46,PLAX,0.99,1.0,Parasternal_Long,0.99,0.01,0.0,0.0,0.0,0.0,0.0,0.0,0.0,0.0,0.0,0.99,0.01,0.0,0.0,Z:\raw_data\C000000013\VIS-016_SW_data_10-July-2026_10-14-46\output\CombinedData_buffer3_iq.gif,PLAX,True,PLAX,False
C000000013,VIS-016_SW_data_10-July-2026_10-16-00,PSAX,0.999,1.0,Parasternal_Short,0.001,0.999,0.0,0.0,0.0,0.0,0.0,0.0,0.0,0.0,0.0,0.001,0.999,0.0,0.0,Z:\raw_data\C000000013\VIS-016_SW_data_10-July-2026_10-16-00\output\CombinedData_buffer3_iq.gif,PSAX,True,PSAX,False
C000000013,VIS-016_SW_data_10-July-2026_10-16-57,PSAX,0.999,1.0,Parasternal_Short,0.001,0.999,0.0,0.0,0.0,0.0,0.0,0.0,0.0,0.0,0.0,0.001,0.999,0.0,0.0,Z:\raw_data\C000000013\VIS-016_SW_data_10-July-2026_10-16-57\output\CombinedData_buffer3_iq.gif,PSAX,True,PSAX,False
C000000013,VIS-016_SW_data_10-July-2026_10-17-32,PSAX,0.998,1.0,Parasternal_Short,0.002,0.998,0.0,0.0,0.0,0.0,0.0,0.0,0.0,0.0,0.0,0.002,0.998,0.0,0.0,Z:\raw_data\C000000013\VIS-016_SW_data_10-July-2026_10-17-32\output\CombinedData_buffer3_iq.gif,PSAX,True,PSAX,False
C000000013,VIS-016_SW_data_10-July-2026_10-18-26,PSAX,0.997,1.0,Parasternal_Short,0.003,0.997,0.0,0.0,0.0,0.0,0.0,0.0,0.0,0.0,0.0,0.003,0.996,0.0,0.0,Z:\raw_data\C000000013\VIS-016_SW_data_10-July-2026_10-18-26\output\CombinedData_buffer3_iq.gif,PSAX,True,PSAX,False
C000000013,VIS-016_SW_data_10-July-2026_10-19-06,PSAX,0.991,1.0,Parasternal_Short,0.007,0.991,0.0,0.001,0.0,0.0,0.0,0.0,0.0,0.0,0.001,0.007,0.991,0.0,0.001,Z:\raw_data\C000000013\VIS-016_SW_data_10-July-2026_10-19-06\output\CombinedData_buffer3_iq.gif,PSAX,True,PSAX,False
C000000013,VIS-016_SW_data_10-July-2026_10-19-58,PSAX,0.997,1.0,Parasternal_Short,0.003,0.997,0.0,0.0,0.0,0.0,0.0,0.0,0.0,0.0,0.0,0.003,0.997,0.0,0.0,Z:\raw_data\C000000013\VIS-016_SW_data_10-July-2026_10-19-58\output\CombinedData_buffer3_iq.gif,PSAX,True,PSAX,False
C000000013,VIS-016_SW_data_10-July-2026_10-20-33,PSAX,0.985,1.0,Parasternal_Short,0.012,0.985,0.001,0.002,0.0,0.0,0.0,0.0,0.0,0.0,0.001,0.012,0.984,0.0,0.002,Z:\raw_data\C000000013\VIS-016_SW_data_10-July-2026_10-20-33\output\CombinedData_buffer3_iq.gif,PSAX,True,PSAX,False
C000000013,VIS-016_SW_data_10-July-2026_10-21-05,PSAX,0.981,1.0,Parasternal_Short,0.014,0.981,0.001,0.003,0.0,0.0,0.001,0.0,0.0,0.0,0.002,0.014,0.98,0.001,0.003,Z:\raw_data\C000000013\VIS-016_SW_data_10-July-2026_10-21-05\output\CombinedData_buffer3_iq.gif,PSAX,True,PSAX,False
C000000013,VIS-016_SW_data_10-July-2026_10-22-00,PSAX,0.982,1.0,Parasternal_Short,0.014,0.982,0.001,0.003,0.0,0.0,0.001,0.0,0.0,0.0,0.001,0.014,0.981,0.0,0.003,Z:\raw_data\C000000013\VIS-016_SW_data_10-July-2026_10-22-00\output\CombinedData_buffer3_iq.gif,PSAX,True,PSAX,False
C000000014,VIS-008_SW_data_10-July-2026_08-36-06,PLAX,0.984,1.0,Parasternal_Long,0.984,0.016,0.0,0.0,0.0,0.0,0.0,0.0,0.0,0.0,0.0,0.984,0.016,0.0,0.0,Z:\raw_data\C000000014\VIS-008_SW_data_10-July-2026_08-36-06\output\CombinedData_buffer3_iq.gif,PLAX,True,PLAX,False
C000000014,VIS-008_SW_data_10-July-2026_08-38-51,PLAX,0.984,1.0,Parasternal_Long,0.984,0.015,0.0,0.001,0.0,0.0,0.0,0.0,0.0,0.0,0.0,0.984,0.015,0.0,0.001,Z:\raw_data\C000000014\VIS-008_SW_data_10-July-2026_08-38-51\output\CombinedData_buffer3_iq.gif,PLAX,True,PLAX,False
C000000014,VIS-008_SW_data_10-July-2026_08-42-17,PLAX,0.873,1.0,Parasternal_Long,0.873,0.126,0.0,0.001,0.0,0.0,0.0,0.0,0.0,0.0,0.0,0.873,0.126,0.0,0.001,Z:\raw_data\C000000014\VIS-008_SW_data_10-July-2026_08-42-17\output\CombinedData_buffer3_iq.gif,PLAX,True,PLAX,False
C000000014,VIS-008_SW_data_10-July-2026_08-43-45,PLAX,0.942,1.0,Parasternal_Long,0.942,0.057,0.0,0.001,0.0,0.0,0.0,0.0,0.0,0.0,0.0,0.942,0.057,0.0,0.001,Z:\raw_data\C000000014\VIS-008_SW_data_10-July-2026_08-43-45\output\CombinedData_buffer3_iq.gif,PLAX,True,PLAX,False
C000000014,VIS-008_SW_data_10-July-2026_08-44-48,PLAX,0.982,1.0,Parasternal_Long,0.982,0.017,0.0,0.001,0.0,0.0,0.0,0.0,0.0,0.0,0.0,0.982,0.017,0.0,0.001,Z:\raw_data\C000000014\VIS-008_SW_data_10-July-2026_08-44-48\output\CombinedData_buffer3_iq.gif,PLAX,True,PLAX,False
C000000014,VIS-008_SW_data_10-July-2026_08-45-21,PLAX,0.993,1.0,Parasternal_Long,0.993,0.007,0.0,0.0,0.0,0.0,0.0,0.0,0.0,0.0,0.0,0.993,0.007,0.0,0.0,Z:\raw_data\C000000014\VIS-008_SW_data_10-July-2026_08-45-21\output\CombinedData_buffer3_iq.gif,PLAX,True,PLAX,False
C000000014,VIS-008_SW_data_10-July-2026_08-49-37,PSAX,0.963,1.0,Parasternal_Short,0.036,0.963,0.0,0.001,0.0,0.0,0.0,0.0,0.0,0.0,0.0,0.036,0.963,0.0,0.0,Z:\raw_data\C000000014\VIS-008_SW_data_10-July-2026_08-49-37\output\CombinedData_buffer3_iq.gif,PSAX,True,PSAX,False
C000000014,VIS-008_SW_data_10-July-2026_08-50-21,PSAX,0.996,1.0,Parasternal_Short,0.004,0.996,0.0,0.0,0.0,0.0,0.0,0.0,0.0,0.0,0.0,0.004,0.996,0.0,0.0,Z:\raw_data\C000000014\VIS-008_SW_data_10-July-2026_08-50-21\output\CombinedData_buffer3_iq.gif,PSAX,True,PSAX,False
C000000014,VIS-008_SW_data_10-July-2026_08-50-58,PSAX,0.995,1.0,Parasternal_Short,0.005,0.995,0.0,0.0,0.0,0.0,0.0,0.0,0.0,0.0,0.0,0.005,0.995,0.0,0.0,Z:\raw_data\C000000014\VIS-008_SW_data_10-July-2026_08-50-58\output\CombinedData_buffer3_iq.gif,PSAX,True,PSAX,False
C000000014,VIS-008_SW_data_10-July-2026_08-51-48,PSAX,0.998,1.0,Parasternal_Short,0.002,0.998,0.0,0.0,0.0,0.0,0.0,0.0,0.0,0.0,0.0,0.002,0.998,0.0,0.0,Z:\raw_data\C000000014\VIS-008_SW_data_10-July-2026_08-51-48\output\CombinedData_buffer3_iq.gif,PSAX,True,PSAX,False
C000000014,VIS-008_SW_data_10-July-2026_08-52-22,PSAX,0.997,1.0,Parasternal_Short,0.002,0.997,0.0,0.0,0.0,0.0,0.0,0.0,0.0,0.0,0.0,0.002,0.997,0.0,0.0,Z:\raw_data\C000000014\VIS-008_SW_data_10-July-2026_08-52-22\output\CombinedData_buffer3_iq.gif,PSAX,True,PSAX,False
C000000014,VIS-008_SW_data_10-July-2026_08-53-00,PSAX,0.999,1.0,Parasternal_Short,0.001,0.999,0.0,0.0,0.0,0.0,0.0,0.0,0.0,0.0,0.0,0.001,0.999,0.0,0.0,Z:\raw_data\C000000014\VIS-008_SW_data_10-July-2026_08-53-00\output\CombinedData_buffer3_iq.gif,PSAX,True,PSAX,False
C000000014,VIS-008_SW_data_10-July-2026_08-53-46,PSAX,0.998,1.0,Parasternal_Short,0.001,0.998,0.0,0.0,0.0,0.0,0.0,0.0,0.0,0.0,0.0,0.001,0.998,0.0,0.0,Z:\raw_data\C000000014\VIS-008_SW_data_10-July-2026_08-53-46\output\CombinedData_buffer3_iq.gif,PSAX,True,PSAX,False
C000000014,VIS-008_SW_data_10-July-2026_08-54-18,PSAX,0.999,1.0,Parasternal_Short,0.001,0.999,0.0,0.0,0.0,0.0,0.0,0.0,0.0,0.0,0.0,0.001,0.999,0.0,0.0,Z:\raw_data\C000000014\VIS-008_SW_data_10-July-2026_08-54-18\output\CombinedData_buffer3_iq.gif,PSAX,True,PSAX,False
C000000014,VIS-008_SW_data_10-July-2026_08-55-26,PSAX,0.949,1.0,Parasternal_Short,0.04,0.949,0.001,0.009,0.0,0.0,0.001,0.0,0.0,0.0,0.0,0.04,0.949,0.006,0.004,Z:\raw_data\C000000014\VIS-008_SW_data_10-July-2026_08-55-26\output\CombinedData_buffer3_iq.gif,PSAX,True,PSAX,False
C000000015,VIS-017_SW_data_10-July-2026_10-53-28,PLAX,0.75,0.75,Parasternal_Long,0.75,0.249,0.0,0.001,0.0,0.0,0.0,0.0,0.0,0.0,0.0,0.75,0.249,0.0,0.0,Z:\raw_data\C000000015\VIS-017_SW_data_10-July-2026_10-53-28\output\CombinedData_buffer3_iq.gif,PLAX,False,PLAX,True
C000000015,VIS-017_SW_data_10-July-2026_10-54-09,PLAX,0.999,1.0,Parasternal_Long,0.999,0.001,0.0,0.0,0.0,0.0,0.0,0.0,0.0,0.0,0.0,0.999,0.001,0.0,0.0,Z:\raw_data\C000000015\VIS-017_SW_data_10-July-2026_10-54-09\output\CombinedData_buffer3_iq.gif,PLAX,True,PLAX,False
C000000015,VIS-017_SW_data_10-July-2026_10-54-55,PLAX,0.994,1.0,Parasternal_Long,0.994,0.006,0.0,0.0,0.0,0.0,0.0,0.0,0.0,0.0,0.0,0.994,0.006,0.0,0.0,Z:\raw_data\C000000015\VIS-017_SW_data_10-July-2026_10-54-55\output\CombinedData_buffer3_iq.gif,PLAX,True,PLAX,False
C000000015,VIS-017_SW_data_10-July-2026_10-55-41,PLAX,0.991,1.0,Parasternal_Long,0.991,0.009,0.0,0.0,0.0,0.0,0.0,0.0,0.0,0.0,0.0,0.991,0.009,0.0,0.0,Z:\raw_data\C000000015\VIS-017_SW_data_10-July-2026_10-55-41\output\CombinedData_buffer3_iq.gif,PLAX,True,PLAX,False
C000000015,VIS-017_SW_data_10-July-2026_10-56-30,PLAX,0.999,1.0,Parasternal_Long,0.999,0.001,0.0,0.0,0.0,0.0,0.0,0.0,0.0,0.0,0.0,0.999,0.001,0.0,0.0,Z:\raw_data\C000000015\VIS-017_SW_data_10-July-2026_10-56-30\output\CombinedData_buffer3_iq.gif,PLAX,True,PLAX,False
C000000015,VIS-017_SW_data_10-July-2026_10-57-02,PLAX,0.996,1.0,Parasternal_Long,0.996,0.003,0.0,0.0,0.0,0.0,0.0,0.0,0.0,0.0,0.0,0.996,0.003,0.0,0.0,Z:\raw_data\C000000015\VIS-017_SW_data_10-July-2026_10-57-02\output\CombinedData_buffer3_iq.gif,PLAX,True,PLAX,False
C000000015,VIS-017_SW_data_10-July-2026_10-57-56,PSAX,0.985,1.0,Parasternal_Short,0.015,0.985,0.0,0.0,0.0,0.0,0.0,0.0,0.0,0.0,0.0,0.015,0.985,0.0,0.0,Z:\raw_data\C000000015\VIS-017_SW_data_10-July-2026_10-57-56\output\CombinedData_buffer3_iq.gif,PSAX,True,PSAX,False
C000000015,VIS-017_SW_data_10-July-2026_10-58-33,PSAX,0.994,1.0,Parasternal_Short,0.006,0.994,0.0,0.0,0.0,0.0,0.0,0.0,0.0,0.0,0.0,0.006,0.994,0.0,0.0,Z:\raw_data\C000000015\VIS-017_SW_data_10-July-2026_10-58-33\output\CombinedData_buffer3_iq.gif,PSAX,True,PSAX,False
C000000015,VIS-017_SW_data_10-July-2026_10-59-04,PSAX,0.996,1.0,Parasternal_Short,0.004,0.996,0.0,0.0,0.0,0.0,0.0,0.0,0.0,0.0,0.0,0.004,0.996,0.0,0.0,Z:\raw_data\C000000015\VIS-017_SW_data_10-July-2026_10-59-04\output\CombinedData_buffer3_iq.gif,PSAX,True,PSAX,False
C000000015,VIS-017_SW_data_10-July-2026_10-59-53,PSAX,0.987,1.0,Parasternal_Short,0.012,0.987,0.0,0.0,0.0,0.0,0.0,0.0,0.0,0.0,0.0,0.012,0.987,0.0,0.0,Z:\raw_data\C000000015\VIS-017_SW_data_10-July-2026_10-59-53\output\CombinedData_buffer3_iq.gif,PSAX,True,PSAX,False
C000000015,VIS-017_SW_data_10-July-2026_11-00-50,PSAX,0.998,1.0,Parasternal_Short,0.002,0.998,0.0,0.0,0.0,0.0,0.0,0.0,0.0,0.0,0.0,0.002,0.998,0.0,0.0,Z:\raw_data\C000000015\VIS-017_SW_data_10-July-2026_11-00-50\output\CombinedData_buffer3_iq.gif,PSAX,True,PSAX,False
C000000015,VIS-017_SW_data_10-July-2026_11-01-40,PSAX,0.998,1.0,Parasternal_Short,0.002,0.998,0.0,0.0,0.0,0.0,0.0,0.0,0.0,0.0,0.0,0.002,0.998,0.0,0.0,Z:\raw_data\C000000015\VIS-017_SW_data_10-July-2026_11-01-40\output\CombinedData_buffer3_iq.gif,PSAX,True,PSAX,False
C000000015,VIS-017_SW_data_10-July-2026_11-02-36,PSAX,0.997,1.0,Parasternal_Short,0.002,0.997,0.0,0.0,0.0,0.0,0.0,0.0,0.0,0.0,0.0,0.002,0.997,0.0,0.0,Z:\raw_data\C000000015\VIS-017_SW_data_10-July-2026_11-02-36\output\CombinedData_buffer3_iq.gif,PSAX,True,PSAX,False
C000000016,VIS-015_SW_data_10-July-2026_09-24-32,PLAX,0.995,1.0,Parasternal_Long,0.995,0.005,0.0,0.0,0.0,0.0,0.0,0.0,0.0,0.0,0.0,0.995,0.005,0.0,0.0,Z:\raw_data\C000000016\VIS-015_SW_data_10-July-2026_09-24-32\output\CombinedData_buffer3_iq.gif,PLAX,True,PLAX,False
C000000016,VIS-015_SW_data_10-July-2026_09-25-23,PLAX,0.93,1.0,Parasternal_Long,0.93,0.069,0.0,0.0,0.0,0.0,0.0,0.0,0.0,0.0,0.0,0.93,0.069,0.0,0.0,Z:\raw_data\C000000016\VIS-015_SW_data_10-July-2026_09-25-23\output\CombinedData_buffer3_iq.gif,PLAX,True,PLAX,False
C000000016,VIS-015_SW_data_10-July-2026_09-26-07,PLAX,0.995,1.0,Parasternal_Long,0.995,0.004,0.0,0.0,0.0,0.0,0.0,0.0,0.0,0.0,0.0,0.995,0.004,0.0,0.0,Z:\raw_data\C000000016\VIS-015_SW_data_10-July-2026_09-26-07\output\CombinedData_buffer3_iq.gif,PLAX,True,PLAX,False
C000000016,VIS-015_SW_data_10-July-2026_09-27-06,PLAX,0.996,1.0,Parasternal_Long,0.996,0.004,0.0,0.0,0.0,0.0,0.0,0.0,0.0,0.0,0.0,0.996,0.004,0.0,0.0,Z:\raw_data\C000000016\VIS-015_SW_data_10-July-2026_09-27-06\output\CombinedData_buffer3_iq.gif,PLAX,True,PLAX,False
C000000016,VIS-015_SW_data_10-July-2026_09-27-54,PLAX,0.989,1.0,Parasternal_Long,0.989,0.011,0.0,0.0,0.0,0.0,0.0,0.0,0.0,0.0,0.0,0.989,0.011,0.0,0.0,Z:\raw_data\C000000016\VIS-015_SW_data_10-July-2026_09-27-54\output\CombinedData_buffer3_iq.gif,PLAX,True,PLAX,False
C000000016,VIS-015_SW_data_10-July-2026_09-29-08,PSAX,0.996,1.0,Parasternal_Short,0.004,0.996,0.0,0.0,0.0,0.0,0.0,0.0,0.0,0.0,0.0,0.004,0.996,0.0,0.0,Z:\raw_data\C000000016\VIS-015_SW_data_10-July-2026_09-29-08\output\CombinedData_buffer3_iq.gif,PSAX,True,PSAX,False
C000000016,VIS-015_SW_data_10-July-2026_09-29-55,PSAX,0.997,1.0,Parasternal_Short,0.003,0.997,0.0,0.0,0.0,0.0,0.0,0.0,0.0,0.0,0.0,0.003,0.997,0.0,0.0,Z:\raw_data\C000000016\VIS-015_SW_data_10-July-2026_09-29-55\output\CombinedData_buffer3_iq.gif,PSAX,True,PSAX,False
C000000016,VIS-015_SW_data_10-July-2026_09-30-28,PSAX,0.997,1.0,Parasternal_Short,0.003,0.997,0.0,0.0,0.0,0.0,0.0,0.0,0.0,0.0,0.0,0.003,0.997,0.0,0.0,Z:\raw_data\C000000016\VIS-015_SW_data_10-July-2026_09-30-28\output\CombinedData_buffer3_iq.gif,PSAX,True,PSAX,False
C000000016,VIS-015_SW_data_10-July-2026_09-31-11,PSAX,0.996,1.0,Parasternal_Short,0.004,0.996,0.0,0.0,0.0,0.0,0.0,0.0,0.0,0.0,0.0,0.004,0.996,0.0,0.0,Z:\raw_data\C000000016\VIS-015_SW_data_10-July-2026_09-31-11\output\CombinedData_buffer3_iq.gif,PSAX,True,PSAX,False
C000000016,VIS-015_SW_data_10-July-2026_09-32-03,PSAX,0.995,1.0,Parasternal_Short,0.004,0.995,0.0,0.0,0.0,0.0,0.0,0.0,0.0,0.0,0.0,0.004,0.995,0.0,0.0,Z:\raw_data\C000000016\VIS-015_SW_data_10-July-2026_09-32-03\output\CombinedData_buffer3_iq.gif,PSAX,True,PSAX,False
C000000016,VIS-015_SW_data_10-July-2026_09-33-05,PSAX,0.995,1.0,Parasternal_Short,0.005,0.995,0.0,0.0,0.0,0.0,0.0,0.0,0.0,0.0,0.0,0.005,0.995,0.0,0.0,Z:\raw_data\C000000016\VIS-015_SW_data_10-July-2026_09-33-05\output\CombinedData_buffer3_iq.gif,PSAX,True,PSAX,False
C000000016,VIS-015_SW_data_10-July-2026_09-33-53,PSAX,0.997,1.0,Parasternal_Short,0.003,0.997,0.0,0.0,0.0,0.0,0.0,0.0,0.0,0.0,0.0,0.003,0.997,0.0,0.0,Z:\raw_data\C000000016\VIS-015_SW_data_10-July-2026_09-33-53\output\CombinedData_buffer3_iq.gif,PSAX,True,PSAX,False
C000000016,VIS-015_SW_data_10-July-2026_09-34-55,PSAX,0.994,1.0,Parasternal_Short,0.006,0.994,0.0,0.001,0.0,0.0,0.0,0.0,0.0,0.0,0.0,0.006,0.994,0.0,0.0,Z:\raw_data\C000000016\VIS-015_SW_data_10-July-2026_09-34-55\output\CombinedData_buffer3_iq.gif,PSAX,True,PSAX,False
C000000016,VIS-015_SW_data_10-July-2026_09-35-44,PSAX,0.995,1.0,Parasternal_Short,0.005,0.995,0.0,0.0,0.0,0.0,0.0,0.0,0.0,0.0,0.0,0.005,0.994,0.0,0.0,Z:\raw_data\C000000016\VIS-015_SW_data_10-July-2026_09-35-44\output\CombinedData_buffer3_iq.gif,PSAX,True,PSAX,False
C000000016,VIS-015_SW_data_10-July-2026_09-36-21,PSAX,0.991,1.0,Parasternal_Short,0.008,0.991,0.0,0.001,0.0,0.0,0.0,0.0,0.0,0.0,0.0,0.008,0.991,0.0,0.001,Z:\raw_data\C000000016\VIS-015_SW_data_10-July-2026_09-36-21\output\CombinedData_buffer3_iq.gif,PSAX,True,PSAX,False
C000000016,VIS-015_SW_data_10-July-2026_09-37-04,PSAX,0.98,1.0,Parasternal_Short,0.017,0.98,0.0,0.002,0.0,0.0,0.0,0.0,0.0,0.0,0.0,0.017,0.979,0.001,0.001,Z:\raw_data\C000000016\VIS-015_SW_data_10-July-2026_09-37-04\output\CombinedData_buffer3_iq.gif,PSAX,True,PSAX,False
C000000016,VIS-015_SW_data_10-July-2026_09-37-46,PSAX,0.974,1.0,Parasternal_Short,0.022,0.974,0.001,0.003,0.0,0.0,0.0,0.0,0.0,0.0,0.0,0.022,0.974,0.0,0.003,Z:\raw_data\C000000016\VIS-015_SW_data_10-July-2026_09-37-46\output\CombinedData_buffer3_iq.gif,PSAX,True,PSAX,False
C000000017,VIS-013_SW_data_07-July-2026_10-52-55,PLAX,0.781,0.906,Parasternal_Long,0.781,0.19,0.027,0.002,0.008,0.012,0.006,0.001,0.0,0.0,0.0,0.781,0.19,0.0,0.002,Z:\raw_data\C000000017\VIS-013_SW_data_07-July-2026_10-52-55\output\CombinedData_buffer3_iq.gif,PLAX,False,PLAX,True
C000000017,VIS-013_SW_data_07-July-2026_10-53-54,PLAX,0.855,0.969,Parasternal_Long,0.855,0.125,0.015,0.004,0.0,0.011,0.003,0.0,0.0,0.0,0.0,0.855,0.125,0.0,0.004,Z:\raw_data\C000000017\VIS-013_SW_data_07-July-2026_10-53-54\output\CombinedData_buffer3_iq.gif,PLAX,True,PLAX,False
C000000017,VIS-013_SW_data_07-July-2026_10-54-33,PLAX,0.914,1.0,Parasternal_Long,0.914,0.072,0.013,0.0,0.0,0.011,0.002,0.0,0.0,0.0,0.0,0.914,0.072,0.0,0.0,Z:\raw_data\C000000017\VIS-013_SW_data_07-July-2026_10-54-33\output\CombinedData_buffer3_iq.gif,PLAX,True,PLAX,False
C000000017,VIS-013_SW_data_07-July-2026_10-55-21,PLAX,0.991,1.0,Parasternal_Long,0.991,0.008,0.0,0.0,0.0,0.0,0.0,0.0,0.0,0.0,0.0,0.991,0.008,0.0,0.0,Z:\raw_data\C000000017\VIS-013_SW_data_07-July-2026_10-55-21\output\CombinedData_buffer3_iq.gif,PLAX,True,PLAX,False
C000000017,VIS-013_SW_data_07-July-2026_10-56-23,PLAX,0.975,1.0,Parasternal_Long,0.975,0.024,0.0,0.001,0.0,0.0,0.0,0.0,0.0,0.0,0.0,0.975,0.024,0.0,0.001,Z:\raw_data\C000000017\VIS-013_SW_data_07-July-2026_10-56-23\output\CombinedData_buffer3_iq.gif,PLAX,True,PLAX,False
C000000017,VIS-013_SW_data_07-July-2026_10-57-19,PLAX,0.976,1.0,Parasternal_Long,0.976,0.022,0.002,0.001,0.0,0.002,0.0,0.0,0.0,0.0,0.0,0.976,0.022,0.0,0.0,Z:\raw_data\C000000017\VIS-013_SW_data_07-July-2026_10-57-19\output\CombinedData_buffer3_iq.gif,PLAX,True,PLAX,False
C000000017,VIS-013_SW_data_07-July-2026_10-58-36,PSAX,0.993,1.0,Parasternal_Short,0.004,0.993,0.0,0.002,0.0,0.0,0.0,0.0,0.0,0.0,0.0,0.004,0.993,0.001,0.001,Z:\raw_data\C000000017\VIS-013_SW_data_07-July-2026_10-58-36\output\CombinedData_buffer3_iq.gif,PSAX,True,PSAX,False
C000000017,VIS-013_SW_data_07-July-2026_10-59-19,PSAX,0.998,1.0,Parasternal_Short,0.002,0.998,0.0,0.0,0.0,0.0,0.0,0.0,0.0,0.0,0.0,0.002,0.997,0.0,0.0,Z:\raw_data\C000000017\VIS-013_SW_data_07-July-2026_10-59-19\output\CombinedData_buffer3_iq.gif,PSAX,True,PSAX,False
C000000017,VIS-013_SW_data_07-July-2026_11-00-34,PSAX,0.998,1.0,Parasternal_Short,0.002,0.998,0.0,0.0,0.0,0.0,0.0,0.0,0.0,0.0,0.0,0.002,0.998,0.0,0.0,Z:\raw_data\C000000017\VIS-013_SW_data_07-July-2026_11-00-34\output\CombinedData_buffer3_iq.gif,PSAX,True,PSAX,False
C000000017,VIS-013_SW_data_07-July-2026_11-01-20,PSAX,0.965,0.969,Parasternal_Short,0.032,0.965,0.001,0.002,0.001,0.0,0.0,0.0,0.0,0.0,0.0,0.032,0.965,0.001,0.001,Z:\raw_data\C000000017\VIS-013_SW_data_07-July-2026_11-01-20\output\CombinedData_buffer3_iq.gif,PSAX,True,PSAX,False
C000000017,VIS-013_SW_data_07-July-2026_11-02-03,PSAX,0.994,1.0,Parasternal_Short,0.005,0.994,0.001,0.0,0.001,0.0,0.0,0.0,0.0,0.0,0.0,0.005,0.994,0.0,0.0,Z:\raw_data\C000000017\VIS-013_SW_data_07-July-2026_11-02-03\output\CombinedData_buffer3_iq.gif,PSAX,True,PSAX,False
C000000017,VIS-013_SW_data_07-July-2026_11-03-32,PSAX,0.996,1.0,Parasternal_Short,0.002,0.996,0.001,0.001,0.0,0.0,0.0,0.0,0.0,0.0,0.0,0.002,0.996,0.001,0.0,Z:\raw_data\C000000017\VIS-013_SW_data_07-July-2026_11-03-32\output\CombinedData_buffer3_iq.gif,PSAX,True,PSAX,False
C000000017,VIS-013_SW_data_07-July-2026_11-04-32,PSAX,0.997,1.0,Parasternal_Short,0.002,0.997,0.001,0.0,0.0,0.0,0.0,0.0,0.0,0.0,0.0,0.002,0.997,0.0,0.0,Z:\raw_data\C000000017\VIS-013_SW_data_07-July-2026_11-04-32\output\CombinedData_buffer3_iq.gif,PSAX,True,PSAX,False
C000000017,VIS-013_SW_data_07-July-2026_11-05-11,PSAX,0.985,1.0,Parasternal_Short,0.012,0.985,0.001,0.002,0.001,0.0,0.001,0.0,0.0,0.0,0.0,0.012,0.985,0.001,0.0,Z:\raw_data\C000000017\VIS-013_SW_data_07-July-2026_11-05-11\output\CombinedData_buffer3_iq.gif,PSAX,True,PSAX,False
C000000017,VIS-013_SW_data_07-July-2026_11-05-54,PSAX,0.985,1.0,Parasternal_Short,0.013,0.985,0.001,0.001,0.0,0.0,0.001,0.0,0.0,0.0,0.0,0.013,0.985,0.001,0.0,Z:\raw_data\C000000017\VIS-013_SW_data_07-July-2026_11-05-54\output\CombinedData_buffer3_iq.gif,PSAX,True,PSAX,False
C000000018,VIS-012_SW_data_07-July-2026_09-21-31,PLAX,0.997,1.0,Parasternal_Long,0.997,0.003,0.0,0.0,0.0,0.0,0.0,0.0,0.0,0.0,0.0,0.997,0.003,0.0,0.0,Z:\raw_data\C000000018\VIS-012_SW_data_07-July-2026_09-21-31\output\CombinedData_buffer3_iq.gif,PLAX,True,PLAX,False
C000000018,VIS-012_SW_data_07-July-2026_09-22-43,PLAX,0.921,1.0,Parasternal_Long,0.921,0.072,0.007,0.0,0.0,0.002,0.004,0.0,0.0,0.0,0.0,0.921,0.072,0.0,0.0,Z:\raw_data\C000000018\VIS-012_SW_data_07-July-2026_09-22-43\output\CombinedData_buffer3_iq.gif,PLAX,True,PLAX,False
C000000018,VIS-012_SW_data_07-July-2026_09-23-42,PLAX,0.999,1.0,Parasternal_Long,0.999,0.001,0.0,0.0,0.0,0.0,0.0,0.0,0.0,0.0,0.0,0.998,0.001,0.0,0.0,Z:\raw_data\C000000018\VIS-012_SW_data_07-July-2026_09-23-42\output\CombinedData_buffer3_iq.gif,PLAX,True,PLAX,False
C000000018,VIS-012_SW_data_07-July-2026_09-24-36,PLAX,0.998,1.0,Parasternal_Long,0.998,0.002,0.0,0.0,0.0,0.0,0.0,0.0,0.0,0.0,0.0,0.998,0.002,0.0,0.0,Z:\raw_data\C000000018\VIS-012_SW_data_07-July-2026_09-24-36\output\CombinedData_buffer3_iq.gif,PLAX,True,PLAX,False
C000000018,VIS-012_SW_data_07-July-2026_09-25-14,PLAX,0.998,1.0,Parasternal_Long,0.998,0.002,0.0,0.0,0.0,0.0,0.0,0.0,0.0,0.0,0.0,0.998,0.002,0.0,0.0,Z:\raw_data\C000000018\VIS-012_SW_data_07-July-2026_09-25-14\output\CombinedData_buffer3_iq.gif,PLAX,True,PLAX,False
C000000018,VIS-012_SW_data_07-July-2026_09-26-12,PLAX,0.999,1.0,Parasternal_Long,0.999,0.001,0.0,0.0,0.0,0.0,0.0,0.0,0.0,0.0,0.0,0.999,0.001,0.0,0.0,Z:\raw_data\C000000018\VIS-012_SW_data_07-July-2026_09-26-12\output\CombinedData_buffer3_iq.gif,PLAX,True,PLAX,False
C000000018,VIS-012_SW_data_07-July-2026_09-27-30,PSAX,1.0,1.0,Parasternal_Short,0.0,1.0,0.0,0.0,0.0,0.0,0.0,0.0,0.0,0.0,0.0,0.0,1.0,0.0,0.0,Z:\raw_data\C000000018\VIS-012_SW_data_07-July-2026_09-27-30\output\CombinedData_buffer3_iq.gif,PSAX,True,PSAX,False
C000000018,VIS-012_SW_data_07-July-2026_09-29-07,PSAX,0.997,1.0,Parasternal_Short,0.0,0.997,0.002,0.0,0.001,0.0,0.001,0.0,0.0,0.0,0.0,0.0,0.997,0.0,0.0,Z:\raw_data\C000000018\VIS-012_SW_data_07-July-2026_09-29-07\output\CombinedData_buffer3_iq.gif,PSAX,True,PSAX,False
C000000018,VIS-012_SW_data_07-July-2026_09-30-37,PSAX,0.992,1.0,Parasternal_Short,0.006,0.992,0.002,0.0,0.001,0.0,0.001,0.0,0.0,0.0,0.0,0.006,0.992,0.0,0.0,Z:\raw_data\C000000018\VIS-012_SW_data_07-July-2026_09-30-37\output\CombinedData_buffer3_iq.gif,PSAX,True,PSAX,False
C000000018,VIS-012_SW_data_07-July-2026_09-31-30,PSAX,0.992,1.0,Parasternal_Short,0.004,0.992,0.001,0.003,0.0,0.0,0.0,0.0,0.0,0.0,0.0,0.004,0.992,0.002,0.001,Z:\raw_data\C000000018\VIS-012_SW_data_07-July-2026_09-31-30\output\CombinedData_buffer3_iq.gif,PSAX,True,PSAX,False
C000000018,VIS-012_SW_data_07-July-2026_09-32-10,PSAX,0.996,1.0,Parasternal_Short,0.003,0.996,0.0,0.0,0.0,0.0,0.0,0.0,0.0,0.0,0.0,0.003,0.996,0.0,0.0,Z:\raw_data\C000000018\VIS-012_SW_data_07-July-2026_09-32-10\output\CombinedData_buffer3_iq.gif,PSAX,True,PSAX,False
C000000018,VIS-012_SW_data_07-July-2026_09-33-06,PSAX,0.974,1.0,Parasternal_Short,0.023,0.974,0.001,0.002,0.0,0.0,0.0,0.0,0.0,0.0,0.001,0.023,0.974,0.001,0.002,Z:\raw_data\C000000018\VIS-012_SW_data_07-July-2026_09-33-06\output\CombinedData_buffer3_iq.gif,PSAX,True,PSAX,False
C000000018,VIS-012_SW_data_07-July-2026_09-33-48,PSAX,0.996,1.0,Parasternal_Short,0.003,0.996,0.0,0.001,0.0,0.0,0.0,0.0,0.0,0.0,0.0,0.003,0.995,0.0,0.001,Z:\raw_data\C000000018\VIS-012_SW_data_07-July-2026_09-33-48\output\CombinedData_buffer3_iq.gif,PSAX,True,PSAX,False
C000000018,VIS-012_SW_data_07-July-2026_09-34-29,PSAX,0.94,1.0,Parasternal_Short,0.055,0.94,0.002,0.003,0.0,0.0,0.001,0.0,0.0,0.0,0.001,0.055,0.938,0.001,0.003,Z:\raw_data\C000000018\VIS-012_SW_data_07-July-2026_09-34-29\output\CombinedData_buffer3_iq.gif,PSAX,True,PSAX,False
C000000018,VIS-012_SW_data_07-July-2026_09-35-02,PSAX,0.92,1.0,Parasternal_Short,0.069,0.92,0.003,0.007,0.001,0.001,0.002,0.0,0.0,0.0,0.001,0.069,0.919,0.001,0.006,Z:\raw_data\C000000018\VIS-012_SW_data_07-July-2026_09-35-02\output\CombinedData_buffer3_iq.gif,PSAX,True,PSAX,False
C000000019,VIS-027_SW_data_21-July-2026_11-19-20,PLAX,0.995,1.0,Parasternal_Long,0.995,0.005,0.0,0.0,0.0,0.0,0.0,0.0,0.0,0.0,0.0,0.995,0.005,0.0,0.0,Z:\raw_data\C000000019\VIS-027_SW_data_21-July-2026_11-19-20\output\CombinedData_buffer3_iq.gif,PLAX,True,PLAX,False
C000000019,VIS-027_SW_data_21-July-2026_11-20-11,PLAX,0.995,1.0,Parasternal_Long,0.995,0.005,0.0,0.0,0.0,0.0,0.0,0.0,0.0,0.0,0.0,0.995,0.005,0.0,0.0,Z:\raw_data\C000000019\VIS-027_SW_data_21-July-2026_11-20-11\output\CombinedData_buffer3_iq.gif,PLAX,True,PLAX,False
C000000019,VIS-027_SW_data_21-July-2026_11-20-48,PLAX,0.993,1.0,Parasternal_Long,0.993,0.007,0.0,0.0,0.0,0.0,0.0,0.0,0.0,0.0,0.0,0.993,0.007,0.0,0.0,Z:\raw_data\C000000019\VIS-027_SW_data_21-July-2026_11-20-48\output\CombinedData_buffer3_iq.gif,PLAX,True,PLAX,False
C000000019,VIS-027_SW_data_21-July-2026_11-21-41,PLAX,0.975,1.0,Parasternal_Long,0.975,0.024,0.0,0.001,0.0,0.0,0.0,0.0,0.0,0.0,0.0,0.975,0.024,0.0,0.0,Z:\raw_data\C000000019\VIS-027_SW_data_21-July-2026_11-21-41\output\CombinedData_buffer3_iq.gif,PLAX,True,PLAX,False
C000000019,VIS-027_SW_data_21-July-2026_11-22-43,PLAX,0.991,1.0,Parasternal_Long,0.991,0.009,0.0,0.0,0.0,0.0,0.0,0.0,0.0,0.0,0.0,0.991,0.009,0.0,0.0,Z:\raw_data\C000000019\VIS-027_SW_data_21-July-2026_11-22-43\output\CombinedData_buffer3_iq.gif,PLAX,True,PLAX,False
C000000019,VIS-027_SW_data_21-July-2026_11-23-45,PLAX,0.995,1.0,Parasternal_Long,0.995,0.005,0.0,0.0,0.0,0.0,0.0,0.0,0.0,0.0,0.0,0.995,0.005,0.0,0.0,Z:\raw_data\C000000019\VIS-027_SW_data_21-July-2026_11-23-45\output\CombinedData_buffer3_iq.gif,PLAX,True,PLAX,False
C000000019,VIS-027_SW_data_21-July-2026_11-26-55,PSAX,0.999,1.0,Parasternal_Short,0.001,0.999,0.0,0.0,0.0,0.0,0.0,0.0,0.0,0.0,0.0,0.0,0.999,0.0,0.0,Z:\raw_data\C000000019\VIS-027_SW_data_21-July-2026_11-26-55\output\CombinedData_buffer3_iq.gif,PSAX,True,PSAX,False
C000000019,VIS-027_SW_data_21-July-2026_11-27-33,PSAX,0.998,1.0,Parasternal_Short,0.002,0.998,0.0,0.0,0.0,0.0,0.0,0.0,0.0,0.0,0.0,0.002,0.998,0.0,0.0,Z:\raw_data\C000000019\VIS-027_SW_data_21-July-2026_11-27-33\output\CombinedData_buffer3_iq.gif,PSAX,True,PSAX,False
C000000019,VIS-027_SW_data_21-July-2026_11-28-12,PSAX,0.999,1.0,Parasternal_Short,0.001,0.999,0.0,0.0,0.0,0.0,0.0,0.0,0.0,0.0,0.0,0.001,0.999,0.0,0.0,Z:\raw_data\C000000019\VIS-027_SW_data_21-July-2026_11-28-12\output\CombinedData_buffer3_iq.gif,PSAX,True,PSAX,False
C000000019,VIS-027_SW_data_21-July-2026_11-28-51,PSAX,0.997,1.0,Parasternal_Short,0.003,0.997,0.0,0.0,0.0,0.0,0.0,0.0,0.0,0.0,0.0,0.003,0.997,0.0,0.0,Z:\raw_data\C000000019\VIS-027_SW_data_21-July-2026_11-28-51\output\CombinedData_buffer3_iq.gif,PSAX,True,PSAX,False
C000000019,VIS-027_SW_data_21-July-2026_11-29-29,PSAX,0.999,1.0,Parasternal_Short,0.001,0.999,0.0,0.0,0.0,0.0,0.0,0.0,0.0,0.0,0.0,0.001,0.999,0.0,0.0,Z:\raw_data\C000000019\VIS-027_SW_data_21-July-2026_11-29-29\output\CombinedData_buffer3_iq.gif,PSAX,True,PSAX,False
C000000019,VIS-027_SW_data_21-July-2026_11-30-06,PSAX,0.994,1.0,Parasternal_Short,0.006,0.994,0.0,0.0,0.0,0.0,0.0,0.0,0.0,0.0,0.0,0.006,0.994,0.0,0.0,Z:\raw_data\C000000019\VIS-027_SW_data_21-July-2026_11-30-06\output\CombinedData_buffer3_iq.gif,PSAX,True,PSAX,False
C000000019,VIS-027_SW_data_21-July-2026_11-30-54,PSAX,0.982,1.0,Parasternal_Short,0.016,0.982,0.0,0.001,0.0,0.0,0.0,0.0,0.0,0.0,0.0,0.016,0.982,0.001,0.0,Z:\raw_data\C000000019\VIS-027_SW_data_21-July-2026_11-30-54\output\CombinedData_buffer3_iq.gif,PSAX,True,PSAX,False
C000000019,VIS-027_SW_data_21-July-2026_11-31-34,PSAX,0.987,1.0,Parasternal_Short,0.012,0.987,0.0,0.001,0.0,0.0,0.0,0.0,0.0,0.0,0.0,0.012,0.987,0.001,0.0,Z:\raw_data\C000000019\VIS-027_SW_data_21-July-2026_11-31-34\output\CombinedData_buffer3_iq.gif,PSAX,True,PSAX,False
C000000019,VIS-027_SW_data_21-July-2026_11-32-16,PSAX,0.996,1.0,Parasternal_Short,0.004,0.996,0.0,0.0,0.0,0.0,0.0,0.0,0.0,0.0,0.0,0.004,0.996,0.0,0.0,Z:\raw_data\C000000019\VIS-027_SW_data_21-July-2026_11-32-16\output\CombinedData_buffer3_iq.gif,PSAX,True,PSAX,False
C000000020,VIS-026_SW_data_21-July-2026_10-42-10,PLAX,0.631,0.656,Parasternal_Long,0.631,0.354,0.002,0.013,0.0,0.0,0.001,0.0,0.0,0.0,0.0,0.631,0.354,0.003,0.01,Z:\raw_data\C000000020\VIS-026_SW_data_21-July-2026_10-42-10\output\CombinedData_buffer3_iq.gif,PLAX,False,PLAX,True
C000000020,VIS-026_SW_data_21-July-2026_10-43-19,PLAX,0.557,0.594,Parasternal_Long,0.557,0.415,0.003,0.025,0.0,0.0,0.002,0.001,0.0,0.0,0.0,0.557,0.414,0.006,0.019,Z:\raw_data\C000000020\VIS-026_SW_data_21-July-2026_10-43-19\output\CombinedData_buffer3_iq.gif,PLAX,False,PLAX,True
C000000020,VIS-026_SW_data_21-July-2026_10-43-57,PSAX,0.7,0.875,Parasternal_Short,0.278,0.7,0.003,0.019,0.0,0.001,0.002,0.0,0.0,0.0,0.0,0.278,0.7,0.007,0.012,Z:\raw_data\C000000020\VIS-026_SW_data_21-July-2026_10-43-57\output\CombinedData_buffer3_iq.gif,PLAX,False,PLAX,True
C000000020,VIS-026_SW_data_21-July-2026_10-44-45,PSAX,0.594,0.719,Parasternal_Short,0.393,0.594,0.003,0.01,0.0,0.001,0.001,0.0,0.0,0.0,0.0,0.393,0.594,0.002,0.008,Z:\raw_data\C000000020\VIS-026_SW_data_21-July-2026_10-44-45\output\CombinedData_buffer3_iq.gif,PLAX,False,PLAX,True
C000000020,VIS-026_SW_data_21-July-2026_10-45-21,PLAX,0.586,0.719,Parasternal_Long,0.586,0.407,0.003,0.003,0.0,0.001,0.002,0.0,0.0,0.0,0.0,0.586,0.407,0.0,0.003,Z:\raw_data\C000000020\VIS-026_SW_data_21-July-2026_10-45-21\output\CombinedData_buffer3_iq.gif,PLAX,False,PLAX,True
C000000020,VIS-026_SW_data_21-July-2026_10-45-56,PLAX,0.674,0.812,Parasternal_Long,0.674,0.319,0.003,0.004,0.0,0.001,0.002,0.0,0.0,0.0,0.0,0.674,0.319,0.001,0.003,Z:\raw_data\C000000020\VIS-026_SW_data_21-July-2026_10-45-56\output\CombinedData_buffer3_iq.gif,PLAX,False,PLAX,True
C000000020,VIS-026_SW_data_21-July-2026_10-46-45,PLAX,0.722,0.875,Parasternal_Long,0.722,0.275,0.001,0.002,0.0,0.0,0.001,0.0,0.0,0.0,0.0,0.722,0.275,0.0,0.002,Z:\raw_data\C000000020\VIS-026_SW_data_21-July-2026_10-46-45\output\CombinedData_buffer3_iq.gif,PLAX,False,PLAX,True
C000000020,VIS-026_SW_data_21-July-2026_10-47-20,PLAX,0.544,0.531,Parasternal_Long,0.544,0.452,0.002,0.002,0.0,0.001,0.001,0.0,0.0,0.0,0.0,0.544,0.452,0.0,0.001,Z:\raw_data\C000000020\VIS-026_SW_data_21-July-2026_10-47-20\output\CombinedData_buffer3_iq.gif,PLAX,False,PLAX,True
C000000020,VIS-026_SW_data_21-July-2026_10-48-19,PSAX,0.824,0.875,Parasternal_Short,0.174,0.824,0.0,0.001,0.0,0.0,0.0,0.0,0.0,0.0,0.0,0.174,0.824,0.001,0.0,Z:\raw_data\C000000020\VIS-026_SW_data_21-July-2026_10-48-19\output\CombinedData_buffer3_iq.gif,PSAX,False,PSAX,True
C000000020,VIS-026_SW_data_21-July-2026_10-49-00,PSAX,0.879,0.969,Parasternal_Short,0.12,0.879,0.0,0.0,0.0,0.0,0.0,0.0,0.0,0.0,0.0,0.12,0.879,0.0,0.0,Z:\raw_data\C000000020\VIS-026_SW_data_21-July-2026_10-49-00\output\CombinedData_buffer3_iq.gif,PSAX,True,PSAX,False
C000000020,VIS-026_SW_data_21-July-2026_10-49-46,PSAX,0.634,0.688,Parasternal_Short,0.364,0.634,0.0,0.002,0.0,0.0,0.0,0.0,0.0,0.0,0.0,0.364,0.634,0.001,0.0,Z:\raw_data\C000000020\VIS-026_SW_data_21-July-2026_10-49-46\output\CombinedData_buffer3_iq.gif,PSAX,False,PSAX,True
C000000020,VIS-026_SW_data_21-July-2026_10-50-25,PSAX,0.727,0.844,Parasternal_Short,0.27,0.727,0.0,0.002,0.0,0.0,0.0,0.0,0.0,0.0,0.0,0.27,0.727,0.002,0.001,Z:\raw_data\C000000020\VIS-026_SW_data_21-July-2026_10-50-25\output\CombinedData_buffer3_iq.gif,PSAX,False,PSAX,True
C000000020,VIS-026_SW_data_21-July-2026_10-50-55,PSAX,0.691,0.719,Parasternal_Short,0.294,0.691,0.001,0.015,0.0,0.0,0.0,0.0,0.0,0.0,0.0,0.294,0.691,0.013,0.002,Z:\raw_data\C000000020\VIS-026_SW_data_21-July-2026_10-50-55\output\CombinedData_buffer3_iq.gif,PSAX,False,PSAX,True
C000000020,VIS-026_SW_data_21-July-2026_10-51-26,PSAX,0.796,0.812,Parasternal_Short,0.201,0.796,0.001,0.002,0.0,0.0,0.0,0.0,0.0,0.0,0.0,0.201,0.796,0.002,0.0,Z:\raw_data\C000000020\VIS-026_SW_data_21-July-2026_10-51-26\output\CombinedData_buffer3_iq.gif,PSAX,False,PSAX,True
C000000020,VIS-026_SW_data_21-July-2026_10-52-18,PSAX,0.789,0.938,Parasternal_Short,0.207,0.789,0.001,0.004,0.0,0.0,0.0,0.0,0.0,0.0,0.0,0.207,0.788,0.003,0.001,Z:\raw_data\C000000020\VIS-026_SW_data_21-July-2026_10-52-18\output\CombinedData_buffer3_iq.gif,PSAX,False,PSAX,True
C000000020,VIS-026_SW_data_21-July-2026_10-53-50,PLAX,0.561,0.594,Parasternal_Long,0.561,0.429,0.001,0.009,0.0,0.0,0.0,0.0,0.0,0.0,0.0,0.561,0.429,0.008,0.002,Z:\raw_data\C000000020\VIS-026_SW_data_21-July-2026_10-53-50\output\CombinedData_buffer3_iq.gif,PSAX,False,PSAX,True
C000000020,VIS-026_SW_data_21-July-2026_10-54-19,PSAX,0.703,0.812,Parasternal_Short,0.292,0.703,0.001,0.004,0.0,0.0,0.0,0.0,0.0,0.0,0.0,0.292,0.703,0.003,0.001,Z:\raw_data\C000000020\VIS-026_SW_data_21-July-2026_10-54-19\output\CombinedData_buffer3_iq.gif,PSAX,False,PSAX,True
C000000021,VIS-024_SW_data_17-July-2026_09-35-47,PLAX,0.998,1.0,Parasternal_Long,0.998,0.002,0.0,0.0,0.0,0.0,0.0,0.0,0.0,0.0,0.0,0.998,0.002,0.0,0.0,Z:\raw_data\C000000021\VIS-024_SW_data_17-July-2026_09-35-47\output\CombinedData_buffer3_iq.gif,PLAX,True,PLAX,False
C000000021,VIS-024_SW_data_17-July-2026_09-36-34,PLAX,0.998,1.0,Parasternal_Long,0.998,0.002,0.0,0.0,0.0,0.0,0.0,0.0,0.0,0.0,0.0,0.998,0.002,0.0,0.0,Z:\raw_data\C000000021\VIS-024_SW_data_17-July-2026_09-36-34\output\CombinedData_buffer3_iq.gif,PLAX,True,PLAX,False
C000000021,VIS-024_SW_data_17-July-2026_09-37-09,PLAX,0.998,1.0,Parasternal_Long,0.998,0.002,0.0,0.0,0.0,0.0,0.0,0.0,0.0,0.0,0.0,0.998,0.002,0.0,0.0,Z:\raw_data\C000000021\VIS-024_SW_data_17-July-2026_09-37-09\output\CombinedData_buffer3_iq.gif,PLAX,True,PLAX,False
C000000021,VIS-024_SW_data_17-July-2026_09-38-05,PLAX,0.997,1.0,Parasternal_Long,0.997,0.003,0.0,0.0,0.0,0.0,0.0,0.0,0.0,0.0,0.0,0.997,0.003,0.0,0.0,Z:\raw_data\C000000021\VIS-024_SW_data_17-July-2026_09-38-05\output\CombinedData_buffer3_iq.gif,PLAX,True,PLAX,False
C000000021,VIS-024_SW_data_17-July-2026_09-38-39,PLAX,0.998,1.0,Parasternal_Long,0.998,0.002,0.0,0.0,0.0,0.0,0.0,0.0,0.0,0.0,0.0,0.998,0.002,0.0,0.0,Z:\raw_data\C000000021\VIS-024_SW_data_17-July-2026_09-38-39\output\CombinedData_buffer3_iq.gif,PLAX,True,PLAX,False
C000000021,VIS-024_SW_data_17-July-2026_09-41-11,PLAX,0.991,1.0,Parasternal_Long,0.991,0.008,0.0,0.0,0.0,0.0,0.0,0.0,0.0,0.0,0.0,0.991,0.008,0.0,0.0,Z:\raw_data\C000000021\VIS-024_SW_data_17-July-2026_09-41-11\output\CombinedData_buffer3_iq.gif,PLAX,True,PLAX,False
C000000021,VIS-024_SW_data_17-July-2026_09-42-45,PSAX,0.999,1.0,Parasternal_Short,0.001,0.999,0.0,0.0,0.0,0.0,0.0,0.0,0.0,0.0,0.0,0.001,0.999,0.0,0.0,Z:\raw_data\C000000021\VIS-024_SW_data_17-July-2026_09-42-45\output\CombinedData_buffer3_iq.gif,PSAX,True,PSAX,False
C000000021,VIS-024_SW_data_17-July-2026_09-44-15,PSAX,0.997,1.0,Parasternal_Short,0.002,0.997,0.0,0.0,0.0,0.0,0.0,0.0,0.0,0.0,0.0,0.002,0.997,0.0,0.0,Z:\raw_data\C000000021\VIS-024_SW_data_17-July-2026_09-44-15\output\CombinedData_buffer3_iq.gif,PSAX,True,PSAX,False
C000000021,VIS-024_SW_data_17-July-2026_09-44-51,PSAX,0.998,1.0,Parasternal_Short,0.002,0.998,0.0,0.0,0.0,0.0,0.0,0.0,0.0,0.0,0.0,0.002,0.998,0.0,0.0,Z:\raw_data\C000000021\VIS-024_SW_data_17-July-2026_09-44-51\output\CombinedData_buffer3_iq.gif,PSAX,True,PSAX,False
C000000021,VIS-024_SW_data_17-July-2026_09-45-19,PSAX,0.999,1.0,Parasternal_Short,0.001,0.999,0.0,0.0,0.0,0.0,0.0,0.0,0.0,0.0,0.0,0.001,0.999,0.0,0.0,Z:\raw_data\C000000021\VIS-024_SW_data_17-July-2026_09-45-19\output\CombinedData_buffer3_iq.gif,PSAX,True,PSAX,False
C000000021,VIS-024_SW_data_17-July-2026_09-46-29,PSAX,0.999,1.0,Parasternal_Short,0.001,0.999,0.0,0.0,0.0,0.0,0.0,0.0,0.0,0.0,0.0,0.001,0.999,0.0,0.0,Z:\raw_data\C000000021\VIS-024_SW_data_17-July-2026_09-46-29\output\CombinedData_buffer3_iq.gif,PSAX,True,PSAX,False
C000000021,VIS-024_SW_data_17-July-2026_09-47-05,PSAX,0.999,1.0,Parasternal_Short,0.0,0.999,0.0,0.0,0.0,0.0,0.0,0.0,0.0,0.0,0.0,0.0,0.999,0.0,0.0,Z:\raw_data\C000000021\VIS-024_SW_data_17-July-2026_09-47-05\output\CombinedData_buffer3_iq.gif,PSAX,True,PSAX,False
C000000021,VIS-024_SW_data_17-July-2026_09-47-39,PSAX,1.0,1.0,Parasternal_Short,0.0,1.0,0.0,0.0,0.0,0.0,0.0,0.0,0.0,0.0,0.0,0.0,0.999,0.0,0.0,Z:\raw_data\C000000021\VIS-024_SW_data_17-July-2026_09-47-39\output\CombinedData_buffer3_iq.gif,PSAX,True,PSAX,False
C000000021,VIS-024_SW_data_17-July-2026_09-48-12,PSAX,0.999,1.0,Parasternal_Short,0.001,0.999,0.0,0.0,0.0,0.0,0.0,0.0,0.0,0.0,0.0,0.001,0.999,0.0,0.0,Z:\raw_data\C000000021\VIS-024_SW_data_17-July-2026_09-48-12\output\CombinedData_buffer3_iq.gif,PSAX,True,PSAX,False
C000000021,VIS-024_SW_data_17-July-2026_09-48-42,PSAX,0.999,1.0,Parasternal_Short,0.001,0.999,0.0,0.0,0.0,0.0,0.0,0.0,0.0,0.0,0.0,0.001,0.999,0.0,0.0,Z:\raw_data\C000000021\VIS-024_SW_data_17-July-2026_09-48-42\output\CombinedData_buffer3_iq.gif,PSAX,True,PSAX,False
C000000021,VIS-024_SW_data_17-July-2026_09-49-14,PSAX,0.999,1.0,Parasternal_Short,0.001,0.999,0.0,0.0,0.0,0.0,0.0,0.0,0.0,0.0,0.0,0.001,0.999,0.0,0.0,Z:\raw_data\C000000021\VIS-024_SW_data_17-July-2026_09-49-14\output\CombinedData_buffer3_iq.gif,PSAX,True,PSAX,False
C000000022,VIS-023_SW_data_17-July-2026_08-48-06,PLAX,0.986,1.0,Parasternal_Long,0.986,0.013,0.001,0.0,0.0,0.0,0.0,0.0,0.0,0.0,0.0,0.986,0.013,0.0,0.0,Z:\raw_data\C000000022\VIS-023_SW_data_17-July-2026_08-48-06\output\CombinedData_buffer3_iq.gif,PLAX,True,PLAX,False
C000000022,VIS-023_SW_data_17-July-2026_08-48-50,PLAX,0.995,1.0,Parasternal_Long,0.995,0.005,0.0,0.0,0.0,0.0,0.0,0.0,0.0,0.0,0.0,0.995,0.005,0.0,0.0,Z:\raw_data\C000000022\VIS-023_SW_data_17-July-2026_08-48-50\output\CombinedData_buffer3_iq.gif,PLAX,True,PLAX,False
C000000022,VIS-023_SW_data_17-July-2026_08-49-31,PLAX,0.997,1.0,Parasternal_Long,0.997,0.002,0.0,0.0,0.0,0.0,0.0,0.0,0.0,0.0,0.0,0.997,0.002,0.0,0.0,Z:\raw_data\C000000022\VIS-023_SW_data_17-July-2026_08-49-31\output\CombinedData_buffer3_iq.gif,PLAX,True,PLAX,False
C000000022,VIS-023_SW_data_17-July-2026_08-50-35,PLAX,0.992,1.0,Parasternal_Long,0.992,0.008,0.0,0.0,0.0,0.0,0.0,0.0,0.0,0.0,0.0,0.992,0.008,0.0,0.0,Z:\raw_data\C000000022\VIS-023_SW_data_17-July-2026_08-50-35\output\CombinedData_buffer3_iq.gif,PLAX,True,PLAX,False
C000000022,VIS-023_SW_data_17-July-2026_08-51-14,PLAX,0.944,1.0,Parasternal_Long,0.944,0.047,0.009,0.0,0.0,0.0,0.008,0.0,0.0,0.0,0.0,0.944,0.047,0.0,0.0,Z:\raw_data\C000000022\VIS-023_SW_data_17-July-2026_08-51-14\output\CombinedData_buffer3_iq.gif,PLAX,True,PLAX,False
C000000022,VIS-023_SW_data_17-July-2026_08-51-55,PLAX,0.996,1.0,Parasternal_Long,0.996,0.003,0.0,0.0,0.0,0.0,0.0,0.0,0.0,0.0,0.0,0.996,0.003,0.0,0.0,Z:\raw_data\C000000022\VIS-023_SW_data_17-July-2026_08-51-55\output\CombinedData_buffer3_iq.gif,PLAX,True,PLAX,False
C000000022,VIS-023_SW_data_17-July-2026_08-52-58,PLAX,0.981,1.0,Parasternal_Long,0.981,0.019,0.0,0.0,0.0,0.0,0.0,0.0,0.0,0.0,0.0,0.981,0.019,0.0,0.0,Z:\raw_data\C000000022\VIS-023_SW_data_17-July-2026_08-52-58\output\CombinedData_buffer3_iq.gif,PLAX,True,PLAX,False
C000000022,VIS-023_SW_data_17-July-2026_08-54-08,PLAX,0.848,0.969,Parasternal_Long,0.848,0.149,0.002,0.001,0.0,0.0,0.001,0.0,0.0,0.0,0.0,0.848,0.149,0.0,0.001,Z:\raw_data\C000000022\VIS-023_SW_data_17-July-2026_08-54-08\output\CombinedData_buffer3_iq.gif,PLAX,True,PLAX,False
C000000022,VIS-023_SW_data_17-July-2026_08-57-01,PSAX,0.992,1.0,Parasternal_Short,0.007,0.992,0.001,0.001,0.0,0.0,0.001,0.0,0.0,0.0,0.0,0.007,0.992,0.0,0.0,Z:\raw_data\C000000022\VIS-023_SW_data_17-July-2026_08-57-01\output\CombinedData_buffer3_iq.gif,PSAX,True,PSAX,False
C000000022,VIS-023_SW_data_17-July-2026_08-57-53,PSAX,0.996,1.0,Parasternal_Short,0.003,0.996,0.001,0.001,0.0,0.0,0.0,0.0,0.0,0.0,0.0,0.003,0.995,0.0,0.0,Z:\raw_data\C000000022\VIS-023_SW_data_17-July-2026_08-57-53\output\CombinedData_buffer3_iq.gif,PSAX,True,PSAX,False
C000000022,VIS-023_SW_data_17-July-2026_08-58-40,PSAX,0.995,1.0,Parasternal_Short,0.004,0.995,0.001,0.0,0.0,0.0,0.001,0.0,0.0,0.0,0.0,0.004,0.995,0.0,0.0,Z:\raw_data\C000000022\VIS-023_SW_data_17-July-2026_08-58-40\output\CombinedData_buffer3_iq.gif,PSAX,True,PSAX,False
C000000022,VIS-023_SW_data_17-July-2026_08-59-39,PSAX,0.991,1.0,Parasternal_Short,0.007,0.991,0.002,0.001,0.0,0.0,0.001,0.0,0.0,0.0,0.0,0.007,0.99,0.0,0.0,Z:\raw_data\C000000022\VIS-023_SW_data_17-July-2026_08-59-39\output\CombinedData_buffer3_iq.gif,PSAX,True,PSAX,False
C000000022,VIS-023_SW_data_17-July-2026_09-03-07,PSAX,0.983,1.0,Parasternal_Short,0.012,0.983,0.004,0.001,0.0,0.0,0.003,0.0,0.0,0.0,0.0,0.012,0.983,0.0,0.001,Z:\raw_data\C000000022\VIS-023_SW_data_17-July-2026_09-03-07\output\CombinedData_buffer3_iq.gif,PSAX,True,PSAX,False
C000000022,VIS-023_SW_data_17-July-2026_09-04-50,PSAX,0.936,1.0,Parasternal_Short,0.055,0.936,0.005,0.004,0.001,0.0,0.004,0.0,0.0,0.0,0.001,0.055,0.935,0.002,0.002,Z:\raw_data\C000000022\VIS-023_SW_data_17-July-2026_09-04-50\output\CombinedData_buffer3_iq.gif,PSAX,True,PSAX,False
C000000022,VIS-023_SW_data_17-July-2026_09-05-59,PSAX,0.905,1.0,Parasternal_Short,0.039,0.905,0.002,0.055,0.0,0.0,0.001,0.0,0.0,0.0,0.001,0.039,0.904,0.052,0.003,Z:\raw_data\C000000022\VIS-023_SW_data_17-July-2026_09-05-59\output\CombinedData_buffer3_iq.gif,PSAX,True,PSAX,False
C000000022,VIS-023_SW_data_17-July-2026_09-06-37,PSAX,0.894,1.0,Parasternal_Short,0.073,0.894,0.003,0.03,0.001,0.0,0.001,0.001,0.0,0.0,0.0,0.073,0.894,0.022,0.008,Z:\raw_data\C000000022\VIS-023_SW_data_17-July-2026_09-06-37\output\CombinedData_buffer3_iq.gif,PSAX,True,PSAX,False
C000000022,VIS-023_SW_data_17-July-2026_09-07-26,PSAX,0.877,1.0,Parasternal_Short,0.045,0.877,0.005,0.073,0.002,0.001,0.002,0.0,0.0,0.0,0.001,0.045,0.876,0.067,0.006,Z:\raw_data\C000000022\VIS-023_SW_data_17-July-2026_09-07-26\output\CombinedData_buffer3_iq.gif,PSAX,True,PSAX,False
C000000023,VIS-022_SW_data_14-July-2026_11-41-10,PLAX,0.991,1.0,Parasternal_Long,0.991,0.009,0.0,0.0,0.0,0.0,0.0,0.0,0.0,0.0,0.0,0.991,0.009,0.0,0.0,Z:\raw_data\C000000023\VIS-022_SW_data_14-July-2026_11-41-10\output\CombinedData_buffer3_iq.gif,PLAX,True,PLAX,False
C000000023,VIS-022_SW_data_14-July-2026_11-41-58,PLAX,0.999,1.0,Parasternal_Long,0.999,0.001,0.0,0.0,0.0,0.0,0.0,0.0,0.0,0.0,0.0,0.999,0.001,0.0,0.0,Z:\raw_data\C000000023\VIS-022_SW_data_14-July-2026_11-41-58\output\CombinedData_buffer3_iq.gif,PLAX,True,PLAX,False
C000000023,VIS-022_SW_data_14-July-2026_11-42-34,PLAX,0.984,1.0,Parasternal_Long,0.984,0.016,0.0,0.0,0.0,0.0,0.0,0.0,0.0,0.0,0.0,0.983,0.016,0.0,0.0,Z:\raw_data\C000000023\VIS-022_SW_data_14-July-2026_11-42-34\output\CombinedData_buffer3_iq.gif,PLAX,True,PLAX,False
C000000023,VIS-022_SW_data_14-July-2026_11-44-18,PLAX,0.971,1.0,Parasternal_Long,0.971,0.029,0.0,0.0,0.0,0.0,0.0,0.0,0.0,0.0,0.0,0.971,0.029,0.0,0.0,Z:\raw_data\C000000023\VIS-022_SW_data_14-July-2026_11-44-18\output\CombinedData_buffer3_iq.gif,PLAX,True,PLAX,False
C000000023,VIS-022_SW_data_14-July-2026_11-45-09,PLAX,0.995,1.0,Parasternal_Long,0.995,0.005,0.0,0.0,0.0,0.0,0.0,0.0,0.0,0.0,0.0,0.995,0.005,0.0,0.0,Z:\raw_data\C000000023\VIS-022_SW_data_14-July-2026_11-45-09\output\CombinedData_buffer3_iq.gif,PLAX,True,PLAX,False
C000000023,VIS-022_SW_data_14-July-2026_11-45-57,PSAX,0.999,1.0,Parasternal_Short,0.001,0.999,0.0,0.0,0.0,0.0,0.0,0.0,0.0,0.0,0.0,0.001,0.999,0.0,0.0,Z:\raw_data\C000000023\VIS-022_SW_data_14-July-2026_11-45-57\output\CombinedData_buffer3_iq.gif,PSAX,True,PSAX,False
C000000023,VIS-022_SW_data_14-July-2026_11-46-25,PSAX,0.998,1.0,Parasternal_Short,0.002,0.998,0.0,0.0,0.0,0.0,0.0,0.0,0.0,0.0,0.0,0.002,0.998,0.0,0.0,Z:\raw_data\C000000023\VIS-022_SW_data_14-July-2026_11-46-25\output\CombinedData_buffer3_iq.gif,PSAX,True,PSAX,False
C000000023,VIS-022_SW_data_14-July-2026_11-46-53,PSAX,0.998,1.0,Parasternal_Short,0.002,0.998,0.0,0.0,0.0,0.0,0.0,0.0,0.0,0.0,0.0,0.002,0.998,0.0,0.0,Z:\raw_data\C000000023\VIS-022_SW_data_14-July-2026_11-46-53\output\CombinedData_buffer3_iq.gif,PSAX,True,PSAX,False
C000000023,VIS-022_SW_data_14-July-2026_11-47-49,PSAX,0.999,1.0,Parasternal_Short,0.0,0.999,0.0,0.0,0.0,0.0,0.0,0.0,0.0,0.0,0.0,0.0,0.999,0.0,0.0,Z:\raw_data\C000000023\VIS-022_SW_data_14-July-2026_11-47-49\output\CombinedData_buffer3_iq.gif,PSAX,True,PSAX,False
C000000023,VIS-022_SW_data_14-July-2026_11-48-18,PSAX,0.999,1.0,Parasternal_Short,0.0,0.999,0.0,0.0,0.0,0.0,0.0,0.0,0.0,0.0,0.0,0.0,0.999,0.0,0.0,Z:\raw_data\C000000023\VIS-022_SW_data_14-July-2026_11-48-18\output\CombinedData_buffer3_iq.gif,PSAX,True,PSAX,False
C000000023,VIS-022_SW_data_14-July-2026_11-48-46,PSAX,0.999,1.0,Parasternal_Short,0.0,0.999,0.0,0.0,0.0,0.0,0.0,0.0,0.0,0.0,0.0,0.0,0.999,0.0,0.0,Z:\raw_data\C000000023\VIS-022_SW_data_14-July-2026_11-48-46\output\CombinedData_buffer3_iq.gif,PSAX,True,PSAX,False
C000000023,VIS-022_SW_data_14-July-2026_11-49-20,PSAX,0.998,1.0,Parasternal_Short,0.001,0.998,0.0,0.0,0.0,0.0,0.0,0.0,0.0,0.0,0.0,0.001,0.998,0.0,0.0,Z:\raw_data\C000000023\VIS-022_SW_data_14-July-2026_11-49-20\output\CombinedData_buffer3_iq.gif,PSAX,True,PSAX,False
C000000023,VIS-022_SW_data_14-July-2026_11-49-49,PSAX,0.998,1.0,Parasternal_Short,0.002,0.998,0.0,0.0,0.0,0.0,0.0,0.0,0.0,0.0,0.0,0.002,0.998,0.0,0.0,Z:\raw_data\C000000023\VIS-022_SW_data_14-July-2026_11-49-49\output\CombinedData_buffer3_iq.gif,PSAX,True,PSAX,False
C000000023,VIS-022_SW_data_14-July-2026_11-50-19,PSAX,0.997,1.0,Parasternal_Short,0.002,0.997,0.0,0.0,0.0,0.0,0.0,0.0,0.0,0.0,0.0,0.002,0.997,0.0,0.0,Z:\raw_data\C000000023\VIS-022_SW_data_14-July-2026_11-50-19\output\CombinedData_buffer3_iq.gif,PSAX,True,PSAX,False
C000000024,VIS-021_SW_data_14-July-2026_10-55-16,PLAX,0.973,1.0,Parasternal_Long,0.973,0.019,0.007,0.001,0.0,0.007,0.0,0.0,0.0,0.0,0.0,0.973,0.019,0.0,0.0,Z:\raw_data\C000000024\VIS-021_SW_data_14-July-2026_10-55-16\output\CombinedData_buffer3_iq.gif,PLAX,True,PLAX,False
C000000024,VIS-021_SW_data_14-July-2026_10-56-18,PLAX,0.995,1.0,Parasternal_Long,0.995,0.005,0.0,0.0,0.0,0.0,0.0,0.0,0.0,0.0,0.0,0.995,0.005,0.0,0.0,Z:\raw_data\C000000024\VIS-021_SW_data_14-July-2026_10-56-18\output\CombinedData_buffer3_iq.gif,PLAX,True,PLAX,False
C000000024,VIS-021_SW_data_14-July-2026_10-56-55,PLAX,0.993,1.0,Parasternal_Long,0.993,0.006,0.001,0.0,0.0,0.001,0.0,0.0,0.0,0.0,0.0,0.993,0.006,0.0,0.0,Z:\raw_data\C000000024\VIS-021_SW_data_14-July-2026_10-56-55\output\CombinedData_buffer3_iq.gif,PLAX,True,PLAX,False
C000000024,VIS-021_SW_data_14-July-2026_10-57-50,PLAX,0.928,1.0,Parasternal_Long,0.928,0.062,0.009,0.0,0.0,0.007,0.002,0.0,0.0,0.0,0.0,0.928,0.062,0.0,0.0,Z:\raw_data\C000000024\VIS-021_SW_data_14-July-2026_10-57-50\output\CombinedData_buffer3_iq.gif,PLAX,True,PLAX,False
C000000024,VIS-021_SW_data_14-July-2026_10-58-27,PLAX,0.971,1.0,Parasternal_Long,0.971,0.014,0.015,0.0,0.0,0.015,0.0,0.0,0.0,0.0,0.0,0.971,0.014,0.0,0.0,Z:\raw_data\C000000024\VIS-021_SW_data_14-July-2026_10-58-27\output\CombinedData_buffer3_iq.gif,PLAX,True,PLAX,False
C000000024,VIS-021_SW_data_14-July-2026_11-00-39,PLAX,0.986,1.0,Parasternal_Long,0.986,0.013,0.001,0.0,0.0,0.0,0.0,0.0,0.0,0.0,0.0,0.986,0.013,0.0,0.0,Z:\raw_data\C000000024\VIS-021_SW_data_14-July-2026_11-00-39\output\CombinedData_buffer3_iq.gif,PLAX,True,PLAX,False
C000000024,VIS-021_SW_data_14-July-2026_11-01-58,PSAX,0.964,1.0,Parasternal_Short,0.022,0.964,0.004,0.011,0.002,0.0,0.001,0.0,0.0,0.0,0.0,0.022,0.964,0.01,0.001,Z:\raw_data\C000000024\VIS-021_SW_data_14-July-2026_11-01-58\output\CombinedData_buffer3_iq.gif,PSAX,True,PSAX,False
C000000024,VIS-021_SW_data_14-July-2026_11-02-31,PSAX,0.96,1.0,Parasternal_Short,0.027,0.96,0.003,0.01,0.002,0.0,0.001,0.0,0.0,0.0,0.0,0.027,0.959,0.009,0.001,Z:\raw_data\C000000024\VIS-021_SW_data_14-July-2026_11-02-31\output\CombinedData_buffer3_iq.gif,PSAX,True,PSAX,False
C000000024,VIS-021_SW_data_14-July-2026_11-03-09,PSAX,0.967,1.0,Parasternal_Short,0.008,0.967,0.003,0.022,0.002,0.0,0.001,0.0,0.0,0.0,0.0,0.008,0.967,0.021,0.001,Z:\raw_data\C000000024\VIS-021_SW_data_14-July-2026_11-03-09\output\CombinedData_buffer3_iq.gif,PSAX,True,PSAX,False
C000000024,VIS-021_SW_data_14-July-2026_11-04-05,PSAX,0.87,0.969,Parasternal_Short,0.006,0.87,0.002,0.121,0.001,0.0,0.001,0.0,0.0,0.0,0.001,0.006,0.87,0.119,0.002,Z:\raw_data\C000000024\VIS-021_SW_data_14-July-2026_11-04-05\output\CombinedData_buffer3_iq.gif,PSAX,True,PSAX,False
C000000024,VIS-021_SW_data_14-July-2026_11-05-06,PSAX,0.927,1.0,Parasternal_Short,0.01,0.927,0.005,0.058,0.001,0.001,0.003,0.0,0.0,0.0,0.002,0.01,0.925,0.055,0.003,Z:\raw_data\C000000024\VIS-021_SW_data_14-July-2026_11-05-06\output\CombinedData_buffer3_iq.gif,PSAX,True,PSAX,False
C000000024,VIS-021_SW_data_14-July-2026_11-08-01,PSAX,0.761,0.812,Parasternal_Short,0.037,0.761,0.015,0.186,0.002,0.001,0.011,0.001,0.0,0.0,0.002,0.037,0.759,0.092,0.094,Z:\raw_data\C000000024\VIS-021_SW_data_14-July-2026_11-08-01\output\CombinedData_buffer3_iq.gif,PSAX,False,PSAX,True
C000000024,VIS-021_SW_data_14-July-2026_11-09-07,PSAX,0.895,0.969,Parasternal_Short,0.011,0.895,0.004,0.091,0.001,0.0,0.002,0.0,0.0,0.0,0.001,0.011,0.894,0.089,0.001,Z:\raw_data\C000000024\VIS-021_SW_data_14-July-2026_11-09-07\output\CombinedData_buffer3_iq.gif,PSAX,True,PSAX,False
C000000025,VIS-025_SW_data_21-July-2026_09-53-09,PLAX,0.995,1.0,Parasternal_Long,0.995,0.005,0.0,0.0,0.0,0.0,0.0,0.0,0.0,0.0,0.0,0.994,0.005,0.0,0.0,Z:\raw_data\C000000025\VIS-025_SW_data_21-July-2026_09-53-09\output\CombinedData_buffer3_iq.gif,PLAX,True,PLAX,False
C000000025,VIS-025_SW_data_21-July-2026_09-53-59,PLAX,0.988,1.0,Parasternal_Long,0.988,0.011,0.0,0.0,0.0,0.0,0.0,0.0,0.0,0.0,0.0,0.988,0.011,0.0,0.0,Z:\raw_data\C000000025\VIS-025_SW_data_21-July-2026_09-53-59\output\CombinedData_buffer3_iq.gif,PLAX,True,PLAX,False
C000000025,VIS-025_SW_data_21-July-2026_09-54-43,PLAX,0.995,1.0,Parasternal_Long,0.995,0.005,0.0,0.0,0.0,0.0,0.0,0.0,0.0,0.0,0.0,0.995,0.005,0.0,0.0,Z:\raw_data\C000000025\VIS-025_SW_data_21-July-2026_09-54-43\output\CombinedData_buffer3_iq.gif,PLAX,True,PLAX,False
C000000025,VIS-025_SW_data_21-July-2026_09-55-24,PLAX,0.991,1.0,Parasternal_Long,0.991,0.009,0.0,0.0,0.0,0.0,0.0,0.0,0.0,0.0,0.0,0.99,0.009,0.0,0.0,Z:\raw_data\C000000025\VIS-025_SW_data_21-July-2026_09-55-24\output\CombinedData_buffer3_iq.gif,PLAX,True,PLAX,False
C000000025,VIS-025_SW_data_21-July-2026_09-55-57,PLAX,0.991,1.0,Parasternal_Long,0.991,0.008,0.0,0.0,0.0,0.0,0.0,0.0,0.0,0.0,0.0,0.991,0.008,0.0,0.0,Z:\raw_data\C000000025\VIS-025_SW_data_21-July-2026_09-55-57\output\CombinedData_buffer3_iq.gif,PLAX,True,PLAX,False
C000000025,VIS-025_SW_data_21-July-2026_09-56-31,PLAX,0.96,1.0,Parasternal_Long,0.96,0.039,0.0,0.0,0.0,0.0,0.0,0.0,0.0,0.0,0.0,0.96,0.039,0.0,0.0,Z:\raw_data\C000000025\VIS-025_SW_data_21-July-2026_09-56-31\output\CombinedData_buffer3_iq.gif,PLAX,True,PLAX,False
C000000025,VIS-025_SW_data_21-July-2026_09-57-31,PSAX,0.989,1.0,Parasternal_Short,0.011,0.989,0.0,0.0,0.0,0.0,0.0,0.0,0.0,0.0,0.0,0.011,0.989,0.0,0.0,Z:\raw_data\C000000025\VIS-025_SW_data_21-July-2026_09-57-31\output\CombinedData_buffer3_iq.gif,PSAX,True,PSAX,False
C000000025,VIS-025_SW_data_21-July-2026_09-58-27,PSAX,0.984,1.0,Parasternal_Short,0.015,0.984,0.0,0.001,0.0,0.0,0.0,0.0,0.0,0.0,0.0,0.015,0.984,0.0,0.001,Z:\raw_data\C000000025\VIS-025_SW_data_21-July-2026_09-58-27\output\CombinedData_buffer3_iq.gif,PSAX,True,PSAX,False
C000000025,VIS-025_SW_data_21-July-2026_09-59-00,PSAX,0.988,1.0,Parasternal_Short,0.012,0.988,0.0,0.0,0.0,0.0,0.0,0.0,0.0,0.0,0.0,0.012,0.988,0.0,0.0,Z:\raw_data\C000000025\VIS-025_SW_data_21-July-2026_09-59-00\output\CombinedData_buffer3_iq.gif,PSAX,True,PSAX,False
C000000025,VIS-025_SW_data_21-July-2026_10-00-25,PSAX,0.633,0.688,Parasternal_Short,0.355,0.633,0.001,0.011,0.0,0.0,0.001,0.0,0.0,0.0,0.0,0.354,0.633,0.001,0.01,Z:\raw_data\C000000025\VIS-025_SW_data_21-July-2026_10-00-25\output\CombinedData_buffer3_iq.gif,PSAX,False,PSAX,True
C000000025,VIS-025_SW_data_21-July-2026_10-01-26,PSAX,0.872,1.0,Parasternal_Short,0.119,0.872,0.001,0.009,0.0,0.0,0.0,0.0,0.0,0.0,0.0,0.119,0.872,0.001,0.008,Z:\raw_data\C000000025\VIS-025_SW_data_21-July-2026_10-01-26\output\CombinedData_buffer3_iq.gif,PSAX,True,PSAX,False
C000000025,VIS-025_SW_data_21-July-2026_10-02-24,PSAX,0.974,1.0,Parasternal_Short,0.024,0.974,0.0,0.003,0.0,0.0,0.0,0.0,0.0,0.0,0.0,0.024,0.973,0.0,0.002,Z:\raw_data\C000000025\VIS-025_SW_data_21-July-2026_10-02-24\output\CombinedData_buffer3_iq.gif,PSAX,True,PSAX,False
C000000025,VIS-025_SW_data_21-July-2026_10-03-03,PSAX,0.909,1.0,Parasternal_Short,0.079,0.909,0.001,0.012,0.0,0.0,0.0,0.0,0.0,0.0,0.0,0.079,0.908,0.001,0.011,Z:\raw_data\C000000025\VIS-025_SW_data_21-July-2026_10-03-03\output\CombinedData_buffer3_iq.gif,PSAX,True,PSAX,False
C000000025,VIS-025_SW_data_21-July-2026_10-03-36,PSAX,0.749,1.0,Parasternal_Short,0.203,0.749,0.002,0.047,0.0,0.0,0.001,0.0,0.0,0.0,0.0,0.203,0.748,0.001,0.045,Z:\raw_data\C000000025\VIS-025_SW_data_21-July-2026_10-03-36\output\CombinedData_buffer3_iq.gif,PSAX,False,PSAX,True
C000000025,VIS-025_SW_data_21-July-2026_10-04-09,PSAX,0.731,0.969,Parasternal_Short,0.235,0.731,0.001,0.032,0.0,0.0,0.001,0.0,0.0,0.0,0.0,0.235,0.731,0.002,0.031,Z:\raw_data\C000000025\VIS-025_SW_data_21-July-2026_10-04-09\output\CombinedData_buffer3_iq.gif,PSAX,False,PSAX,True
C000000026,VIS-020_SW_data_14-July-2026_10-03-40,PLAX,0.976,1.0,Parasternal_Long,0.976,0.023,0.0,0.001,0.0,0.0,0.0,0.0,0.0,0.0,0.0,0.976,0.023,0.0,0.001,Z:\raw_data\C000000026\VIS-020_SW_data_14-July-2026_10-03-40\output\CombinedData_buffer3_iq.gif,PLAX,True,PLAX,False
C000000026,VIS-020_SW_data_14-July-2026_10-04-27,PLAX,0.973,1.0,Parasternal_Long,0.973,0.027,0.0,0.0,0.0,0.0,0.0,0.0,0.0,0.0,0.0,0.972,0.027,0.0,0.0,Z:\raw_data\C000000026\VIS-020_SW_data_14-July-2026_10-04-27\output\CombinedData_buffer3_iq.gif,PLAX,True,PLAX,False
C000000026,VIS-020_SW_data_14-July-2026_10-05-15,PLAX,0.726,0.844,Parasternal_Long,0.726,0.266,0.004,0.005,0.0,0.001,0.003,0.0,0.0,0.001,0.0,0.725,0.266,0.001,0.004,Z:\raw_data\C000000026\VIS-020_SW_data_14-July-2026_10-05-15\output\CombinedData_buffer3_iq.gif,PLAX,False,PLAX,True
C000000026,VIS-020_SW_data_14-July-2026_10-06-14,PLAX,0.921,0.969,Parasternal_Long,0.921,0.077,0.0,0.001,0.0,0.0,0.0,0.0,0.0,0.0,0.0,0.921,0.077,0.0,0.001,Z:\raw_data\C000000026\VIS-020_SW_data_14-July-2026_10-06-14\output\CombinedData_buffer3_iq.gif,PLAX,True,PLAX,False
C000000026,VIS-020_SW_data_14-July-2026_10-06-51,PLAX,0.9,1.0,Parasternal_Long,0.9,0.099,0.0,0.001,0.0,0.0,0.0,0.0,0.0,0.0,0.0,0.9,0.099,0.0,0.001,Z:\raw_data\C000000026\VIS-020_SW_data_14-July-2026_10-06-51\output\CombinedData_buffer3_iq.gif,PLAX,True,PLAX,False
C000000026,VIS-020_SW_data_14-July-2026_10-07-28,PLAX,0.966,1.0,Parasternal_Long,0.966,0.033,0.0,0.001,0.0,0.0,0.0,0.0,0.0,0.0,0.0,0.966,0.033,0.0,0.001,Z:\raw_data\C000000026\VIS-020_SW_data_14-July-2026_10-07-28\output\CombinedData_buffer3_iq.gif,PLAX,True,PLAX,False
C000000026,VIS-020_SW_data_14-July-2026_10-08-20,PSAX,0.922,1.0,Parasternal_Short,0.054,0.922,0.001,0.022,0.0,0.0,0.001,0.0,0.0,0.0,0.0,0.054,0.922,0.0,0.022,Z:\raw_data\C000000026\VIS-020_SW_data_14-July-2026_10-08-20\output\CombinedData_buffer3_iq.gif,PSAX,True,PSAX,False
C000000026,VIS-020_SW_data_14-July-2026_10-09-33,PSAX,0.878,1.0,Parasternal_Short,0.072,0.878,0.006,0.043,0.0,0.0,0.005,0.0,0.0,0.0,0.0,0.072,0.878,0.0,0.043,Z:\raw_data\C000000026\VIS-020_SW_data_14-July-2026_10-09-33\output\CombinedData_buffer3_iq.gif,PSAX,True,PSAX,False
C000000026,VIS-020_SW_data_14-July-2026_10-10-10,PSAX,0.975,1.0,Parasternal_Short,0.014,0.975,0.001,0.01,0.0,0.0,0.001,0.0,0.0,0.0,0.0,0.014,0.975,0.0,0.01,Z:\raw_data\C000000026\VIS-020_SW_data_14-July-2026_10-10-10\output\CombinedData_buffer3_iq.gif,PSAX,True,PSAX,False
C000000026,VIS-020_SW_data_14-July-2026_10-10-49,PSAX,0.99,1.0,Parasternal_Short,0.006,0.99,0.001,0.003,0.0,0.0,0.0,0.0,0.0,0.0,0.0,0.006,0.99,0.0,0.003,Z:\raw_data\C000000026\VIS-020_SW_data_14-July-2026_10-10-49\output\CombinedData_buffer3_iq.gif,PSAX,True,PSAX,False
C000000026,VIS-020_SW_data_14-July-2026_10-12-12,PSAX,0.968,1.0,Parasternal_Short,0.014,0.968,0.002,0.015,0.0,0.0,0.002,0.0,0.0,0.0,0.0,0.014,0.968,0.001,0.014,Z:\raw_data\C000000026\VIS-020_SW_data_14-July-2026_10-12-12\output\CombinedData_buffer3_iq.gif,PSAX,True,PSAX,False
C000000026,VIS-020_SW_data_14-July-2026_10-13-08,PSAX,0.713,0.781,Parasternal_Short,0.195,0.713,0.02,0.071,0.008,0.001,0.011,0.001,0.0,0.0,0.0,0.195,0.713,0.054,0.017,Z:\raw_data\C000000026\VIS-020_SW_data_14-July-2026_10-13-08\output\CombinedData_buffer3_iq.gif,PSAX,False,PSAX,True
C000000026,VIS-020_SW_data_14-July-2026_10-13-43,PSAX,0.804,0.938,Parasternal_Short,0.155,0.804,0.008,0.033,0.003,0.001,0.003,0.001,0.0,0.0,0.0,0.155,0.804,0.02,0.013,Z:\raw_data\C000000026\VIS-020_SW_data_14-July-2026_10-13-43\output\CombinedData_buffer3_iq.gif,PSAX,True,PSAX,False
C000000026,VIS-020_SW_data_14-July-2026_10-14-20,PSAX,0.765,0.875,Parasternal_Short,0.096,0.765,0.013,0.126,0.006,0.001,0.005,0.001,0.0,0.0,0.001,0.096,0.764,0.107,0.019,Z:\raw_data\C000000026\VIS-020_SW_data_14-July-2026_10-14-20\output\CombinedData_buffer3_iq.gif,PSAX,False,PSAX,True
C000000027,VIS-019_SW_data_14-July-2026_09-20-26,PLAX,0.997,1.0,Parasternal_Long,0.997,0.003,0.0,0.0,0.0,0.0,0.0,0.0,0.0,0.0,0.0,0.997,0.003,0.0,0.0,Z:\raw_data\C000000027\VIS-019_SW_data_14-July-2026_09-20-26\output\CombinedData_buffer3_iq.gif,PLAX,True,PLAX,False
C000000027,VIS-019_SW_data_14-July-2026_09-21-01,PLAX,0.999,1.0,Parasternal_Long,0.999,0.001,0.0,0.0,0.0,0.0,0.0,0.0,0.0,0.0,0.0,0.999,0.001,0.0,0.0,Z:\raw_data\C000000027\VIS-019_SW_data_14-July-2026_09-21-01\output\CombinedData_buffer3_iq.gif,PLAX,True,PLAX,False
C000000027,VIS-019_SW_data_14-July-2026_09-21-40,PLAX,0.994,1.0,Parasternal_Long,0.994,0.006,0.0,0.0,0.0,0.0,0.0,0.0,0.0,0.0,0.0,0.994,0.006,0.0,0.0,Z:\raw_data\C000000027\VIS-019_SW_data_14-July-2026_09-21-40\output\CombinedData_buffer3_iq.gif,PLAX,True,PLAX,False
C000000027,VIS-019_SW_data_14-July-2026_09-22-29,PLAX,0.992,1.0,Parasternal_Long,0.992,0.008,0.0,0.0,0.0,0.0,0.0,0.0,0.0,0.0,0.0,0.992,0.008,0.0,0.0,Z:\raw_data\C000000027\VIS-019_SW_data_14-July-2026_09-22-29\output\CombinedData_buffer3_iq.gif,PLAX,True,PLAX,False
C000000027,VIS-019_SW_data_14-July-2026_09-23-05,PLAX,0.999,1.0,Parasternal_Long,0.999,0.001,0.0,0.0,0.0,0.0,0.0,0.0,0.0,0.0,0.0,0.999,0.001,0.0,0.0,Z:\raw_data\C000000027\VIS-019_SW_data_14-July-2026_09-23-05\output\CombinedData_buffer3_iq.gif,PLAX,True,PLAX,False
C000000027,VIS-019_SW_data_14-July-2026_09-24-01,PLAX,0.998,1.0,Parasternal_Long,0.998,0.002,0.0,0.0,0.0,0.0,0.0,0.0,0.0,0.0,0.0,0.998,0.002,0.0,0.0,Z:\raw_data\C000000027\VIS-019_SW_data_14-July-2026_09-24-01\output\CombinedData_buffer3_iq.gif,PLAX,True,PLAX,False
C000000027,VIS-019_SW_data_14-July-2026_09-26-08,PSAX,0.996,1.0,Parasternal_Short,0.003,0.996,0.0,0.001,0.0,0.0,0.0,0.0,0.0,0.0,0.0,0.003,0.996,0.0,0.001,Z:\raw_data\C000000027\VIS-019_SW_data_14-July-2026_09-26-08\output\CombinedData_buffer3_iq.gif,PSAX,True,PSAX,False
C000000027,VIS-019_SW_data_14-July-2026_09-26-53,PSAX,0.998,1.0,Parasternal_Short,0.002,0.998,0.0,0.0,0.0,0.0,0.0,0.0,0.0,0.0,0.0,0.002,0.998,0.0,0.0,Z:\raw_data\C000000027\VIS-019_SW_data_14-July-2026_09-26-53\output\CombinedData_buffer3_iq.gif,PSAX,True,PSAX,False
C000000027,VIS-019_SW_data_14-July-2026_09-27-24,PSAX,0.999,1.0,Parasternal_Short,0.001,0.999,0.0,0.0,0.0,0.0,0.0,0.0,0.0,0.0,0.0,0.001,0.999,0.0,0.0,Z:\raw_data\C000000027\VIS-019_SW_data_14-July-2026_09-27-24\output\CombinedData_buffer3_iq.gif,PSAX,True,PSAX,False
C000000027,VIS-019_SW_data_14-July-2026_09-28-34,PSAX,0.984,1.0,Parasternal_Short,0.016,0.984,0.0,0.0,0.0,0.0,0.0,0.0,0.0,0.0,0.0,0.016,0.983,0.0,0.0,Z:\raw_data\C000000027\VIS-019_SW_data_14-July-2026_09-28-34\output\CombinedData_buffer3_iq.gif,PSAX,True,PSAX,False
C000000027,VIS-019_SW_data_14-July-2026_09-29-07,PSAX,0.996,1.0,Parasternal_Short,0.004,0.996,0.0,0.0,0.0,0.0,0.0,0.0,0.0,0.0,0.0,0.004,0.996,0.0,0.0,Z:\raw_data\C000000027\VIS-019_SW_data_14-July-2026_09-29-07\output\CombinedData_buffer3_iq.gif,PSAX,True,PSAX,False
C000000027,VIS-019_SW_data_14-July-2026_09-29-48,PSAX,0.997,1.0,Parasternal_Short,0.003,0.997,0.0,0.0,0.0,0.0,0.0,0.0,0.0,0.0,0.0,0.003,0.997,0.0,0.0,Z:\raw_data\C000000027\VIS-019_SW_data_14-July-2026_09-29-48\output\CombinedData_buffer3_iq.gif,PSAX,True,PSAX,False
C000000027,VIS-019_SW_data_14-July-2026_09-30-41,PSAX,0.961,1.0,Parasternal_Short,0.032,0.961,0.0,0.007,0.0,0.0,0.0,0.0,0.0,0.0,0.0,0.032,0.961,0.001,0.006,Z:\raw_data\C000000027\VIS-019_SW_data_14-July-2026_09-30-41\output\CombinedData_buffer3_iq.gif,PSAX,True,PSAX,False
C000000027,VIS-019_SW_data_14-July-2026_09-31-35,PSAX,0.997,1.0,Parasternal_Short,0.002,0.997,0.0,0.0,0.0,0.0,0.0,0.0,0.0,0.0,0.0,0.002,0.997,0.0,0.0,Z:\raw_data\C000000027\VIS-019_SW_data_14-July-2026_09-31-35\output\CombinedData_buffer3_iq.gif,PSAX,True,PSAX,False
C000000028,VIS-018_SW_data_14-July-2026_08-30-41,PLAX,0.992,1.0,Parasternal_Long,0.992,0.007,0.0,0.001,0.0,0.0,0.0,0.0,0.0,0.0,0.0,0.992,0.007,0.0,0.001,Z:\raw_data\C000000028\VIS-018_SW_data_14-July-2026_08-30-41\output\CombinedData_buffer3_iq.gif,PLAX,True,PLAX,False
C000000028,VIS-018_SW_data_14-July-2026_08-31-36,PLAX,0.996,1.0,Parasternal_Long,0.996,0.004,0.0,0.0,0.0,0.0,0.0,0.0,0.0,0.0,0.0,0.996,0.004,0.0,0.0,Z:\raw_data\C000000028\VIS-018_SW_data_14-July-2026_08-31-36\output\CombinedData_buffer3_iq.gif,PLAX,True,PLAX,False
C000000028,VIS-018_SW_data_14-July-2026_08-32-28,PLAX,0.998,1.0,Parasternal_Long,0.998,0.002,0.0,0.0,0.0,0.0,0.0,0.0,0.0,0.0,0.0,0.998,0.002,0.0,0.0,Z:\raw_data\C000000028\VIS-018_SW_data_14-July-2026_08-32-28\output\CombinedData_buffer3_iq.gif,PLAX,True,PLAX,False
C000000028,VIS-018_SW_data_14-July-2026_08-34-06,PLAX,0.95,1.0,Parasternal_Long,0.95,0.05,0.0,0.001,0.0,0.0,0.0,0.0,0.0,0.0,0.0,0.95,0.05,0.0,0.0,Z:\raw_data\C000000028\VIS-018_SW_data_14-July-2026_08-34-06\output\CombinedData_buffer3_iq.gif,PLAX,True,PLAX,False
C000000028,VIS-018_SW_data_14-July-2026_08-36-24,PLAX,0.987,1.0,Parasternal_Long,0.987,0.012,0.0,0.001,0.0,0.0,0.0,0.0,0.0,0.0,0.0,0.987,0.012,0.0,0.001,Z:\raw_data\C000000028\VIS-018_SW_data_14-July-2026_08-36-24\output\CombinedData_buffer3_iq.gif,PLAX,True,PLAX,False
C000000028,VIS-018_SW_data_14-July-2026_08-37-36,PSAX,0.999,1.0,Parasternal_Short,0.001,0.999,0.0,0.0,0.0,0.0,0.0,0.0,0.0,0.0,0.0,0.001,0.999,0.0,0.0,Z:\raw_data\C000000028\VIS-018_SW_data_14-July-2026_08-37-36\output\CombinedData_buffer3_iq.gif,PSAX,True,PSAX,False
C000000028,VIS-018_SW_data_14-July-2026_08-38-55,PSAX,0.999,1.0,Parasternal_Short,0.001,0.999,0.0,0.0,0.0,0.0,0.0,0.0,0.0,0.0,0.0,0.001,0.999,0.0,0.0,Z:\raw_data\C000000028\VIS-018_SW_data_14-July-2026_08-38-55\output\CombinedData_buffer3_iq.gif,PSAX,True,PSAX,False
C000000028,VIS-018_SW_data_14-July-2026_08-40-35,PSAX,0.969,1.0,Parasternal_Short,0.029,0.969,0.0,0.001,0.0,0.0,0.0,0.0,0.0,0.0,0.0,0.029,0.969,0.0,0.001,Z:\raw_data\C000000028\VIS-018_SW_data_14-July-2026_08-40-35\output\CombinedData_buffer3_iq.gif,PSAX,True,PSAX,False
C000000028,VIS-018_SW_data_14-July-2026_08-41-28,PSAX,0.836,1.0,Parasternal_Short,0.16,0.836,0.001,0.003,0.0,0.0,0.0,0.0,0.0,0.0,0.0,0.16,0.836,0.0,0.003,Z:\raw_data\C000000028\VIS-018_SW_data_14-July-2026_08-41-28\output\CombinedData_buffer3_iq.gif,PSAX,True,PSAX,False
C000000028,VIS-018_SW_data_14-July-2026_08-42-20,PSAX,0.974,1.0,Parasternal_Short,0.025,0.974,0.0,0.002,0.0,0.0,0.0,0.0,0.0,0.0,0.0,0.025,0.973,0.0,0.001,Z:\raw_data\C000000028\VIS-018_SW_data_14-July-2026_08-42-20\output\CombinedData_buffer3_iq.gif,PSAX,True,PSAX,False
C000000028,VIS-018_SW_data_14-July-2026_08-43-02,PSAX,0.912,1.0,Parasternal_Short,0.08,0.912,0.001,0.007,0.0,0.0,0.0,0.0,0.0,0.0,0.0,0.08,0.911,0.0,0.007,Z:\raw_data\C000000028\VIS-018_SW_data_14-July-2026_08-43-02\output\CombinedData_buffer3_iq.gif,PSAX,True,PSAX,False
C000000028,VIS-018_SW_data_14-July-2026_08-44-25,PSAX,0.996,1.0,Parasternal_Short,0.004,0.996,0.0,0.0,0.0,0.0,0.0,0.0,0.0,0.0,0.0,0.004,0.996,0.0,0.0,Z:\raw_data\C000000028\VIS-018_SW_data_14-July-2026_08-44-25\output\CombinedData_buffer3_iq.gif,PSAX,True,PSAX,False
C000000028,VIS-018_SW_data_14-July-2026_08-45-18,PSAX,0.972,1.0,Parasternal_Short,0.024,0.972,0.0,0.003,0.0,0.0,0.0,0.0,0.0,0.0,0.0,0.024,0.972,0.0,0.003,Z:\raw_data\C000000028\VIS-018_SW_data_14-July-2026_08-45-18\output\CombinedData_buffer3_iq.gif,PSAX,True,PSAX,False
C000000028,VIS-018_SW_data_14-July-2026_08-46-32,PSAX,0.678,0.938,Parasternal_Short,0.306,0.678,0.001,0.016,0.0,0.0,0.0,0.0,0.0,0.0,0.0,0.306,0.677,0.002,0.014,Z:\raw_data\C000000028\VIS-018_SW_data_14-July-2026_08-46-32\output\CombinedData_buffer3_iq.gif,PSAX,False,PSAX,True
C000000028,VIS-018_SW_data_14-July-2026_08-47-04,PSAX,0.527,0.469,Parasternal_Short,0.452,0.527,0.001,0.02,0.0,0.0,0.0,0.0,0.0,0.0,0.0,0.452,0.526,0.002,0.018,Z:\raw_data\C000000028\VIS-018_SW_data_14-July-2026_08-47-04\output\CombinedData_buffer3_iq.gif,PSAX,False,PSAX,True
C000000028,VIS-018_SW_data_14-July-2026_08-47-38,PSAX,0.668,0.906,Parasternal_Short,0.306,0.668,0.001,0.025,0.0,0.0,0.001,0.0,0.0,0.0,0.0,0.305,0.668,0.002,0.023,Z:\raw_data\C000000028\VIS-018_SW_data_14-July-2026_08-47-38\output\CombinedData_buffer3_iq.gif,PSAX,False,PSAX,True
C000000029,VIS-031_SW_data_24-July-2026_11-11-50,PLAX,0.998,1.0,Parasternal_Long,0.998,0.002,0.0,0.0,0.0,0.0,0.0,0.0,0.0,0.0,0.0,0.998,0.002,0.0,0.0,Z:\raw_data\C000000029\VIS-031_SW_data_24-July-2026_11-11-50\output\CombinedData_buffer3_iq.gif,PLAX,True,PLAX,False
C000000029,VIS-031_SW_data_24-July-2026_11-13-37,PLAX,0.998,1.0,Parasternal_Long,0.998,0.002,0.0,0.0,0.0,0.0,0.0,0.0,0.0,0.0,0.0,0.998,0.002,0.0,0.0,Z:\raw_data\C000000029\VIS-031_SW_data_24-July-2026_11-13-37\output\CombinedData_buffer3_iq.gif,PLAX,True,PLAX,False
C000000029,VIS-031_SW_data_24-July-2026_11-15-26,PLAX,0.999,1.0,Parasternal_Long,0.999,0.001,0.0,0.0,0.0,0.0,0.0,0.0,0.0,0.0,0.0,0.999,0.001,0.0,0.0,Z:\raw_data\C000000029\VIS-031_SW_data_24-July-2026_11-15-26\output\CombinedData_buffer3_iq.gif,PLAX,True,PLAX,False
C000000029,VIS-031_SW_data_24-July-2026_11-16-52,PLAX,0.869,0.906,Parasternal_Long,0.869,0.13,0.0,0.0,0.0,0.0,0.0,0.0,0.0,0.0,0.0,0.869,0.13,0.0,0.0,Z:\raw_data\C000000029\VIS-031_SW_data_24-July-2026_11-16-52\output\CombinedData_buffer3_iq.gif,PLAX,True,PLAX,False
C000000029,VIS-031_SW_data_24-July-2026_11-17-56,PLAX,0.999,1.0,Parasternal_Long,0.999,0.001,0.0,0.0,0.0,0.0,0.0,0.0,0.0,0.0,0.0,0.998,0.001,0.0,0.0,Z:\raw_data\C000000029\VIS-031_SW_data_24-July-2026_11-17-56\output\CombinedData_buffer3_iq.gif,PLAX,True,PLAX,False
C000000029,VIS-031_SW_data_24-July-2026_11-19-14,PSAX,0.998,1.0,Parasternal_Short,0.001,0.998,0.0,0.0,0.0,0.0,0.0,0.0,0.0,0.0,0.0,0.001,0.998,0.0,0.0,Z:\raw_data\C000000029\VIS-031_SW_data_24-July-2026_11-19-14\output\CombinedData_buffer3_iq.gif,PSAX,True,PSAX,False
C000000029,VIS-031_SW_data_24-July-2026_11-19-50,PSAX,0.999,1.0,Parasternal_Short,0.001,0.999,0.0,0.0,0.0,0.0,0.0,0.0,0.0,0.0,0.0,0.001,0.999,0.0,0.0,Z:\raw_data\C000000029\VIS-031_SW_data_24-July-2026_11-19-50\output\CombinedData_buffer3_iq.gif,PSAX,True,PSAX,False
C000000029,VIS-031_SW_data_24-July-2026_11-20-40,PSAX,0.976,1.0,Parasternal_Short,0.018,0.976,0.0,0.006,0.0,0.0,0.0,0.0,0.0,0.0,0.0,0.018,0.976,0.001,0.005,Z:\raw_data\C000000029\VIS-031_SW_data_24-July-2026_11-20-40\output\CombinedData_buffer3_iq.gif,PSAX,True,PSAX,False
C000000029,VIS-031_SW_data_24-July-2026_11-21-17,PSAX,0.998,1.0,Parasternal_Short,0.001,0.998,0.0,0.0,0.0,0.0,0.0,0.0,0.0,0.0,0.0,0.001,0.998,0.0,0.0,Z:\raw_data\C000000029\VIS-031_SW_data_24-July-2026_11-21-17\output\CombinedData_buffer3_iq.gif,PSAX,True,PSAX,False
C000000029,VIS-031_SW_data_24-July-2026_11-23-20,PSAX,0.999,1.0,Parasternal_Short,0.001,0.999,0.0,0.0,0.0,0.0,0.0,0.0,0.0,0.0,0.0,0.001,0.999,0.0,0.0,Z:\raw_data\C000000029\VIS-031_SW_data_24-July-2026_11-23-20\output\CombinedData_buffer3_iq.gif,PSAX,True,PSAX,False
C000000029,VIS-031_SW_data_24-July-2026_11-24-40,PSAX,0.999,1.0,Parasternal_Short,0.001,0.999,0.0,0.0,0.0,0.0,0.0,0.0,0.0,0.0,0.0,0.001,0.999,0.0,0.0,Z:\raw_data\C000000029\VIS-031_SW_data_24-July-2026_11-24-40\output\CombinedData_buffer3_iq.gif,PSAX,True,PSAX,False
C000000029,VIS-031_SW_data_24-July-2026_11-25-22,PSAX,0.999,1.0,Parasternal_Short,0.001,0.999,0.0,0.0,0.0,0.0,0.0,0.0,0.0,0.0,0.0,0.001,0.999,0.0,0.0,Z:\raw_data\C000000029\VIS-031_SW_data_24-July-2026_11-25-22\output\CombinedData_buffer3_iq.gif,PSAX,True,PSAX,False
C000000029,VIS-031_SW_data_24-July-2026_11-26-20,PSAX,0.999,1.0,Parasternal_Short,0.001,0.999,0.0,0.0,0.0,0.0,0.0,0.0,0.0,0.0,0.0,0.001,0.999,0.0,0.0,Z:\raw_data\C000000029\VIS-031_SW_data_24-July-2026_11-26-20\output\CombinedData_buffer3_iq.gif,PSAX,True,PSAX,False
C000000029,VIS-031_SW_data_24-July-2026_11-27-04,PSAX,0.999,1.0,Parasternal_Short,0.001,0.999,0.0,0.0,0.0,0.0,0.0,0.0,0.0,0.0,0.0,0.001,0.999,0.0,0.0,Z:\raw_data\C000000029\VIS-031_SW_data_24-July-2026_11-27-04\output\CombinedData_buffer3_iq.gif,PSAX,True,PSAX,False
C000000030,VIS-029_SW_data_24-July-2026_09-36-27,PLAX,0.994,1.0,Parasternal_Long,0.994,0.006,0.0,0.0,0.0,0.0,0.0,0.0,0.0,0.0,0.0,0.994,0.006,0.0,0.0,Z:\raw_data\C000000030\VIS-029_SW_data_24-July-2026_09-36-27\output\CombinedData_buffer3_iq.gif,PLAX,True,PLAX,False
C000000030,VIS-029_SW_data_24-July-2026_09-37-10,PLAX,0.99,1.0,Parasternal_Long,0.99,0.01,0.0,0.0,0.0,0.0,0.0,0.0,0.0,0.0,0.0,0.99,0.01,0.0,0.0,Z:\raw_data\C000000030\VIS-029_SW_data_24-July-2026_09-37-10\output\CombinedData_buffer3_iq.gif,PLAX,True,PLAX,False
C000000030,VIS-029_SW_data_24-July-2026_09-38-43,PLAX,0.995,1.0,Parasternal_Long,0.995,0.005,0.0,0.0,0.0,0.0,0.0,0.0,0.0,0.0,0.0,0.995,0.005,0.0,0.0,Z:\raw_data\C000000030\VIS-029_SW_data_24-July-2026_09-38-43\output\CombinedData_buffer3_iq.gif,PLAX,True,PLAX,False
C000000030,VIS-029_SW_data_24-July-2026_09-39-32,PLAX,0.99,1.0,Parasternal_Long,0.99,0.01,0.0,0.0,0.0,0.0,0.0,0.0,0.0,0.0,0.0,0.99,0.01,0.0,0.0,Z:\raw_data\C000000030\VIS-029_SW_data_24-July-2026_09-39-32\output\CombinedData_buffer3_iq.gif,PLAX,True,PLAX,False
C000000030,VIS-029_SW_data_24-July-2026_09-40-03,PLAX,0.992,1.0,Parasternal_Long,0.992,0.008,0.0,0.0,0.0,0.0,0.0,0.0,0.0,0.0,0.0,0.992,0.008,0.0,0.0,Z:\raw_data\C000000030\VIS-029_SW_data_24-July-2026_09-40-03\output\CombinedData_buffer3_iq.gif,PLAX,True,PLAX,False
C000000030,VIS-029_SW_data_24-July-2026_09-40-37,PLAX,0.992,1.0,Parasternal_Long,0.992,0.008,0.0,0.0,0.0,0.0,0.0,0.0,0.0,0.0,0.0,0.992,0.008,0.0,0.0,Z:\raw_data\C000000030\VIS-029_SW_data_24-July-2026_09-40-37\output\CombinedData_buffer3_iq.gif,PLAX,True,PLAX,False
C000000030,VIS-029_SW_data_24-July-2026_09-41-15,PLAX,0.985,1.0,Parasternal_Long,0.985,0.015,0.0,0.0,0.0,0.0,0.0,0.0,0.0,0.0,0.0,0.985,0.015,0.0,0.0,Z:\raw_data\C000000030\VIS-029_SW_data_24-July-2026_09-41-15\output\CombinedData_buffer3_iq.gif,PLAX,True,PLAX,False
C000000030,VIS-029_SW_data_24-July-2026_09-44-24,PSAX,0.994,1.0,Parasternal_Short,0.004,0.994,0.0,0.001,0.0,0.0,0.0,0.0,0.0,0.0,0.0,0.004,0.994,0.0,0.001,Z:\raw_data\C000000030\VIS-029_SW_data_24-July-2026_09-44-24\output\CombinedData_buffer3_iq.gif,PSAX,True,PSAX,False
C000000030,VIS-029_SW_data_24-July-2026_09-46-58,PSAX,0.997,1.0,Parasternal_Short,0.003,0.997,0.0,0.0,0.0,0.0,0.0,0.0,0.0,0.0,0.0,0.003,0.997,0.0,0.0,Z:\raw_data\C000000030\VIS-029_SW_data_24-July-2026_09-46-58\output\CombinedData_buffer3_iq.gif,PSAX,True,PSAX,False
C000000030,VIS-029_SW_data_24-July-2026_09-48-09,PSAX,0.993,1.0,Parasternal_Short,0.007,0.993,0.0,0.0,0.0,0.0,0.0,0.0,0.0,0.0,0.0,0.007,0.993,0.0,0.0,Z:\raw_data\C000000030\VIS-029_SW_data_24-July-2026_09-48-09\output\CombinedData_buffer3_iq.gif,PSAX,True,PSAX,False
C000000030,VIS-029_SW_data_24-July-2026_09-49-09,PSAX,0.996,1.0,Parasternal_Short,0.001,0.996,0.001,0.002,0.0,0.0,0.0,0.0,0.0,0.0,0.0,0.001,0.996,0.001,0.0,Z:\raw_data\C000000030\VIS-029_SW_data_24-July-2026_09-49-09\output\CombinedData_buffer3_iq.gif,PSAX,True,PSAX,False
C000000030,VIS-029_SW_data_24-July-2026_09-50-11,PSAX,0.994,1.0,Parasternal_Short,0.002,0.994,0.001,0.003,0.001,0.0,0.0,0.0,0.0,0.0,0.0,0.002,0.993,0.002,0.001,Z:\raw_data\C000000030\VIS-029_SW_data_24-July-2026_09-50-11\output\CombinedData_buffer3_iq.gif,PSAX,True,PSAX,False
C000000030,VIS-029_SW_data_24-July-2026_09-50-57,PSAX,0.995,1.0,Parasternal_Short,0.002,0.995,0.001,0.002,0.0,0.0,0.0,0.0,0.0,0.0,0.0,0.002,0.994,0.002,0.0,Z:\raw_data\C000000030\VIS-029_SW_data_24-July-2026_09-50-57\output\CombinedData_buffer3_iq.gif,PSAX,True,PSAX,False
C000000030,VIS-029_SW_data_24-July-2026_09-51-29,PSAX,0.997,1.0,Parasternal_Short,0.001,0.997,0.001,0.001,0.0,0.0,0.0,0.0,0.0,0.0,0.0,0.001,0.997,0.001,0.0,Z:\raw_data\C000000030\VIS-029_SW_data_24-July-2026_09-51-29\output\CombinedData_buffer3_iq.gif,PSAX,True,PSAX,False
C000000030,VIS-029_SW_data_24-July-2026_09-52-03,PSAX,0.991,1.0,Parasternal_Short,0.002,0.991,0.003,0.004,0.001,0.0,0.001,0.0,0.0,0.0,0.001,0.002,0.99,0.003,0.001,Z:\raw_data\C000000030\VIS-029_SW_data_24-July-2026_09-52-03\output\CombinedData_buffer3_iq.gif,PSAX,True,PSAX,False
C000000030,VIS-029_SW_data_24-July-2026_09-52-38,PSAX,0.992,1.0,Parasternal_Short,0.003,0.992,0.001,0.005,0.0,0.0,0.0,0.0,0.0,0.0,0.001,0.003,0.991,0.004,0.001,Z:\raw_data\C000000030\VIS-029_SW_data_24-July-2026_09-52-38\output\CombinedData_buffer3_iq.gif,PSAX,True,PSAX,False
C000000030,VIS-029_SW_data_24-July-2026_09-53-18,PSAX,0.986,1.0,Parasternal_Short,0.003,0.986,0.002,0.009,0.001,0.0,0.001,0.0,0.0,0.0,0.001,0.003,0.985,0.005,0.004,Z:\raw_data\C000000030\VIS-029_SW_data_24-July-2026_09-53-18\output\CombinedData_buffer3_iq.gif,PSAX,True,PSAX,False
C000000031,VIS-032_SW_data_24-July-2026_11-57-06,PLAX,0.974,1.0,Parasternal_Long,0.974,0.023,0.001,0.002,0.0,0.0,0.0,0.0,0.0,0.0,0.0,0.974,0.023,0.001,0.001,Z:\raw_data\C000000031\VIS-032_SW_data_24-July-2026_11-57-06\output\CombinedData_buffer3_iq.gif,PLAX,True,PLAX,False
C000000031,VIS-032_SW_data_24-July-2026_11-58-23,PLAX,0.951,1.0,Parasternal_Long,0.951,0.04,0.002,0.008,0.0,0.001,0.001,0.0,0.0,0.0,0.0,0.95,0.04,0.003,0.004,Z:\raw_data\C000000031\VIS-032_SW_data_24-July-2026_11-58-23\output\CombinedData_buffer3_iq.gif,PLAX,True,PLAX,False
C000000031,VIS-032_SW_data_24-July-2026_11-59-33,PLAX,0.959,1.0,Parasternal_Long,0.959,0.033,0.002,0.007,0.0,0.0,0.001,0.0,0.0,0.0,0.0,0.958,0.033,0.002,0.004,Z:\raw_data\C000000031\VIS-032_SW_data_24-July-2026_11-59-33\output\CombinedData_buffer3_iq.gif,PLAX,True,PLAX,False
C000000031,VIS-032_SW_data_24-July-2026_12-02-02,PLAX,0.751,0.75,Parasternal_Long,0.751,0.246,0.002,0.002,0.0,0.001,0.001,0.0,0.0,0.0,0.0,0.751,0.246,0.001,0.001,Z:\raw_data\C000000031\VIS-032_SW_data_24-July-2026_12-02-02\output\CombinedData_buffer3_iq.gif,PLAX,False,PLAX,True
C000000031,VIS-032_SW_data_24-July-2026_12-04-14,PLAX,0.971,1.0,Parasternal_Long,0.971,0.029,0.0,0.0,0.0,0.0,0.0,0.0,0.0,0.0,0.0,0.971,0.029,0.0,0.0,Z:\raw_data\C000000031\VIS-032_SW_data_24-July-2026_12-04-14\output\CombinedData_buffer3_iq.gif,PLAX,True,PLAX,False
C000000031,VIS-032_SW_data_24-July-2026_12-04-54,PLAX,0.983,1.0,Parasternal_Long,0.983,0.016,0.0,0.0,0.0,0.0,0.0,0.0,0.0,0.0,0.0,0.983,0.016,0.0,0.0,Z:\raw_data\C000000031\VIS-032_SW_data_24-July-2026_12-04-54\output\CombinedData_buffer3_iq.gif,PLAX,True,PLAX,False
C000000031,VIS-032_SW_data_24-July-2026_12-06-09,PSAX,0.969,1.0,Parasternal_Short,0.027,0.969,0.001,0.003,0.0,0.0,0.0,0.0,0.0,0.0,0.0,0.027,0.968,0.002,0.001,Z:\raw_data\C000000031\VIS-032_SW_data_24-July-2026_12-06-09\output\CombinedData_buffer3_iq.gif,PSAX,True,PSAX,False
C000000031,VIS-032_SW_data_24-July-2026_12-07-02,PSAX,0.968,1.0,Parasternal_Short,0.03,0.968,0.001,0.002,0.0,0.0,0.0,0.0,0.0,0.0,0.0,0.03,0.967,0.001,0.001,Z:\raw_data\C000000031\VIS-032_SW_data_24-July-2026_12-07-02\output\CombinedData_buffer3_iq.gif,PSAX,True,PSAX,False
C000000031,VIS-032_SW_data_24-July-2026_12-07-40,PSAX,0.898,1.0,Parasternal_Short,0.081,0.898,0.002,0.02,0.0,0.0,0.001,0.0,0.0,0.0,0.0,0.081,0.897,0.019,0.001,Z:\raw_data\C000000031\VIS-032_SW_data_24-July-2026_12-07-40\output\CombinedData_buffer3_iq.gif,PSAX,True,PSAX,False
C000000031,VIS-032_SW_data_24-July-2026_12-08-42,PSAX,0.982,1.0,Parasternal_Short,0.016,0.982,0.001,0.001,0.0,0.0,0.001,0.0,0.0,0.0,0.0,0.016,0.982,0.0,0.001,Z:\raw_data\C000000031\VIS-032_SW_data_24-July-2026_12-08-42\output\CombinedData_buffer3_iq.gif,PSAX,True,PSAX,False
C000000031,VIS-032_SW_data_24-July-2026_12-09-14,PSAX,0.974,1.0,Parasternal_Short,0.02,0.974,0.002,0.004,0.0,0.0,0.001,0.0,0.0,0.0,0.0,0.02,0.973,0.0,0.004,Z:\raw_data\C000000031\VIS-032_SW_data_24-July-2026_12-09-14\output\CombinedData_buffer3_iq.gif,PSAX,True,PSAX,False
C000000031,VIS-032_SW_data_24-July-2026_12-09-49,PSAX,0.992,1.0,Parasternal_Short,0.007,0.992,0.001,0.001,0.0,0.0,0.0,0.0,0.0,0.0,0.0,0.007,0.992,0.0,0.0,Z:\raw_data\C000000031\VIS-032_SW_data_24-July-2026_12-09-49\output\CombinedData_buffer3_iq.gif,PSAX,True,PSAX,False
C000000031,VIS-032_SW_data_24-July-2026_12-10-22,PSAX,0.971,1.0,Parasternal_Short,0.022,0.971,0.003,0.004,0.0,0.0,0.002,0.0,0.0,0.0,0.0,0.022,0.971,0.0,0.003,Z:\raw_data\C000000031\VIS-032_SW_data_24-July-2026_12-10-22\output\CombinedData_buffer3_iq.gif,PSAX,True,PSAX,False
C000000031,VIS-032_SW_data_24-July-2026_12-11-00,PSAX,0.963,1.0,Parasternal_Short,0.029,0.963,0.002,0.007,0.0,0.0,0.001,0.0,0.0,0.0,0.0,0.029,0.963,0.001,0.006,Z:\raw_data\C000000031\VIS-032_SW_data_24-July-2026_12-11-00\output\CombinedData_buffer3_iq.gif,PSAX,True,PSAX,False
C000000031,VIS-032_SW_data_24-July-2026_12-11-35,PSAX,0.76,0.938,Parasternal_Short,0.149,0.76,0.021,0.07,0.002,0.001,0.016,0.002,0.0,0.0,0.001,0.149,0.759,0.005,0.065,Z:\raw_data\C000000031\VIS-032_SW_data_24-July-2026_12-11-35\output\CombinedData_buffer3_iq.gif,PSAX,False,PSAX,True
C000000032,VIS-030_SW_data_24-July-2026_10-24-32,PLAX,0.946,1.0,Parasternal_Long,0.946,0.053,0.001,0.0,0.0,0.0,0.001,0.0,0.0,0.0,0.0,0.946,0.053,0.0,0.0,Z:\raw_data\C000000032\VIS-030_SW_data_24-July-2026_10-24-32\output\CombinedData_buffer3_iq.gif,PLAX,True,PLAX,False
C000000032,VIS-030_SW_data_24-July-2026_10-27-00,PLAX,0.764,0.844,Parasternal_Long,0.764,0.232,0.003,0.0,0.0,0.0,0.003,0.0,0.0,0.0,0.0,0.764,0.232,0.0,0.0,Z:\raw_data\C000000032\VIS-030_SW_data_24-July-2026_10-27-00\output\CombinedData_buffer3_iq.gif,PLAX,False,PLAX,True
C000000032,VIS-030_SW_data_24-July-2026_10-29-36,PLAX,0.838,0.969,Parasternal_Long,0.838,0.162,0.001,0.0,0.0,0.0,0.0,0.0,0.0,0.0,0.0,0.838,0.162,0.0,0.0,Z:\raw_data\C000000032\VIS-030_SW_data_24-July-2026_10-29-36\output\CombinedData_buffer3_iq.gif,PLAX,True,PLAX,False
C000000032,VIS-030_SW_data_24-July-2026_10-31-56,PLAX,0.918,0.969,Parasternal_Long,0.918,0.017,0.066,0.0,0.0,0.01,0.055,0.0,0.0,0.0,0.0,0.918,0.017,0.0,0.0,Z:\raw_data\C000000032\VIS-030_SW_data_24-July-2026_10-31-56\output\CombinedData_buffer3_iq.gif,PLAX,True,PLAX,False
C000000032,VIS-030_SW_data_24-July-2026_10-32-50,PLAX,0.949,1.0,Parasternal_Long,0.949,0.034,0.011,0.006,0.001,0.004,0.002,0.004,0.0,0.0,0.0,0.948,0.034,0.005,0.002,Z:\raw_data\C000000032\VIS-030_SW_data_24-July-2026_10-32-50\output\CombinedData_buffer3_iq.gif,PLAX,True,PLAX,False
C000000032,VIS-030_SW_data_24-July-2026_10-33-56,PLAX,0.557,0.625,Parasternal_Long,0.557,0.398,0.019,0.027,0.002,0.001,0.011,0.004,0.0,0.0,0.0,0.557,0.398,0.007,0.02,Z:\raw_data\C000000032\VIS-030_SW_data_24-July-2026_10-33-56\output\CombinedData_buffer3_iq.gif,PLAX,False,PLAX,True
C000000032,VIS-030_SW_data_24-July-2026_10-36-31,PSAX,0.998,1.0,Parasternal_Short,0.001,0.998,0.001,0.0,0.0,0.0,0.0,0.0,0.0,0.0,0.001,0.001,0.998,0.0,0.0,Z:\raw_data\C000000032\VIS-030_SW_data_24-July-2026_10-36-31\output\CombinedData_buffer3_iq.gif,PSAX,True,PSAX,False
C000000032,VIS-030_SW_data_24-July-2026_10-37-09,PSAX,0.999,1.0,Parasternal_Short,0.001,0.999,0.001,0.0,0.0,0.0,0.0,0.0,0.0,0.0,0.001,0.001,0.998,0.0,0.0,Z:\raw_data\C000000032\VIS-030_SW_data_24-July-2026_10-37-09\output\CombinedData_buffer3_iq.gif,PSAX,True,PSAX,False
C000000032,VIS-030_SW_data_24-July-2026_10-37-38,PSAX,0.999,1.0,Parasternal_Short,0.0,0.999,0.001,0.0,0.0,0.0,0.0,0.0,0.0,0.0,0.001,0.0,0.998,0.0,0.0,Z:\raw_data\C000000032\VIS-030_SW_data_24-July-2026_10-37-38\output\CombinedData_buffer3_iq.gif,PSAX,True,PSAX,False
C000000032,VIS-030_SW_data_24-July-2026_10-38-12,PSAX,0.999,1.0,Parasternal_Short,0.001,0.999,0.0,0.0,0.0,0.0,0.0,0.0,0.0,0.0,0.002,0.001,0.997,0.0,0.0,Z:\raw_data\C000000032\VIS-030_SW_data_24-July-2026_10-38-12\output\CombinedData_buffer3_iq.gif,PSAX,True,PSAX,False
C000000032,VIS-030_SW_data_24-July-2026_10-38-47,PSAX,0.999,1.0,Parasternal_Short,0.001,0.999,0.0,0.0,0.0,0.0,0.0,0.0,0.0,0.0,0.003,0.001,0.996,0.0,0.0,Z:\raw_data\C000000032\VIS-030_SW_data_24-July-2026_10-38-47\output\CombinedData_buffer3_iq.gif,PSAX,True,PSAX,False
C000000032,VIS-030_SW_data_24-July-2026_10-39-16,PSAX,0.999,1.0,Parasternal_Short,0.001,0.999,0.0,0.0,0.0,0.0,0.0,0.0,0.0,0.0,0.002,0.001,0.997,0.0,0.0,Z:\raw_data\C000000032\VIS-030_SW_data_24-July-2026_10-39-16\output\CombinedData_buffer3_iq.gif,PSAX,True,PSAX,False
C000000032,VIS-030_SW_data_24-July-2026_10-39-58,PSAX,0.999,1.0,Parasternal_Short,0.001,0.999,0.0,0.0,0.0,0.0,0.0,0.0,0.0,0.0,0.001,0.001,0.997,0.0,0.0,Z:\raw_data\C000000032\VIS-030_SW_data_24-July-2026_10-39-58\output\CombinedData_buffer3_iq.gif,PSAX,True,PSAX,False
C000000032,VIS-030_SW_data_24-July-2026_10-40-31,PSAX,0.997,1.0,Parasternal_Short,0.001,0.997,0.0,0.001,0.0,0.0,0.0,0.0,0.0,0.0,0.0,0.001,0.997,0.001,0.0,Z:\raw_data\C000000032\VIS-030_SW_data_24-July-2026_10-40-31\output\CombinedData_buffer3_iq.gif,PSAX,True,PSAX,False
C000000032,VIS-030_SW_data_24-July-2026_10-41-17,PSAX,0.998,1.0,Parasternal_Short,0.001,0.998,0.001,0.0,0.0,0.0,0.0,0.0,0.0,0.0,0.0,0.001,0.998,0.0,0.0,Z:\raw_data\C000000032\VIS-030_SW_data_24-July-2026_10-41-17\output\CombinedData_buffer3_iq.gif,PSAX,True,PSAX,False
C000000032,VIS-030_SW_data_24-July-2026_10-41-45,PSAX,0.997,1.0,Parasternal_Short,0.002,0.997,0.001,0.001,0.0,0.0,0.0,0.0,0.0,0.0,0.0,0.002,0.997,0.001,0.0,Z:\raw_data\C000000032\VIS-030_SW_data_24-July-2026_10-41-45\output\CombinedData_buffer3_iq.gif,PSAX,True,PSAX,False
C000000033,VIS-028_SW_data_24-July-2026_08-43-33,PSAX,0.822,0.906,Parasternal_Short,0.177,0.822,0.001,0.0,0.0,0.0,0.0,0.0,0.0,0.0,0.0,0.177,0.822,0.0,0.0,Z:\raw_data\C000000033\VIS-028_SW_data_24-July-2026_08-43-33\output\CombinedData_buffer3_iq.gif,PLAX,True,PSAX,True
C000000033,VIS-028_SW_data_24-July-2026_08-45-28,PLAX,0.83,0.938,Parasternal_Long,0.83,0.164,0.0,0.006,0.0,0.0,0.0,0.0,0.0,0.0,0.0,0.83,0.164,0.0,0.006,Z:\raw_data\C000000033\VIS-028_SW_data_24-July-2026_08-45-28\output\CombinedData_buffer3_iq.gif,PLAX,True,PLAX,False
C000000033,VIS-028_SW_data_24-July-2026_08-45-58,PSAX,0.739,0.875,Parasternal_Short,0.259,0.739,0.0,0.002,0.0,0.0,0.0,0.0,0.0,0.0,0.0,0.259,0.739,0.0,0.002,Z:\raw_data\C000000033\VIS-028_SW_data_24-July-2026_08-45-58\output\CombinedData_buffer3_iq.gif,PLAX,False,PLAX,True
C000000033,VIS-028_SW_data_24-July-2026_08-46-47,PLAX,0.594,0.625,Parasternal_Long,0.594,0.4,0.001,0.005,0.0,0.0,0.0,0.0,0.0,0.0,0.0,0.594,0.4,0.0,0.005,Z:\raw_data\C000000033\VIS-028_SW_data_24-July-2026_08-46-47\output\CombinedData_buffer3_iq.gif,PLAX,False,PLAX,True
C000000033,VIS-028_SW_data_24-July-2026_08-47-28,PLAX,0.766,0.938,Parasternal_Long,0.766,0.227,0.0,0.007,0.0,0.0,0.0,0.0,0.0,0.0,0.0,0.766,0.227,0.0,0.006,Z:\raw_data\C000000033\VIS-028_SW_data_24-July-2026_08-47-28\output\CombinedData_buffer3_iq.gif,PLAX,False,PLAX,True
C000000033,VIS-028_SW_data_24-July-2026_08-48-22,PLAX,0.721,0.844,Parasternal_Long,0.721,0.274,0.0,0.005,0.0,0.0,0.0,0.0,0.0,0.0,0.0,0.721,0.274,0.001,0.004,Z:\raw_data\C000000033\VIS-028_SW_data_24-July-2026_08-48-22\output\CombinedData_buffer3_iq.gif,PLAX,False,PLAX,True
C000000033,VIS-028_SW_data_24-July-2026_08-48-57,PSAX,0.505,0.5,Parasternal_Short,0.492,0.505,0.001,0.002,0.0,0.0,0.0,0.0,0.0,0.0,0.0,0.492,0.504,0.001,0.002,Z:\raw_data\C000000033\VIS-028_SW_data_24-July-2026_08-48-57\output\CombinedData_buffer3_iq.gif,PSAX,False,PSAX,True
C000000033,VIS-028_SW_data_24-July-2026_08-50-00,PSAX,0.996,1.0,Parasternal_Short,0.003,0.996,0.0,0.001,0.0,0.0,0.0,0.0,0.0,0.0,0.0,0.003,0.996,0.0,0.001,Z:\raw_data\C000000033\VIS-028_SW_data_24-July-2026_08-50-00\output\CombinedData_buffer3_iq.gif,PSAX,True,PSAX,False
C000000033,VIS-028_SW_data_24-July-2026_08-50-33,PSAX,0.997,1.0,Parasternal_Short,0.002,0.997,0.0,0.0,0.0,0.0,0.0,0.0,0.0,0.0,0.0,0.002,0.997,0.0,0.0,Z:\raw_data\C000000033\VIS-028_SW_data_24-July-2026_08-50-33\output\CombinedData_buffer3_iq.gif,PSAX,True,PSAX,False
C000000033,VIS-028_SW_data_24-July-2026_08-51-05,PSAX,0.998,1.0,Parasternal_Short,0.001,0.998,0.0,0.0,0.0,0.0,0.0,0.0,0.0,0.0,0.0,0.001,0.998,0.0,0.0,Z:\raw_data\C000000033\VIS-028_SW_data_24-July-2026_08-51-05\output\CombinedData_buffer3_iq.gif,PSAX,True,PSAX,False
C000000033,VIS-028_SW_data_24-July-2026_08-51-37,PSAX,0.997,1.0,Parasternal_Short,0.003,0.997,0.001,0.0,0.0,0.0,0.0,0.0,0.0,0.0,0.0,0.003,0.996,0.0,0.0,Z:\raw_data\C000000033\VIS-028_SW_data_24-July-2026_08-51-37\output\CombinedData_buffer3_iq.gif,PSAX,True,PSAX,False
C000000033,VIS-028_SW_data_24-July-2026_08-52-16,PSAX,0.974,1.0,Parasternal_Short,0.021,0.974,0.002,0.004,0.0,0.0,0.001,0.0,0.0,0.0,0.0,0.021,0.973,0.002,0.002,Z:\raw_data\C000000033\VIS-028_SW_data_24-July-2026_08-52-16\output\CombinedData_buffer3_iq.gif,PSAX,True,PSAX,False
C000000033,VIS-028_SW_data_24-July-2026_08-52-53,PSAX,0.982,1.0,Parasternal_Short,0.012,0.982,0.004,0.002,0.001,0.001,0.003,0.0,0.0,0.0,0.0,0.012,0.982,0.0,0.002,Z:\raw_data\C000000033\VIS-028_SW_data_24-July-2026_08-52-53\output\CombinedData_buffer3_iq.gif,PSAX,True,PSAX,False
C000000033,VIS-028_SW_data_24-July-2026_08-53-24,PSAX,0.974,1.0,Parasternal_Short,0.018,0.974,0.005,0.004,0.001,0.0,0.003,0.0,0.0,0.0,0.0,0.018,0.974,0.0,0.003,Z:\raw_data\C000000033\VIS-028_SW_data_24-July-2026_08-53-24\output\CombinedData_buffer3_iq.gif,PSAX,True,PSAX,False
C000000033,VIS-028_SW_data_24-July-2026_08-53-58,PSAX,0.922,1.0,Parasternal_Short,0.065,0.922,0.006,0.006,0.001,0.0,0.004,0.0,0.0,0.0,0.0,0.065,0.922,0.002,0.005,Z:\raw_data\C000000033\VIS-028_SW_data_24-July-2026_08-53-58\output\CombinedData_buffer3_iq.gif,PSAX,True,PSAX,False
C000000033,VIS-028_SW_data_24-July-2026_08-54-29,PSAX,0.947,1.0,Parasternal_Short,0.032,0.947,0.002,0.019,0.0,0.0,0.001,0.0,0.0,0.0,0.0,0.032,0.946,0.017,0.003,Z:\raw_data\C000000033\VIS-028_SW_data_24-July-2026_08-54-29\output\CombinedData_buffer3_iq.gif,PSAX,True,PSAX,False
C000000033,VIS-028_SW_data_24-July-2026_08-55-00,PSAX,0.952,1.0,Parasternal_Short,0.028,0.952,0.004,0.016,0.001,0.0,0.002,0.0,0.0,0.0,0.0,0.028,0.952,0.014,0.002,Z:\raw_data\C000000033\VIS-028_SW_data_24-July-2026_08-55-00\output\CombinedData_buffer3_iq.gif,PSAX,True,PSAX,False
C000000034,VIS-045_SW_data_07-August-2026_11-42-13,Other,0.356,0.5,Parasternal_Long,0.355,0.249,0.04,0.356,0.01,0.007,0.012,0.011,0.0,0.0,0.0,0.354,0.249,0.334,0.022,Z:\raw_data\C000000034\VIS-045_SW_data_07-August-2026_11-42-13\output\CombinedData_buffer3_iq.gif,PLAX,False,PLAX,True
C000000034,VIS-045_SW_data_07-August-2026_11-42-57,PLAX,0.45,0.594,Parasternal_Long,0.45,0.292,0.007,0.252,0.002,0.002,0.001,0.001,0.0,0.0,0.0,0.449,0.292,0.228,0.023,Z:\raw_data\C000000034\VIS-045_SW_data_07-August-2026_11-42-57\output\CombinedData_buffer3_iq.gif,PLAX,False,PLAX,True
C000000034,VIS-045_SW_data_07-August-2026_11-43-35,PSAX,0.726,0.938,Parasternal_Short,0.209,0.726,0.003,0.062,0.001,0.001,0.001,0.001,0.0,0.0,0.0,0.209,0.726,0.048,0.013,Z:\raw_data\C000000034\VIS-045_SW_data_07-August-2026_11-43-35\output\CombinedData_buffer3_iq.gif,PSAX,False,PSAX,True
C000000034,VIS-045_SW_data_07-August-2026_11-44-37,PSAX,0.713,0.938,Parasternal_Short,0.19,0.713,0.005,0.093,0.002,0.001,0.001,0.001,0.0,0.0,0.0,0.19,0.712,0.074,0.019,Z:\raw_data\C000000034\VIS-045_SW_data_07-August-2026_11-44-37\output\CombinedData_buffer3_iq.gif,PSAX,False,PSAX,True
C000000034,VIS-045_SW_data_07-August-2026_11-45-17,PSAX,0.566,0.781,Parasternal_Short,0.295,0.566,0.005,0.134,0.002,0.001,0.001,0.001,0.0,0.0,0.001,0.295,0.565,0.104,0.03,Z:\raw_data\C000000034\VIS-045_SW_data_07-August-2026_11-45-17\output\CombinedData_buffer3_iq.gif,PSAX,False,PSAX,True
C000000034,VIS-045_SW_data_07-August-2026_11-47-02,PSAX,0.878,1.0,Parasternal_Short,0.061,0.878,0.015,0.045,0.003,0.001,0.007,0.004,0.0,0.0,0.0,0.061,0.878,0.04,0.005,Z:\raw_data\C000000034\VIS-045_SW_data_07-August-2026_11-47-02\output\CombinedData_buffer3_iq.gif,PSAX,True,PSAX,False
C000000034,VIS-045_SW_data_07-August-2026_11-47-37,PSAX,0.727,1.0,Parasternal_Short,0.107,0.727,0.022,0.144,0.005,0.002,0.012,0.004,0.0,0.0,0.001,0.107,0.726,0.126,0.017,Z:\raw_data\C000000034\VIS-045_SW_data_07-August-2026_11-47-37\output\CombinedData_buffer3_iq.gif,PSAX,False,PSAX,True
C000000034,VIS-045_SW_data_07-August-2026_11-48-26,PSAX,0.772,0.969,Parasternal_Short,0.052,0.772,0.018,0.158,0.005,0.002,0.007,0.003,0.0,0.0,0.0,0.052,0.772,0.149,0.009,Z:\raw_data\C000000034\VIS-045_SW_data_07-August-2026_11-48-26\output\CombinedData_buffer3_iq.gif,PSAX,False,PSAX,True
C000000034,VIS-045_SW_data_07-August-2026_11-50-06,PSAX,0.915,1.0,Parasternal_Short,0.062,0.915,0.018,0.004,0.002,0.001,0.014,0.001,0.0,0.0,0.0,0.062,0.915,0.003,0.001,Z:\raw_data\C000000034\VIS-045_SW_data_07-August-2026_11-50-06\output\CombinedData_buffer3_iq.gif,PSAX,True,PSAX,False
C000000034,VIS-045_SW_data_07-August-2026_11-51-08,PSAX,0.913,1.0,Parasternal_Short,0.034,0.913,0.003,0.049,0.0,0.0,0.002,0.001,0.0,0.0,0.0,0.034,0.913,0.045,0.004,Z:\raw_data\C000000034\VIS-045_SW_data_07-August-2026_11-51-08\output\CombinedData_buffer3_iq.gif,PSAX,True,PSAX,False
C000000034,VIS-045_SW_data_07-August-2026_11-51-45,PSAX,0.855,1.0,Parasternal_Short,0.112,0.855,0.015,0.018,0.002,0.002,0.01,0.001,0.0,0.0,0.0,0.112,0.855,0.015,0.003,Z:\raw_data\C000000034\VIS-045_SW_data_07-August-2026_11-51-45\output\CombinedData_buffer3_iq.gif,PSAX,True,PSAX,False
C000000034,VIS-045_SW_data_07-August-2026_11-52-19,PSAX,0.872,1.0,Parasternal_Short,0.083,0.872,0.014,0.031,0.002,0.002,0.008,0.002,0.0,0.0,0.0,0.083,0.872,0.028,0.003,Z:\raw_data\C000000034\VIS-045_SW_data_07-August-2026_11-52-19\output\CombinedData_buffer3_iq.gif,PSAX,True,PSAX,False
C000000034,VIS-045_SW_data_07-August-2026_11-53-10,PSAX,0.756,1.0,Parasternal_Short,0.162,0.756,0.014,0.068,0.003,0.002,0.006,0.003,0.0,0.0,0.0,0.162,0.755,0.063,0.005,Z:\raw_data\C000000034\VIS-045_SW_data_07-August-2026_11-53-10\output\CombinedData_buffer3_iq.gif,PSAX,False,PSAX,True
C000000034,VIS-045_SW_data_07-August-2026_11-53-50,PSAX,0.874,1.0,Parasternal_Short,0.07,0.874,0.014,0.042,0.003,0.002,0.007,0.002,0.0,0.0,0.0,0.07,0.874,0.036,0.006,Z:\raw_data\C000000034\VIS-045_SW_data_07-August-2026_11-53-50\output\CombinedData_buffer3_iq.gif,PSAX,True,PSAX,False
C000000035,VIS-044_SW_data_07-August-2026_10-54-57,PSAX,0.788,0.938,Parasternal_Short,0.194,0.788,0.006,0.012,0.001,0.002,0.002,0.0,0.0,0.0,0.0,0.194,0.787,0.006,0.007,Z:\raw_data\C000000035\VIS-044_SW_data_07-August-2026_10-54-57\output\CombinedData_buffer3_iq.gif,PSAX,False,PSAX,True
C000000035,VIS-044_SW_data_07-August-2026_10-55-40,PLAX,0.549,0.719,Parasternal_Long,0.549,0.431,0.004,0.016,0.001,0.002,0.001,0.0,0.0,0.001,0.0,0.548,0.431,0.006,0.011,Z:\raw_data\C000000035\VIS-044_SW_data_07-August-2026_10-55-40\output\CombinedData_buffer3_iq.gif,PSAX,False,PSAX,True
C000000035,VIS-044_SW_data_07-August-2026_10-56-15,PLAX,0.541,0.625,Parasternal_Long,0.541,0.442,0.003,0.014,0.001,0.001,0.001,0.0,0.0,0.001,0.0,0.54,0.441,0.005,0.009,Z:\raw_data\C000000035\VIS-044_SW_data_07-August-2026_10-56-15\output\CombinedData_buffer3_iq.gif,PSAX,False,PSAX,True
C000000035,VIS-044_SW_data_07-August-2026_10-57-54,PSAX,0.722,1.0,Parasternal_Short,0.2,0.722,0.006,0.072,0.001,0.001,0.003,0.001,0.0,0.0,0.001,0.2,0.721,0.008,0.064,Z:\raw_data\C000000035\VIS-044_SW_data_07-August-2026_10-57-54\output\CombinedData_buffer3_iq.gif,PSAX,False,PSAX,True
C000000035,VIS-044_SW_data_07-August-2026_10-58-42,PSAX,0.766,0.906,Parasternal_Short,0.179,0.766,0.006,0.049,0.001,0.001,0.003,0.001,0.0,0.0,0.001,0.179,0.765,0.009,0.041,Z:\raw_data\C000000035\VIS-044_SW_data_07-August-2026_10-58-42\output\CombinedData_buffer3_iq.gif,PSAX,False,PSAX,True
C000000035,VIS-044_SW_data_07-August-2026_10-59-23,PSAX,0.711,0.812,Parasternal_Short,0.259,0.711,0.003,0.027,0.001,0.001,0.001,0.0,0.0,0.0,0.0,0.259,0.711,0.015,0.011,Z:\raw_data\C000000035\VIS-044_SW_data_07-August-2026_10-59-23\output\CombinedData_buffer3_iq.gif,PSAX,False,PSAX,True
C000000035,VIS-044_SW_data_07-August-2026_11-00-32,PSAX,0.618,0.656,Parasternal_Short,0.039,0.618,0.019,0.323,0.006,0.002,0.009,0.003,0.0,0.0,0.001,0.039,0.617,0.314,0.009,Z:\raw_data\C000000035\VIS-044_SW_data_07-August-2026_11-00-32\output\CombinedData_buffer3_iq.gif,PSAX,False,PSAX,True
C000000035,VIS-044_SW_data_07-August-2026_11-01-12,PSAX,0.873,0.969,Parasternal_Short,0.035,0.873,0.029,0.063,0.007,0.003,0.016,0.003,0.0,0.0,0.0,0.035,0.873,0.057,0.005,Z:\raw_data\C000000035\VIS-044_SW_data_07-August-2026_11-01-12\output\CombinedData_buffer3_iq.gif,PSAX,True,PSAX,False
C000000035,VIS-044_SW_data_07-August-2026_11-02-38,Other,0.64,0.719,SSN,0.047,0.305,0.008,0.64,0.002,0.001,0.004,0.002,0.0,0.0,0.0,0.047,0.304,0.634,0.006,Z:\raw_data\C000000035\VIS-044_SW_data_07-August-2026_11-02-38\output\CombinedData_buffer3_iq.gif,PSAX,False,PSAX,True
C000000035,VIS-044_SW_data_07-August-2026_11-03-27,Other,0.879,0.938,SSN,0.035,0.083,0.003,0.879,0.001,0.0,0.001,0.0,0.0,0.0,0.0,0.034,0.083,0.866,0.012,Z:\raw_data\C000000035\VIS-044_SW_data_07-August-2026_11-03-27\output\CombinedData_buffer3_iq.gif,PSAX,False,PSAX,True
C000000035,VIS-044_SW_data_07-August-2026_11-05-46,Other,0.665,0.719,SSN,0.046,0.281,0.007,0.665,0.002,0.001,0.004,0.001,0.0,0.0,0.001,0.046,0.281,0.63,0.035,Z:\raw_data\C000000035\VIS-044_SW_data_07-August-2026_11-05-46\output\CombinedData_buffer3_iq.gif,PSAX,False,PSAX,True
C000000035,VIS-044_SW_data_07-August-2026_11-06-26,Other,0.762,0.906,SSN,0.075,0.152,0.011,0.762,0.002,0.001,0.006,0.001,0.0,0.0,0.0,0.075,0.152,0.736,0.026,Z:\raw_data\C000000035\VIS-044_SW_data_07-August-2026_11-06-26\output\CombinedData_buffer3_iq.gif,PSAX,False,PSAX,True
C000000035,VIS-044_SW_data_07-August-2026_11-07-01,PSAX,0.919,1.0,Parasternal_Short,0.039,0.919,0.018,0.024,0.002,0.002,0.009,0.006,0.0,0.0,0.0,0.039,0.919,0.021,0.003,Z:\raw_data\C000000035\VIS-044_SW_data_07-August-2026_11-07-01\output\CombinedData_buffer3_iq.gif,PSAX,True,PSAX,False
C000000035,VIS-044_SW_data_07-August-2026_11-07-37,PSAX,0.855,1.0,Parasternal_Short,0.082,0.855,0.005,0.058,0.001,0.0,0.003,0.002,0.0,0.0,0.0,0.081,0.854,0.053,0.005,Z:\raw_data\C000000035\VIS-044_SW_data_07-August-2026_11-07-37\output\CombinedData_buffer3_iq.gif,PSAX,True,PSAX,False
C000000036,VIS-043_SW_data_07-August-2026_10-03-38,PLAX,0.949,1.0,Parasternal_Long,0.949,0.051,0.0,0.0,0.0,0.0,0.0,0.0,0.0,0.0,0.0,0.949,0.051,0.0,0.0,Z:\raw_data\C000000036\VIS-043_SW_data_07-August-2026_10-03-38\output\CombinedData_buffer3_iq.gif,PLAX,True,PLAX,False
C000000036,VIS-043_SW_data_07-August-2026_10-04-23,PLAX,0.875,1.0,Parasternal_Long,0.875,0.12,0.001,0.003,0.0,0.0,0.001,0.0,0.0,0.0,0.0,0.875,0.12,0.0,0.003,Z:\raw_data\C000000036\VIS-043_SW_data_07-August-2026_10-04-23\output\CombinedData_buffer3_iq.gif,PLAX,True,PLAX,False
C000000036,VIS-043_SW_data_07-August-2026_10-05-09,PLAX,0.669,0.844,Parasternal_Long,0.669,0.106,0.008,0.217,0.001,0.001,0.005,0.001,0.0,0.001,0.0,0.669,0.106,0.131,0.086,Z:\raw_data\C000000036\VIS-043_SW_data_07-August-2026_10-05-09\output\CombinedData_buffer3_iq.gif,PLAX,False,PLAX,True
C000000036,VIS-043_SW_data_07-August-2026_10-06-37,PLAX,0.961,1.0,Parasternal_Long,0.961,0.037,0.0,0.001,0.0,0.0,0.0,0.0,0.0,0.0,0.0,0.961,0.037,0.0,0.001,Z:\raw_data\C000000036\VIS-043_SW_data_07-August-2026_10-06-37\output\CombinedData_buffer3_iq.gif,PLAX,True,PLAX,False
C000000036,VIS-043_SW_data_07-August-2026_10-09-01,PLAX,0.968,1.0,Parasternal_Long,0.968,0.031,0.0,0.0,0.0,0.0,0.0,0.0,0.0,0.0,0.0,0.968,0.031,0.0,0.0,Z:\raw_data\C000000036\VIS-043_SW_data_07-August-2026_10-09-01\output\CombinedData_buffer3_iq.gif,PLAX,True,PLAX,False
C000000036,VIS-043_SW_data_07-August-2026_10-09-35,PLAX,0.976,1.0,Parasternal_Long,0.976,0.024,0.0,0.0,0.0,0.0,0.0,0.0,0.0,0.0,0.0,0.976,0.024,0.0,0.0,Z:\raw_data\C000000036\VIS-043_SW_data_07-August-2026_10-09-35\output\CombinedData_buffer3_iq.gif,PLAX,True,PLAX,False
C000000036,VIS-043_SW_data_07-August-2026_10-10-13,PLAX,0.942,1.0,Parasternal_Long,0.942,0.057,0.0,0.0,0.0,0.0,0.0,0.0,0.0,0.0,0.0,0.942,0.057,0.0,0.0,Z:\raw_data\C000000036\VIS-043_SW_data_07-August-2026_10-10-13\output\CombinedData_buffer3_iq.gif,PLAX,True,PLAX,False
C000000036,VIS-043_SW_data_07-August-2026_10-12-02,PSAX,0.998,1.0,Parasternal_Short,0.001,0.998,0.0,0.0,0.0,0.0,0.0,0.0,0.0,0.0,0.0,0.001,0.998,0.0,0.0,Z:\raw_data\C000000036\VIS-043_SW_data_07-August-2026_10-12-02\output\CombinedData_buffer3_iq.gif,PSAX,True,PSAX,False
C000000036,VIS-043_SW_data_07-August-2026_10-12-48,PSAX,0.999,1.0,Parasternal_Short,0.001,0.999,0.0,0.0,0.0,0.0,0.0,0.0,0.0,0.0,0.0,0.001,0.999,0.0,0.0,Z:\raw_data\C000000036\VIS-043_SW_data_07-August-2026_10-12-48\output\CombinedData_buffer3_iq.gif,PSAX,True,PSAX,False
C000000036,VIS-043_SW_data_07-August-2026_10-14-49,PSAX,0.998,1.0,Parasternal_Short,0.002,0.998,0.0,0.0,0.0,0.0,0.0,0.0,0.0,0.0,0.0,0.002,0.998,0.0,0.0,Z:\raw_data\C000000036\VIS-043_SW_data_07-August-2026_10-14-49\output\CombinedData_buffer3_iq.gif,PSAX,True,PSAX,False
C000000036,VIS-043_SW_data_07-August-2026_10-15-37,PSAX,0.997,1.0,Parasternal_Short,0.003,0.997,0.0,0.0,0.0,0.0,0.0,0.0,0.0,0.0,0.0,0.003,0.997,0.0,0.0,Z:\raw_data\C000000036\VIS-043_SW_data_07-August-2026_10-15-37\output\CombinedData_buffer3_iq.gif,PSAX,True,PSAX,False
C000000036,VIS-043_SW_data_07-August-2026_10-16-28,PSAX,0.996,1.0,Parasternal_Short,0.003,0.996,0.0,0.001,0.0,0.0,0.0,0.0,0.0,0.0,0.0,0.003,0.996,0.0,0.0,Z:\raw_data\C000000036\VIS-043_SW_data_07-August-2026_10-16-28\output\CombinedData_buffer3_iq.gif,PSAX,True,PSAX,False
C000000036,VIS-043_SW_data_07-August-2026_10-17-06,PSAX,0.997,1.0,Parasternal_Short,0.002,0.997,0.0,0.001,0.0,0.0,0.0,0.0,0.0,0.0,0.0,0.002,0.996,0.0,0.0,Z:\raw_data\C000000036\VIS-043_SW_data_07-August-2026_10-17-06\output\CombinedData_buffer3_iq.gif,PSAX,True,PSAX,False
C000000036,VIS-043_SW_data_07-August-2026_10-17-40,PSAX,0.996,1.0,Parasternal_Short,0.003,0.996,0.001,0.001,0.0,0.0,0.0,0.0,0.0,0.0,0.0,0.003,0.996,0.0,0.0,Z:\raw_data\C000000036\VIS-043_SW_data_07-August-2026_10-17-40\output\CombinedData_buffer3_iq.gif,PSAX,True,PSAX,False
C000000036,VIS-043_SW_data_07-August-2026_10-18-17,PSAX,0.997,1.0,Parasternal_Short,0.002,0.997,0.0,0.001,0.0,0.0,0.0,0.0,0.0,0.0,0.001,0.002,0.996,0.0,0.0,Z:\raw_data\C000000036\VIS-043_SW_data_07-August-2026_10-18-17\output\CombinedData_buffer3_iq.gif,PSAX,True,PSAX,False
C000000036,VIS-043_SW_data_07-August-2026_10-19-00,PSAX,0.88,0.906,Parasternal_Short,0.023,0.88,0.001,0.096,0.0,0.0,0.001,0.0,0.0,0.0,0.002,0.023,0.878,0.087,0.009,Z:\raw_data\C000000036\VIS-043_SW_data_07-August-2026_10-19-00\output\CombinedData_buffer3_iq.gif,PSAX,True,PSAX,False
C000000037,VIS-042_SW_data_07-August-2026_08-39-39,PLAX,0.99,1.0,Parasternal_Long,0.99,0.006,0.0,0.004,0.0,0.0,0.0,0.0,0.0,0.0,0.0,0.99,0.006,0.002,0.001,Z:\raw_data\C000000037\VIS-042_SW_data_07-August-2026_08-39-39\output\CombinedData_buffer3_iq.gif,PLAX,True,PLAX,False
C000000037,VIS-042_SW_data_07-August-2026_08-40-25,PLAX,0.943,1.0,Parasternal_Long,0.943,0.048,0.001,0.008,0.0,0.0,0.0,0.0,0.0,0.0,0.0,0.943,0.048,0.005,0.003,Z:\raw_data\C000000037\VIS-042_SW_data_07-August-2026_08-40-25\output\CombinedData_buffer3_iq.gif,PLAX,True,PLAX,False
C000000037,VIS-042_SW_data_07-August-2026_08-41-13,PLAX,0.928,0.969,Parasternal_Long,0.928,0.067,0.001,0.004,0.0,0.0,0.0,0.0,0.0,0.0,0.0,0.928,0.067,0.002,0.002,Z:\raw_data\C000000037\VIS-042_SW_data_07-August-2026_08-41-13\output\CombinedData_buffer3_iq.gif,PLAX,True,PLAX,False
C000000037,VIS-042_SW_data_07-August-2026_08-42-03,PLAX,0.841,0.938,Parasternal_Long,0.841,0.139,0.003,0.017,0.0,0.001,0.002,0.001,0.0,0.001,0.0,0.84,0.139,0.012,0.006,Z:\raw_data\C000000037\VIS-042_SW_data_07-August-2026_08-42-03\output\CombinedData_buffer3_iq.gif,PLAX,True,PLAX,False
C000000037,VIS-042_SW_data_07-August-2026_08-42-34,PLAX,0.839,0.969,Parasternal_Long,0.839,0.145,0.005,0.011,0.0,0.001,0.003,0.001,0.0,0.0,0.0,0.839,0.145,0.007,0.005,Z:\raw_data\C000000037\VIS-042_SW_data_07-August-2026_08-42-34\output\CombinedData_buffer3_iq.gif,PLAX,True,PLAX,False
C000000037,VIS-042_SW_data_07-August-2026_08-43-07,PLAX,0.85,0.969,Parasternal_Long,0.85,0.135,0.001,0.014,0.0,0.0,0.001,0.0,0.0,0.001,0.0,0.849,0.135,0.008,0.005,Z:\raw_data\C000000037\VIS-042_SW_data_07-August-2026_08-43-07\output\CombinedData_buffer3_iq.gif,PLAX,True,PLAX,False
C000000037,VIS-042_SW_data_07-August-2026_08-45-29,PSAX,0.989,1.0,Parasternal_Short,0.007,0.989,0.003,0.001,0.002,0.0,0.001,0.0,0.0,0.0,0.0,0.007,0.989,0.001,0.0,Z:\raw_data\C000000037\VIS-042_SW_data_07-August-2026_08-45-29\output\CombinedData_buffer3_iq.gif,PSAX,True,PSAX,False
C000000037,VIS-042_SW_data_07-August-2026_08-47-33,PSAX,0.968,1.0,Parasternal_Short,0.012,0.968,0.019,0.001,0.007,0.002,0.008,0.002,0.0,0.0,0.0,0.012,0.967,0.001,0.0,Z:\raw_data\C000000037\VIS-042_SW_data_07-August-2026_08-47-33\output\CombinedData_buffer3_iq.gif,PSAX,True,PSAX,False
C000000037,VIS-042_SW_data_07-August-2026_08-48-43,PSAX,0.999,1.0,Parasternal_Short,0.001,0.999,0.0,0.0,0.0,0.0,0.0,0.0,0.0,0.0,0.0,0.001,0.999,0.0,0.0,Z:\raw_data\C000000037\VIS-042_SW_data_07-August-2026_08-48-43\output\CombinedData_buffer3_iq.gif,PSAX,True,PSAX,False
C000000037,VIS-042_SW_data_07-August-2026_08-49-49,PSAX,0.999,1.0,Parasternal_Short,0.001,0.999,0.0,0.0,0.0,0.0,0.0,0.0,0.0,0.0,0.0,0.001,0.999,0.0,0.0,Z:\raw_data\C000000037\VIS-042_SW_data_07-August-2026_08-49-49\output\CombinedData_buffer3_iq.gif,PSAX,True,PSAX,False
C000000037,VIS-042_SW_data_07-August-2026_08-50-50,PSAX,0.989,1.0,Parasternal_Short,0.002,0.989,0.009,0.0,0.006,0.001,0.002,0.0,0.0,0.0,0.0,0.002,0.988,0.0,0.0,Z:\raw_data\C000000037\VIS-042_SW_data_07-August-2026_08-50-50\output\CombinedData_buffer3_iq.gif,PSAX,True,PSAX,False
C000000037,VIS-042_SW_data_07-August-2026_08-51-24,PSAX,0.801,0.875,Parasternal_Short,0.014,0.801,0.035,0.15,0.015,0.004,0.012,0.004,0.0,0.0,0.0,0.014,0.8,0.148,0.001,Z:\raw_data\C000000037\VIS-042_SW_data_07-August-2026_08-51-24\output\CombinedData_buffer3_iq.gif,PSAX,False,PSAX,True
C000000037,VIS-042_SW_data_07-August-2026_08-52-28,PSAX,0.968,1.0,Parasternal_Short,0.008,0.968,0.021,0.003,0.009,0.002,0.008,0.001,0.0,0.0,0.0,0.008,0.968,0.002,0.0,Z:\raw_data\C000000037\VIS-042_SW_data_07-August-2026_08-52-28\output\CombinedData_buffer3_iq.gif,PSAX,True,PSAX,False
C000000037,VIS-042_SW_data_07-August-2026_08-53-41,PSAX,0.997,1.0,Parasternal_Short,0.003,0.997,0.0,0.0,0.0,0.0,0.0,0.0,0.0,0.0,0.0,0.003,0.997,0.0,0.0,Z:\raw_data\C000000037\VIS-042_SW_data_07-August-2026_08-53-41\output\CombinedData_buffer3_iq.gif,PSAX,True,PSAX,False
C000000037,VIS-042_SW_data_07-August-2026_08-54-43,PSAX,0.979,1.0,Parasternal_Short,0.019,0.979,0.001,0.001,0.0,0.0,0.0,0.0,0.0,0.0,0.0,0.019,0.979,0.001,0.001,Z:\raw_data\C000000037\VIS-042_SW_data_07-August-2026_08-54-43\output\CombinedData_buffer3_iq.gif,PSAX,True,PSAX,False
C000000037,VIS-042_SW_data_07-August-2026_08-56-11,PSAX,0.914,1.0,Parasternal_Short,0.073,0.914,0.003,0.011,0.001,0.0,0.001,0.0,0.0,0.0,0.0,0.073,0.913,0.005,0.006,Z:\raw_data\C000000037\VIS-042_SW_data_07-August-2026_08-56-11\output\CombinedData_buffer3_iq.gif,PSAX,True,PSAX,False
C000000037,VIS-042_SW_data_07-August-2026_08-57-51,PSAX,0.993,1.0,Parasternal_Short,0.006,0.993,0.0,0.001,0.0,0.0,0.0,0.0,0.0,0.0,0.0,0.006,0.992,0.0,0.0,Z:\raw_data\C000000037\VIS-042_SW_data_07-August-2026_08-57-51\output\CombinedData_buffer3_iq.gif,PSAX,True,PSAX,False
C000000037,VIS-042_SW_data_07-August-2026_08-58-54,PSAX,0.959,1.0,Parasternal_Short,0.029,0.959,0.001,0.01,0.0,0.0,0.001,0.0,0.0,0.0,0.0,0.029,0.958,0.008,0.003,Z:\raw_data\C000000037\VIS-042_SW_data_07-August-2026_08-58-54\output\CombinedData_buffer3_iq.gif,PSAX,True,PSAX,False
C000000037,VIS-042_SW_data_07-August-2026_08-59-32,PSAX,0.954,1.0,Parasternal_Short,0.031,0.954,0.001,0.014,0.0,0.0,0.0,0.0,0.0,0.0,0.0,0.031,0.954,0.009,0.005,Z:\raw_data\C000000037\VIS-042_SW_data_07-August-2026_08-59-32\output\CombinedData_buffer3_iq.gif,PSAX,True,PSAX,False
C000000037,VIS-042_SW_data_07-August-2026_09-00-06,PSAX,0.95,1.0,Parasternal_Short,0.043,0.95,0.001,0.005,0.0,0.0,0.001,0.0,0.0,0.0,0.0,0.043,0.95,0.003,0.003,Z:\raw_data\C000000037\VIS-042_SW_data_07-August-2026_09-00-06\output\CombinedData_buffer3_iq.gif,PSAX,True,PSAX,False
C000000038,VIS-041_SW_data_04-August-2026_12-28-28,PSAX,0.615,0.75,Parasternal_Short,0.118,0.615,0.005,0.261,0.002,0.001,0.002,0.001,0.0,0.0,0.001,0.118,0.615,0.247,0.014,Z:\raw_data\C000000038\VIS-041_SW_data_04-August-2026_12-28-28\output\CombinedData_buffer3_iq.gif,PSAX,False,PSAX,True
C000000038,VIS-041_SW_data_04-August-2026_12-29-03,PSAX,0.512,0.625,Parasternal_Short,0.141,0.512,0.006,0.341,0.002,0.001,0.002,0.001,0.0,0.0,0.0,0.141,0.511,0.33,0.012,Z:\raw_data\C000000038\VIS-041_SW_data_04-August-2026_12-29-03\output\CombinedData_buffer3_iq.gif,PSAX,False,PSAX,True
C000000038,VIS-041_SW_data_04-August-2026_12-29-40,PSAX,0.572,0.656,Parasternal_Short,0.12,0.572,0.005,0.303,0.002,0.001,0.002,0.0,0.0,0.0,0.0,0.12,0.571,0.296,0.007,Z:\raw_data\C000000038\VIS-041_SW_data_04-August-2026_12-29-40\output\CombinedData_buffer3_iq.gif,PSAX,False,PSAX,True
C000000038,VIS-041_SW_data_04-August-2026_12-30-31,PSAX,0.586,0.688,Parasternal_Short,0.194,0.586,0.01,0.211,0.004,0.002,0.003,0.001,0.0,0.0,0.0,0.194,0.585,0.205,0.005,Z:\raw_data\C000000038\VIS-041_SW_data_04-August-2026_12-30-31\output\CombinedData_buffer3_iq.gif,PSAX,False,PSAX,True
C000000038,VIS-041_SW_data_04-August-2026_12-31-04,PSAX,0.655,0.812,Parasternal_Short,0.157,0.655,0.007,0.181,0.003,0.001,0.002,0.001,0.0,0.0,0.0,0.157,0.655,0.173,0.008,Z:\raw_data\C000000038\VIS-041_SW_data_04-August-2026_12-31-04\output\CombinedData_buffer3_iq.gif,PSAX,False,PSAX,True
C000000038,VIS-041_SW_data_04-August-2026_12-31-47,Other,0.461,0.5,SSN,0.13,0.392,0.017,0.461,0.006,0.002,0.007,0.002,0.0,0.0,0.001,0.13,0.391,0.442,0.019,Z:\raw_data\C000000038\VIS-041_SW_data_04-August-2026_12-31-47\output\CombinedData_buffer3_iq.gif,PSAX,False,PSAX,True
C000000038,VIS-041_SW_data_04-August-2026_12-42-06,Other,0.988,1.0,SSN,0.004,0.008,0.001,0.988,0.0,0.0,0.0,0.0,0.0,0.0,0.0,0.004,0.008,0.986,0.001,Z:\raw_data\C000000038\VIS-041_SW_data_04-August-2026_12-42-06\output\CombinedData_buffer3_iq.gif,PSAX,False,PSAX,True
C000000038,VIS-041_SW_data_04-August-2026_12-42-56,Other,0.668,0.875,SSN,0.133,0.184,0.016,0.668,0.002,0.001,0.009,0.004,0.0,0.001,0.001,0.132,0.183,0.648,0.02,Z:\raw_data\C000000038\VIS-041_SW_data_04-August-2026_12-42-56\output\CombinedData_buffer3_iq.gif,PSAX,False,PSAX,True
C000000038,VIS-041_SW_data_04-August-2026_12-43-38,Other,0.852,0.969,SSN,0.047,0.094,0.006,0.852,0.001,0.0,0.004,0.001,0.0,0.0,0.0,0.047,0.094,0.846,0.006,Z:\raw_data\C000000038\VIS-041_SW_data_04-August-2026_12-43-38\output\CombinedData_buffer3_iq.gif,PSAX,False,PSAX,True
C000000038,VIS-041_SW_data_04-August-2026_12-44-12,Other,0.866,0.969,SSN,0.025,0.107,0.002,0.866,0.0,0.0,0.001,0.001,0.0,0.0,0.0,0.025,0.106,0.859,0.007,Z:\raw_data\C000000038\VIS-041_SW_data_04-August-2026_12-44-12\output\CombinedData_buffer3_iq.gif,PSAX,False,PSAX,True
C000000039,VIS-040_SW_data_04-August-2026_11-46-05,PLAX,0.847,0.969,Parasternal_Long,0.847,0.134,0.005,0.013,0.001,0.001,0.003,0.0,0.0,0.001,0.0,0.846,0.134,0.007,0.006,Z:\raw_data\C000000039\VIS-040_SW_data_04-August-2026_11-46-05\output\CombinedData_buffer3_iq.gif,PLAX,True,PLAX,False
C000000039,VIS-040_SW_data_04-August-2026_11-50-50,PLAX,0.738,0.875,Parasternal_Long,0.738,0.221,0.002,0.039,0.0,0.001,0.001,0.0,0.0,0.001,0.0,0.737,0.221,0.03,0.009,Z:\raw_data\C000000039\VIS-040_SW_data_04-August-2026_11-50-50\output\CombinedData_buffer3_iq.gif,PLAX,False,PLAX,True
C000000039,VIS-040_SW_data_04-August-2026_11-53-08,PLAX,0.941,1.0,Parasternal_Long,0.941,0.053,0.002,0.004,0.001,0.0,0.001,0.0,0.0,0.0,0.0,0.941,0.053,0.003,0.001,Z:\raw_data\C000000039\VIS-040_SW_data_04-August-2026_11-53-08\output\CombinedData_buffer3_iq.gif,PLAX,True,PLAX,False
C000000039,VIS-040_SW_data_04-August-2026_11-53-57,PLAX,0.981,1.0,Parasternal_Long,0.981,0.018,0.0,0.001,0.0,0.0,0.0,0.0,0.0,0.0,0.0,0.981,0.018,0.0,0.001,Z:\raw_data\C000000039\VIS-040_SW_data_04-August-2026_11-53-57\output\CombinedData_buffer3_iq.gif,PLAX,True,PLAX,False
C000000039,VIS-040_SW_data_04-August-2026_11-54-42,PLAX,0.946,1.0,Parasternal_Long,0.946,0.046,0.005,0.002,0.001,0.0,0.003,0.0,0.0,0.0,0.0,0.946,0.046,0.001,0.001,Z:\raw_data\C000000039\VIS-040_SW_data_04-August-2026_11-54-42\output\CombinedData_buffer3_iq.gif,PLAX,True,PLAX,False
C000000039,VIS-040_SW_data_04-August-2026_11-55-30,PSAX,0.795,0.969,Parasternal_Short,0.16,0.795,0.006,0.039,0.001,0.001,0.004,0.0,0.0,0.0,0.0,0.16,0.795,0.035,0.003,Z:\raw_data\C000000039\VIS-040_SW_data_04-August-2026_11-55-30\output\CombinedData_buffer3_iq.gif,PSAX,False,PSAX,True
C000000039,VIS-040_SW_data_04-August-2026_11-56-23,PSAX,0.722,0.875,Parasternal_Short,0.073,0.722,0.012,0.194,0.002,0.001,0.008,0.001,0.0,0.0,0.001,0.072,0.721,0.188,0.006,Z:\raw_data\C000000039\VIS-040_SW_data_04-August-2026_11-56-23\output\CombinedData_buffer3_iq.gif,PSAX,False,PSAX,True
C000000039,VIS-040_SW_data_04-August-2026_11-57-05,PLAX,0.515,0.594,Parasternal_Long,0.515,0.426,0.006,0.052,0.002,0.001,0.003,0.0,0.0,0.0,0.0,0.515,0.426,0.047,0.005,Z:\raw_data\C000000039\VIS-040_SW_data_04-August-2026_11-57-05\output\CombinedData_buffer3_iq.gif,PSAX,False,PSAX,True
C000000039,VIS-040_SW_data_04-August-2026_11-57-49,Other,0.411,0.5,SSN,0.214,0.326,0.049,0.411,0.01,0.002,0.035,0.002,0.0,0.001,0.001,0.213,0.325,0.399,0.011,Z:\raw_data\C000000039\VIS-040_SW_data_04-August-2026_11-57-49\output\CombinedData_buffer3_iq.gif,PSAX,False,PSAX,True
C000000039,VIS-040_SW_data_04-August-2026_11-58-46,PSAX,0.542,0.75,Parasternal_Short,0.32,0.542,0.022,0.115,0.006,0.001,0.014,0.001,0.0,0.0,0.001,0.32,0.542,0.108,0.007,Z:\raw_data\C000000039\VIS-040_SW_data_04-August-2026_11-58-46\output\CombinedData_buffer3_iq.gif,PSAX,False,PSAX,True
C000000039,VIS-040_SW_data_04-August-2026_11-59-19,PSAX,0.792,1.0,Parasternal_Short,0.094,0.792,0.012,0.101,0.003,0.001,0.008,0.001,0.0,0.0,0.001,0.094,0.791,0.098,0.004,Z:\raw_data\C000000039\VIS-040_SW_data_04-August-2026_11-59-19\output\CombinedData_buffer3_iq.gif,PSAX,False,PSAX,True
C000000039,VIS-040_SW_data_04-August-2026_11-59-50,PSAX,0.621,0.781,Parasternal_Short,0.077,0.621,0.022,0.28,0.004,0.001,0.015,0.001,0.0,0.0,0.001,0.077,0.62,0.272,0.008,Z:\raw_data\C000000039\VIS-040_SW_data_04-August-2026_11-59-50\output\CombinedData_buffer3_iq.gif,PSAX,False,PSAX,True
C000000039,VIS-040_SW_data_04-August-2026_12-13-36,PSAX,0.775,0.906,Parasternal_Short,0.044,0.775,0.178,0.003,0.005,0.139,0.029,0.005,0.0,0.0,0.0,0.044,0.775,0.002,0.001,Z:\raw_data\C000000039\VIS-040_SW_data_04-August-2026_12-13-36\output\CombinedData_buffer3_iq.gif,PSAX,False,PSAX,True
C000000040,VIS-039_SW_data_04-August-2026_10-57-58,PLAX,0.967,1.0,Parasternal_Long,0.967,0.033,0.0,0.0,0.0,0.0,0.0,0.0,0.0,0.0,0.0,0.966,0.033,0.0,0.0,Z:\raw_data\C000000040\VIS-039_SW_data_04-August-2026_10-57-58\output\CombinedData_buffer3_iq.gif,PLAX,True,PLAX,False
C000000040,VIS-039_SW_data_04-August-2026_10-58-42,PLAX,0.885,0.938,Parasternal_Long,0.885,0.115,0.0,0.0,0.0,0.0,0.0,0.0,0.0,0.0,0.0,0.884,0.115,0.0,0.0,Z:\raw_data\C000000040\VIS-039_SW_data_04-August-2026_10-58-42\output\CombinedData_buffer3_iq.gif,PLAX,True,PLAX,False
C000000040,VIS-039_SW_data_04-August-2026_11-00-43,PLAX,0.998,1.0,Parasternal_Long,0.998,0.002,0.0,0.0,0.0,0.0,0.0,0.0,0.0,0.0,0.0,0.998,0.002,0.0,0.0,Z:\raw_data\C000000040\VIS-039_SW_data_04-August-2026_11-00-43\output\CombinedData_buffer3_iq.gif,PLAX,True,PLAX,False
C000000040,VIS-039_SW_data_04-August-2026_11-01-25,PLAX,0.997,1.0,Parasternal_Long,0.997,0.003,0.0,0.0,0.0,0.0,0.0,0.0,0.0,0.0,0.0,0.997,0.003,0.0,0.0,Z:\raw_data\C000000040\VIS-039_SW_data_04-August-2026_11-01-25\output\CombinedData_buffer3_iq.gif,PLAX,True,PLAX,False
C000000040,VIS-039_SW_data_04-August-2026_11-02-21,PLAX,0.994,1.0,Parasternal_Long,0.994,0.006,0.0,0.0,0.0,0.0,0.0,0.0,0.0,0.0,0.0,0.994,0.006,0.0,0.0,Z:\raw_data\C000000040\VIS-039_SW_data_04-August-2026_11-02-21\output\CombinedData_buffer3_iq.gif,PLAX,True,PLAX,False
C000000040,VIS-039_SW_data_04-August-2026_11-02-54,PLAX,0.997,1.0,Parasternal_Long,0.997,0.003,0.0,0.0,0.0,0.0,0.0,0.0,0.0,0.0,0.0,0.997,0.003,0.0,0.0,Z:\raw_data\C000000040\VIS-039_SW_data_04-August-2026_11-02-54\output\CombinedData_buffer3_iq.gif,PLAX,True,PLAX,False
C000000040,VIS-039_SW_data_04-August-2026_11-03-35,PLAX,0.995,1.0,Parasternal_Long,0.995,0.005,0.0,0.0,0.0,0.0,0.0,0.0,0.0,0.0,0.0,0.995,0.005,0.0,0.0,Z:\raw_data\C000000040\VIS-039_SW_data_04-August-2026_11-03-35\output\CombinedData_buffer3_iq.gif,PLAX,True,PLAX,False
C000000040,VIS-039_SW_data_04-August-2026_11-04-47,PSAX,0.968,1.0,Parasternal_Short,0.014,0.968,0.001,0.017,0.0,0.0,0.0,0.0,0.0,0.0,0.002,0.014,0.967,0.003,0.014,Z:\raw_data\C000000040\VIS-039_SW_data_04-August-2026_11-04-47\output\CombinedData_buffer3_iq.gif,PSAX,True,PSAX,False
C000000040,VIS-039_SW_data_04-August-2026_11-05-21,PSAX,0.969,1.0,Parasternal_Short,0.025,0.969,0.0,0.006,0.0,0.0,0.0,0.0,0.0,0.0,0.001,0.025,0.968,0.001,0.004,Z:\raw_data\C000000040\VIS-039_SW_data_04-August-2026_11-05-21\output\CombinedData_buffer3_iq.gif,PSAX,True,PSAX,False
C000000040,VIS-039_SW_data_04-August-2026_11-06-02,PSAX,0.96,1.0,Parasternal_Short,0.022,0.96,0.001,0.018,0.0,0.0,0.0,0.0,0.0,0.0,0.001,0.022,0.959,0.002,0.015,Z:\raw_data\C000000040\VIS-039_SW_data_04-August-2026_11-06-02\output\CombinedData_buffer3_iq.gif,PSAX,True,PSAX,False
C000000040,VIS-039_SW_data_04-August-2026_11-07-27,PSAX,0.994,1.0,Parasternal_Short,0.004,0.994,0.0,0.002,0.0,0.0,0.0,0.0,0.0,0.0,0.0,0.004,0.994,0.001,0.001,Z:\raw_data\C000000040\VIS-039_SW_data_04-August-2026_11-07-27\output\CombinedData_buffer3_iq.gif,PSAX,True,PSAX,False
C000000040,VIS-039_SW_data_04-August-2026_11-08-40,PSAX,0.951,1.0,Parasternal_Short,0.043,0.951,0.001,0.005,0.0,0.0,0.0,0.0,0.0,0.0,0.0,0.043,0.951,0.002,0.002,Z:\raw_data\C000000040\VIS-039_SW_data_04-August-2026_11-08-40\output\CombinedData_buffer3_iq.gif,PSAX,True,PSAX,False
C000000040,VIS-039_SW_data_04-August-2026_11-09-14,PSAX,0.981,1.0,Parasternal_Short,0.015,0.981,0.001,0.003,0.0,0.0,0.001,0.0,0.0,0.0,0.0,0.015,0.98,0.002,0.001,Z:\raw_data\C000000040\VIS-039_SW_data_04-August-2026_11-09-14\output\CombinedData_buffer3_iq.gif,PSAX,True,PSAX,False
C000000040,VIS-039_SW_data_04-August-2026_11-09-58,PSAX,0.977,1.0,Parasternal_Short,0.019,0.977,0.001,0.003,0.0,0.0,0.001,0.0,0.0,0.0,0.0,0.019,0.977,0.002,0.001,Z:\raw_data\C000000040\VIS-039_SW_data_04-August-2026_11-09-58\output\CombinedData_buffer3_iq.gif,PSAX,True,PSAX,False
C000000040,VIS-039_SW_data_04-August-2026_11-10-36,PSAX,0.978,1.0,Parasternal_Short,0.018,0.978,0.001,0.003,0.0,0.0,0.0,0.0,0.0,0.0,0.0,0.018,0.977,0.002,0.001,Z:\raw_data\C000000040\VIS-039_SW_data_04-August-2026_11-10-36\output\CombinedData_buffer3_iq.gif,PSAX,True,PSAX,False
C000000040,VIS-039_SW_data_04-August-2026_11-11-33,PSAX,0.907,1.0,Parasternal_Short,0.075,0.907,0.003,0.015,0.0,0.0,0.001,0.001,0.0,0.0,0.001,0.075,0.906,0.011,0.004,Z:\raw_data\C000000040\VIS-039_SW_data_04-August-2026_11-11-33\output\CombinedData_buffer3_iq.gif,PSAX,True,PSAX,False
C000000041,VIS-038_SW_data_31-July-2026_09-01-39,PSAX,0.613,0.906,Parasternal_Short,0.341,0.613,0.024,0.022,0.015,0.005,0.003,0.002,0.0,0.0,0.0,0.341,0.613,0.018,0.004,Z:\raw_data\C000000041\VIS-038_SW_data_31-July-2026_09-01-39\output\CombinedData_buffer3_iq.gif,PLAX,False,PLAX,True
C000000041,VIS-038_SW_data_31-July-2026_09-02-26,PSAX,0.613,0.656,Parasternal_Short,0.351,0.613,0.009,0.027,0.005,0.001,0.001,0.001,0.0,0.0,0.0,0.351,0.613,0.022,0.006,Z:\raw_data\C000000041\VIS-038_SW_data_31-July-2026_09-02-26\output\CombinedData_buffer3_iq.gif,PLAX,False,PLAX,True
C000000041,VIS-038_SW_data_31-July-2026_09-03-27,PLAX,0.694,0.938,Parasternal_Long,0.694,0.24,0.055,0.011,0.026,0.014,0.005,0.01,0.0,0.0,0.0,0.694,0.24,0.009,0.002,Z:\raw_data\C000000041\VIS-038_SW_data_31-July-2026_09-03-27\output\CombinedData_buffer3_iq.gif,PLAX,False,PLAX,True
C000000041,VIS-038_SW_data_31-July-2026_09-04-19,PLAX,0.798,1.0,Parasternal_Long,0.798,0.194,0.005,0.003,0.002,0.002,0.0,0.001,0.0,0.0,0.0,0.798,0.194,0.002,0.002,Z:\raw_data\C000000041\VIS-038_SW_data_31-July-2026_09-04-19\output\CombinedData_buffer3_iq.gif,PLAX,False,PLAX,True
C000000041,VIS-038_SW_data_31-July-2026_09-05-19,PLAX,0.718,0.938,Parasternal_Long,0.718,0.226,0.046,0.01,0.027,0.01,0.004,0.005,0.0,0.0,0.0,0.718,0.226,0.004,0.006,Z:\raw_data\C000000041\VIS-038_SW_data_31-July-2026_09-05-19\output\CombinedData_buffer3_iq.gif,PLAX,False,PLAX,True
C000000041,VIS-038_SW_data_31-July-2026_09-07-11,PLAX,0.882,0.969,Parasternal_Long,0.882,0.111,0.003,0.003,0.001,0.001,0.0,0.001,0.0,0.0,0.0,0.882,0.111,0.001,0.003,Z:\raw_data\C000000041\VIS-038_SW_data_31-July-2026_09-07-11\output\CombinedData_buffer3_iq.gif,PLAX,True,PLAX,False
C000000041,VIS-038_SW_data_31-July-2026_09-08-18,PSAX,0.42,0.594,Parasternal_Short,0.071,0.42,0.091,0.418,0.018,0.005,0.066,0.002,0.0,0.0,0.0,0.071,0.419,0.389,0.029,Z:\raw_data\C000000041\VIS-038_SW_data_31-July-2026_09-08-18\output\CombinedData_buffer3_iq.gif,PSAX,False,PSAX,True
C000000041,VIS-038_SW_data_31-July-2026_09-09-57,PSAX,0.927,1.0,Parasternal_Short,0.052,0.927,0.005,0.016,0.001,0.001,0.002,0.0,0.0,0.0,0.0,0.052,0.926,0.012,0.004,Z:\raw_data\C000000041\VIS-038_SW_data_31-July-2026_09-09-57\output\CombinedData_buffer3_iq.gif,PSAX,True,PSAX,False
C000000041,VIS-038_SW_data_31-July-2026_09-10-33,PSAX,0.591,0.844,Parasternal_Short,0.122,0.591,0.077,0.21,0.021,0.015,0.035,0.006,0.0,0.0,0.0,0.122,0.591,0.177,0.033,Z:\raw_data\C000000041\VIS-038_SW_data_31-July-2026_09-10-33\output\CombinedData_buffer3_iq.gif,PSAX,False,PSAX,True
C000000041,VIS-038_SW_data_31-July-2026_09-11-11,PSAX,0.869,1.0,Parasternal_Short,0.057,0.869,0.019,0.055,0.005,0.003,0.009,0.001,0.0,0.0,0.0,0.057,0.869,0.044,0.011,Z:\raw_data\C000000041\VIS-038_SW_data_31-July-2026_09-11-11\output\CombinedData_buffer3_iq.gif,PSAX,True,PSAX,False
C000000041,VIS-038_SW_data_31-July-2026_09-12-12,Other,0.449,0.625,SSN,0.113,0.338,0.099,0.449,0.029,0.019,0.046,0.006,0.0,0.0,0.0,0.113,0.338,0.394,0.055,Z:\raw_data\C000000041\VIS-038_SW_data_31-July-2026_09-12-12\output\CombinedData_buffer3_iq.gif,PSAX,False,PSAX,True
C000000041,VIS-038_SW_data_31-July-2026_09-13-11,PSAX,0.708,0.938,Parasternal_Short,0.134,0.708,0.026,0.133,0.007,0.004,0.013,0.002,0.0,0.0,0.0,0.134,0.707,0.102,0.031,Z:\raw_data\C000000041\VIS-038_SW_data_31-July-2026_09-13-11\output\CombinedData_buffer3_iq.gif,PSAX,False,PSAX,True
C000000041,VIS-038_SW_data_31-July-2026_09-14-12,Other,0.494,0.625,SSN,0.052,0.197,0.258,0.494,0.089,0.056,0.104,0.008,0.0,0.0,0.0,0.052,0.197,0.449,0.045,Z:\raw_data\C000000041\VIS-038_SW_data_31-July-2026_09-14-12\output\CombinedData_buffer3_iq.gif,PSAX,False,PSAX,True
C000000041,VIS-038_SW_data_31-July-2026_09-15-11,Other,0.623,0.781,SSN,0.022,0.236,0.119,0.623,0.055,0.022,0.039,0.002,0.0,0.0,0.0,0.022,0.235,0.6,0.023,Z:\raw_data\C000000041\VIS-038_SW_data_31-July-2026_09-15-11\output\CombinedData_buffer3_iq.gif,PSAX,False,PSAX,True
C000000041,VIS-038_SW_data_31-July-2026_09-16-02,Other,0.516,0.594,SSN,0.042,0.292,0.151,0.516,0.055,0.024,0.068,0.003,0.0,0.0,0.0,0.042,0.292,0.494,0.022,Z:\raw_data\C000000041\VIS-038_SW_data_31-July-2026_09-16-02\output\CombinedData_buffer3_iq.gif,PSAX,False,PSAX,True
C000000042,VIS-036_SW_data_28-July-2026_14-07-08,PLAX,0.968,1.0,Parasternal_Long,0.968,0.031,0.001,0.0,0.0,0.0,0.0,0.0,0.0,0.0,0.0,0.968,0.031,0.0,0.0,Z:\raw_data\C000000042\VIS-036_SW_data_28-July-2026_14-07-08\output\CombinedData_buffer3_iq.gif,PLAX,True,PLAX,False
C000000042,VIS-036_SW_data_28-July-2026_14-08-15,PLAX,0.899,0.969,Parasternal_Long,0.899,0.098,0.001,0.001,0.0,0.0,0.001,0.0,0.0,0.0,0.0,0.899,0.098,0.0,0.001,Z:\raw_data\C000000042\VIS-036_SW_data_28-July-2026_14-08-15\output\CombinedData_buffer3_iq.gif,PLAX,True,PLAX,False
C000000042,VIS-036_SW_data_28-July-2026_14-09-16,PLAX,0.942,1.0,Parasternal_Long,0.942,0.053,0.002,0.003,0.0,0.0,0.001,0.0,0.0,0.0,0.0,0.942,0.053,0.001,0.002,Z:\raw_data\C000000042\VIS-036_SW_data_28-July-2026_14-09-16\output\CombinedData_buffer3_iq.gif,PLAX,True,PLAX,False
C000000042,VIS-036_SW_data_28-July-2026_14-11-12,PLAX,0.992,1.0,Parasternal_Long,0.992,0.007,0.0,0.0,0.0,0.0,0.0,0.0,0.0,0.0,0.0,0.992,0.007,0.0,0.0,Z:\raw_data\C000000042\VIS-036_SW_data_28-July-2026_14-11-12\output\CombinedData_buffer3_iq.gif,PLAX,True,PLAX,False
C000000042,VIS-036_SW_data_28-July-2026_14-12-06,PLAX,0.996,1.0,Parasternal_Long,0.996,0.003,0.001,0.0,0.0,0.0,0.0,0.0,0.0,0.0,0.0,0.996,0.003,0.0,0.0,Z:\raw_data\C000000042\VIS-036_SW_data_28-July-2026_14-12-06\output\CombinedData_buffer3_iq.gif,PLAX,True,PLAX,False
C000000042,VIS-036_SW_data_28-July-2026_14-14-03,PSAX,0.996,1.0,Parasternal_Short,0.004,0.996,0.0,0.0,0.0,0.0,0.0,0.0,0.0,0.0,0.0,0.004,0.996,0.0,0.0,Z:\raw_data\C000000042\VIS-036_SW_data_28-July-2026_14-14-03\output\CombinedData_buffer3_iq.gif,PSAX,True,PSAX,False
C000000042,VIS-036_SW_data_28-July-2026_14-14-48,PSAX,0.982,1.0,Parasternal_Short,0.01,0.982,0.001,0.007,0.0,0.0,0.0,0.0,0.0,0.0,0.001,0.01,0.982,0.006,0.001,Z:\raw_data\C000000042\VIS-036_SW_data_28-July-2026_14-14-48\output\CombinedData_buffer3_iq.gif,PSAX,True,PSAX,False
C000000042,VIS-036_SW_data_28-July-2026_14-16-15,PSAX,0.962,1.0,Parasternal_Short,0.023,0.962,0.001,0.014,0.0,0.0,0.0,0.0,0.0,0.0,0.001,0.023,0.962,0.013,0.001,Z:\raw_data\C000000042\VIS-036_SW_data_28-July-2026_14-16-15\output\CombinedData_buffer3_iq.gif,PSAX,True,PSAX,False
C000000042,VIS-036_SW_data_28-July-2026_14-17-15,PSAX,0.998,1.0,Parasternal_Short,0.001,0.998,0.0,0.0,0.0,0.0,0.0,0.0,0.0,0.0,0.0,0.001,0.998,0.0,0.0,Z:\raw_data\C000000042\VIS-036_SW_data_28-July-2026_14-17-15\output\CombinedData_buffer3_iq.gif,PSAX,True,PSAX,False
C000000042,VIS-036_SW_data_28-July-2026_14-17-53,PSAX,0.999,1.0,Parasternal_Short,0.001,0.999,0.0,0.0,0.0,0.0,0.0,0.0,0.0,0.0,0.0,0.001,0.999,0.0,0.0,Z:\raw_data\C000000042\VIS-036_SW_data_28-July-2026_14-17-53\output\CombinedData_buffer3_iq.gif,PSAX,True,PSAX,False
C000000042,VIS-036_SW_data_28-July-2026_14-18-46,PSAX,0.998,1.0,Parasternal_Short,0.001,0.998,0.0,0.0,0.0,0.0,0.0,0.0,0.0,0.0,0.0,0.001,0.998,0.0,0.0,Z:\raw_data\C000000042\VIS-036_SW_data_28-July-2026_14-18-46\output\CombinedData_buffer3_iq.gif,PSAX,True,PSAX,False
C000000042,VIS-036_SW_data_28-July-2026_14-19-31,PSAX,0.998,1.0,Parasternal_Short,0.001,0.998,0.0,0.0,0.0,0.0,0.0,0.0,0.0,0.0,0.0,0.001,0.998,0.0,0.0,Z:\raw_data\C000000042\VIS-036_SW_data_28-July-2026_14-19-31\output\CombinedData_buffer3_iq.gif,PSAX,True,PSAX,False
C000000042,VIS-036_SW_data_28-July-2026_14-20-14,PSAX,0.95,1.0,Parasternal_Short,0.035,0.95,0.001,0.014,0.0,0.0,0.001,0.0,0.0,0.0,0.0,0.035,0.949,0.013,0.001,Z:\raw_data\C000000042\VIS-036_SW_data_28-July-2026_14-20-14\output\CombinedData_buffer3_iq.gif,PSAX,True,PSAX,False
C000000042,VIS-036_SW_data_28-July-2026_14-20-59,PSAX,0.982,1.0,Parasternal_Short,0.014,0.982,0.001,0.002,0.001,0.0,0.0,0.0,0.0,0.0,0.0,0.014,0.982,0.001,0.001,Z:\raw_data\C000000042\VIS-036_SW_data_28-July-2026_14-20-59\output\CombinedData_buffer3_iq.gif,PSAX,True,PSAX,False
C000000042,VIS-036_SW_data_28-July-2026_14-21-56,PSAX,0.995,1.0,Parasternal_Short,0.004,0.995,0.0,0.001,0.0,0.0,0.0,0.0,0.0,0.0,0.0,0.004,0.995,0.0,0.0,Z:\raw_data\C000000042\VIS-036_SW_data_28-July-2026_14-21-56\output\CombinedData_buffer3_iq.gif,PSAX,True,PSAX,False
C000000042,VIS-036_SW_data_28-July-2026_14-22-48,PSAX,0.99,1.0,Parasternal_Short,0.002,0.99,0.007,0.001,0.001,0.001,0.005,0.0,0.0,0.0,0.0,0.002,0.99,0.0,0.0,Z:\raw_data\C000000042\VIS-036_SW_data_28-July-2026_14-22-48\output\CombinedData_buffer3_iq.gif,PSAX,True,PSAX,False
C000000042,VIS-036_SW_data_28-July-2026_14-25-49,Other,0.438,0.562,Subcostal,0.146,0.387,0.03,0.438,0.005,0.005,0.018,0.001,0.0,0.0,0.0,0.146,0.387,0.014,0.423,Z:\raw_data\C000000042\VIS-036_SW_data_28-July-2026_14-25-49\output\CombinedData_buffer3_iq.gif,PSAX,False,PSAX,True
C000000042,VIS-036_SW_data_28-July-2026_14-26-36,Other,0.368,0.5,Subcostal,0.252,0.335,0.044,0.368,0.004,0.007,0.031,0.002,0.0,0.0,0.001,0.252,0.335,0.027,0.341,Z:\raw_data\C000000042\VIS-036_SW_data_28-July-2026_14-26-36\output\CombinedData_buffer3_iq.gif,PSAX,False,PSAX,True
C000000043,VIS-035_SW_data_28-July-2026_12-24-19,PLAX,0.976,1.0,Parasternal_Long,0.976,0.024,0.0,0.0,0.0,0.0,0.0,0.0,0.0,0.0,0.0,0.976,0.024,0.0,0.0,Z:\raw_data\C000000043\VIS-035_SW_data_28-July-2026_12-24-19\output\CombinedData_buffer3_iq.gif,PLAX,True,PLAX,False
C000000043,VIS-035_SW_data_28-July-2026_12-25-18,PLAX,0.981,1.0,Parasternal_Long,0.981,0.019,0.0,0.0,0.0,0.0,0.0,0.0,0.0,0.0,0.0,0.981,0.019,0.0,0.0,Z:\raw_data\C000000043\VIS-035_SW_data_28-July-2026_12-25-18\output\CombinedData_buffer3_iq.gif,PLAX,True,PLAX,False
C000000043,VIS-035_SW_data_28-July-2026_12-26-15,PLAX,0.997,1.0,Parasternal_Long,0.997,0.003,0.0,0.0,0.0,0.0,0.0,0.0,0.0,0.0,0.0,0.997,0.003,0.0,0.0,Z:\raw_data\C000000043\VIS-035_SW_data_28-July-2026_12-26-15\output\CombinedData_buffer3_iq.gif,PLAX,True,PLAX,False
C000000043,VIS-035_SW_data_28-July-2026_12-27-05,PLAX,0.97,1.0,Parasternal_Long,0.97,0.028,0.001,0.001,0.0,0.0,0.0,0.0,0.0,0.0,0.0,0.97,0.028,0.0,0.0,Z:\raw_data\C000000043\VIS-035_SW_data_28-July-2026_12-27-05\output\CombinedData_buffer3_iq.gif,PLAX,True,PLAX,False
C000000043,VIS-035_SW_data_28-July-2026_12-28-24,PLAX,0.995,1.0,Parasternal_Long,0.995,0.005,0.0,0.0,0.0,0.0,0.0,0.0,0.0,0.0,0.0,0.995,0.005,0.0,0.0,Z:\raw_data\C000000043\VIS-035_SW_data_28-July-2026_12-28-24\output\CombinedData_buffer3_iq.gif,PLAX,True,PLAX,False
C000000043,VIS-035_SW_data_28-July-2026_12-30-03,PSAX,0.999,1.0,Parasternal_Short,0.001,0.999,0.0,0.0,0.0,0.0,0.0,0.0,0.0,0.0,0.0,0.001,0.999,0.0,0.0,Z:\raw_data\C000000043\VIS-035_SW_data_28-July-2026_12-30-03\output\CombinedData_buffer3_iq.gif,PSAX,True,PSAX,False
C000000043,VIS-035_SW_data_28-July-2026_12-30-50,PSAX,0.999,1.0,Parasternal_Short,0.001,0.999,0.0,0.0,0.0,0.0,0.0,0.0,0.0,0.0,0.0,0.001,0.999,0.0,0.0,Z:\raw_data\C000000043\VIS-035_SW_data_28-July-2026_12-30-50\output\CombinedData_buffer3_iq.gif,PSAX,True,PSAX,False
C000000043,VIS-035_SW_data_28-July-2026_12-31-34,PSAX,1.0,1.0,Parasternal_Short,0.0,1.0,0.0,0.0,0.0,0.0,0.0,0.0,0.0,0.0,0.0,0.0,0.999,0.0,0.0,Z:\raw_data\C000000043\VIS-035_SW_data_28-July-2026_12-31-34\output\CombinedData_buffer3_iq.gif,PSAX,True,PSAX,False
C000000043,VIS-035_SW_data_28-July-2026_12-32-32,PSAX,1.0,1.0,Parasternal_Short,0.0,1.0,0.0,0.0,0.0,0.0,0.0,0.0,0.0,0.0,0.0,0.0,0.999,0.0,0.0,Z:\raw_data\C000000043\VIS-035_SW_data_28-July-2026_12-32-32\output\CombinedData_buffer3_iq.gif,PSAX,True,PSAX,False
C000000043,VIS-035_SW_data_28-July-2026_12-33-22,PSAX,0.999,1.0,Parasternal_Short,0.001,0.999,0.0,0.0,0.0,0.0,0.0,0.0,0.0,0.0,0.0,0.001,0.999,0.0,0.0,Z:\raw_data\C000000043\VIS-035_SW_data_28-July-2026_12-33-22\output\CombinedData_buffer3_iq.gif,PSAX,True,PSAX,False
C000000043,VIS-035_SW_data_28-July-2026_12-34-07,PSAX,0.999,1.0,Parasternal_Short,0.0,0.999,0.0,0.0,0.0,0.0,0.0,0.0,0.0,0.0,0.0,0.0,0.999,0.0,0.0,Z:\raw_data\C000000043\VIS-035_SW_data_28-July-2026_12-34-07\output\CombinedData_buffer3_iq.gif,PSAX,True,PSAX,False
C000000043,VIS-035_SW_data_28-July-2026_12-35-12,PSAX,0.973,1.0,Parasternal_Short,0.007,0.973,0.015,0.005,0.001,0.002,0.006,0.007,0.0,0.0,0.0,0.007,0.973,0.004,0.001,Z:\raw_data\C000000043\VIS-035_SW_data_28-July-2026_12-35-12\output\CombinedData_buffer3_iq.gif,PSAX,True,PSAX,False
C000000043,VIS-035_SW_data_28-July-2026_12-36-33,PSAX,0.923,1.0,Parasternal_Short,0.041,0.923,0.013,0.023,0.001,0.001,0.007,0.005,0.0,0.0,0.001,0.041,0.922,0.02,0.003,Z:\raw_data\C000000043\VIS-035_SW_data_28-July-2026_12-36-33\output\CombinedData_buffer3_iq.gif,PSAX,True,PSAX,False
C000000043,VIS-035_SW_data_28-July-2026_12-37-54,PSAX,0.957,1.0,Parasternal_Short,0.018,0.957,0.015,0.01,0.001,0.001,0.006,0.008,0.0,0.0,0.0,0.018,0.957,0.009,0.001,Z:\raw_data\C000000043\VIS-035_SW_data_28-July-2026_12-37-54\output\CombinedData_buffer3_iq.gif,PSAX,True,PSAX,False
C000000044,VIS-034_SW_data_28-July-2026_11-02-22,PLAX,0.836,0.969,Parasternal_Long,0.836,0.094,0.059,0.011,0.001,0.006,0.034,0.018,0.0,0.0,0.0,0.836,0.094,0.005,0.006,Z:\raw_data\C000000044\VIS-034_SW_data_28-July-2026_11-02-22\output\CombinedData_buffer3_iq.gif,PLAX,True,PLAX,False
C000000044,VIS-034_SW_data_28-July-2026_11-03-14,PLAX,0.837,1.0,Parasternal_Long,0.837,0.066,0.076,0.02,0.004,0.004,0.048,0.02,0.0,0.0,0.0,0.837,0.066,0.01,0.01,Z:\raw_data\C000000044\VIS-034_SW_data_28-July-2026_11-03-14\output\CombinedData_buffer3_iq.gif,PLAX,True,PLAX,False
C000000044,VIS-034_SW_data_28-July-2026_11-03-53,PLAX,0.629,0.719,Parasternal_Long,0.629,0.091,0.222,0.058,0.005,0.011,0.143,0.064,0.0,0.0,0.0,0.628,0.091,0.037,0.021,Z:\raw_data\C000000044\VIS-034_SW_data_28-July-2026_11-03-53\output\CombinedData_buffer3_iq.gif,PLAX,False,PLAX,True
C000000044,VIS-034_SW_data_28-July-2026_11-05-42,PLAX,0.835,0.969,Parasternal_Long,0.835,0.061,0.1,0.004,0.003,0.065,0.015,0.018,0.0,0.0,0.0,0.835,0.061,0.002,0.002,Z:\raw_data\C000000044\VIS-034_SW_data_28-July-2026_11-05-42\output\CombinedData_buffer3_iq.gif,PLAX,True,PLAX,False
C000000044,VIS-034_SW_data_28-July-2026_11-06-30,PLAX,0.637,0.906,Parasternal_Long,0.637,0.163,0.145,0.054,0.014,0.062,0.035,0.035,0.0,0.001,0.0,0.636,0.163,0.031,0.023,Z:\raw_data\C000000044\VIS-034_SW_data_28-July-2026_11-06-30\output\CombinedData_buffer3_iq.gif,PLAX,False,PLAX,True
C000000044,VIS-034_SW_data_28-July-2026_11-07-15,PLAX,0.676,0.844,Parasternal_Long,0.676,0.178,0.133,0.013,0.009,0.042,0.065,0.018,0.0,0.0,0.0,0.676,0.178,0.009,0.003,Z:\raw_data\C000000044\VIS-034_SW_data_28-July-2026_11-07-15\output\CombinedData_buffer3_iq.gif,PLAX,False,PLAX,True
C000000044,VIS-034_SW_data_28-July-2026_11-08-14,PLAX,0.726,1.0,Parasternal_Long,0.726,0.114,0.148,0.013,0.009,0.046,0.062,0.031,0.0,0.0,0.0,0.726,0.114,0.008,0.005,Z:\raw_data\C000000044\VIS-034_SW_data_28-July-2026_11-08-14\output\CombinedData_buffer3_iq.gif,PLAX,False,PLAX,True
C000000044,VIS-034_SW_data_28-July-2026_11-09-20,PSAX,0.884,1.0,Parasternal_Short,0.005,0.884,0.108,0.002,0.023,0.012,0.071,0.002,0.0,0.0,0.001,0.005,0.884,0.002,0.0,Z:\raw_data\C000000044\VIS-034_SW_data_28-July-2026_11-09-20\output\CombinedData_buffer3_iq.gif,PSAX,True,PSAX,False
C000000044,VIS-034_SW_data_28-July-2026_11-10-28,PSAX,0.836,0.969,Parasternal_Short,0.007,0.836,0.155,0.002,0.095,0.009,0.051,0.002,0.0,0.0,0.001,0.007,0.835,0.002,0.0,Z:\raw_data\C000000044\VIS-034_SW_data_28-July-2026_11-10-28\output\CombinedData_buffer3_iq.gif,PSAX,True,PSAX,False
C000000044,VIS-034_SW_data_28-July-2026_11-11-00,PSAX,0.874,0.969,Parasternal_Short,0.01,0.874,0.113,0.004,0.058,0.004,0.049,0.001,0.0,0.0,0.001,0.01,0.873,0.003,0.0,Z:\raw_data\C000000044\VIS-034_SW_data_28-July-2026_11-11-00\output\CombinedData_buffer3_iq.gif,PSAX,True,PSAX,False
C000000044,VIS-034_SW_data_28-July-2026_11-11-43,PSAX,0.714,0.906,Parasternal_Short,0.012,0.714,0.269,0.005,0.081,0.013,0.173,0.002,0.0,0.0,0.001,0.012,0.713,0.005,0.0,Z:\raw_data\C000000044\VIS-034_SW_data_28-July-2026_11-11-43\output\CombinedData_buffer3_iq.gif,PSAX,False,PSAX,True
C000000044,VIS-034_SW_data_28-July-2026_11-12-23,PSAX,0.646,0.906,Parasternal_Short,0.267,0.646,0.053,0.034,0.012,0.009,0.028,0.004,0.0,0.0,0.0,0.267,0.645,0.03,0.004,Z:\raw_data\C000000044\VIS-034_SW_data_28-July-2026_11-12-23\output\CombinedData_buffer3_iq.gif,PSAX,False,PSAX,True
C000000044,VIS-034_SW_data_28-July-2026_11-13-20,PSAX,0.936,1.0,Parasternal_Short,0.003,0.936,0.06,0.002,0.025,0.005,0.028,0.001,0.0,0.0,0.002,0.003,0.933,0.002,0.0,Z:\raw_data\C000000044\VIS-034_SW_data_28-July-2026_11-13-20\output\CombinedData_buffer3_iq.gif,PSAX,True,PSAX,False
C000000044,VIS-034_SW_data_28-July-2026_11-13-49,PSAX,0.859,1.0,Parasternal_Short,0.005,0.859,0.133,0.002,0.078,0.006,0.048,0.001,0.0,0.0,0.002,0.005,0.857,0.002,0.0,Z:\raw_data\C000000044\VIS-034_SW_data_28-July-2026_11-13-49\output\CombinedData_buffer3_iq.gif,PSAX,True,PSAX,False
C000000044,VIS-034_SW_data_28-July-2026_11-14-37,PSAX,0.771,0.875,Parasternal_Short,0.019,0.771,0.204,0.005,0.079,0.026,0.094,0.004,0.001,0.0,0.002,0.019,0.769,0.005,0.001,Z:\raw_data\C000000044\VIS-034_SW_data_28-July-2026_11-14-37\output\CombinedData_buffer3_iq.gif,PSAX,False,PSAX,True
C000000045,VIS-033_SW_data_28-July-2026_09-25-55,PLAX,0.978,1.0,Parasternal_Long,0.978,0.021,0.0,0.001,0.0,0.0,0.0,0.0,0.0,0.0,0.0,0.978,0.021,0.0,0.0,Z:\raw_data\C000000045\VIS-033_SW_data_28-July-2026_09-25-55\output\CombinedData_buffer3_iq.gif,PLAX,True,PLAX,False
C000000045,VIS-033_SW_data_28-July-2026_09-26-33,PLAX,0.981,1.0,Parasternal_Long,0.981,0.018,0.0,0.0,0.0,0.0,0.0,0.0,0.0,0.0,0.0,0.981,0.018,0.0,0.0,Z:\raw_data\C000000045\VIS-033_SW_data_28-July-2026_09-26-33\output\CombinedData_buffer3_iq.gif,PLAX,True,PLAX,False
C000000045,VIS-033_SW_data_28-July-2026_09-27-15,PLAX,0.996,1.0,Parasternal_Long,0.996,0.004,0.0,0.0,0.0,0.0,0.0,0.0,0.0,0.0,0.0,0.996,0.004,0.0,0.0,Z:\raw_data\C000000045\VIS-033_SW_data_28-July-2026_09-27-15\output\CombinedData_buffer3_iq.gif,PLAX,True,PLAX,False
C000000045,VIS-033_SW_data_28-July-2026_09-28-41,PLAX,0.998,1.0,Parasternal_Long,0.998,0.002,0.0,0.0,0.0,0.0,0.0,0.0,0.0,0.0,0.0,0.998,0.002,0.0,0.0,Z:\raw_data\C000000045\VIS-033_SW_data_28-July-2026_09-28-41\output\CombinedData_buffer3_iq.gif,PLAX,True,PLAX,False
C000000045,VIS-033_SW_data_28-July-2026_09-29-30,PLAX,0.995,1.0,Parasternal_Long,0.995,0.005,0.0,0.0,0.0,0.0,0.0,0.0,0.0,0.0,0.0,0.995,0.005,0.0,0.0,Z:\raw_data\C000000045\VIS-033_SW_data_28-July-2026_09-29-30\output\CombinedData_buffer3_iq.gif,PLAX,True,PLAX,False
C000000045,VIS-033_SW_data_28-July-2026_09-31-11,PLAX,0.993,1.0,Parasternal_Long,0.993,0.006,0.001,0.001,0.0,0.0,0.0,0.0,0.0,0.0,0.0,0.993,0.006,0.0,0.0,Z:\raw_data\C000000045\VIS-033_SW_data_28-July-2026_09-31-11\output\CombinedData_buffer3_iq.gif,PLAX,True,PLAX,False
C000000045,VIS-033_SW_data_28-July-2026_09-33-03,PSAX,0.999,1.0,Parasternal_Short,0.001,0.999,0.0,0.0,0.0,0.0,0.0,0.0,0.0,0.0,0.0,0.001,0.999,0.0,0.0,Z:\raw_data\C000000045\VIS-033_SW_data_28-July-2026_09-33-03\output\CombinedData_buffer3_iq.gif,PSAX,True,PSAX,False
C000000045,VIS-033_SW_data_28-July-2026_09-33-56,PSAX,0.999,1.0,Parasternal_Short,0.001,0.999,0.0,0.0,0.0,0.0,0.0,0.0,0.0,0.0,0.0,0.001,0.999,0.0,0.0,Z:\raw_data\C000000045\VIS-033_SW_data_28-July-2026_09-33-56\output\CombinedData_buffer3_iq.gif,PSAX,True,PSAX,False
C000000045,VIS-033_SW_data_28-July-2026_09-34-26,PSAX,0.998,1.0,Parasternal_Short,0.002,0.998,0.0,0.0,0.0,0.0,0.0,0.0,0.0,0.0,0.0,0.002,0.998,0.0,0.0,Z:\raw_data\C000000045\VIS-033_SW_data_28-July-2026_09-34-26\output\CombinedData_buffer3_iq.gif,PSAX,True,PSAX,False
C000000045,VIS-033_SW_data_28-July-2026_09-35-31,PSAX,0.996,1.0,Parasternal_Short,0.004,0.996,0.0,0.0,0.0,0.0,0.0,0.0,0.0,0.0,0.0,0.004,0.996,0.0,0.0,Z:\raw_data\C000000045\VIS-033_SW_data_28-July-2026_09-35-31\output\CombinedData_buffer3_iq.gif,PSAX,True,PSAX,False
C000000045,VIS-033_SW_data_28-July-2026_09-36-04,PSAX,0.993,1.0,Parasternal_Short,0.006,0.993,0.001,0.0,0.0,0.0,0.0,0.0,0.0,0.0,0.0,0.006,0.993,0.0,0.0,Z:\raw_data\C000000045\VIS-033_SW_data_28-July-2026_09-36-04\output\CombinedData_buffer3_iq.gif,PSAX,True,PSAX,False
C000000045,VIS-033_SW_data_28-July-2026_09-36-34,PSAX,0.996,1.0,Parasternal_Short,0.003,0.996,0.0,0.0,0.0,0.0,0.0,0.0,0.0,0.0,0.0,0.003,0.996,0.0,0.0,Z:\raw_data\C000000045\VIS-033_SW_data_28-July-2026_09-36-34\output\CombinedData_buffer3_iq.gif,PSAX,True,PSAX,False
C000000045,VIS-033_SW_data_28-July-2026_09-37-13,PSAX,0.992,1.0,Parasternal_Short,0.006,0.992,0.001,0.001,0.0,0.0,0.001,0.0,0.0,0.0,0.0,0.006,0.992,0.0,0.001,Z:\raw_data\C000000045\VIS-033_SW_data_28-July-2026_09-37-13\output\CombinedData_buffer3_iq.gif,PSAX,True,PSAX,False
C000000045,VIS-033_SW_data_28-July-2026_09-38-08,PSAX,0.985,1.0,Parasternal_Short,0.014,0.985,0.001,0.001,0.0,0.0,0.0,0.0,0.0,0.0,0.0,0.014,0.985,0.0,0.001,Z:\raw_data\C000000045\VIS-033_SW_data_28-July-2026_09-38-08\output\CombinedData_buffer3_iq.gif,PSAX,True,PSAX,False
C000000045,VIS-033_SW_data_28-July-2026_09-39-38,PSAX,0.958,1.0,Parasternal_Short,0.039,0.958,0.001,0.002,0.0,0.0,0.001,0.0,0.0,0.0,0.0,0.039,0.958,0.0,0.002,Z:\raw_data\C000000045\VIS-033_SW_data_28-July-2026_09-39-38\output\CombinedData_buffer3_iq.gif,PSAX,True,PSAX,False
C000000046,VIS-049_SW_data_04-September-2026_09-33-53,PLAX,0.974,1.0,Parasternal_Long,0.974,0.021,0.0,0.005,0.0,0.0,0.0,0.0,0.0,0.0,0.0,0.974,0.021,0.0,0.005,Z:\raw_data\C000000046\VIS-049_SW_data_04-September-2026_09-33-53\output\CombinedData_buffer3_iq.gif,PLAX,True,PLAX,False
C000000046,VIS-049_SW_data_04-September-2026_09-34-47,PLAX,0.947,1.0,Parasternal_Long,0.947,0.047,0.0,0.005,0.0,0.0,0.0,0.0,0.0,0.0,0.0,0.947,0.047,0.0,0.005,Z:\raw_data\C000000046\VIS-049_SW_data_04-September-2026_09-34-47\output\CombinedData_buffer3_iq.gif,PLAX,True,PLAX,False
C000000046,VIS-049_SW_data_04-September-2026_09-35-23,PLAX,0.965,1.0,Parasternal_Long,0.965,0.032,0.0,0.002,0.0,0.0,0.0,0.0,0.0,0.0,0.0,0.965,0.032,0.0,0.002,Z:\raw_data\C000000046\VIS-049_SW_data_04-September-2026_09-35-23\output\CombinedData_buffer3_iq.gif,PLAX,True,PLAX,False
C000000046,VIS-049_SW_data_04-September-2026_09-36-21,PLAX,0.96,1.0,Parasternal_Long,0.96,0.038,0.0,0.002,0.0,0.0,0.0,0.0,0.0,0.0,0.0,0.96,0.038,0.0,0.001,Z:\raw_data\C000000046\VIS-049_SW_data_04-September-2026_09-36-21\output\CombinedData_buffer3_iq.gif,PLAX,True,PLAX,False
C000000046,VIS-049_SW_data_04-September-2026_09-36-50,PLAX,0.952,1.0,Parasternal_Long,0.952,0.043,0.0,0.004,0.0,0.0,0.0,0.0,0.0,0.0,0.0,0.952,0.043,0.0,0.004,Z:\raw_data\C000000046\VIS-049_SW_data_04-September-2026_09-36-50\output\CombinedData_buffer3_iq.gif,PLAX,True,PLAX,False
C000000046,VIS-049_SW_data_04-September-2026_09-37-50,PLAX,0.933,1.0,Parasternal_Long,0.933,0.06,0.0,0.007,0.0,0.0,0.0,0.0,0.0,0.0,0.0,0.933,0.06,0.0,0.006,Z:\raw_data\C000000046\VIS-049_SW_data_04-September-2026_09-37-50\output\CombinedData_buffer3_iq.gif,PLAX,True,PLAX,False
C000000046,VIS-049_SW_data_04-September-2026_09-39-02,PSAX,0.997,1.0,Parasternal_Short,0.002,0.997,0.0,0.0,0.0,0.0,0.0,0.0,0.0,0.0,0.0,0.002,0.997,0.0,0.0,Z:\raw_data\C000000046\VIS-049_SW_data_04-September-2026_09-39-02\output\CombinedData_buffer3_iq.gif,PSAX,True,PSAX,False
C000000046,VIS-049_SW_data_04-September-2026_09-40-58,PSAX,0.997,1.0,Parasternal_Short,0.003,0.997,0.0,0.0,0.0,0.0,0.0,0.0,0.0,0.0,0.0,0.003,0.997,0.0,0.0,Z:\raw_data\C000000046\VIS-049_SW_data_04-September-2026_09-40-58\output\CombinedData_buffer3_iq.gif,PSAX,True,PSAX,False
C000000046,VIS-049_SW_data_04-September-2026_09-42-22,PSAX,0.996,1.0,Parasternal_Short,0.004,0.996,0.0,0.0,0.0,0.0,0.0,0.0,0.0,0.0,0.0,0.004,0.996,0.0,0.0,Z:\raw_data\C000000046\VIS-049_SW_data_04-September-2026_09-42-22\output\CombinedData_buffer3_iq.gif,PSAX,True,PSAX,False
C000000046,VIS-049_SW_data_04-September-2026_09-42-55,PSAX,0.994,1.0,Parasternal_Short,0.003,0.994,0.001,0.003,0.0,0.0,0.0,0.0,0.0,0.0,0.0,0.003,0.993,0.0,0.003,Z:\raw_data\C000000046\VIS-049_SW_data_04-September-2026_09-42-55\output\CombinedData_buffer3_iq.gif,PSAX,True,PSAX,False
C000000046,VIS-049_SW_data_04-September-2026_09-43-37,PSAX,0.994,1.0,Parasternal_Short,0.003,0.994,0.0,0.003,0.0,0.0,0.0,0.0,0.0,0.0,0.0,0.003,0.994,0.0,0.003,Z:\raw_data\C000000046\VIS-049_SW_data_04-September-2026_09-43-37\output\CombinedData_buffer3_iq.gif,PSAX,True,PSAX,False
C000000046,VIS-049_SW_data_04-September-2026_09-44-09,PSAX,0.993,1.0,Parasternal_Short,0.003,0.993,0.001,0.003,0.0,0.0,0.0,0.0,0.0,0.0,0.0,0.003,0.993,0.0,0.003,Z:\raw_data\C000000046\VIS-049_SW_data_04-September-2026_09-44-09\output\CombinedData_buffer3_iq.gif,PSAX,True,PSAX,False
C000000046,VIS-049_SW_data_04-September-2026_09-44-38,PSAX,0.996,1.0,Parasternal_Short,0.002,0.996,0.0,0.002,0.0,0.0,0.0,0.0,0.0,0.0,0.0,0.002,0.995,0.0,0.002,Z:\raw_data\C000000046\VIS-049_SW_data_04-September-2026_09-44-38\output\CombinedData_buffer3_iq.gif,PSAX,True,PSAX,False
C000000046,VIS-049_SW_data_04-September-2026_09-45-15,PSAX,0.987,1.0,Parasternal_Short,0.007,0.987,0.0,0.006,0.0,0.0,0.0,0.0,0.0,0.0,0.0,0.007,0.987,0.0,0.005,Z:\raw_data\C000000046\VIS-049_SW_data_04-September-2026_09-45-15\output\CombinedData_buffer3_iq.gif,PSAX,True,PSAX,False
C000000046,VIS-049_SW_data_04-September-2026_09-46-14,PSAX,0.993,1.0,Parasternal_Short,0.006,0.993,0.0,0.001,0.0,0.0,0.0,0.0,0.0,0.0,0.0,0.006,0.993,0.0,0.001,Z:\raw_data\C000000046\VIS-049_SW_data_04-September-2026_09-46-14\output\CombinedData_buffer3_iq.gif,PSAX,True,PSAX,False
C000000046,VIS-049_SW_data_04-September-2026_09-46-52,PSAX,0.981,1.0,Parasternal_Short,0.013,0.981,0.0,0.006,0.0,0.0,0.0,0.0,0.0,0.0,0.0,0.013,0.981,0.0,0.005,Z:\raw_data\C000000046\VIS-049_SW_data_04-September-2026_09-46-52\output\CombinedData_buffer3_iq.gif,PSAX,True,PSAX,False
C000000046,VIS-049_SW_data_04-September-2026_09-47-24,PSAX,0.955,1.0,Parasternal_Short,0.041,0.955,0.001,0.003,0.0,0.0,0.0,0.0,0.0,0.0,0.0,0.041,0.955,0.001,0.002,Z:\raw_data\C000000046\VIS-049_SW_data_04-September-2026_09-47-24\output\CombinedData_buffer3_iq.gif,PSAX,True,PSAX,False
C000000047,VIS-048_SW_data_04-September-2026_08-51-34,PLAX,0.994,1.0,Parasternal_Long,0.994,0.006,0.0,0.0,0.0,0.0,0.0,0.0,0.0,0.0,0.0,0.994,0.006,0.0,0.0,Z:\raw_data\C000000047\VIS-048_SW_data_04-September-2026_08-51-34\output\CombinedData_buffer3_iq.gif,PLAX,True,PLAX,False
C000000047,VIS-048_SW_data_04-September-2026_08-52-20,PLAX,0.997,1.0,Parasternal_Long,0.997,0.003,0.0,0.0,0.0,0.0,0.0,0.0,0.0,0.0,0.0,0.997,0.003,0.0,0.0,Z:\raw_data\C000000047\VIS-048_SW_data_04-September-2026_08-52-20\output\CombinedData_buffer3_iq.gif,PLAX,True,PLAX,False
C000000047,VIS-048_SW_data_04-September-2026_08-52-56,PLAX,0.992,1.0,Parasternal_Long,0.992,0.008,0.0,0.0,0.0,0.0,0.0,0.0,0.0,0.0,0.0,0.992,0.008,0.0,0.0,Z:\raw_data\C000000047\VIS-048_SW_data_04-September-2026_08-52-56\output\CombinedData_buffer3_iq.gif,PLAX,True,PLAX,False
C000000047,VIS-048_SW_data_04-September-2026_08-54-05,PLAX,0.97,1.0,Parasternal_Long,0.97,0.029,0.0,0.0,0.0,0.0,0.0,0.0,0.0,0.0,0.0,0.97,0.029,0.0,0.0,Z:\raw_data\C000000047\VIS-048_SW_data_04-September-2026_08-54-05\output\CombinedData_buffer3_iq.gif,PLAX,True,PLAX,False
C000000047,VIS-048_SW_data_04-September-2026_08-54-35,PLAX,0.914,1.0,Parasternal_Long,0.914,0.085,0.001,0.001,0.0,0.0,0.0,0.0,0.0,0.0,0.0,0.913,0.085,0.0,0.001,Z:\raw_data\C000000047\VIS-048_SW_data_04-September-2026_08-54-35\output\CombinedData_buffer3_iq.gif,PLAX,True,PLAX,False
C000000047,VIS-048_SW_data_04-September-2026_08-55-10,PLAX,0.978,1.0,Parasternal_Long,0.978,0.022,0.0,0.0,0.0,0.0,0.0,0.0,0.0,0.0,0.0,0.978,0.022,0.0,0.0,Z:\raw_data\C000000047\VIS-048_SW_data_04-September-2026_08-55-10\output\CombinedData_buffer3_iq.gif,PLAX,True,PLAX,False
C000000047,VIS-048_SW_data_04-September-2026_08-56-31,PSAX,0.995,1.0,Parasternal_Short,0.004,0.995,0.0,0.001,0.0,0.0,0.0,0.0,0.0,0.0,0.0,0.004,0.995,0.0,0.001,Z:\raw_data\C000000047\VIS-048_SW_data_04-September-2026_08-56-31\output\CombinedData_buffer3_iq.gif,PSAX,True,PSAX,False
C000000047,VIS-048_SW_data_04-September-2026_08-57-16,PSAX,0.991,1.0,Parasternal_Short,0.006,0.991,0.001,0.003,0.0,0.0,0.0,0.0,0.0,0.0,0.0,0.006,0.99,0.0,0.003,Z:\raw_data\C000000047\VIS-048_SW_data_04-September-2026_08-57-16\output\CombinedData_buffer3_iq.gif,PSAX,True,PSAX,False
C000000047,VIS-048_SW_data_04-September-2026_08-58-32,PSAX,0.996,1.0,Parasternal_Short,0.003,0.996,0.0,0.0,0.0,0.0,0.0,0.0,0.0,0.0,0.0,0.003,0.996,0.0,0.0,Z:\raw_data\C000000047\VIS-048_SW_data_04-September-2026_08-58-32\output\CombinedData_buffer3_iq.gif,PSAX,True,PSAX,False
C000000047,VIS-048_SW_data_04-September-2026_08-59-07,PSAX,0.996,1.0,Parasternal_Short,0.003,0.996,0.001,0.001,0.0,0.0,0.0,0.0,0.0,0.0,0.0,0.003,0.996,0.0,0.001,Z:\raw_data\C000000047\VIS-048_SW_data_04-September-2026_08-59-07\output\CombinedData_buffer3_iq.gif,PSAX,True,PSAX,False
C000000047,VIS-048_SW_data_04-September-2026_09-00-23,PSAX,0.995,1.0,Parasternal_Short,0.004,0.995,0.001,0.001,0.0,0.0,0.0,0.0,0.0,0.0,0.0,0.004,0.995,0.0,0.001,Z:\raw_data\C000000047\VIS-048_SW_data_04-September-2026_09-00-23\output\CombinedData_buffer3_iq.gif,PSAX,True,PSAX,False
C000000047,VIS-048_SW_data_04-September-2026_09-03-55,PSAX,0.989,1.0,Parasternal_Short,0.007,0.989,0.001,0.004,0.0,0.0,0.0,0.0,0.0,0.0,0.001,0.007,0.988,0.001,0.003,Z:\raw_data\C000000047\VIS-048_SW_data_04-September-2026_09-03-55\output\CombinedData_buffer3_iq.gif,PSAX,True,PSAX,False
C000000048,VIS-047_SW_data_28-August-2026_10-12-35,PLAX,0.954,1.0,Parasternal_Long,0.954,0.03,0.003,0.013,0.001,0.0,0.001,0.0,0.0,0.0,0.0,0.953,0.03,0.007,0.006,Z:\raw_data\C000000048\VIS-047_SW_data_28-August-2026_10-12-35\output\CombinedData_buffer3_iq.gif,PLAX,True,PLAX,False
C000000048,VIS-047_SW_data_28-August-2026_10-13-27,PLAX,0.981,1.0,Parasternal_Long,0.981,0.018,0.0,0.001,0.0,0.0,0.0,0.0,0.0,0.0,0.0,0.981,0.018,0.001,0.0,Z:\raw_data\C000000048\VIS-047_SW_data_28-August-2026_10-13-27\output\CombinedData_buffer3_iq.gif,PLAX,True,PLAX,False
C000000048,VIS-047_SW_data_28-August-2026_10-14-15,PLAX,0.952,1.0,Parasternal_Long,0.952,0.044,0.001,0.003,0.0,0.0,0.0,0.0,0.0,0.0,0.0,0.952,0.044,0.002,0.001,Z:\raw_data\C000000048\VIS-047_SW_data_28-August-2026_10-14-15\output\CombinedData_buffer3_iq.gif,PLAX,True,PLAX,False
C000000048,VIS-047_SW_data_28-August-2026_10-14-52,PLAX,0.988,1.0,Parasternal_Long,0.988,0.01,0.001,0.002,0.0,0.0,0.0,0.0,0.0,0.0,0.0,0.988,0.01,0.001,0.0,Z:\raw_data\C000000048\VIS-047_SW_data_28-August-2026_10-14-52\output\CombinedData_buffer3_iq.gif,PLAX,True,PLAX,False
C000000048,VIS-047_SW_data_28-August-2026_10-15-37,PLAX,0.991,1.0,Parasternal_Long,0.991,0.008,0.0,0.0,0.0,0.0,0.0,0.0,0.0,0.0,0.0,0.991,0.008,0.0,0.0,Z:\raw_data\C000000048\VIS-047_SW_data_28-August-2026_10-15-37\output\CombinedData_buffer3_iq.gif,PLAX,True,PLAX,False
C000000048,VIS-047_SW_data_28-August-2026_10-16-16,PLAX,0.991,1.0,Parasternal_Long,0.991,0.008,0.0,0.001,0.0,0.0,0.0,0.0,0.0,0.0,0.0,0.991,0.008,0.0,0.0,Z:\raw_data\C000000048\VIS-047_SW_data_28-August-2026_10-16-16\output\CombinedData_buffer3_iq.gif,PLAX,True,PLAX,False
C000000048,VIS-047_SW_data_28-August-2026_10-17-13,PLAX,0.982,1.0,Parasternal_Long,0.982,0.016,0.0,0.001,0.0,0.0,0.0,0.0,0.0,0.0,0.0,0.982,0.016,0.001,0.0,Z:\raw_data\C000000048\VIS-047_SW_data_28-August-2026_10-17-13\output\CombinedData_buffer3_iq.gif,PLAX,True,PLAX,False
C000000048,VIS-047_SW_data_28-August-2026_10-18-16,PSAX,0.995,1.0,Parasternal_Short,0.003,0.995,0.001,0.001,0.0,0.0,0.001,0.0,0.0,0.0,0.001,0.003,0.994,0.0,0.001,Z:\raw_data\C000000048\VIS-047_SW_data_28-August-2026_10-18-16\output\CombinedData_buffer3_iq.gif,PSAX,True,PSAX,False
C000000048,VIS-047_SW_data_28-August-2026_10-19-24,PSAX,0.975,1.0,Parasternal_Short,0.018,0.975,0.001,0.006,0.001,0.0,0.001,0.0,0.0,0.0,0.001,0.018,0.974,0.001,0.005,Z:\raw_data\C000000048\VIS-047_SW_data_28-August-2026_10-19-24\output\CombinedData_buffer3_iq.gif,PSAX,True,PSAX,False
C000000048,VIS-047_SW_data_28-August-2026_10-20-08,PSAX,0.99,1.0,Parasternal_Short,0.006,0.99,0.001,0.003,0.0,0.0,0.001,0.0,0.0,0.0,0.001,0.006,0.989,0.0,0.003,Z:\raw_data\C000000048\VIS-047_SW_data_28-August-2026_10-20-08\output\CombinedData_buffer3_iq.gif,PSAX,True,PSAX,False
C000000048,VIS-047_SW_data_28-August-2026_10-21-12,PSAX,0.995,1.0,Parasternal_Short,0.002,0.995,0.002,0.001,0.001,0.0,0.001,0.0,0.0,0.0,0.001,0.002,0.995,0.0,0.001,Z:\raw_data\C000000048\VIS-047_SW_data_28-August-2026_10-21-12\output\CombinedData_buffer3_iq.gif,PSAX,True,PSAX,False
C000000048,VIS-047_SW_data_28-August-2026_10-21-52,PSAX,0.996,1.0,Parasternal_Short,0.002,0.996,0.001,0.0,0.0,0.0,0.001,0.0,0.0,0.0,0.0,0.002,0.996,0.0,0.0,Z:\raw_data\C000000048\VIS-047_SW_data_28-August-2026_10-21-52\output\CombinedData_buffer3_iq.gif,PSAX,True,PSAX,False
C000000048,VIS-047_SW_data_28-August-2026_10-22-40,PSAX,0.994,1.0,Parasternal_Short,0.004,0.994,0.002,0.001,0.001,0.0,0.001,0.0,0.0,0.0,0.0,0.004,0.994,0.0,0.001,Z:\raw_data\C000000048\VIS-047_SW_data_28-August-2026_10-22-40\output\CombinedData_buffer3_iq.gif,PSAX,True,PSAX,False
C000000048,VIS-047_SW_data_28-August-2026_10-23-18,PSAX,0.993,1.0,Parasternal_Short,0.004,0.993,0.003,0.001,0.001,0.0,0.002,0.0,0.0,0.0,0.0,0.004,0.992,0.0,0.0,Z:\raw_data\C000000048\VIS-047_SW_data_28-August-2026_10-23-18\output\CombinedData_buffer3_iq.gif,PSAX,True,PSAX,False
C000000048,VIS-047_SW_data_28-August-2026_10-23-48,PSAX,0.992,1.0,Parasternal_Short,0.006,0.992,0.001,0.002,0.0,0.0,0.0,0.0,0.0,0.0,0.001,0.006,0.992,0.001,0.001,Z:\raw_data\C000000048\VIS-047_SW_data_28-August-2026_10-23-48\output\CombinedData_buffer3_iq.gif,PSAX,True,PSAX,False
C000000048,VIS-047_SW_data_28-August-2026_10-24-44,PSAX,0.978,1.0,Parasternal_Short,0.013,0.978,0.002,0.007,0.001,0.0,0.001,0.0,0.0,0.0,0.001,0.013,0.977,0.002,0.004,Z:\raw_data\C000000048\VIS-047_SW_data_28-August-2026_10-24-44\output\CombinedData_buffer3_iq.gif,PSAX,True,PSAX,False
C000000048,VIS-047_SW_data_28-August-2026_10-25-21,PSAX,0.874,1.0,Parasternal_Short,0.117,0.874,0.002,0.007,0.0,0.0,0.001,0.0,0.0,0.0,0.001,0.117,0.873,0.003,0.004,Z:\raw_data\C000000048\VIS-047_SW_data_28-August-2026_10-25-21\output\CombinedData_buffer3_iq.gif,PSAX,True,PSAX,False
C000000049,VIS-046_SW_data_28-August-2026_08-46-35,PLAX,0.985,1.0,Parasternal_Long,0.985,0.013,0.0,0.001,0.0,0.0,0.0,0.0,0.0,0.0,0.0,0.985,0.013,0.001,0.001,Z:\raw_data\C000000049\VIS-046_SW_data_28-August-2026_08-46-35\output\CombinedData_buffer3_iq.gif,PLAX,True,PLAX,False
C000000049,VIS-046_SW_data_28-August-2026_08-47-17,PLAX,0.969,1.0,Parasternal_Long,0.969,0.028,0.001,0.002,0.0,0.0,0.0,0.0,0.0,0.0,0.0,0.969,0.028,0.001,0.001,Z:\raw_data\C000000049\VIS-046_SW_data_28-August-2026_08-47-17\output\CombinedData_buffer3_iq.gif,PLAX,True,PLAX,False
C000000049,VIS-046_SW_data_28-August-2026_08-48-05,PLAX,0.976,1.0,Parasternal_Long,0.976,0.022,0.001,0.002,0.0,0.0,0.0,0.0,0.0,0.0,0.0,0.976,0.022,0.001,0.001,Z:\raw_data\C000000049\VIS-046_SW_data_28-August-2026_08-48-05\output\CombinedData_buffer3_iq.gif,PLAX,True,PLAX,False
C000000049,VIS-046_SW_data_28-August-2026_08-48-41,PLAX,0.988,1.0,Parasternal_Long,0.988,0.011,0.0,0.001,0.0,0.0,0.0,0.0,0.0,0.0,0.0,0.988,0.011,0.0,0.001,Z:\raw_data\C000000049\VIS-046_SW_data_28-August-2026_08-48-41\output\CombinedData_buffer3_iq.gif,PLAX,True,PLAX,False
C000000049,VIS-046_SW_data_28-August-2026_08-49-26,PLAX,0.999,1.0,Parasternal_Long,0.999,0.001,0.0,0.0,0.0,0.0,0.0,0.0,0.0,0.0,0.0,0.999,0.001,0.0,0.0,Z:\raw_data\C000000049\VIS-046_SW_data_28-August-2026_08-49-26\output\CombinedData_buffer3_iq.gif,PLAX,True,PLAX,False
C000000049,VIS-046_SW_data_28-August-2026_08-49-57,PLAX,0.999,1.0,Parasternal_Long,0.999,0.001,0.0,0.0,0.0,0.0,0.0,0.0,0.0,0.0,0.0,0.999,0.001,0.0,0.0,Z:\raw_data\C000000049\VIS-046_SW_data_28-August-2026_08-49-57\output\CombinedData_buffer3_iq.gif,PLAX,True,PLAX,False
C000000049,VIS-046_SW_data_28-August-2026_08-51-53,PSAX,0.961,1.0,Parasternal_Short,0.032,0.961,0.001,0.007,0.0,0.0,0.0,0.0,0.0,0.0,0.0,0.032,0.96,0.006,0.0,Z:\raw_data\C000000049\VIS-046_SW_data_28-August-2026_08-51-53\output\CombinedData_buffer3_iq.gif,PSAX,True,PSAX,False
C000000049,VIS-046_SW_data_28-August-2026_08-52-49,PSAX,0.968,1.0,Parasternal_Short,0.028,0.968,0.0,0.003,0.0,0.0,0.0,0.0,0.0,0.0,0.0,0.028,0.968,0.002,0.001,Z:\raw_data\C000000049\VIS-046_SW_data_28-August-2026_08-52-49\output\CombinedData_buffer3_iq.gif,PSAX,True,PSAX,False
C000000049,VIS-046_SW_data_28-August-2026_08-53-39,PSAX,0.963,1.0,Parasternal_Short,0.032,0.963,0.0,0.004,0.0,0.0,0.0,0.0,0.0,0.0,0.0,0.032,0.963,0.003,0.001,Z:\raw_data\C000000049\VIS-046_SW_data_28-August-2026_08-53-39\output\CombinedData_buffer3_iq.gif,PSAX,True,PSAX,False
C000000049,VIS-046_SW_data_28-August-2026_08-54-13,PSAX,0.974,1.0,Parasternal_Short,0.022,0.974,0.0,0.004,0.0,0.0,0.0,0.0,0.0,0.0,0.0,0.022,0.973,0.002,0.001,Z:\raw_data\C000000049\VIS-046_SW_data_28-August-2026_08-54-13\output\CombinedData_buffer3_iq.gif,PSAX,True,PSAX,False
C000000049,VIS-046_SW_data_28-August-2026_08-55-37,PSAX,0.762,0.906,Parasternal_Short,0.152,0.762,0.002,0.083,0.001,0.0,0.001,0.0,0.0,0.0,0.0,0.152,0.762,0.079,0.005,Z:\raw_data\C000000049\VIS-046_SW_data_28-August-2026_08-55-37\output\CombinedData_buffer3_iq.gif,PSAX,False,PSAX,True
C000000049,VIS-046_SW_data_28-August-2026_08-56-11,PSAX,0.877,1.0,Parasternal_Short,0.085,0.877,0.001,0.037,0.001,0.0,0.001,0.0,0.0,0.0,0.0,0.085,0.876,0.032,0.005,Z:\raw_data\C000000049\VIS-046_SW_data_28-August-2026_08-56-11\output\CombinedData_buffer3_iq.gif,PSAX,True,PSAX,False
C000000049,VIS-046_SW_data_28-August-2026_08-56-44,PSAX,0.922,1.0,Parasternal_Short,0.065,0.922,0.001,0.012,0.0,0.0,0.0,0.0,0.0,0.0,0.0,0.065,0.922,0.007,0.005,Z:\raw_data\C000000049\VIS-046_SW_data_28-August-2026_08-56-44\output\CombinedData_buffer3_iq.gif,PSAX,True,PSAX,False
C000000049,VIS-046_SW_data_28-August-2026_08-57-27,PSAX,0.831,0.938,Parasternal_Short,0.125,0.831,0.002,0.042,0.001,0.0,0.001,0.0,0.0,0.0,0.0,0.125,0.831,0.032,0.01,Z:\raw_data\C000000049\VIS-046_SW_data_28-August-2026_08-57-27\output\CombinedData_buffer3_iq.gif,PSAX,True,PSAX,False
C000000049,VIS-046_SW_data_28-August-2026_08-58-00,PSAX,0.917,1.0,Parasternal_Short,0.075,0.917,0.001,0.008,0.0,0.0,0.0,0.0,0.0,0.0,0.0,0.075,0.916,0.005,0.003,Z:\raw_data\C000000049\VIS-046_SW_data_28-August-2026_08-58-00\output\CombinedData_buffer3_iq.gif,PSAX,True,PSAX,False
