subject,folder,p_plax,p_psax,p_apical,p_other,ep_logodds,ep,clu_f,clu_f_margin,clu_v,clu_v_margin,p_self_plax,self,n_plax_votes,consensus,review_reason
C000000001,SWE_01_SW_data_21-April-2026_12-12-54,0.99705905,0.002472505,4.2509324e-05,0.00042599966,5.9600306,PLAX,PLAX,1.933027982711792,PLAX,0.9720751047134399,0.9995941519737244,PLAX,4,PLAX,
C000000001,SWE_01_SW_data_21-April-2026_12-14-11,0.9977841,0.0017693012,3.1966385e-05,0.00041449576,6.2800727,PLAX,PLAX,1.8980145454406738,PLAX,1.552061676979065,0.9994792342185974,PLAX,4,PLAX,
C000000001,SWE_01_SW_data_21-April-2026_12-14-53,0.9981338,0.0014131134,3.6628455e-05,0.0004164666,6.4918184,PLAX,PLAX,1.9243042469024658,PLAX,1.4088070392608643,0.9997081160545349,PLAX,4,PLAX,
C000000001,SWE_01_SW_data_21-April-2026_12-15-49,0.9946089,0.004980191,4.1731775e-05,0.0003691858,5.277101,PLAX,PLAX,1.8479840755462646,PLAX,1.3524234294891357,0.9996384382247925,PLAX,4,PLAX,
C000000001,SWE_01_SW_data_21-April-2026_12-16-46,0.9944835,0.005124563,6.428372e-05,0.00032773596,5.248953,PLAX,PLAX,1.8093725442886353,PLAX,1.3982014656066895,0.9989602565765381,PLAX,4,PLAX,
C000000001,SWE_01_SW_data_21-April-2026_12-17-37,0.9982014,0.0016056785,2.6279084e-05,0.00016658269,6.3720922,PLAX,PLAX,1.9317269325256348,PLAX,1.598116397857666,0.9996577501296997,PLAX,4,PLAX,
C000000001,SWE_01_SW_data_21-April-2026_12-18-31,0.00015507707,0.9997206,0.00011125377,1.3264607e-05,-8.273766,PSAX,PSAX,1.3072394132614136,PSAX,0.2734484374523163,0.00023603631416335702,PSAX,0,PSAX,
C000000001,SWE_01_SW_data_21-April-2026_12-19-03,0.00097485486,0.99881405,0.000102041806,0.000109152475,-6.834483,PSAX,PSAX,1.5473506450653076,PSAX,0.840806245803833,7.75576991145499e-05,PSAX,0,PSAX,
C000000001,SWE_01_SW_data_21-April-2026_12-19-36,0.00025834327,0.9995607,0.0001728651,8.288319e-06,-7.9336796,PSAX,PSAX,1.4816697835922241,PSAX,1.1044816970825195,0.00015851737407501787,PSAX,0,PSAX,
C000000001,SWE_01_SW_data_21-April-2026_12-20-24,0.0014664818,0.9984138,8.717658e-05,3.2655436e-05,-6.457436,PSAX,PSAX,1.5499732494354248,PSAX,1.4421143531799316,9.283273539040238e-05,PSAX,0,PSAX,
C000000001,SWE_01_SW_data_21-April-2026_12-21-32,0.0044220723,0.9952893,0.00020118259,8.724328e-05,-5.3941636,PSAX,PSAX,1.4818243980407715,PSAX,0.9212789535522461,6.946126814000309e-05,PSAX,0,PSAX,
C000000001,SWE_01_SW_data_21-April-2026_12-22-36,0.012876634,0.9857143,0.0010744769,0.00033444026,-4.3303175,PSAX,PSAX,1.2628320455551147,PSAX,1.4060237407684326,0.00010674649092834443,PSAX,0,PSAX,
C000000001,SWE_01_SW_data_21-April-2026_12-23-44,0.004014392,0.99570894,0.00023654723,4.0149156e-05,-5.489064,PSAX,PSAX,1.7309086322784424,PSAX,1.253588080406189,0.00030072301160544157,PSAX,0,PSAX,
C000000001,SWE_01_SW_data_21-April-2026_12-24-24,0.004028375,0.99557316,0.0002142236,0.00018425382,-5.485535,PSAX,PSAX,1.4377357959747314,PSAX,0.775198221206665,0.00013852222764398903,PSAX,0,PSAX,
C000000002,SWE02_SW_data_28-April-2026_10-09-45,0.6506644,0.34664702,0.0007259242,0.0019627113,0.6295522,PLAX,PSAX,0.1166236624121666,PLAX,1.1217052936553955,0.9083039164543152,PLAX,3,review,split vote
C000000002,SWE02_SW_data_28-April-2026_10-11-53,0.9976066,0.0020672963,1.6744294e-05,0.00030954523,6.131979,PLAX,PLAX,1.7213495969772339,PLAX,1.2359278202056885,0.9999525547027588,PLAX,4,PLAX,
C000000002,SWE02_SW_data_28-April-2026_10-12-32,0.9965707,0.0030235914,5.3818905e-05,0.00035192553,5.7654366,PLAX,PLAX,1.7723990678787231,PLAX,1.371380090713501,0.9998911619186401,PLAX,4,PLAX,
C000000002,SWE02_SW_data_28-April-2026_10-13-12,0.9936951,0.005715141,9.107659e-05,0.00049888133,5.141066,PLAX,PLAX,1.8461309671401978,PLAX,1.0560801029205322,0.999685525894165,PLAX,4,PLAX,
C000000002,SWE02_SW_data_28-April-2026_10-13-45,0.9651234,0.033932768,0.00022924927,0.00071453507,3.3450358,PLAX,PLAX,1.7268043756484985,PLAX,1.5355710983276367,0.9989895224571228,PLAX,4,PLAX,
C000000002,SWE02_SW_data_28-April-2026_10-14-30,0.97255635,0.026548456,0.000105848805,0.0007893568,3.5972996,PLAX,PLAX,1.883976936340332,PLAX,1.5270912647247314,0.9993447661399841,PLAX,4,PLAX,
C000000002,SWE02_SW_data_28-April-2026_10-16-34,0.005878799,0.9938883,0.00010122416,0.00013164105,-5.113506,PSAX,PSAX,0.9732280969619751,PSAX,0.6686412692070007,0.0001817063457565382,PSAX,0,PSAX,
C000000002,SWE02_SW_data_28-April-2026_10-17-52,0.03237882,0.96690273,0.00012697432,0.00059156585,-3.3936133,PSAX,PSAX,0.7823063731193542,PSAX,0.799924910068512,0.0011306366650387645,PSAX,0,PSAX,
C000000002,SWE02_SW_data_28-April-2026_10-18-32,0.0017968431,0.9980354,0.00012459102,4.3286116e-05,-6.265698,PSAX,PSAX,0.9320189952850342,PSAX,0.3545803129673004,0.00025674537755548954,PSAX,0,PSAX,
C000000002,SWE02_SW_data_28-April-2026_10-19-37,0.005402625,0.9942094,0.00014964613,0.00023836557,-5.196823,PSAX,PSAX,1.0399996042251587,PSAX,0.8053165674209595,0.0002051277260761708,PSAX,0,PSAX,
C000000002,SWE02_SW_data_28-April-2026_10-20-20,0.013195184,0.98558486,0.00031624228,0.0009036959,-4.305935,PSAX,PSAX,1.4618432521820068,PSAX,0.5815460681915283,0.0005011477624066174,PSAX,0,PSAX,
C000000002,SWE02_SW_data_28-April-2026_10-21-04,0.0046759504,0.9948412,0.00024085511,0.00024205851,-5.339091,PSAX,PSAX,1.128116488456726,PSAX,1.231884241104126,0.0001408672396792099,PSAX,0,PSAX,
C000000002,SWE02_SW_data_28-April-2026_10-22-19,0.21381831,0.776437,0.0015531126,0.008191611,-1.28925,PSAX,PSAX,1.201826810836792,PSAX,1.0393303632736206,0.0004991618916392326,PSAX,0,PSAX,
C000000002,SWE02_SW_data_28-April-2026_10-23-21,0.19498445,0.79784644,0.0017478204,0.0054213377,-1.4086089,PSAX,PSAX,1.288351058959961,PSAX,1.306812047958374,0.0005008227890357375,PSAX,0,PSAX,
C000000002,SWE02_SW_data_28-April-2026_10-24-12,0.1633327,0.8274191,0.0022246803,0.007023548,-1.6220309,PSAX,PSAX,1.2336382865905762,PSAX,1.278426170349121,0.001195562188513577,PSAX,0,PSAX,
C000000003,VIS_03_SW_data_16-June-2026_10-09-42,0.98422927,0.009709411,0.00044905013,0.005612322,4.6086183,PLAX,PLAX,1.9069561958312988,PLAX,1.785213589668274,0.9997542500495911,PLAX,4,PLAX,
C000000003,VIS_03_SW_data_16-June-2026_10-10-39,0.8871763,0.088249095,0.0029051106,0.021669518,2.3068604,PLAX,PLAX,1.3846102952957153,PLAX,1.1295315027236938,0.9960241317749023,PLAX,4,PLAX,
C000000003,VIS_03_SW_data_16-June-2026_10-12-10,0.976697,0.019504752,0.0005775355,0.0032206906,3.9085069,PLAX,PLAX,1.874511480331421,PLAX,1.7421417236328125,0.9995620846748352,PLAX,4,PLAX,
C000000003,VIS_03_SW_data_16-June-2026_10-13-59,0.96968806,0.011680836,0.00053032005,0.018100904,4.4106035,PLAX,PLAX,1.8494579792022705,PLAX,1.497959852218628,0.9985707998275757,PLAX,4,PLAX,
C000000003,VIS_03_SW_data_16-June-2026_10-14-33,0.8947483,0.03555014,0.0013707371,0.06833072,3.222901,PLAX,PLAX,1.843434453010559,PLAX,1.8122856616973877,0.993283748626709,PLAX,4,PLAX,
C000000003,VIS_03_SW_data_16-June-2026_10-15-05,0.90769655,0.02874188,0.0010382071,0.06252339,3.4491918,PLAX,PLAX,1.859736680984497,PLAX,1.888683795928955,0.9963280558586121,PLAX,4,PLAX,
C000000003,VIS_03_SW_data_16-June-2026_10-16-31,0.19682136,0.7350948,0.037768926,0.030314926,-1.3173311,PSAX,PSAX,1.7905008792877197,PSAX,1.1875088214874268,0.0002445986610837281,PSAX,0,PSAX,
C000000003,VIS_03_SW_data_16-June-2026_10-17-36,0.32874006,0.563617,0.022818748,0.08482424,-0.5389809,PSAX,PSAX,1.0233433246612549,PSAX,0.2965741753578186,0.01774965412914753,PSAX,0,PSAX,
C000000003,VIS_03_SW_data_16-June-2026_10-18-12,0.45264202,0.494974,0.025699174,0.026684718,-0.089384735,PSAX,PSAX,1.5184516906738281,PSAX,0.6424276828765869,0.049496736377477646,PSAX,0,PSAX,
C000000003,VIS_03_SW_data_16-June-2026_10-18-58,0.50117165,0.40007794,0.073067054,0.025683317,0.22523892,PLAX,PSAX,1.6065547466278076,PSAX,1.695075511932373,0.008893994614481926,PSAX,1,review,split vote
C000000003,VIS_03_SW_data_16-June-2026_10-19-41,0.48038167,0.4520002,0.027457856,0.040160276,0.06088525,PLAX,PSAX,1.523259162902832,PSAX,1.0272910594940186,0.014526374638080597,PSAX,1,review,split vote
C000000003,VIS_03_SW_data_16-June-2026_10-20-18,0.13131998,0.8345434,0.016180772,0.017955733,-1.8486065,PSAX,PSAX,1.6119053363800049,PSAX,1.5912611484527588,0.00022856530267745256,PSAX,0,PSAX,
C000000003,VIS_03_SW_data_16-June-2026_10-21-54,0.120986685,0.80208355,0.0069480133,0.069981724,-1.8908306,PSAX,PSAX,1.1457483768463135,PSAX,1.53851318359375,6.332610792014748e-05,PSAX,0,PSAX,
C000000003,VIS_03_SW_data_16-June-2026_10-23-03,0.071684636,0.9141603,0.0038013502,0.010353703,-2.5444448,PSAX,PSAX,0.4515949487686157,PSAX,1.3358392715454102,2.675037285371218e-05,PSAX,0,PSAX,
C000000003,VIS_03_SW_data_16-June-2026_10-23-36,0.056426197,0.9225099,0.0060163247,0.01504759,-2.7925024,PSAX,PSAX,0.6006462574005127,PSAX,1.4843201637268066,6.134508112154435e-06,PSAX,0,PSAX,
C000000004,VIS_4_SW_data_16-June-2026_10-58-59,0.47669217,0.52155024,0.0010568898,0.00070071185,-0.089916706,PSAX,PLAX,1.5296399593353271,PLAX,1.2376446723937988,0.9469314217567444,PLAX,3,review,split vote
C000000004,VIS_4_SW_data_16-June-2026_11-00-06,0.8666085,0.13090697,0.0005837389,0.0019008124,1.8894522,PLAX,PLAX,1.7060766220092773,PLAX,1.874619960784912,0.9996708631515503,PLAX,4,PLAX,
C000000004,VIS_4_SW_data_16-June-2026_11-00-39,0.57817405,0.418592,0.00093737093,0.0022965898,0.3229124,PLAX,PLAX,1.5972046852111816,PLAX,1.161720871925354,0.9834737181663513,PLAX,4,PLAX,
C000000004,VIS_4_SW_data_16-June-2026_11-01-20,0.8000322,0.19716568,0.0009363955,0.001865845,1.4002255,PLAX,PLAX,1.6538668870925903,PLAX,1.3993089199066162,0.9973046779632568,PLAX,4,PLAX,
C000000004,VIS_4_SW_data_16-June-2026_11-01-48,0.822379,0.17580171,0.0005567688,0.0012624746,1.5423976,PLAX,PLAX,1.744740605354309,PLAX,1.6238768100738525,0.9993587136268616,PLAX,4,PLAX,
C000000004,VIS_4_SW_data_16-June-2026_11-02-20,0.77158403,0.22671768,0.0007124582,0.0009858889,1.2244287,PLAX,PLAX,1.7593343257904053,PLAX,1.6485320329666138,0.9973680377006531,PLAX,4,PLAX,
C000000004,VIS_4_SW_data_16-June-2026_11-03-50,0.0041986494,0.9940042,0.0005148496,0.0012822615,-5.443541,PSAX,PSAX,0.0745120495557785,PLAX,0.6311907172203064,0.007386253215372562,PSAX,1,review,split vote
C000000004,VIS_4_SW_data_16-June-2026_11-04-18,0.022049503,0.9662896,0.0017959184,0.009865011,-3.775752,PSAX,PSAX,0.9703773260116577,PSAX,1.2002978324890137,0.0011360807111486793,PSAX,0,PSAX,
C000000004,VIS_4_SW_data_16-June-2026_11-04-50,0.0063945013,0.9887241,0.0014880408,0.0033933748,-5.025561,PSAX,PSAX,0.732673168182373,PSAX,0.7980760931968689,0.00037280487595126033,PSAX,0,PSAX,
C000000004,VIS_4_SW_data_16-June-2026_11-05-52,0.015304091,0.97273785,0.0023313179,0.009626784,-4.145584,PSAX,PSAX,1.4378256797790527,PSAX,1.3166632652282715,0.0003216128097847104,PSAX,0,PSAX,
C000000004,VIS_4_SW_data_16-June-2026_11-06-25,0.021096999,0.96609926,0.0028167937,0.009986798,-3.8195105,PSAX,PSAX,1.5423548221588135,PSAX,1.6417872905731201,0.0002687714877538383,PSAX,0,PSAX,
C000000004,VIS_4_SW_data_16-June-2026_11-07-32,0.12913358,0.8274463,0.006049334,0.037370674,-1.8568435,PSAX,PSAX,1.2922661304473877,PSAX,1.6743830442428589,0.0010002532508224249,PSAX,0,PSAX,
C000000004,VIS_4_SW_data_16-June-2026_11-08-03,0.07470213,0.87397,0.01030423,0.041023627,-2.458314,PSAX,PSAX,1.320630669593811,PSAX,1.772782802581787,8.592351514380425e-05,PSAX,0,PSAX,
C000000004,VIS_4_SW_data_16-June-2026_11-08-35,0.3436642,0.571796,0.042478964,0.042060845,-0.50900126,PSAX,PSAX,0.8222212791442871,PSAX,1.5727119445800781,0.0010222416603937745,PSAX,0,PSAX,
C000000005,VIS-005_SW_data_19-June-2026_09-12-20,0.94183534,0.056568235,0.00059029536,0.0010060534,2.8107228,PLAX,PLAX,1.1706360578536987,PSAX,1.3798409700393677,0.9997714161872864,PLAX,3,review,split vote
C000000005,VIS-005_SW_data_19-June-2026_09-12-54,0.9140416,0.08266319,0.00071311736,0.0025820753,2.4020019,PLAX,PLAX,1.2551409006118774,PSAX,1.4839025735855103,0.9994040727615356,PLAX,3,review,split vote
C000000005,VIS-005_SW_data_19-June-2026_09-14-24,0.76939106,0.22006522,0.0045451284,0.0059985057,1.251351,PLAX,PLAX,1.4141566753387451,PSAX,0.3212825655937195,0.9694836735725403,PLAX,3,review,split vote
C000000005,VIS-005_SW_data_19-June-2026_09-15-51,0.5082312,0.47923934,0.00257514,0.00995435,0.058724523,PLAX,PLAX,0.8907046914100647,PSAX,1.1975526809692383,0.9162532091140747,PLAX,3,review,split vote
C000000005,VIS-005_SW_data_19-June-2026_09-16-29,0.52551985,0.45430014,0.0022130795,0.017966975,0.14560014,PLAX,PLAX,0.03146818280220032,PSAX,0.9827454686164856,0.9229246377944946,PLAX,3,review,split vote
C000000005,VIS-005_SW_data_19-June-2026_09-17-03,0.8250503,0.16680859,0.002852336,0.005288776,1.5981193,PLAX,PLAX,1.6408612728118896,PSAX,0.6457598209381104,0.9950609803199768,PLAX,3,review,split vote
C000000005,VIS-005_SW_data_19-June-2026_09-18-05,0.0075381305,0.9914981,0.00012757009,0.00083622354,-4.866165,PSAX,PSAX,1.5252509117126465,PSAX,0.8623656630516052,0.0026689539663493633,PSAX,0,PSAX,
C000000005,VIS-005_SW_data_19-June-2026_09-18-42,0.0039142496,0.99564284,9.079274e-05,0.0003521345,-5.5136385,PSAX,PSAX,1.5153168439865112,PSAX,1.5174314975738525,0.009225953370332718,PSAX,0,PSAX,
C000000005,VIS-005_SW_data_19-June-2026_09-19-21,0.0035426605,0.99603444,8.551085e-05,0.00033733313,-5.611168,PSAX,PSAX,1.5042954683303833,PSAX,1.1133208274841309,0.0038620391860604286,PSAX,0,PSAX,
C000000005,VIS-005_SW_data_19-June-2026_09-20-29,0.010293804,0.9874134,0.00046848,0.0018243843,-4.5539804,PSAX,PSAX,1.746298909187317,PSAX,0.43136897683143616,0.002374881412833929,PSAX,0,PSAX,
C000000005,VIS-005_SW_data_19-June-2026_09-21-07,0.02635502,0.9623611,0.0017782294,0.009505647,-3.5940478,PSAX,PSAX,1.2460474967956543,PSAX,0.3371850550174713,0.0013824839843437076,PSAX,0,PSAX,
C000000005,VIS-005_SW_data_19-June-2026_09-27-12,0.4590145,0.39529902,0.11079675,0.034889784,0.14940423,PLAX,PLAX,1.0944600105285645,PLAX,1.3741651773452759,0.021598074585199356,PSAX,3,review,split vote
C000000005,VIS-005_SW_data_19-June-2026_09-27-41,0.07890182,0.912687,0.0018508767,0.0065602725,-2.4470315,PSAX,PSAX,1.1308928728103638,PLAX,1.3192936182022095,0.004960540682077408,PSAX,1,review,split vote
C000000005,VIS-005_SW_data_19-June-2026_09-28-50,0.062257666,0.9288354,0.0016889747,0.007217926,-2.7011526,PSAX,PSAX,0.696942925453186,PLAX,1.4756362438201904,0.0017614931566640735,PSAX,1,review,split vote
C000000005,VIS-005_SW_data_19-June-2026_09-29-28,0.013102945,0.9812765,0.0016896903,0.0039308406,-4.308516,PSAX,PSAX,1.143956184387207,PLAX,1.2610459327697754,0.00045571691589429975,PSAX,1,review,split vote
C000000005,VIS-005_SW_data_19-June-2026_09-30-03,0.123816185,0.8473541,0.0074035623,0.02142605,-1.9226313,PSAX,PLAX,0.6485708951950073,PLAX,1.6877238750457764,0.0007367405341938138,PSAX,2,review,split vote
C000000007,VIS-007_SW_data_30-June-2026_11-45-50,0.79081005,0.19869366,0.0030813338,0.007414828,1.3809168,PLAX,PLAX,1.6180795431137085,PLAX,0.8516120910644531,0.9530112743377686,PLAX,4,PLAX,
C000000007,VIS-007_SW_data_30-June-2026_11-47-50,0.535205,0.44871426,0.005869477,0.010211341,0.17622763,PLAX,PLAX,1.2154418230056763,PSAX,0.25956931710243225,0.03369844704866409,PSAX,2,review,split vote
C000000007,VIS-007_SW_data_30-June-2026_11-49-10,0.87520367,0.032125983,0.008398972,0.08427136,3.3017976,PLAX,PLAX,1.4174275398254395,PLAX,1.0389758348464966,0.9839845299720764,PLAX,4,PLAX,
C000000007,VIS-007_SW_data_30-June-2026_11-50-12,0.99178624,0.005113092,0.00018564642,0.0029150157,5.2484355,PLAX,PSAX,1.0392556190490723,PLAX,1.191953420639038,0.9998981952667236,PLAX,3,review,split vote
C000000007,VIS-007_SW_data_30-June-2026_11-50-55,0.8514646,0.14606722,0.00079990097,0.0016681417,1.7623242,PLAX,PLAX,0.961137056350708,PLAX,0.8339648842811584,0.9974170923233032,PLAX,4,PLAX,
C000000007,VIS-007_SW_data_30-June-2026_11-51-26,0.9937983,0.004487832,0.00017052947,0.0015431251,5.3782277,PLAX,PSAX,1.1099896430969238,PLAX,1.2944138050079346,0.9997269511222839,PLAX,3,review,split vote
C000000007,VIS-007_SW_data_30-June-2026_11-53-29,0.29536438,0.65663457,0.0057888823,0.042212047,-0.7987317,PSAX,PLAX,1.2788722515106201,PLAX,0.8465054035186768,0.019847379997372627,PSAX,2,review,split vote
C000000007,VIS-007_SW_data_30-June-2026_11-54-10,0.08066893,0.9083408,0.003298713,0.0076915394,-2.4201374,PSAX,PLAX,1.2328157424926758,PLAX,0.7618459463119507,0.004050529096275568,PSAX,2,review,split vote
C000000007,VIS-007_SW_data_30-June-2026_11-57-47,0.024000404,0.97413373,0.0009754436,0.00089046184,-3.6994226,PSAX,PSAX,1.6219937801361084,PSAX,1.0704281330108643,0.0001660001726122573,PSAX,0,PSAX,
C000000007,VIS-007_SW_data_30-June-2026_11-58-24,0.015019208,0.9826527,0.00061832427,0.0017097312,-4.1743913,PSAX,PSAX,1.5678164958953857,PSAX,1.357184648513794,0.00014646969793830067,PSAX,0,PSAX,
C000000007,VIS-007_SW_data_30-June-2026_11-58-59,0.012392577,0.9860594,0.00024020436,0.0013079349,-4.368684,PSAX,PSAX,1.6754863262176514,PSAX,1.0395194292068481,0.00035586717422120273,PSAX,0,PSAX,
C000000007,VIS-007_SW_data_30-June-2026_11-59-49,0.47960964,0.51254004,0.004993318,0.0028569456,-0.06639302,PSAX,PSAX,0.13291625678539276,PSAX,1.4300949573516846,0.014360727742314339,PSAX,0,PSAX,
C000000007,VIS-007_SW_data_30-June-2026_12-00-27,0.2242029,0.7681176,0.0028451842,0.004834316,-1.2310758,PSAX,PSAX,0.9020802974700928,PSAX,1.5796111822128296,0.000899484206456691,PSAX,0,PSAX,
C000000007,VIS-007_SW_data_30-June-2026_12-01-29,0.41324636,0.5702083,0.005511643,0.011033639,-0.32189125,PSAX,PSAX,0.8248529434204102,PSAX,1.2085574865341187,0.0036872676573693752,PSAX,0,PSAX,
C000000008,VIS-010_SW_data_03-July-2026_10-36-33,0.82100296,0.17408781,0.0026119899,0.0022971975,1.5505145,PLAX,PLAX,1.7142773866653442,PSAX,0.27804431319236755,0.9953694939613342,PLAX,3,review,split vote
C000000008,VIS-010_SW_data_03-July-2026_10-37-16,0.903488,0.0918465,0.0038491872,0.0008164139,2.2851665,PLAX,PLAX,1.824751853942871,PLAX,1.571836233139038,0.9996472597122192,PLAX,4,PLAX,
C000000008,VIS-010_SW_data_03-July-2026_10-37-44,0.88190246,0.111956276,0.004773166,0.001368203,2.0631936,PLAX,PLAX,1.8526175022125244,PLAX,1.653599500656128,0.9988794922828674,PLAX,4,PLAX,
C000000008,VIS-010_SW_data_03-July-2026_10-38-22,0.6370819,0.34667453,0.013461958,0.0027816505,0.60838056,PLAX,PLAX,1.5553689002990723,PLAX,1.1738295555114746,0.9527668356895447,PLAX,4,PLAX,
C000000008,VIS-010_SW_data_03-July-2026_10-39-08,0.7451647,0.22597462,0.024822678,0.004038122,1.1928744,PLAX,PLAX,1.6383806467056274,PLAX,1.2657407522201538,0.9619762301445007,PLAX,4,PLAX,
C000000008,VIS-010_SW_data_03-July-2026_10-39-52,0.8764814,0.11092982,0.008651857,0.003937033,2.0662308,PLAX,PLAX,1.7175308465957642,PLAX,1.251927375793457,0.9916417598724365,PLAX,4,PLAX,
C000000008,VIS-010_SW_data_03-July-2026_10-40-54,0.17835823,0.77076614,0.0048948885,0.04598066,-1.4631603,PSAX,PSAX,0.9837262630462646,PSAX,0.3923357129096985,0.006709612440317869,PSAX,0,PSAX,
C000000008,VIS-010_SW_data_03-July-2026_10-41-24,0.11674941,0.8187757,0.007050833,0.057423882,-1.9470463,PSAX,PSAX,1.266808271408081,PSAX,1.421622633934021,0.0005678190500475466,PSAX,0,PSAX,
C000000008,VIS-010_SW_data_03-July-2026_10-41-56,0.22866982,0.6624744,0.0074195038,0.101436235,-1.0634165,PSAX,PSAX,1.286515235900879,PSAX,0.9973455667495728,0.013441135175526142,PSAX,0,PSAX,
C000000008,VIS-010_SW_data_03-July-2026_10-42-38,0.10468812,0.8673976,0.0067187264,0.021195598,-2.1136723,PSAX,PSAX,0.437373548746109,PSAX,1.480820655822754,0.0007809083326719701,PSAX,0,PSAX,
C000000008,VIS-010_SW_data_03-July-2026_10-43-23,0.04544921,0.44853607,0.0043181446,0.50169665,-2.2874188,PSAX,PSAX,1.4422924518585205,PSAX,1.373288869857788,0.0006144414655864239,PSAX,0,review,other?
C000000008,VIS-010_SW_data_03-July-2026_10-43-54,0.19939166,0.48627245,0.011705951,0.30262992,-0.8912022,PSAX,PSAX,1.3819210529327393,PSAX,0.6337484121322632,0.0003118656750302762,PSAX,0,PSAX,
C000000008,VIS-010_SW_data_03-July-2026_10-44-27,0.14479718,0.47880152,0.018517986,0.35788333,-1.1954706,PSAX,PSAX,1.5393389463424683,PSAX,0.9013480544090271,8.474079368170351e-05,PSAX,0,PSAX,
C000000008,VIS-010_SW_data_03-July-2026_10-44-58,0.07300065,0.52741045,0.008602797,0.39098617,-1.9763316,PSAX,PSAX,1.7184914350509644,PSAX,0.3865048885345459,0.0003381244605407119,PSAX,0,PSAX,
C000000009,VIS-009_SW_data_03-July-2026_09-43-33,0.9550639,0.04420244,0.00027308488,0.00046056093,3.070843,PLAX,PLAX,1.113757848739624,PLAX,1.3544692993164062,0.9943349957466125,PLAX,4,PLAX,
C000000009,VIS-009_SW_data_03-July-2026_09-45-12,0.9787135,0.021066295,6.2887666e-05,0.00015717486,3.8339312,PLAX,PLAX,1.505669116973877,PLAX,1.584778070449829,0.9994708895683289,PLAX,4,PLAX,
C000000009,VIS-009_SW_data_03-July-2026_09-45-57,0.9908258,0.009016913,4.746294e-05,0.00010996517,4.6885085,PLAX,PLAX,1.6680806875228882,PLAX,1.7756741046905518,0.999464213848114,PLAX,4,PLAX,
C000000009,VIS-009_SW_data_03-July-2026_09-47-12,0.7984927,0.1999554,0.00031706202,0.0012347114,1.3842567,PLAX,PLAX,0.6816713213920593,PLAX,0.9650461673736572,0.9938833713531494,PLAX,4,PLAX,
C000000009,VIS-009_SW_data_03-July-2026_09-47-50,0.9955128,0.004368275,3.4901324e-05,8.401514e-05,5.406356,PLAX,PLAX,1.2684026956558228,PLAX,1.7353301048278809,0.9996132254600525,PLAX,4,PLAX,
C000000009,VIS-009_SW_data_03-July-2026_09-48-24,0.9916068,0.008184768,4.34717e-05,0.00016510507,4.785009,PLAX,PLAX,1.3736765384674072,PLAX,1.6377055644989014,0.9989718198776245,PLAX,4,PLAX,
C000000009,VIS-009_SW_data_03-July-2026_09-49-49,0.00051460275,0.9994303,4.083969e-05,1.4255756e-05,-7.394065,PSAX,PSAX,0.8693314790725708,PSAX,0.6858733892440796,0.00047120603267103434,PSAX,0,PSAX,
C000000009,VIS-009_SW_data_03-July-2026_09-50-42,0.0026446271,0.99713695,7.824567e-05,0.00014026187,-5.895343,PSAX,PSAX,1.0195550918579102,PSAX,1.2963649034500122,0.0002601073356345296,PSAX,0,PSAX,
C000000009,VIS-009_SW_data_03-July-2026_09-51-59,0.0036834113,0.9962446,4.9296006e-05,2.2788376e-05,-5.5734673,PSAX,PSAX,0.971685528755188,PSAX,1.1524624824523926,0.0007581482059322298,PSAX,0,PSAX,
C000000009,VIS-009_SW_data_03-July-2026_09-54-19,0.0016779328,0.99791914,0.00012616182,0.00027676465,-6.3303213,PSAX,PSAX,1.6012353897094727,PSAX,1.3772225379943848,0.0005706849042326212,PSAX,0,PSAX,
C000000009,VIS-009_SW_data_03-July-2026_09-55-35,0.0016916704,0.9980306,7.1074515e-05,0.00020667462,-6.322736,PSAX,PSAX,1.573363184928894,PSAX,1.4535651206970215,0.00041824253275990486,PSAX,0,PSAX,
C000000009,VIS-009_SW_data_03-July-2026_09-56-29,0.0020789187,0.99760634,8.5537606e-05,0.00022931994,-6.12663,PSAX,PSAX,1.6244224309921265,PSAX,1.418686032295227,0.0005054321954958141,PSAX,0,PSAX,
C000000009,VIS-009_SW_data_03-July-2026_09-57-15,0.058649,0.9226547,0.001929568,0.016766887,-2.7540894,PSAX,PSAX,0.838135838508606,PSAX,1.2996058464050293,0.0008278668392449617,PSAX,0,PSAX,
C000000009,VIS-009_SW_data_03-July-2026_09-57-46,0.030403538,0.9659731,0.0005202163,0.003103273,-3.4553967,PSAX,PSAX,1.3118395805358887,PSAX,1.5182336568832397,0.000871925032697618,PSAX,0,PSAX,
C000000009,VIS-009_SW_data_03-July-2026_09-58-21,0.0076924646,0.99083865,0.00016694973,0.001301933,-4.845495,PSAX,PSAX,1.5768938064575195,PSAX,1.5151933431625366,0.000908750225789845,PSAX,0,PSAX,
C000000009,VIS-009_SW_data_03-July-2026_10-02-09,0.00030703863,0.0006448543,0.99900264,4.5315348e-05,-0.6042805,PSAX,PLAX,0.4883756637573242,PLAX,0.4561384320259094,0.22582443058490753,PSAX,2,review,apical?
C000000010,vis-006_SW_data_30-June-2026_09-43-28,0.9841658,0.015224789,0.00013434984,0.0004750574,4.1624246,PLAX,PLAX,1.8950135707855225,PLAX,1.8119479417800903,0.9998763799667358,PLAX,4,PLAX,
C000000010,vis-006_SW_data_30-June-2026_09-44-14,0.97915167,0.019988097,0.00018297325,0.0006773156,3.8866613,PLAX,PLAX,1.8652873039245605,PLAX,0.7368177771568298,0.9995030164718628,PLAX,4,PLAX,
C000000010,vis-006_SW_data_30-June-2026_09-44-49,0.9693553,0.029683735,0.00019287711,0.0007679627,3.4827719,PLAX,PLAX,1.8809821605682373,PLAX,1.8603065013885498,0.9996675252914429,PLAX,4,PLAX,
C000000010,vis-006_SW_data_30-June-2026_09-46-57,0.9640042,0.034094743,0.0010924061,0.0008086487,3.3391275,PLAX,PLAX,0.6902663707733154,PLAX,1.5019394159317017,0.9998972415924072,PLAX,4,PLAX,
C000000010,vis-006_SW_data_30-June-2026_09-47-28,0.99052763,0.008857476,0.000167999,0.00044683274,4.70585,PLAX,PLAX,1.876786470413208,PLAX,1.8616104125976562,0.9999111890792847,PLAX,4,PLAX,
C000000010,vis-006_SW_data_30-June-2026_09-48-33,0.96312666,0.03603702,0.00040609017,0.0004303387,3.282971,PLAX,PLAX,1.7355408668518066,PLAX,1.4579238891601562,0.9997974038124084,PLAX,4,PLAX,
C000000010,vis-006_SW_data_30-June-2026_09-50-42,0.0018990876,0.9973289,0.00030599412,0.0004660164,-6.21249,PSAX,PLAX,1.339909553527832,PSAX,1.4262843132019043,0.00011109742627013475,PSAX,1,review,split vote
C000000010,vis-006_SW_data_30-June-2026_09-51-19,0.008815566,0.98825324,0.0009054105,0.00202573,-4.7082415,PSAX,PLAX,0.24662764370441437,PSAX,1.2935832738876343,7.516107871197164e-05,PSAX,1,review,split vote
C000000010,vis-006_SW_data_30-June-2026_09-52-14,0.10256807,0.783433,0.0040201624,0.10997888,-2.0323122,PSAX,PSAX,1.8001713752746582,PSAX,1.5158154964447021,2.565245631558355e-05,PSAX,0,PSAX,
C000000010,vis-006_SW_data_30-June-2026_09-53-44,0.011796129,0.98573655,0.00058443454,0.0018828164,-4.417278,PSAX,PLAX,0.9409869909286499,PSAX,1.1251869201660156,0.0001264368329429999,PSAX,1,review,split vote
C000000010,vis-006_SW_data_30-June-2026_09-55-00,0.055615142,0.9066652,0.004316195,0.033403523,-2.7896316,PSAX,PSAX,1.7350832223892212,PSAX,1.379023551940918,5.743796282331459e-05,PSAX,0,PSAX,
C000000010,vis-006_SW_data_30-June-2026_09-55-36,0.13797568,0.779172,0.008988433,0.07386388,-1.7305582,PSAX,PSAX,1.8210718631744385,PSAX,1.481071949005127,5.22737973369658e-05,PSAX,0,PSAX,
C000000010,vis-006_SW_data_30-June-2026_09-56-24,0.12671396,0.84041286,0.0027580645,0.030115165,-1.8912911,PSAX,PSAX,1.273895502090454,PSAX,1.0426079034805298,8.069461910054088e-05,PSAX,0,PSAX,
C000000010,vis-006_SW_data_30-June-2026_09-56-54,0.042125687,0.92896336,0.0029015392,0.026009392,-3.0911481,PSAX,PSAX,1.7954188585281372,PSAX,0.9019594192504883,5.8542005717754364e-05,PSAX,0,PSAX,
C000000011,VIS-11_SW_data_07-July-2026_08-40-05,0.80225205,0.18722789,0.002384493,0.008135569,1.454687,PLAX,PLAX,0.0843622162938118,PSAX,0.18343110382556915,0.8916875720024109,PLAX,3,review,split vote
C000000011,VIS-11_SW_data_07-July-2026_08-40-50,0.9329123,0.036773,0.0019455464,0.028369186,3.2309387,PLAX,PLAX,0.8541818261146545,PSAX,0.8775187134742737,0.99126136302948,PLAX,3,review,split vote
C000000011,VIS-11_SW_data_07-July-2026_08-42-03,0.9960581,0.0031995897,0.000118453725,0.0006239604,5.710108,PLAX,PLAX,1.7080689668655396,PLAX,1.220077633857727,0.9997767806053162,PLAX,4,PLAX,
C000000011,VIS-11_SW_data_07-July-2026_08-42-55,0.9914492,0.0067556626,0.00029561954,0.0014995614,4.9741936,PLAX,PLAX,1.6068865060806274,PLAX,0.6615479588508606,0.9992753863334656,PLAX,4,PLAX,
C000000011,VIS-11_SW_data_07-July-2026_08-43-46,0.99688256,0.002471149,9.872359e-05,0.00054762105,5.96038,PLAX,PLAX,1.654801368713379,PLAX,1.1189711093902588,0.9998897314071655,PLAX,4,PLAX,
C000000011,VIS-11_SW_data_07-July-2026_08-44-19,0.9961009,0.0030911006,0.00011942072,0.0006884737,5.743583,PLAX,PLAX,1.6758654117584229,PLAX,1.4675496816635132,0.9999189376831055,PLAX,4,PLAX,
C000000011,VIS-11_SW_data_07-July-2026_08-47-07,0.026849201,0.97163737,0.0004201421,0.0010933442,-3.5851321,PSAX,PSAX,1.2308510541915894,PSAX,1.1613502502441406,0.0003846327599603683,PSAX,0,PSAX,
C000000011,VIS-11_SW_data_07-July-2026_08-47-48,0.0056106662,0.9941849,6.623209e-05,0.0001382713,-5.159688,PSAX,PLAX,0.08947817236185074,PSAX,1.0097403526306152,0.0015296799829229712,PSAX,1,review,split vote
C000000011,VIS-11_SW_data_07-July-2026_08-48-43,0.12795582,0.87105364,0.00015502638,0.0008355041,-1.9173521,PSAX,PLAX,0.6953141093254089,PSAX,0.9339048266410828,0.011018011718988419,PSAX,1,review,split vote
C000000011,VIS-11_SW_data_07-July-2026_08-50-02,0.006793538,0.9913945,0.00035801274,0.0014539448,-4.968629,PSAX,PSAX,1.6164870262145996,PSAX,0.5762052536010742,0.0004701312864199281,PSAX,0,PSAX,
C000000011,VIS-11_SW_data_07-July-2026_08-50-39,0.0011039417,0.9981811,0.00035334585,0.0003615355,-6.720434,PSAX,PSAX,1.5932786464691162,PSAX,0.6339575052261353,0.00030572208925150335,PSAX,0,PSAX,
C000000011,VIS-11_SW_data_07-July-2026_08-51-19,0.0005911187,0.99882364,0.0002976232,0.000287722,-7.276122,PSAX,PSAX,1.4037911891937256,PSAX,0.8825126886367798,0.0002787513076327741,PSAX,0,PSAX,
C000000011,VIS-11_SW_data_07-July-2026_08-52-16,0.004514835,0.99334013,0.0003201372,0.0018248975,-5.3718977,PSAX,PSAX,1.707793951034546,PLAX,1.0054409503936768,0.00010399532766314223,PSAX,1,review,split vote
C000000011,VIS-11_SW_data_07-July-2026_08-52-47,0.004277917,0.99382424,0.000284878,0.0016129216,-5.425088,PSAX,PSAX,1.7527141571044922,PLAX,1.1956219673156738,0.00018649497360456735,PSAX,1,review,split vote
C000000011,VIS-11_SW_data_07-July-2026_08-53-32,0.0030083836,0.99596417,0.00019667015,0.0008307396,-5.769709,PSAX,PSAX,1.828161597251892,PLAX,0.611659586429596,0.00046498808660544455,PSAX,1,review,split vote
C000000012,VIS-014_SW_data_07-July-2026_11-41-37,0.99816084,0.0016385224,0.00016863059,3.2044565e-05,6.352979,PLAX,PLAX,1.8418575525283813,PLAX,1.265688180923462,0.9887776970863342,PLAX,4,PLAX,
C000000012,VIS-014_SW_data_07-July-2026_11-42-46,0.99694914,0.002693897,0.00029265066,6.420089e-05,5.8773623,PLAX,PLAX,1.7929362058639526,PLAX,1.2000916004180908,0.9769670963287354,PLAX,4,PLAX,
C000000012,VIS-014_SW_data_07-July-2026_11-43-19,0.99678344,0.0028077115,0.0003371196,7.1563e-05,5.8372674,PLAX,PLAX,1.8088698387145996,PLAX,1.464902639389038,0.9793516397476196,PLAX,4,PLAX,
C000000012,VIS-014_SW_data_07-July-2026_11-47-54,0.9892844,0.009661813,0.0008225071,0.00023135963,4.6186047,PLAX,PLAX,1.5259023904800415,PLAX,1.2054383754730225,0.9562560319900513,PLAX,4,PLAX,
C000000012,VIS-014_SW_data_07-July-2026_11-51-16,0.9966094,0.0030410953,0.00019816017,0.00015138018,5.7598877,PLAX,PLAX,1.7192261219024658,PLAX,1.0965546369552612,0.9888296723365784,PLAX,4,PLAX,
C000000012,VIS-014_SW_data_07-July-2026_11-52-00,0.9838605,0.014739408,0.00090703904,0.0004930796,4.194299,PLAX,PLAX,1.4296778440475464,PLAX,0.92596435546875,0.9603611826896667,PLAX,4,PLAX,
C000000012,VIS-014_SW_data_07-July-2026_11-52-35,0.9799067,0.019498188,0.00044930397,0.00014584945,3.9121222,PLAX,PLAX,1.8777847290039062,PLAX,0.9399737119674683,0.94987553358078,PLAX,4,PLAX,
C000000012,VIS-014_SW_data_07-July-2026_11-53-20,0.9912976,0.007496812,0.0011282415,7.73392e-05,4.871387,PLAX,PLAX,1.6380834579467773,PLAX,1.4845260381698608,0.9804051518440247,PLAX,4,PLAX,
C000000012,VIS-014_SW_data_07-July-2026_11-55-12,0.98354954,0.015922697,0.00032702278,0.0002007895,4.1172633,PLAX,PLAX,1.7847152948379517,PLAX,0.35505303740501404,0.9529104828834534,PLAX,4,PLAX,
C000000012,VIS-014_SW_data_07-July-2026_11-55-56,0.089209594,0.7934772,0.00695621,0.110357136,-2.1844418,PSAX,PSAX,1.8177738189697266,PSAX,1.6109108924865723,1.5035378737593419e-06,PSAX,0,PSAX,
C000000012,VIS-014_SW_data_07-July-2026_11-56-44,0.16579674,0.7560636,0.015161118,0.062978566,-1.5168922,PSAX,PSAX,1.7768115997314453,PSAX,1.2925785779953003,1.0419486216051155e-06,PSAX,0,PSAX,
C000000012,VIS-014_SW_data_07-July-2026_12-03-49,0.25678998,0.59985745,0.009884405,0.13346817,-0.8482109,PSAX,PSAX,1.7526049613952637,PSAX,1.6026835441589355,4.181460553809302e-06,PSAX,0,PSAX,
C000000012,VIS-014_SW_data_07-July-2026_12-04-31,0.040127423,0.8061243,0.011652635,0.1420955,-2.997813,PSAX,PSAX,1.8310452699661255,PSAX,1.6470437049865723,2.0263436795175949e-07,PSAX,0,PSAX,
C000000012,VIS-014_SW_data_07-July-2026_12-05-09,0.025222648,0.9293077,0.009425057,0.036044642,-3.6028483,PSAX,PSAX,1.7651840448379517,PSAX,1.105049729347229,6.12697874657897e-07,PSAX,0,PSAX,
C000000012,VIS-014_SW_data_07-July-2026_12-05-40,0.95841175,0.03959737,0.00140322,0.00058759813,3.1840968,PLAX,PLAX,1.2973945140838623,PLAX,0.846666693687439,0.9591968655586243,PLAX,4,PLAX,
C000000012,VIS-014_SW_data_07-July-2026_12-06-10,0.9164684,0.078831516,0.00393431,0.00076582783,2.452056,PLAX,PLAX,0.8051085472106934,PLAX,0.7803101539611816,0.8992086052894592,PLAX,4,PLAX,
C000000013,VIS-016_SW_data_10-July-2026_10-11-11,0.915834,0.083977334,9.144335e-05,9.7108365e-05,2.3882072,PLAX,PLAX,1.8767794370651245,PLAX,1.833688497543335,0.9994926452636719,PLAX,4,PLAX,
C000000013,VIS-016_SW_data_10-July-2026_10-11-53,0.9302161,0.0696137,7.273442e-05,9.74691e-05,2.5911276,PLAX,PLAX,1.9213957786560059,PLAX,1.8441412448883057,0.9995449185371399,PLAX,4,PLAX,
C000000013,VIS-016_SW_data_10-July-2026_10-12-47,0.9895999,0.0102829095,5.5213433e-05,6.2012434e-05,4.5572405,PLAX,PLAX,1.5918779373168945,PLAX,1.7427890300750732,0.9998633861541748,PLAX,4,PLAX,
C000000013,VIS-016_SW_data_10-July-2026_10-13-38,0.931073,0.06877998,0.00010241725,4.4524742e-05,2.6040795,PLAX,PLAX,1.882729411125183,PLAX,1.7790627479553223,0.9998225569725037,PLAX,4,PLAX,
C000000013,VIS-016_SW_data_10-July-2026_10-14-12,0.97454953,0.025362266,5.8662474e-05,2.9461553e-05,3.6448805,PLAX,PLAX,1.9174094200134277,PLAX,1.7992100715637207,0.9998502731323242,PLAX,4,PLAX,
C000000013,VIS-016_SW_data_10-July-2026_10-14-46,0.9904255,0.009503356,3.7489186e-05,3.3532757e-05,4.636123,PLAX,PLAX,1.7885463237762451,PLAX,1.7978527545928955,0.9999518394470215,PLAX,4,PLAX,
C000000013,VIS-016_SW_data_10-July-2026_10-16-00,0.0011352579,0.99874526,6.4770175e-05,5.4810902e-05,-6.69532,PSAX,PSAX,1.2165427207946777,PSAX,0.2404583990573883,0.0010950884316116571,PSAX,0,PSAX,
C000000013,VIS-016_SW_data_10-July-2026_10-16-57,0.0011269369,0.99870646,9.502347e-05,7.164759e-05,-6.7020407,PSAX,PSAX,1.3506485223770142,PSAX,0.05508744344115257,0.000534342834725976,PSAX,0,PSAX,
C000000013,VIS-016_SW_data_10-July-2026_10-17-32,0.001753464,0.9980269,9.905803e-05,0.00012067096,-6.288824,PSAX,PSAX,1.4465699195861816,PSAX,1.3956520557403564,0.00014097568055149168,PSAX,0,PSAX,
C000000013,VIS-016_SW_data_10-July-2026_10-18-26,0.0028193523,0.9967068,0.00017046105,0.00030335772,-5.833195,PSAX,PSAX,1.8497254848480225,PSAX,1.351465106010437,0.0001803320919862017,PSAX,0,PSAX,
C000000013,VIS-016_SW_data_10-July-2026_10-19-06,0.007270522,0.99123335,0.00041537304,0.0010807203,-4.9015627,PSAX,PSAX,1.769562005996704,PSAX,1.3445584774017334,0.00014182888844516128,PSAX,0,PSAX,
C000000013,VIS-016_SW_data_10-July-2026_10-19-58,0.0027198237,0.99676114,0.00015604227,0.00036290503,-5.867937,PSAX,PSAX,1.7738184928894043,PSAX,1.5562214851379395,0.0001228529872605577,PSAX,0,PSAX,
C000000013,VIS-016_SW_data_10-July-2026_10-20-33,0.012049092,0.9850402,0.00063733367,0.0022734543,-4.3955297,PSAX,PSAX,1.6352903842926025,PSAX,1.6143317222595215,7.147344877012074e-05,PSAX,0,PSAX,
C000000013,VIS-016_SW_data_10-July-2026_10-21-05,0.0141981635,0.9813623,0.00095175277,0.003487832,-4.228913,PSAX,PSAX,1.42998206615448,PSAX,1.5067811012268066,3.631287472671829e-05,PSAX,0,PSAX,
C000000013,VIS-016_SW_data_10-July-2026_10-22-00,0.01374989,0.9820724,0.0013098933,0.0028676814,-4.26149,PSAX,PSAX,1.4436383247375488,PSAX,1.4102082252502441,2.806736301863566e-05,PSAX,0,PSAX,
C000000014,VIS-008_SW_data_10-July-2026_08-36-06,0.9839177,0.01553098,7.7208606e-05,0.00047406575,4.142389,PLAX,PLAX,1.732356071472168,PLAX,1.5769016742706299,0.999658465385437,PLAX,4,PLAX,
C000000014,VIS-008_SW_data_10-July-2026_08-38-51,0.9843225,0.014850927,8.410175e-05,0.0007425521,4.187282,PLAX,PLAX,1.8313570022583008,PLAX,1.317786455154419,0.9996991157531738,PLAX,4,PLAX,
C000000014,VIS-008_SW_data_10-July-2026_08-42-17,0.87258387,0.12568724,0.00025452094,0.0014743188,1.9369814,PLAX,PLAX,1.5524284839630127,PLAX,1.1748099327087402,0.9883154630661011,PLAX,4,PLAX,
C000000014,VIS-008_SW_data_10-July-2026_08-43-45,0.9415571,0.05746171,0.00018297043,0.0007982822,2.7947836,PLAX,PLAX,1.7314218282699585,PLAX,1.2780905961990356,0.9979401230812073,PLAX,4,PLAX,
C000000014,VIS-008_SW_data_10-July-2026_08-44-48,0.98224336,0.016783748,0.000115133684,0.0008576667,4.0635896,PLAX,PLAX,1.8627753257751465,PLAX,1.7395952939987183,0.9994300007820129,PLAX,4,PLAX,
C000000014,VIS-008_SW_data_10-July-2026_08-45-21,0.99254096,0.0068789376,8.3322484e-05,0.0004967744,4.9574723,PLAX,PLAX,1.5026164054870605,PLAX,1.376097559928894,0.9997034668922424,PLAX,4,PLAX,
C000000014,VIS-008_SW_data_10-July-2026_08-49-37,0.036491334,0.96268487,0.00030110913,0.00052252423,-3.2700186,PSAX,PSAX,0.7230305075645447,PSAX,1.081331729888916,0.0006569542456418276,PSAX,0,PSAX,
C000000014,VIS-008_SW_data_10-July-2026_08-50-21,0.0039750217,0.9958773,9.6089774e-05,5.1810144e-05,-5.4988484,PSAX,PSAX,1.4044890403747559,PSAX,1.210371971130371,0.0010723159648478031,PSAX,0,PSAX,
C000000014,VIS-008_SW_data_10-July-2026_08-50-58,0.004842935,0.99483407,9.495432e-05,0.0002279824,-5.304717,PSAX,PSAX,1.5544530153274536,PSAX,1.1954034566879272,0.000736236572265625,PSAX,0,PSAX,
C000000014,VIS-008_SW_data_10-July-2026_08-51-48,0.0017448126,0.9980988,7.3568175e-05,8.280329e-05,-6.293575,PSAX,PSAX,1.589976191520691,PSAX,1.4031800031661987,0.0004942778032273054,PSAX,0,PSAX,
C000000014,VIS-008_SW_data_10-July-2026_08-52-22,0.002456528,0.99740267,6.025988e-05,8.0552534e-05,-5.9666047,PSAX,PSAX,1.5305744409561157,PSAX,1.2190622091293335,0.00046934300917200744,PSAX,0,PSAX,
C000000014,VIS-008_SW_data_10-July-2026_08-53-00,0.0010488636,0.9988457,6.191188e-05,4.3559678e-05,-6.767927,PSAX,PSAX,1.3817448616027832,PSAX,0.7921963930130005,0.0002685107465367764,PSAX,0,PSAX,
C000000014,VIS-008_SW_data_10-July-2026_08-53-46,0.0014248454,0.9983586,0.00010499055,0.00011161031,-6.4843197,PSAX,PSAX,1.5660004615783691,PSAX,1.2612390518188477,0.00029346178052946925,PSAX,0,PSAX,
C000000014,VIS-008_SW_data_10-July-2026_08-54-18,0.001091473,0.99876076,7.133399e-05,7.643785e-05,-6.7314253,PSAX,PSAX,1.4472379684448242,PSAX,0.5675463676452637,0.0006024620379321277,PSAX,0,PSAX,
C000000014,VIS-008_SW_data_10-July-2026_08-55-26,0.040378872,0.94896495,0.0014854108,0.009170731,-3.154697,PSAX,PSAX,0.422044038772583,PSAX,1.066381573677063,5.411723759607412e-05,PSAX,0,PSAX,
C000000015,VIS-017_SW_data_10-July-2026_10-53-28,0.75031996,0.24884073,0.00033171524,0.00050760614,1.1034182,PLAX,PLAX,0.7281094789505005,PLAX,0.17770802974700928,0.7874593734741211,PLAX,4,PLAX,
C000000015,VIS-017_SW_data_10-July-2026_10-54-09,0.9987067,0.0012205628,1.8231183e-05,5.441692e-05,6.6285033,PLAX,PLAX,1.3985474109649658,PLAX,0.9451634883880615,0.9990918636322021,PLAX,4,PLAX,
C000000015,VIS-017_SW_data_10-July-2026_10-54-55,0.9939313,0.005955219,3.7974845e-05,7.555948e-05,5.100848,PLAX,PLAX,1.882597804069519,PLAX,0.3756139278411865,0.9985013008117676,PLAX,4,PLAX,
C000000015,VIS-017_SW_data_10-July-2026_10-55-41,0.9906827,0.009175619,7.742548e-05,6.435839e-05,4.671106,PLAX,PLAX,1.8214492797851562,PLAX,1.276326060295105,0.999398946762085,PLAX,4,PLAX,
C000000015,VIS-017_SW_data_10-July-2026_10-56-30,0.99854463,0.0013958925,1.8982337e-05,4.0536637e-05,6.5036764,PLAX,PLAX,1.6307284832000732,PLAX,1.3613219261169434,0.9996542930603027,PLAX,4,PLAX,
C000000015,VIS-017_SW_data_10-July-2026_10-57-02,0.9964939,0.003406535,5.7528756e-05,4.2169006e-05,5.649715,PLAX,PLAX,1.8545479774475098,PLAX,1.0980757474899292,0.9996434450149536,PLAX,4,PLAX,
C000000015,VIS-017_SW_data_10-July-2026_10-57-56,0.015085053,0.98481953,7.037069e-05,2.4936358e-05,-4.1722484,PSAX,PSAX,1.5395896434783936,PLAX,0.5618886947631836,0.0006692047463729978,PSAX,1,review,split vote
C000000015,VIS-017_SW_data_10-July-2026_10-58-33,0.005695949,0.9941853,6.540141e-05,5.330687e-05,-5.144865,PSAX,PSAX,1.7848776578903198,PLAX,0.47026586532592773,0.0001998489606194198,PSAX,1,review,split vote
C000000015,VIS-017_SW_data_10-July-2026_10-59-04,0.0042817025,0.9956431,4.86606e-05,2.6480051e-05,-5.426052,PSAX,PSAX,1.7794357538223267,PLAX,0.7821269631385803,0.00044330593664199114,PSAX,1,review,split vote
C000000015,VIS-017_SW_data_10-July-2026_10-59-53,0.012118986,0.987319,9.563202e-05,0.0004664183,-4.392103,PSAX,PSAX,1.519433617591858,PSAX,1.1020927429199219,0.00013841672625858337,PSAX,0,PSAX,
C000000015,VIS-017_SW_data_10-July-2026_11-00-50,0.002211118,0.9976254,4.754452e-05,0.00011586717,-6.0677466,PSAX,PSAX,1.664141297340393,PSAX,1.3169087171554565,8.053287456277758e-05,PSAX,0,PSAX,
C000000015,VIS-017_SW_data_10-July-2026_11-01-40,0.0018640168,0.9979959,6.910517e-05,7.100022e-05,-6.2308574,PSAX,PSAX,1.539237141609192,PSAX,1.793295979499817,6.499028677353635e-05,PSAX,0,PSAX,
C000000015,VIS-017_SW_data_10-July-2026_11-02-36,0.0024060924,0.99727434,0.00014115116,0.0001785136,-5.986401,PSAX,PSAX,1.5686784982681274,PSAX,1.0200130939483643,1.697633706498891e-05,PSAX,0,PSAX,
C000000016,VIS-015_SW_data_10-July-2026_09-24-32,0.9946848,0.0051178862,3.9112274e-05,0.00015824068,5.250434,PLAX,PLAX,1.8431168794631958,PLAX,1.3010175228118896,0.9999148845672607,PLAX,4,PLAX,
C000000016,VIS-015_SW_data_10-July-2026_09-25-23,0.930062,0.06940772,0.00012247775,0.00040790485,2.593921,PLAX,PLAX,1.49724543094635,PLAX,1.3307194709777832,0.999430239200592,PLAX,4,PLAX,
C000000016,VIS-015_SW_data_10-July-2026_09-26-07,0.99546593,0.004255585,2.9564686e-05,0.00024889788,5.4318523,PLAX,PLAX,1.8402667045593262,PLAX,1.7337721586227417,0.9999477863311768,PLAX,4,PLAX,
C000000016,VIS-015_SW_data_10-July-2026_09-27-06,0.9957524,0.003940585,3.978483e-05,0.0002671454,5.50721,PLAX,PLAX,1.7638665437698364,PLAX,1.7485136985778809,0.9999426603317261,PLAX,4,PLAX,
C000000016,VIS-015_SW_data_10-July-2026_09-27-54,0.98869556,0.010990024,6.3541134e-05,0.00025078925,4.490442,PLAX,PLAX,1.9040050506591797,PLAX,1.730607509613037,0.999860405921936,PLAX,4,PLAX,
C000000016,VIS-015_SW_data_10-July-2026_09-29-08,0.0038480565,0.99606186,4.772907e-05,4.233385e-05,-5.5306864,PSAX,PSAX,0.9874064922332764,PLAX,0.20992358028888702,0.0029162464197725058,PSAX,1,review,split vote
C000000016,VIS-015_SW_data_10-July-2026_09-29-55,0.0026135517,0.99726176,4.7003752e-05,7.762989e-05,-5.906855,PSAX,PSAX,1.1296074390411377,PLAX,0.9306186437606812,0.0035420372150838375,PSAX,1,review,split vote
C000000016,VIS-015_SW_data_10-July-2026_09-30-28,0.0030777885,0.9968257,4.5262594e-05,5.1248324e-05,-5.748491,PSAX,PSAX,0.9966936111450195,PLAX,1.291788935661316,0.004060511477291584,PSAX,1,review,split vote
C000000016,VIS-015_SW_data_10-July-2026_09-31-11,0.0037833333,0.9960705,5.2802992e-05,9.3276154e-05,-5.5472245,PSAX,PSAX,1.1411421298980713,PSAX,0.12213194370269775,0.0019359519938006997,PSAX,0,PSAX,
C000000016,VIS-015_SW_data_10-July-2026_09-32-03,0.0042837365,0.99547154,7.312379e-05,0.00017175374,-5.4254155,PSAX,PSAX,1.4034855365753174,PSAX,0.3737942576408386,0.0025901440531015396,PSAX,0,PSAX,
C000000016,VIS-015_SW_data_10-July-2026_09-33-05,0.0050401026,0.99463755,8.9079964e-05,0.00023330314,-5.265406,PSAX,PSAX,1.6340632438659668,PSAX,0.8565667867660522,0.0012290768790990114,PSAX,0,PSAX,
C000000016,VIS-015_SW_data_10-July-2026_09-33-53,0.0029816027,0.99677217,9.543432e-05,0.00015087384,-5.7791724,PSAX,PSAX,1.3268154859542847,PSAX,1.163848876953125,0.0028146705590188503,PSAX,0,PSAX,
C000000016,VIS-015_SW_data_10-July-2026_09-34-55,0.0055937134,0.9937035,0.00014836951,0.00055439834,-5.162177,PSAX,PSAX,1.657051682472229,PSAX,1.7167797088623047,0.001291134743951261,PSAX,0,PSAX,
C000000016,VIS-015_SW_data_10-July-2026_09-35-44,0.005024729,0.99451417,0.000108302076,0.0003527546,-5.2682776,PSAX,PSAX,1.6955870389938354,PSAX,1.2356001138687134,0.004107917658984661,PSAX,0,PSAX,
C000000016,VIS-015_SW_data_10-July-2026_09-36-21,0.007801462,0.9911332,0.00026733594,0.0007979962,-4.831902,PSAX,PSAX,1.2136800289154053,PSAX,1.0848407745361328,0.0012957840226590633,PSAX,0,PSAX,
C000000016,VIS-015_SW_data_10-July-2026_09-37-04,0.01740717,0.9798308,0.00043033334,0.0023316802,-4.024872,PSAX,PSAX,0.7866393327713013,PSAX,1.5288195610046387,0.0007681607967242599,PSAX,0,PSAX,
C000000016,VIS-015_SW_data_10-July-2026_09-37-46,0.02185383,0.9741259,0.0007292213,0.0032909377,-3.7927017,PSAX,PSAX,0.8639066815376282,PSAX,1.5621998310089111,0.001433272147551179,PSAX,0,PSAX,
C000000017,VIS-013_SW_data_07-July-2026_10-52-55,0.78055143,0.1900247,0.027309723,0.0021142187,1.4124485,PLAX,PLAX,1.21925687789917,PLAX,0.9171857833862305,0.963787317276001,PLAX,4,PLAX,
C000000017,VIS-013_SW_data_07-July-2026_10-53-54,0.85525835,0.1251216,0.015171323,0.004448808,1.9214356,PLAX,PLAX,1.4353137016296387,PLAX,1.3243083953857422,0.9982178807258606,PLAX,4,PLAX,
C000000017,VIS-013_SW_data_07-July-2026_10-54-33,0.9143729,0.07200773,0.013211671,0.00040767595,2.5401866,PLAX,PLAX,1.7103452682495117,PLAX,1.3435019254684448,0.9996649026870728,PLAX,4,PLAX,
C000000017,VIS-013_SW_data_07-July-2026_10-55-21,0.99129874,0.008136934,0.00013878121,0.00042553403,4.7904887,PLAX,PLAX,0.7263256311416626,PLAX,1.3620448112487793,0.999934196472168,PLAX,4,PLAX,
C000000017,VIS-013_SW_data_07-July-2026_10-56-23,0.9750083,0.023788,0.0004435127,0.0007602268,3.7091722,PLAX,PLAX,1.4398856163024902,PLAX,1.1641641855239868,0.9999661445617676,PLAX,4,PLAX,
C000000017,VIS-013_SW_data_07-July-2026_10-57-19,0.9756452,0.021626357,0.002191137,0.00053738285,3.8046753,PLAX,PLAX,1.7424967288970947,PLAX,1.5237910747528076,0.9999092817306519,PLAX,4,PLAX,
C000000017,VIS-013_SW_data_07-July-2026_10-58-36,0.0038833877,0.9934367,0.00041342137,0.002266519,-5.519139,PSAX,PSAX,1.3921617269515991,PSAX,1.2574872970581055,0.00019785304903052747,PSAX,0,PSAX,
C000000017,VIS-013_SW_data_07-July-2026_10-59-19,0.0019072129,0.9975508,0.00023403058,0.00030802883,-6.2086563,PSAX,PSAX,1.3938453197479248,PSAX,1.1279234886169434,0.0008350886637344956,PSAX,0,PSAX,
C000000017,VIS-013_SW_data_07-July-2026_11-00-34,0.0018809243,0.9977265,0.00024820672,0.00014440945,-6.222016,PSAX,PSAX,1.4470551013946533,PSAX,0.9579827189445496,0.0007533998577855527,PSAX,0,PSAX,
C000000017,VIS-013_SW_data_07-July-2026_11-01-20,0.032370888,0.9647655,0.0012676145,0.0015959204,-3.3916447,PSAX,PSAX,1.2575507164001465,PSAX,1.2411143779754639,0.00010745433246484026,PSAX,0,PSAX,
C000000017,VIS-013_SW_data_07-July-2026_11-02-03,0.0048055756,0.9939382,0.0008444295,0.00041181565,-5.3114033,PSAX,PSAX,1.6801042556762695,PSAX,0.7489489316940308,0.00034573112498037517,PSAX,0,PSAX,
C000000017,VIS-013_SW_data_07-July-2026_11-03-32,0.0020222126,0.9964516,0.00066933065,0.00085672794,-6.1518416,PSAX,PSAX,1.5394999980926514,PSAX,1.1008886098861694,0.00017067950102500618,PSAX,0,PSAX,
C000000017,VIS-013_SW_data_07-July-2026_11-04-32,0.002056084,0.99692506,0.0006960551,0.0003227723,-6.1364822,PSAX,PSAX,1.6732547283172607,PSAX,1.4288878440856934,0.00020328543905634433,PSAX,0,PSAX,
C000000017,VIS-013_SW_data_07-July-2026_11-05-11,0.011571863,0.9854102,0.0014857397,0.0015321479,-4.4359784,PSAX,PSAX,1.3275476694107056,PSAX,0.7130857706069946,0.0001706070761429146,PSAX,0,PSAX,
C000000017,VIS-013_SW_data_07-July-2026_11-05-54,0.012513455,0.9849444,0.0013331894,0.0012089796,-4.3579226,PSAX,PSAX,1.4837925434112549,PSAX,1.2763932943344116,0.00013213859347160906,PSAX,0,PSAX,
C000000018,VIS-012_SW_data_07-July-2026_09-21-31,0.9965813,0.0031741357,0.00022778247,1.6686918e-05,5.718377,PLAX,PLAX,1.7800750732421875,PLAX,1.6778181791305542,0.9999876022338867,PLAX,4,PLAX,
C000000018,VIS-012_SW_data_07-July-2026_09-22-43,0.9209846,0.07226764,0.0065684766,0.00017907783,2.5437927,PLAX,PLAX,0.7035411596298218,PLAX,0.9204378724098206,0.9998553991317749,PLAX,4,PLAX,
C000000018,VIS-012_SW_data_07-July-2026_09-23-42,0.9985105,0.00132605,0.0001473372,1.6185944e-05,6.5514565,PLAX,PLAX,1.7462162971496582,PLAX,1.5839927196502686,0.9999570846557617,PLAX,4,PLAX,
C000000018,VIS-012_SW_data_07-July-2026_09-24-36,0.9983348,0.0015575673,7.923862e-05,2.8246355e-05,6.400838,PLAX,PLAX,1.7120145559310913,PLAX,1.7951223850250244,0.9999587535858154,PLAX,4,PLAX,
C000000018,VIS-012_SW_data_07-July-2026_09-25-14,0.9983255,0.0015423006,0.0001078768,2.4253162e-05,6.410082,PLAX,PLAX,1.7120425701141357,PLAX,1.7380566596984863,0.9999417066574097,PLAX,4,PLAX,
C000000018,VIS-012_SW_data_07-July-2026_09-26-12,0.9992509,0.0006819852,5.2360785e-05,1.4839727e-05,7.153025,PLAX,PLAX,1.757858395576477,PLAX,1.7044774293899536,0.9999771118164062,PLAX,4,PLAX,
C000000018,VIS-012_SW_data_07-July-2026_09-27-30,0.00017328127,0.9996648,0.00014693615,1.5231675e-05,-8.204774,PSAX,PSAX,0.43391120433807373,PLAX,0.6174122095108032,0.0003498082223813981,PSAX,1,review,split vote
C000000018,VIS-012_SW_data_07-July-2026_09-29-07,0.0003651031,0.99704105,0.0024445183,0.00014922881,-7.6703887,PSAX,PSAX,0.8876655697822571,PSAX,0.6738120317459106,9.864177991403267e-05,PSAX,0,PSAX,
C000000018,VIS-012_SW_data_07-July-2026_09-30-37,0.0059347902,0.9921088,0.001504597,0.0004518353,-5.1023927,PSAX,PSAX,1.3763017654418945,PSAX,0.9211193323135376,1.7791120626498014e-05,PSAX,0,PSAX,
C000000018,VIS-012_SW_data_07-July-2026_09-31-30,0.0040665767,0.99220395,0.00050597894,0.0032234725,-5.4729347,PSAX,PSAX,1.413459062576294,PSAX,1.2293970584869385,2.516525455575902e-05,PSAX,0,PSAX,
C000000018,VIS-012_SW_data_07-July-2026_09-32-10,0.0031092756,0.9962016,0.00021716536,0.00047201477,-5.7380047,PSAX,PSAX,1.4997622966766357,PSAX,1.3881802558898926,3.950601603719406e-05,PSAX,0,PSAX,
C000000018,VIS-012_SW_data_07-July-2026_09-33-06,0.022606146,0.97441167,0.00063717854,0.0023450328,-3.759301,PSAX,PSAX,1.5695075988769531,PSAX,1.4863336086273193,5.1253005949547514e-05,PSAX,0,PSAX,
C000000018,VIS-012_SW_data_07-July-2026_09-33-48,0.0031040318,0.9957157,0.00026747774,0.0009129263,-5.739152,PSAX,PSAX,1.6069931983947754,PSAX,1.1006150245666504,5.784224413218908e-05,PSAX,0,PSAX,
C000000018,VIS-012_SW_data_07-July-2026_09-34-29,0.055308267,0.9397117,0.0015431223,0.003437079,-2.8309505,PSAX,PSAX,1.4175610542297363,PSAX,1.7812690734863281,0.00012250145664438605,PSAX,0,PSAX,
C000000018,VIS-012_SW_data_07-July-2026_09-35-02,0.06948102,0.92026,0.0034281334,0.0068309507,-2.582273,PSAX,PSAX,1.08720064163208,PSAX,1.8092565536499023,8.163974416675046e-05,PSAX,0,PSAX,
C000000019,VIS-027_SW_data_21-July-2026_11-19-20,0.9947412,0.0050639673,3.3603024e-05,0.0001613079,5.260878,PLAX,PLAX,1.8999313116073608,PLAX,1.8520689010620117,0.9997438788414001,PLAX,4,PLAX,
C000000019,VIS-027_SW_data_21-July-2026_11-20-11,0.9947377,0.005112063,3.2285345e-05,0.00011797636,5.251604,PLAX,PLAX,1.8911967277526855,PLAX,1.7809393405914307,0.9997038245201111,PLAX,4,PLAX,
C000000019,VIS-027_SW_data_21-July-2026_11-20-48,0.9932252,0.00652483,3.6534486e-05,0.00021346899,5.0102334,PLAX,PLAX,1.9415533542633057,PLAX,1.8596338033676147,0.9996963739395142,PLAX,4,PLAX,
C000000019,VIS-027_SW_data_21-July-2026_11-21-41,0.9749455,0.024343,0.00019377386,0.0005177266,3.6861403,PLAX,PLAX,1.6989052295684814,PLAX,1.5372998714447021,0.998281717300415,PLAX,4,PLAX,
C000000019,VIS-027_SW_data_21-July-2026_11-22-43,0.9908594,0.008763232,6.280211e-05,0.00031465403,4.716762,PLAX,PLAX,1.9540727138519287,PLAX,1.4321649074554443,0.9996359348297119,PLAX,4,PLAX,
C000000019,VIS-027_SW_data_21-July-2026_11-23-45,0.99492943,0.0049123275,3.9173086e-05,0.000119108096,5.290872,PLAX,PLAX,1.9294891357421875,PLAX,1.6190595626831055,0.9998412132263184,PLAX,4,PLAX,
C000000019,VIS-027_SW_data_21-July-2026_11-26-55,0.00050001236,0.9994348,3.278705e-05,3.229022e-05,-7.418095,PSAX,PSAX,1.1370187997817993,PSAX,0.4654884338378906,0.00031552804284729064,PSAX,0,PSAX,
C000000019,VIS-027_SW_data_21-July-2026_11-27-33,0.0017292207,0.9981354,8.611042e-05,4.9456834e-05,-6.302099,PSAX,PSAX,1.3176817893981934,PSAX,0.7005452513694763,0.00012920470908284187,PSAX,0,PSAX,
C000000019,VIS-027_SW_data_21-July-2026_11-28-12,0.00070383487,0.9992298,4.6407502e-05,2.006648e-05,-7.1254463,PSAX,PSAX,1.3405845165252686,PSAX,0.7028347849845886,0.0003242499951738864,PSAX,0,PSAX,
C000000019,VIS-027_SW_data_21-July-2026_11-28-51,0.003014797,0.9967351,7.8114324e-05,0.00017214488,-5.768421,PSAX,PSAX,1.7483813762664795,PSAX,1.494767427444458,0.0003363967116456479,PSAX,0,PSAX,
C000000019,VIS-027_SW_data_21-July-2026_11-29-29,0.001201672,0.99867237,5.0721334e-05,7.514027e-05,-6.6428776,PSAX,PSAX,1.5869369506835938,PSAX,1.771008014678955,0.0001569027517689392,PSAX,0,PSAX,
C000000019,VIS-027_SW_data_21-July-2026_11-30-06,0.005875221,0.99376196,8.0318874e-05,0.0002825404,-5.1139774,PSAX,PSAX,1.7163174152374268,PSAX,1.672330617904663,0.0002736554015427828,PSAX,0,PSAX,
C000000019,VIS-027_SW_data_21-July-2026_11-30-54,0.01640669,0.98219484,0.00022387406,0.0011745907,-4.086126,PSAX,PSAX,1.3099924325942993,PSAX,1.6263651847839355,0.0004919642233289778,PSAX,0,PSAX,
C000000019,VIS-027_SW_data_21-July-2026_11-31-34,0.011914489,0.9866865,0.00020979521,0.001189138,-4.4083405,PSAX,PSAX,1.3114404678344727,PSAX,1.0967791080474854,0.0002344269014429301,PSAX,0,PSAX,
C000000019,VIS-027_SW_data_21-July-2026_11-32-16,0.0038615228,0.9956027,0.00014294147,0.0003927552,-5.5268207,PSAX,PSAX,1.6412739753723145,PSAX,1.4709259271621704,0.00015436219109687954,PSAX,0,PSAX,
C000000020,VIS-026_SW_data_21-July-2026_10-42-10,0.6307596,0.3543915,0.0020026367,0.012846391,0.5763991,PLAX,PLAX,1.336173415184021,PLAX,1.6819686889648438,0.6980642080307007,PLAX,4,PLAX,
C000000020,VIS-026_SW_data_21-July-2026_10-43-19,0.5572006,0.41452634,0.0033722606,0.024900783,0.29572713,PLAX,PLAX,1.624931812286377,PLAX,1.7006714344024658,0.19509835541248322,PSAX,3,review,split vote
C000000020,VIS-026_SW_data_21-July-2026_10-43-57,0.27807844,0.70022976,0.0027425648,0.018949311,-0.9232887,PSAX,PLAX,1.3638226985931396,PLAX,1.7009670734405518,0.0394255593419075,PSAX,2,review,split vote
C000000020,VIS-026_SW_data_21-July-2026_10-44-45,0.39279017,0.5942869,0.0025001555,0.010422816,-0.4140005,PSAX,PLAX,1.399470329284668,PLAX,1.6673622131347656,0.15189556777477264,PSAX,2,review,split vote
C000000020,VIS-026_SW_data_21-July-2026_10-45-21,0.5862587,0.4074629,0.003344953,0.0029334433,0.36373657,PLAX,PLAX,1.5647313594818115,PLAX,1.6983344554901123,0.4608388841152191,PSAX,3,review,split vote
C000000020,VIS-026_SW_data_21-July-2026_10-45-56,0.67427564,0.31867927,0.0033744476,0.0036705835,0.74928844,PLAX,PLAX,1.726781964302063,PLAX,1.8773090839385986,0.7878923416137695,PLAX,4,PLAX,
C000000020,VIS-026_SW_data_21-July-2026_10-46-45,0.7217151,0.275304,0.0012026802,0.0017783918,0.96352994,PLAX,PLAX,1.085148572921753,PLAX,1.6432468891143799,0.9571458697319031,PLAX,4,PLAX,
C000000020,VIS-026_SW_data_21-July-2026_10-47-20,0.54414976,0.45229197,0.001991537,0.0015667984,0.18485934,PLAX,PLAX,1.4048559665679932,PLAX,1.2396626472473145,0.5721149444580078,PLAX,4,PLAX,
C000000020,VIS-026_SW_data_21-July-2026_10-48-19,0.17437877,0.82426345,0.00038612846,0.0009716641,-1.5528085,PSAX,PSAX,1.8246437311172485,PSAX,0.8099612593650818,0.024380933493375778,PSAX,0,PSAX,
C000000020,VIS-026_SW_data_21-July-2026_10-49-00,0.11995388,0.8792751,0.0003673304,0.00040366917,-1.9912709,PSAX,PSAX,1.607619047164917,PSAX,0.822853684425354,0.010054992511868477,PSAX,0,PSAX,
C000000020,VIS-026_SW_data_21-July-2026_10-49-46,0.363734,0.6343155,0.0004196023,0.0015308465,-0.55600643,PSAX,PSAX,1.5571439266204834,PSAX,1.521073579788208,0.12848001718521118,PSAX,0,PSAX,
C000000020,VIS-026_SW_data_21-July-2026_10-50-25,0.270085,0.72705466,0.0004974752,0.0023629542,-0.99003226,PSAX,PSAX,1.6068669557571411,PSAX,1.3985817432403564,0.051662541925907135,PSAX,0,PSAX,
C000000020,VIS-026_SW_data_21-July-2026_10-50-55,0.29382762,0.6910072,0.00053001253,0.014635042,-0.8549614,PSAX,PSAX,0.8828946352005005,PSAX,1.3073922395706177,0.019241338595747948,PSAX,0,PSAX,
C000000020,VIS-026_SW_data_21-July-2026_10-51-26,0.20139714,0.7958888,0.0005109406,0.002203242,-1.3738099,PSAX,PSAX,1.1194627285003662,PSAX,1.7885253429412842,0.011712141335010529,PSAX,0,PSAX,
C000000020,VIS-026_SW_data_21-July-2026_10-52-18,0.20691518,0.78857136,0.0006274806,0.003885928,-1.3375576,PSAX,PSAX,1.588464379310608,PSAX,1.5199494361877441,0.011399192735552788,PSAX,0,PSAX,
C000000020,VIS-026_SW_data_21-July-2026_10-53-50,0.56103784,0.42888469,0.0006786143,0.009398895,0.26854545,PLAX,PSAX,1.3631590604782104,PSAX,1.2853292226791382,0.3819006681442261,PSAX,1,review,split vote
C000000020,VIS-026_SW_data_21-July-2026_10-54-19,0.29194784,0.7034416,0.0009338281,0.0036767107,-0.8792095,PSAX,PSAX,1.5305273532867432,PSAX,1.1227669715881348,0.022543324157595634,PSAX,0,PSAX,
C000000021,VIS-024_SW_data_17-July-2026_09-35-47,0.9979448,0.001915369,6.657929e-05,7.328917e-05,6.204996,PLAX,PLAX,1.9451141357421875,PLAX,1.6400593519210815,0.9999407529830933,PLAX,4,PLAX,
C000000021,VIS-024_SW_data_17-July-2026_09-36-34,0.9978008,0.0020261253,7.993902e-05,9.324727e-05,6.1513524,PLAX,PLAX,1.9442214965820312,PLAX,1.8005361557006836,0.9998655319213867,PLAX,4,PLAX,
C000000021,VIS-024_SW_data_17-July-2026_09-37-09,0.9981076,0.00174124,8.404884e-05,6.712388e-05,6.295522,PLAX,PLAX,1.9532116651535034,PLAX,1.870831847190857,0.9998778104782104,PLAX,4,PLAX,
C000000021,VIS-024_SW_data_17-July-2026_09-38-05,0.9968117,0.0029804443,0.00012873198,7.92037e-05,5.779588,PLAX,PLAX,1.8854143619537354,PLAX,1.8733084201812744,0.9998747110366821,PLAX,4,PLAX,
C000000021,VIS-024_SW_data_17-July-2026_09-38-39,0.9978551,0.0019803564,0.00010184266,6.288861e-05,6.173169,PLAX,PLAX,1.9196244478225708,PLAX,1.8160784244537354,0.9998900890350342,PLAX,4,PLAX,
C000000021,VIS-024_SW_data_17-July-2026_09-41-11,0.99147344,0.008126621,0.00017179747,0.00022815137,4.7919173,PLAX,PLAX,1.7377543449401855,PLAX,1.5290542840957642,0.9996053576469421,PLAX,4,PLAX,
C000000021,VIS-024_SW_data_17-July-2026_09-42-45,0.0009839319,0.99890494,7.995099e-05,3.1090844e-05,-6.8261647,PSAX,PSAX,1.7982335090637207,PSAX,0.9091150164604187,0.00030971510568633676,PSAX,0,PSAX,
C000000021,VIS-024_SW_data_17-July-2026_09-44-15,0.0023691328,0.9974741,9.517842e-05,6.161015e-05,-6.001459,PSAX,PSAX,1.5966377258300781,PSAX,1.4480501413345337,0.0004174327477812767,PSAX,0,PSAX,
C000000021,VIS-024_SW_data_17-July-2026_09-44-51,0.0021181556,0.99766284,0.0001634191,5.5538752e-05,-6.1088395,PSAX,PSAX,1.3392531871795654,PSAX,1.3296185731887817,0.000272090284852311,PSAX,0,PSAX,
C000000021,VIS-024_SW_data_17-July-2026_09-45-19,0.0010345987,0.9988455,9.9619676e-05,2.0287658e-05,-6.7804213,PSAX,PSAX,1.7811965942382812,PSAX,1.0553503036499023,0.0003673704050015658,PSAX,0,PSAX,
C000000021,VIS-024_SW_data_17-July-2026_09-46-29,0.00055566966,0.99930435,0.00010127251,3.8797563e-05,-7.329258,PSAX,PSAX,1.817913293838501,PSAX,1.602881669998169,0.00013482746726367623,PSAX,0,PSAX,
C000000021,VIS-024_SW_data_17-July-2026_09-47-05,0.00047333783,0.999407,9.500026e-05,2.4602665e-05,-7.4635425,PSAX,PSAX,1.8853480815887451,PSAX,1.57891845703125,0.00017685657076071948,PSAX,0,PSAX,
C000000021,VIS-024_SW_data_17-July-2026_09-47-39,0.00035451204,0.99954516,7.75568e-05,2.2797129e-05,-7.6959314,PSAX,PSAX,1.7350585460662842,PSAX,0.5394237637519836,0.0005891108303330839,PSAX,0,PSAX,
C000000021,VIS-024_SW_data_17-July-2026_09-48-12,0.0005636654,0.9993399,7.406387e-05,2.2457642e-05,-7.317172,PSAX,PSAX,1.740849494934082,PSAX,1.377419114112854,0.00017076202493626624,PSAX,0,PSAX,
C000000021,VIS-024_SW_data_17-July-2026_09-48-42,0.0005872906,0.99931103,7.6413045e-05,2.5176141e-05,-7.2821646,PSAX,PSAX,1.7912416458129883,PSAX,1.3129860162734985,0.00032467968412674963,PSAX,0,PSAX,
C000000021,VIS-024_SW_data_17-July-2026_09-49-14,0.0007346487,0.99914277,8.928486e-05,3.338012e-05,-7.087742,PSAX,PSAX,1.7138241529464722,PSAX,1.3784853219985962,0.0001777373399818316,PSAX,0,PSAX,
C000000022,VIS-023_SW_data_17-July-2026_08-48-06,0.9862098,0.012804091,0.000612011,0.00037409773,4.3364263,PLAX,PLAX,1.4280461072921753,PLAX,1.4712574481964111,0.9997372031211853,PLAX,4,PLAX,
C000000022,VIS-023_SW_data_17-July-2026_08-48-50,0.994766,0.004812434,0.00020796237,0.00021368358,5.3108387,PLAX,PLAX,1.771803855895996,PLAX,1.1915779113769531,0.9999394416809082,PLAX,4,PLAX,
C000000022,VIS-023_SW_data_17-July-2026_08-49-31,0.9972988,0.0024822312,0.00012874947,9.024579e-05,5.956497,PLAX,PLAX,1.8123750686645508,PLAX,1.7514548301696777,0.9999246597290039,PLAX,4,PLAX,
C000000022,VIS-023_SW_data_17-July-2026_08-50-35,0.9916071,0.008055499,0.00027947652,5.7947465e-05,4.8007355,PLAX,PLAX,1.78164803981781,PLAX,1.6760358810424805,0.9998205304145813,PLAX,4,PLAX,
C000000022,VIS-023_SW_data_17-July-2026_08-51-14,0.9437014,0.047399253,0.008757635,0.00014179458,2.9892018,PLAX,PLAX,1.2812585830688477,PLAX,1.1596201658248901,0.9986034035682678,PLAX,4,PLAX,
C000000022,VIS-023_SW_data_17-July-2026_08-51-55,0.99648404,0.0033315183,0.00013417631,5.0333176e-05,5.6713305,PLAX,PLAX,1.7097498178482056,PLAX,1.8436157703399658,0.9999127388000488,PLAX,4,PLAX,
C000000022,VIS-023_SW_data_17-July-2026_08-52-58,0.9805718,0.018878132,0.00043642864,0.000113459835,3.9449506,PLAX,PLAX,1.63087797164917,PLAX,1.7044183015823364,0.9990633130073547,PLAX,4,PLAX,
C000000022,VIS-023_SW_data_17-July-2026_08-54-08,0.8482197,0.1493341,0.0016139753,0.00083220407,1.736402,PLAX,PLAX,0.8677722215652466,PLAX,0.35091421008110046,0.9450948238372803,PLAX,4,PLAX,
C000000022,VIS-023_SW_data_17-July-2026_08-57-01,0.0067529767,0.99183846,0.0008687647,0.0005397743,-4.974978,PSAX,PSAX,1.1104278564453125,PSAX,0.6489700675010681,0.00010050858691101894,PSAX,0,PSAX,
C000000022,VIS-023_SW_data_17-July-2026_08-57-53,0.0033562297,0.99554783,0.00055005867,0.00054600596,-5.663215,PSAX,PSAX,1.0534443855285645,PSAX,1.1704785823822021,8.352916484000161e-05,PSAX,0,PSAX,
C000000022,VIS-023_SW_data_17-July-2026_08-58-40,0.0038400057,0.9950673,0.0007746945,0.00031805414,-5.5317287,PSAX,PSAX,1.07407546043396,PSAX,1.4045486450195312,7.30349202058278e-05,PSAX,0,PSAX,
C000000022,VIS-023_SW_data_17-July-2026_08-59-39,0.0069347443,0.9905925,0.0017401949,0.0007327356,-4.9475427,PSAX,PSAX,1.535222053527832,PSAX,1.153304100036621,2.361345468671061e-05,PSAX,0,PSAX,
C000000022,VIS-023_SW_data_17-July-2026_09-03-07,0.011829534,0.98298603,0.0041945376,0.0009898765,-4.4116793,PSAX,PSAX,1.3681235313415527,PSAX,1.0697824954986572,5.419708395493217e-05,PSAX,0,PSAX,
C000000022,VIS-023_SW_data_17-July-2026_09-04-50,0.054994587,0.9355779,0.005053854,0.0043734657,-2.8322198,PSAX,PSAX,1.1474881172180176,PSAX,1.4488906860351562,7.832577102817595e-05,PSAX,0,PSAX,
C000000022,VIS-023_SW_data_17-July-2026_09-05-59,0.038636334,0.90461236,0.0016470149,0.05510425,-3.150839,PSAX,PSAX,1.4429749250411987,PSAX,1.412057876586914,2.137444789696019e-05,PSAX,0,PSAX,
C000000022,VIS-023_SW_data_17-July-2026_09-06-37,0.07279764,0.8939675,0.003218815,0.030016065,-2.506725,PSAX,PSAX,1.3328731060028076,PSAX,1.1139919757843018,1.890514431579504e-05,PSAX,0,PSAX,
C000000022,VIS-023_SW_data_17-July-2026_09-07-26,0.044881966,0.8774156,0.004977044,0.072725415,-2.970833,PSAX,PSAX,1.1552307605743408,PSAX,1.2641299962997437,3.0538649298250675e-06,PSAX,0,PSAX,
C000000023,VIS-022_SW_data_14-July-2026_11-41-10,0.99094254,0.008927966,4.426954e-05,8.5043386e-05,4.6984305,PLAX,PLAX,1.8112144470214844,PLAX,1.5037604570388794,0.9999672174453735,PLAX,4,PLAX,
C000000023,VIS-022_SW_data_14-July-2026_11-41-58,0.99863607,0.0012498272,2.0977694e-05,9.322522e-05,6.606514,PLAX,PLAX,1.5169596672058105,PLAX,1.7761638164520264,0.9999370574951172,PLAX,4,PLAX,
C000000023,VIS-022_SW_data_14-July-2026_11-42-34,0.98357904,0.01614009,8.921367e-05,0.00019159644,4.103817,PLAX,PLAX,1.8504257202148438,PLAX,0.9354813694953918,0.9998457431793213,PLAX,4,PLAX,
C000000023,VIS-022_SW_data_14-July-2026_11-44-18,0.97077334,0.028718593,0.00010507921,0.0004029682,3.5171754,PLAX,PLAX,1.6665387153625488,PLAX,1.5120079517364502,0.9996999502182007,PLAX,4,PLAX,
C000000023,VIS-022_SW_data_14-July-2026_11-45-09,0.9951569,0.0046778256,4.904504e-05,0.000116442556,5.339015,PLAX,PLAX,1.8573734760284424,PLAX,1.475492238998413,0.999862790107727,PLAX,4,PLAX,
C000000023,VIS-022_SW_data_14-July-2026_11-45-57,0.0010110635,0.9989118,5.6861172e-05,2.0270527e-05,-6.8014493,PSAX,PSAX,1.6662776470184326,PSAX,0.5440373420715332,0.0013609189772978425,PSAX,0,PSAX,
C000000023,VIS-022_SW_data_14-July-2026_11-46-25,0.0015864952,0.9983233,6.154822e-05,2.8775139e-05,-6.383525,PSAX,PSAX,1.6802563667297363,PSAX,0.7273609638214111,0.0011049044551327825,PSAX,0,PSAX,
C000000023,VIS-022_SW_data_14-July-2026_11-46-53,0.0019285528,0.99798137,5.4229768e-05,3.5847108e-05,-6.1985126,PSAX,PSAX,1.636469841003418,PSAX,0.4032133221626282,0.0012731470633298159,PSAX,0,PSAX,
C000000023,VIS-022_SW_data_14-July-2026_11-47-49,0.00048320708,0.99935496,0.0001097376,5.1979125e-05,-7.446423,PSAX,PSAX,1.6391946077346802,PSAX,1.618880271911621,0.00015489992802031338,PSAX,0,PSAX,
C000000023,VIS-022_SW_data_14-July-2026_11-48-18,0.00042792945,0.999498,5.420198e-05,1.9918389e-05,-7.546146,PSAX,PSAX,1.7091612815856934,PSAX,1.2248923778533936,0.0005823022802360356,PSAX,0,PSAX,
C000000023,VIS-022_SW_data_14-July-2026_11-48-46,0.00041059163,0.99949676,6.593687e-05,2.6744485e-05,-7.579537,PSAX,PSAX,1.7644951343536377,PSAX,1.309891700744629,0.0004496412875596434,PSAX,0,PSAX,
C000000023,VIS-022_SW_data_14-July-2026_11-49-20,0.0012871295,0.9983703,0.00013965472,0.00020300574,-6.578988,PSAX,PSAX,1.4808666706085205,PSAX,0.6236437559127808,0.0001111610108637251,PSAX,0,PSAX,
C000000023,VIS-022_SW_data_14-July-2026_11-49-49,0.0016516412,0.99799997,9.7700184e-05,0.00025076256,-6.3453007,PSAX,PSAX,1.5701696872711182,PSAX,1.302901029586792,0.00021039380226284266,PSAX,0,PSAX,
C000000023,VIS-022_SW_data_14-July-2026_11-50-19,0.0021677914,0.997304,0.00014088774,0.00038729457,-6.0863495,PSAX,PSAX,1.2473080158233643,PSAX,1.666114330291748,8.227318176068366e-05,PSAX,0,PSAX,
C000000024,VIS-021_SW_data_14-July-2026_10-55-16,0.9729999,0.018933069,0.0074791736,0.00058792264,3.9343088,PLAX,PLAX,1.7667255401611328,PLAX,1.4752925634384155,0.9998455047607422,PLAX,4,PLAX,
C000000024,VIS-021_SW_data_14-July-2026_10-56-18,0.99471164,0.004784267,0.00042960228,7.4632975e-05,5.3165345,PLAX,PLAX,1.5980799198150635,PLAX,1.7525488138198853,0.9999401569366455,PLAX,4,PLAX,
C000000024,VIS-021_SW_data_14-July-2026_10-56-55,0.9930898,0.0061337342,0.00070038816,7.594394e-05,5.070946,PLAX,PLAX,1.7752103805541992,PLAX,1.7031230926513672,0.9999363422393799,PLAX,4,PLAX,
C000000024,VIS-021_SW_data_14-July-2026_10-57-50,0.92795825,0.06237778,0.009190808,0.00047326,2.6982834,PLAX,PLAX,1.0169479846954346,PLAX,1.4861438274383545,0.9997584223747253,PLAX,4,PLAX,
C000000024,VIS-021_SW_data_14-July-2026_10-58-27,0.97108,0.013856105,0.014948488,0.00011532966,4.2425947,PLAX,PLAX,1.6109766960144043,PLAX,1.7253416776657104,0.9999750852584839,PLAX,4,PLAX,
C000000024,VIS-021_SW_data_14-July-2026_11-00-39,0.98594224,0.013427043,0.0005563802,7.426278e-05,4.289008,PLAX,PLAX,1.6646097898483276,PLAX,1.7847628593444824,0.9998824596405029,PLAX,4,PLAX,
C000000024,VIS-021_SW_data_14-July-2026_11-01-58,0.021606866,0.9643139,0.0035538855,0.010525355,-3.7938921,PSAX,PSAX,1.3314839601516724,PSAX,1.1916155815124512,2.663747000042349e-05,PSAX,0,PSAX,
C000000024,VIS-021_SW_data_14-July-2026_11-02-31,0.027425451,0.95953715,0.00336937,0.00966802,-3.5514443,PSAX,PSAX,1.5188267230987549,PSAX,1.5939507484436035,4.5633732952410355e-05,PSAX,0,PSAX,
C000000024,VIS-021_SW_data_14-July-2026_11-03-09,0.008278189,0.9670153,0.0029692992,0.021737136,-4.748686,PSAX,PSAX,1.581913948059082,PSAX,1.546157956123352,2.0976272935513407e-05,PSAX,0,PSAX,
C000000024,VIS-021_SW_data_14-July-2026_11-04-05,0.0064846245,0.87031883,0.0023550284,0.12084147,-4.8842373,PSAX,PSAX,1.4900903701782227,PSAX,1.6378933191299438,1.6499088815180585e-05,PSAX,0,PSAX,
C000000024,VIS-021_SW_data_14-July-2026_11-05-06,0.009895404,0.9271812,0.0047921725,0.058131322,-4.5301313,PSAX,PSAX,1.4964096546173096,PSAX,1.6291534900665283,4.7359544623759575e-06,PSAX,0,PSAX,
C000000024,VIS-021_SW_data_14-July-2026_11-08-01,0.037345454,0.7610463,0.015224431,0.18638384,-3.0119402,PSAX,PSAX,1.3683444261550903,PSAX,1.260963797569275,1.4692226386614493e-06,PSAX,0,PSAX,
C000000024,VIS-021_SW_data_14-July-2026_11-09-07,0.010613861,0.8952556,0.0035598353,0.090570755,-4.425683,PSAX,PSAX,1.693199872970581,PSAX,1.720987319946289,9.389486876898445e-06,PSAX,0,PSAX,
C000000025,VIS-025_SW_data_21-July-2026_09-53-09,0.99450415,0.0051767663,0.00011744548,0.00020167473,5.2390313,PLAX,PLAX,1.8452242612838745,PLAX,1.6197288036346436,0.9989334940910339,PLAX,4,PLAX,
C000000025,VIS-025_SW_data_21-July-2026_09-53-59,0.9880459,0.011451719,0.00016076077,0.00034156546,4.4489965,PLAX,PLAX,1.8056833744049072,PLAX,1.6023229360580444,0.9980186223983765,PLAX,4,PLAX,
C000000025,VIS-025_SW_data_21-July-2026_09-54-43,0.9949934,0.0047312872,0.00011454253,0.00016068183,5.327724,PLAX,PLAX,1.9242409467697144,PLAX,1.4547228813171387,0.9987019300460815,PLAX,4,PLAX,
C000000025,VIS-025_SW_data_21-July-2026_09-55-24,0.99050933,0.009090835,0.00016761951,0.00023213279,4.6801133,PLAX,PLAX,1.9003620147705078,PLAX,1.5827970504760742,0.9990280866622925,PLAX,4,PLAX,
C000000025,VIS-025_SW_data_21-July-2026_09-55-57,0.9913973,0.008192938,0.0001528287,0.00025701683,4.783812,PLAX,PLAX,1.8819456100463867,PLAX,1.7055855989456177,0.9989960789680481,PLAX,4,PLAX,
C000000025,VIS-025_SW_data_21-July-2026_09-56-31,0.95992345,0.03944812,0.00035683997,0.00027160387,3.1894395,PLAX,PLAX,1.5162049531936646,PLAX,1.655559778213501,0.9985355138778687,PLAX,4,PLAX,
C000000025,VIS-025_SW_data_21-July-2026_09-57-31,0.010663455,0.9890834,0.00013769501,0.00011560683,-4.520723,PSAX,PSAX,0.7976216077804565,PSAX,0.503657341003418,0.00013491709250956774,PSAX,0,PSAX,
C000000025,VIS-025_SW_data_21-July-2026_09-58-27,0.015302323,0.9836517,0.0003554064,0.0006904248,-4.156855,PSAX,PSAX,1.2381632328033447,PSAX,0.8664098978042603,4.5780052460031584e-05,PSAX,0,PSAX,
C000000025,VIS-025_SW_data_21-July-2026_09-59-00,0.012052811,0.9875899,0.00014006777,0.00021729052,-4.3978086,PSAX,PSAX,1.0142440795898438,PSAX,0.8250784873962402,0.00027672931901179254,PSAX,0,PSAX,
C000000025,VIS-025_SW_data_21-July-2026_10-00-25,0.35454166,0.6328638,0.0012767868,0.011317598,-0.57930547,PSAX,PSAX,0.894352912902832,PSAX,1.5538859367370605,0.0034349390771239996,PSAX,0,PSAX,
C000000025,VIS-025_SW_data_21-July-2026_10-01-26,0.11860707,0.8718305,0.0006178908,0.008944446,-1.9940509,PSAX,PSAX,1.4526193141937256,PSAX,1.6504454612731934,0.0009648232953622937,PSAX,0,PSAX,
C000000025,VIS-025_SW_data_21-July-2026_10-02-24,0.023647413,0.97357637,0.00021804249,0.0025583229,-3.7136056,PSAX,PSAX,1.1032377481460571,PSAX,1.2942135334014893,0.00022908936080057174,PSAX,0,PSAX,
C000000025,VIS-025_SW_data_21-July-2026_10-03-03,0.07873486,0.9085949,0.0009773748,0.011692895,-2.4446542,PSAX,PSAX,1.5854482650756836,PSAX,1.4274532794952393,0.00034338378463871777,PSAX,0,PSAX,
C000000025,VIS-025_SW_data_21-July-2026_10-03-36,0.20278938,0.74855506,0.0018404893,0.04681497,-1.3056175,PSAX,PSAX,1.3747303485870361,PSAX,1.3776789903640747,0.002109786029905081,PSAX,0,PSAX,
C000000025,VIS-025_SW_data_21-July-2026_10-04-09,0.23516732,0.73105025,0.0014227303,0.032359656,-1.1338966,PSAX,PSAX,1.3926557302474976,PSAX,1.4158111810684204,0.008218732662498951,PSAX,0,PSAX,
C000000026,VIS-020_SW_data_14-July-2026_10-03-40,0.97634053,0.022926271,0.00011436429,0.0006188381,3.7472782,PLAX,PLAX,1.824508786201477,PLAX,1.5686758756637573,0.9996974468231201,PLAX,4,PLAX,
C000000026,VIS-020_SW_data_14-July-2026_10-04-27,0.9726061,0.02685555,0.000100386016,0.00043794018,3.585893,PLAX,PLAX,1.8450238704681396,PLAX,1.7657614946365356,0.9996926784515381,PLAX,4,PLAX,
C000000026,VIS-020_SW_data_14-July-2026_10-05-15,0.7256194,0.26604393,0.003739673,0.0045969994,1.0031261,PLAX,PSAX,0.3821813464164734,PLAX,1.3412431478500366,0.9736884236335754,PLAX,3,review,split vote
C000000026,VIS-020_SW_data_14-July-2026_10-06-14,0.9212554,0.07700251,0.0004276505,0.0013144908,2.48071,PLAX,PLAX,1.6352381706237793,PLAX,1.3170249462127686,0.9990231990814209,PLAX,4,PLAX,
C000000026,VIS-020_SW_data_14-July-2026_10-06-51,0.89995694,0.09887377,0.00026306979,0.0009061986,2.207603,PLAX,PLAX,1.736690640449524,PLAX,1.5075578689575195,0.9990295171737671,PLAX,4,PLAX,
C000000026,VIS-020_SW_data_14-July-2026_10-07-28,0.9662466,0.032711584,0.00013663502,0.0009053097,3.382741,PLAX,PLAX,1.831392526626587,PLAX,1.5407806634902954,0.999251663684845,PLAX,4,PLAX,
C000000026,VIS-020_SW_data_14-July-2026_10-08-20,0.05445639,0.92198473,0.001430429,0.022128377,-2.8274024,PSAX,PSAX,0.729277491569519,PSAX,1.2985515594482422,0.001327534206211567,PSAX,0,PSAX,
C000000026,VIS-020_SW_data_14-July-2026_10-09-33,0.07240691,0.8780305,0.006092328,0.043470353,-2.4941134,PSAX,PSAX,1.3161042928695679,PSAX,1.4332802295684814,0.0018200270133093,PSAX,0,PSAX,
C000000026,VIS-020_SW_data_14-July-2026_10-10-10,0.013505759,0.9750886,0.0013027963,0.010102807,-4.2721376,PSAX,PSAX,0.8654465675354004,PSAX,1.2833648920059204,0.0004925887915305793,PSAX,0,PSAX,
C000000026,VIS-020_SW_data_14-July-2026_10-10-49,0.0058103083,0.99048895,0.0007920551,0.0029086918,-5.1216016,PSAX,PSAX,0.23269803822040558,PSAX,1.4236537218093872,0.0001463806111132726,PSAX,0,PSAX,
C000000026,VIS-020_SW_data_14-July-2026_10-12-12,0.013897656,0.9684383,0.0023311696,0.015332726,-4.2368984,PSAX,PSAX,1.5071847438812256,PSAX,1.428987979888916,0.00013580718950834125,PSAX,0,PSAX,
C000000026,VIS-020_SW_data_14-July-2026_10-13-08,0.19516039,0.7134488,0.020438118,0.07095262,-1.2959169,PSAX,PSAX,1.128447413444519,PSAX,1.19541335105896,0.0017771738348528743,PSAX,0,PSAX,
C000000026,VIS-020_SW_data_14-July-2026_10-13-43,0.15475921,0.80413467,0.007814084,0.033291895,-1.6473747,PSAX,PSAX,1.2703382968902588,PSAX,1.6663975715637207,0.00018652199651114643,PSAX,0,PSAX,
C000000026,VIS-020_SW_data_14-July-2026_10-14-20,0.09616612,0.76459384,0.013079299,0.12616077,-2.072359,PSAX,PSAX,1.2673556804656982,PSAX,1.2768917083740234,5.420606157713337e-06,PSAX,0,PSAX,
C000000027,VIS-019_SW_data_14-July-2026_09-20-26,0.99695736,0.002925021,7.6668744e-05,4.0927138e-05,5.79789,PLAX,PLAX,1.9141467809677124,PLAX,1.7030843496322632,0.999754011631012,PLAX,4,PLAX,
C000000027,VIS-019_SW_data_14-July-2026_09-21-01,0.99864733,0.0012847147,3.806654e-05,2.9997755e-05,6.5810075,PLAX,PLAX,1.8427770137786865,PLAX,1.6902892589569092,0.9998407363891602,PLAX,4,PLAX,
C000000027,VIS-019_SW_data_14-July-2026_09-21-40,0.9942073,0.0055551785,0.00018198039,5.5634308e-05,5.169475,PLAX,PLAX,1.5019817352294922,PLAX,0.9768864512443542,0.9997747540473938,PLAX,4,PLAX,
C000000027,VIS-019_SW_data_14-July-2026_09-22-29,0.9917101,0.007776736,0.0003637673,0.00014935478,4.835618,PLAX,PLAX,1.436151385307312,PLAX,1.6060469150543213,0.9995948672294617,PLAX,4,PLAX,
C000000027,VIS-019_SW_data_14-July-2026_09-23-05,0.99940294,0.00055213756,1.125323e-05,3.3561497e-05,7.334758,PLAX,PLAX,1.4778774976730347,PLAX,1.5884809494018555,0.9998002648353577,PLAX,4,PLAX,
C000000027,VIS-019_SW_data_14-July-2026_09-24-01,0.9979457,0.0019452575,5.5775905e-05,5.319633e-05,6.1902757,PLAX,PLAX,1.6938743591308594,PLAX,0.8426065444946289,0.9995455145835876,PLAX,4,PLAX,
C000000027,VIS-019_SW_data_14-July-2026_09-26-08,0.0030472563,0.9962803,0.00013226557,0.00054022996,-5.757598,PSAX,PSAX,1.4838833808898926,PLAX,0.9070380926132202,3.481738531263545e-05,PSAX,1,review,split vote
C000000027,VIS-019_SW_data_14-July-2026_09-26-53,0.0015628352,0.9982637,7.356084e-05,9.983447e-05,-6.397594,PSAX,PSAX,1.6573151350021362,PLAX,0.602007269859314,9.381305426359177e-05,PSAX,1,review,split vote
C000000027,VIS-019_SW_data_14-July-2026_09-27-24,0.0011917083,0.9986754,6.0314396e-05,7.2609975e-05,-6.650564,PSAX,PSAX,1.4824960231781006,PLAX,1.0355815887451172,0.00019602802058216184,PSAX,1,review,split vote
C000000027,VIS-019_SW_data_14-July-2026_09-28-34,0.01598404,0.9835234,0.00017423958,0.0003182358,-4.1134157,PSAX,PSAX,1.3343790769577026,PSAX,1.8390705585479736,0.00030407795566134155,PSAX,0,PSAX,
C000000027,VIS-019_SW_data_14-July-2026_09-29-07,0.003692859,0.9960689,8.683737e-05,0.00015139769,-5.5707965,PSAX,PSAX,1.6552855968475342,PSAX,1.51137113571167,6.325247522909194e-05,PSAX,0,PSAX,
C000000027,VIS-019_SW_data_14-July-2026_09-29-48,0.002522168,0.9971546,0.000140161,0.00018310847,-5.9410048,PSAX,PSAX,1.6447030305862427,PSAX,1.8803298473358154,4.078280835528858e-05,PSAX,0,PSAX,
C000000027,VIS-019_SW_data_14-July-2026_09-30-41,0.03183792,0.96098447,0.0004244786,0.006753101,-3.4042683,PSAX,PSAX,1.1034945249557495,PSAX,1.6746068000793457,0.00019979484204668552,PSAX,0,PSAX,
C000000027,VIS-019_SW_data_14-July-2026_09-31-35,0.0024859002,0.9969278,0.00019823373,0.00038795735,-5.954705,PSAX,PSAX,1.2715175151824951,PSAX,1.722265362739563,5.4647975048283115e-05,PSAX,0,PSAX,
C000000028,VIS-018_SW_data_14-July-2026_08-30-41,0.9918613,0.006714415,7.4863674e-05,0.0013494586,4.980644,PLAX,PLAX,1.8906657695770264,PLAX,1.6330605745315552,0.9991559982299805,PLAX,4,PLAX,
C000000028,VIS-018_SW_data_14-July-2026_08-31-36,0.9955593,0.004159354,3.4524244e-05,0.00024673063,5.4542875,PLAX,PLAX,1.8587403297424316,PLAX,1.7313557863235474,0.9998551607131958,PLAX,4,PLAX,
C000000028,VIS-018_SW_data_14-July-2026_08-32-28,0.9979036,0.0018574396,2.5760683e-05,0.00021328095,6.2341194,PLAX,PLAX,1.763646125793457,PLAX,1.640450358390808,0.9998600482940674,PLAX,4,PLAX,
C000000028,VIS-018_SW_data_14-July-2026_08-34-06,0.94970757,0.049541064,0.00021874876,0.0005325642,2.951441,PLAX,PLAX,1.4358278512954712,PLAX,1.7973811626434326,0.9948103427886963,PLAX,4,PLAX,
C000000028,VIS-018_SW_data_14-July-2026_08-36-24,0.9870435,0.011676757,0.0001648054,0.0011151247,4.4286876,PLAX,PLAX,1.5932929515838623,PLAX,1.8338367938995361,0.9989720582962036,PLAX,4,PLAX,
C000000028,VIS-018_SW_data_14-July-2026_08-37-36,0.0010772158,0.9988058,7.557516e-05,4.1460637e-05,-6.7435083,PSAX,PSAX,0.3219583034515381,PSAX,0.611559271812439,9.854541713139042e-05,PSAX,0,PSAX,
C000000028,VIS-018_SW_data_14-July-2026_08-38-55,0.00093809085,0.9988638,0.00013399757,6.410977e-05,-6.869335,PSAX,PSAX,0.5273354053497314,PSAX,1.1149835586547852,0.00019856552535202354,PSAX,0,PSAX,
C000000028,VIS-018_SW_data_14-July-2026_08-40-35,0.028787162,0.9694853,0.0003649336,0.0013627048,-3.5134711,PSAX,PSAX,1.275357961654663,PLAX,0.9877688884735107,0.003136299317702651,PSAX,1,review,split vote
C000000028,VIS-018_SW_data_14-July-2026_08-41-28,0.15984875,0.8364508,0.0005252388,0.0031751771,-1.6544338,PSAX,PSAX,1.0789484977722168,PLAX,0.31627967953681946,0.030493270605802536,PSAX,1,review,split vote
C000000028,VIS-018_SW_data_14-July-2026_08-42-20,0.024535,0.97358525,0.0003051389,0.0015747321,-3.67692,PSAX,PSAX,1.6866586208343506,PSAX,1.414093255996704,0.0014124613953754306,PSAX,0,PSAX,
C000000028,VIS-018_SW_data_14-July-2026_08-43-02,0.08009747,0.91173506,0.000777576,0.007389986,-2.4309673,PSAX,PSAX,1.582169771194458,PSAX,1.5888464450836182,0.003321922617033124,PSAX,0,PSAX,
C000000028,VIS-018_SW_data_14-July-2026_08-44-25,0.003567466,0.99601823,0.00014079163,0.00027345863,-5.6043653,PSAX,PSAX,0.9504562616348267,PSAX,0.43958383798599243,0.00013573275646194816,PSAX,0,PSAX,
C000000028,VIS-018_SW_data_14-July-2026_08-45-18,0.023884868,0.97224414,0.00046150878,0.0034095226,-3.7022867,PSAX,PSAX,1.4637787342071533,PSAX,0.4565575122833252,0.0006041635060682893,PSAX,0,PSAX,
C000000028,VIS-018_SW_data_14-July-2026_08-46-32,0.3058396,0.677552,0.0009089262,0.015699495,-0.79524624,PSAX,PSAX,1.1082671880722046,PSAX,1.726148009300232,0.031347908079624176,PSAX,0,PSAX,
C000000028,VIS-018_SW_data_14-July-2026_08-47-04,0.4523684,0.52676404,0.0009735175,0.019893974,-0.1522246,PSAX,PSAX,0.8326600790023804,PSAX,1.7016444206237793,0.08628956228494644,PSAX,0,PSAX,
C000000028,VIS-018_SW_data_14-July-2026_08-47-38,0.3055867,0.66840047,0.0013678329,0.024645092,-0.7824765,PSAX,PSAX,1.13657546043396,PSAX,1.7173967361450195,0.017303669825196266,PSAX,0,PSAX,
C000000029,VIS-031_SW_data_24-July-2026_11-11-50,0.9977835,0.0021049,2.5609857e-05,8.60242e-05,6.1149545,PLAX,PLAX,1.8876017332077026,PLAX,0.9934384822845459,0.9998618364334106,PLAX,4,PLAX,
C000000029,VIS-031_SW_data_24-July-2026_11-13-37,0.9982847,0.0015420306,2.290574e-05,0.00015039918,6.4102054,PLAX,PLAX,1.8299860954284668,PLAX,0.9100832939147949,0.999885082244873,PLAX,4,PLAX,
C000000029,VIS-031_SW_data_24-July-2026_11-15-26,0.9988954,0.001037554,1.2440388e-05,5.4601864e-05,6.7778697,PLAX,PLAX,1.9032866954803467,PLAX,0.8053096532821655,0.9999765157699585,PLAX,4,PLAX,
C000000029,VIS-031_SW_data_24-July-2026_11-16-52,0.8693053,0.13033222,8.247586e-05,0.00028009067,1.8969556,PLAX,PLAX,1.0235167741775513,PLAX,0.8413680791854858,0.9985700845718384,PLAX,4,PLAX,
C000000029,VIS-031_SW_data_24-July-2026_11-17-56,0.99852,0.0013234637,1.4912987e-05,0.00014160607,6.5532813,PLAX,PLAX,1.8731305599212646,PLAX,0.7421956062316895,0.9999772310256958,PLAX,4,PLAX,
C000000029,VIS-031_SW_data_24-July-2026_11-19-14,0.0012139608,0.99830264,7.4555086e-05,0.0004089222,-6.6331105,PSAX,PSAX,1.6479721069335938,PLAX,0.8668113350868225,0.000510630605276674,PSAX,1,review,split vote
C000000029,VIS-031_SW_data_24-July-2026_11-19-50,0.0006254598,0.9992201,5.7328107e-05,9.7048374e-05,-7.228025,PSAX,PSAX,1.5571765899658203,PLAX,0.8717163801193237,0.0004956271150149405,PSAX,1,review,split vote
C000000029,VIS-031_SW_data_24-July-2026_11-20-40,0.017522067,0.9760601,0.00026716775,0.006150578,-4.014475,PSAX,PSAX,1.0259225368499756,PLAX,0.8196612596511841,0.0009726111311465502,PSAX,1,review,split vote
C000000029,VIS-031_SW_data_24-July-2026_11-21-17,0.001367131,0.99813294,9.587903e-05,0.00040413107,-6.522678,PSAX,PSAX,1.5960195064544678,PLAX,0.892701268196106,0.0003384469309821725,PSAX,1,review,split vote
C000000029,VIS-031_SW_data_24-July-2026_11-23-20,0.0009370098,0.998905,5.9540143e-05,9.836172e-05,-6.8704185,PSAX,PSAX,1.3234237432479858,PLAX,0.26247870922088623,0.0005637271679006517,PSAX,1,review,split vote
C000000029,VIS-031_SW_data_24-July-2026_11-24-40,0.0010392056,0.99869317,0.00013677802,0.00013091727,-6.776217,PSAX,PSAX,1.585604190826416,PSAX,0.7272872924804688,0.0009592047426849604,PSAX,0,PSAX,
C000000029,VIS-031_SW_data_24-July-2026_11-25-22,0.0009482455,0.99876755,0.00011877723,0.00016539985,-6.8595047,PSAX,PSAX,1.6657027006149292,PSAX,0.9916565418243408,0.0005977627588436007,PSAX,0,PSAX,
C000000029,VIS-031_SW_data_24-July-2026_11-26-20,0.0008238216,0.9989394,0.00014282664,9.4207644e-05,-6.9860306,PSAX,PSAX,1.5063838958740234,PSAX,1.8325936794281006,0.00012830844207201153,PSAX,0,PSAX,
C000000029,VIS-031_SW_data_24-July-2026_11-27-04,0.0005978899,0.9989196,0.00015991356,0.00032253074,-7.2664685,PSAX,PSAX,1.4798262119293213,PSAX,1.5436089038848877,3.016122900589835e-05,PSAX,0,PSAX,
C000000030,VIS-029_SW_data_24-July-2026_09-36-27,0.99381495,0.006043412,4.736443e-05,9.430271e-05,5.086272,PLAX,PLAX,1.9651545286178589,PLAX,1.3861218690872192,0.999875545501709,PLAX,4,PLAX,
C000000030,VIS-029_SW_data_24-July-2026_09-37-10,0.9903029,0.009525144,5.7920453e-05,0.00011408783,4.633733,PLAX,PLAX,1.9714192152023315,PLAX,1.4324333667755127,0.9997956156730652,PLAX,4,PLAX,
C000000030,VIS-029_SW_data_24-July-2026_09-38-43,0.9945491,0.0053026737,4.1989242e-05,0.00010616843,5.215496,PLAX,PLAX,1.9787098169326782,PLAX,1.870781421661377,0.9998434782028198,PLAX,4,PLAX,
C000000030,VIS-029_SW_data_24-July-2026_09-39-32,0.99023247,0.009611412,5.0991577e-05,0.00010503174,4.624739,PLAX,PLAX,1.948884129524231,PLAX,1.7520179748535156,0.9998377561569214,PLAX,4,PLAX,
C000000030,VIS-029_SW_data_24-July-2026_09-40-03,0.991927,0.007885819,4.588469e-05,0.00014122136,4.822083,PLAX,PLAX,1.9806976318359375,PLAX,1.3873708248138428,0.9997534155845642,PLAX,4,PLAX,
C000000030,VIS-029_SW_data_24-July-2026_09-40-37,0.99160045,0.00821807,5.0604023e-05,0.00013083016,4.780991,PLAX,PLAX,1.9828177690505981,PLAX,1.8254791498184204,0.9997411370277405,PLAX,4,PLAX,
C000000030,VIS-029_SW_data_24-July-2026_09-41-15,0.9849635,0.014756802,6.637568e-05,0.00021329918,4.1942487,PLAX,PLAX,1.9465446472167969,PLAX,1.4632941484451294,0.9996482133865356,PLAX,4,PLAX,
C000000030,VIS-029_SW_data_24-July-2026_09-44-24,0.0042805346,0.9941654,0.0001727292,0.0013812534,-5.4248333,PSAX,PSAX,1.1590337753295898,PSAX,0.9983306527137756,0.00045569389476440847,PSAX,0,PSAX,
C000000030,VIS-029_SW_data_24-July-2026_09-46-58,0.0028466855,0.99688447,0.00010183035,0.00016703407,-5.8240542,PSAX,PSAX,0.8421660661697388,PSAX,0.42362380027770996,0.0003195793542545289,PSAX,0,PSAX,
C000000030,VIS-029_SW_data_24-July-2026_09-48-09,0.0065972293,0.99293923,0.00014370367,0.00031983524,-4.9990764,PSAX,PSAX,1.0752809047698975,PSAX,0.7458238005638123,0.0005676123546436429,PSAX,0,PSAX,
C000000030,VIS-029_SW_data_24-July-2026_09-49-09,0.0014737608,0.99602735,0.00078208465,0.0017168609,-6.450407,PSAX,PSAX,1.6936430931091309,PSAX,1.497208595275879,4.998316944693215e-05,PSAX,0,PSAX,
C000000030,VIS-029_SW_data_24-July-2026_09-50-11,0.002379783,0.9936264,0.0010525972,0.0029412366,-5.993291,PSAX,PSAX,1.7531569004058838,PSAX,1.0854294300079346,7.831949915271252e-05,PSAX,0,PSAX,
C000000030,VIS-029_SW_data_24-July-2026_09-50-57,0.0022650342,0.99487823,0.0007722847,0.002084439,-6.0419283,PSAX,PSAX,1.715230941772461,PSAX,1.2277612686157227,0.00013146833225619048,PSAX,0,PSAX,
C000000030,VIS-029_SW_data_24-July-2026_09-51-29,0.0011137137,0.99737304,0.0007375987,0.00077572954,-6.71154,PSAX,PSAX,1.622395634651184,PSAX,1.0650895833969116,0.0001600127579877153,PSAX,0,PSAX,
C000000030,VIS-029_SW_data_24-July-2026_09-52-03,0.0018508018,0.9913595,0.0025399646,0.004249922,-6.2309375,PSAX,PSAX,1.6268692016601562,PSAX,1.3223075866699219,6.560149631695822e-05,PSAX,0,PSAX,
C000000030,VIS-029_SW_data_24-July-2026_09-52-38,0.0027650944,0.9917749,0.00077004876,0.00468984,-5.846996,PSAX,PSAX,1.5492827892303467,PSAX,1.125685214996338,9.565605432726443e-05,PSAX,0,PSAX,
C000000030,VIS-029_SW_data_24-July-2026_09-53-18,0.0029329918,0.9864786,0.001781458,0.00880686,-5.7846937,PSAX,PSAX,1.6070923805236816,PSAX,1.240128993988037,6.356163794407621e-05,PSAX,0,PSAX,
C000000031,VIS-032_SW_data_24-July-2026_11-57-06,0.9739846,0.023421962,0.0006666621,0.0019268212,3.7235637,PLAX,PLAX,1.6236882209777832,PLAX,0.9210870265960693,0.9979244470596313,PLAX,4,PLAX,
C000000031,VIS-032_SW_data_24-July-2026_11-58-23,0.9507268,0.039810862,0.001727947,0.007734416,3.1706834,PLAX,PLAX,1.4174950122833252,PLAX,1.6752820014953613,0.9984737038612366,PLAX,4,PLAX,
C000000031,VIS-032_SW_data_24-July-2026_11-59-33,0.9587562,0.032928076,0.0017783208,0.006537264,3.3683832,PLAX,PLAX,1.3912880420684814,PLAX,1.5326688289642334,0.9987612962722778,PLAX,4,PLAX,
C000000031,VIS-032_SW_data_24-July-2026_12-02-02,0.7508115,0.24564771,0.0016308156,0.0019098702,1.1169823,PLAX,PLAX,0.7964463233947754,PLAX,1.2166798114776611,0.9917919635772705,PLAX,4,PLAX,
C000000031,VIS-032_SW_data_24-July-2026_12-04-14,0.9705917,0.028745156,0.00028108736,0.0003820393,3.516067,PLAX,PLAX,1.543643832206726,PLAX,1.544075608253479,0.9998738765716553,PLAX,4,PLAX,
C000000031,VIS-032_SW_data_24-July-2026_12-04-54,0.9829827,0.016448118,0.00027582265,0.00029347072,4.0844207,PLAX,PLAX,1.5667592287063599,PLAX,1.6410735845565796,0.9999496936798096,PLAX,4,PLAX,
C000000031,VIS-032_SW_data_24-July-2026_12-06-09,0.02742581,0.9685458,0.0007152824,0.003313108,-3.5607748,PSAX,PSAX,1.1601035594940186,PSAX,0.1299467384815216,0.00037453771801665425,PSAX,0,PSAX,
C000000031,VIS-032_SW_data_24-July-2026_12-07-02,0.029632064,0.9675773,0.0006883677,0.002102366,-3.4826725,PSAX,PSAX,1.0738725662231445,PSAX,1.1874961853027344,0.0004742741002701223,PSAX,0,PSAX,
C000000031,VIS-032_SW_data_24-July-2026_12-07-40,0.080682546,0.8976306,0.0018504736,0.019836387,-2.408109,PSAX,PSAX,0.9276793003082275,PSAX,0.7517324686050415,8.980120037449524e-05,PSAX,0,PSAX,
C000000031,VIS-032_SW_data_24-July-2026_12-08-42,0.016027682,0.98167115,0.0012833006,0.0010178327,-4.1088214,PSAX,PSAX,1.2404255867004395,PSAX,1.1674607992172241,0.000647808366920799,PSAX,0,PSAX,
C000000031,VIS-032_SW_data_24-July-2026_12-09-14,0.020321785,0.97351336,0.0017218997,0.0044430452,-3.864412,PSAX,PSAX,1.3288445472717285,PSAX,1.5960521697998047,0.0003501864557620138,PSAX,0,PSAX,
C000000031,VIS-032_SW_data_24-July-2026_12-09-49,0.006713623,0.9918664,0.0008809018,0.00053919235,-4.9807653,PSAX,PSAX,0.5716911554336548,PSAX,1.426337480545044,0.00018777002696879208,PSAX,0,PSAX,
C000000031,VIS-032_SW_data_24-July-2026_12-10-22,0.022237798,0.97147965,0.0025343488,0.0037481608,-3.772643,PSAX,PSAX,1.4956636428833008,PSAX,1.5376609563827515,0.00026377421454526484,PSAX,0,PSAX,
C000000031,VIS-032_SW_data_24-July-2026_12-11-00,0.028774804,0.96285135,0.0016987401,0.0066751614,-3.5070336,PSAX,PSAX,1.2303481101989746,PSAX,0.7468880414962769,0.0026870511937886477,PSAX,0,PSAX,
C000000031,VIS-032_SW_data_24-July-2026_12-11-35,0.14886285,0.7600898,0.021415425,0.06963186,-1.6298712,PSAX,PSAX,1.0750863552093506,PSAX,0.8936840295791626,0.0008325958042405546,PSAX,0,PSAX,
C000000032,VIS-030_SW_data_24-July-2026_10-24-32,0.9459752,0.05268347,0.0012341191,0.00010725792,2.886124,PLAX,PLAX,1.339020848274231,PLAX,0.8686673641204834,0.9996504783630371,PLAX,4,PLAX,
C000000032,VIS-030_SW_data_24-July-2026_10-27-00,0.7641804,0.23242609,0.0031470906,0.00024631264,1.1899323,PLAX,PLAX,1.571587324142456,PSAX,0.29059597849845886,0.9861097931861877,PLAX,3,review,split vote
C000000032,VIS-030_SW_data_24-July-2026_10-29-36,0.83782935,0.16153699,0.0005301724,0.000103510174,1.6455808,PLAX,PLAX,0.9441460371017456,PSAX,1.0619639158248901,0.9995546936988831,PLAX,3,review,split vote
C000000032,VIS-030_SW_data_24-July-2026_10-31-56,0.91772556,0.016593164,0.065507986,0.00017328464,4.007008,PLAX,PLAX,1.499161720275879,PSAX,1.3284029960632324,0.9999929666519165,PLAX,3,review,split vote
C000000032,VIS-030_SW_data_24-July-2026_10-32-50,0.94853055,0.03425346,0.010919695,0.006296435,3.3183167,PLAX,PLAX,1.3435437679290771,PSAX,0.4164135754108429,0.9970191717147827,PLAX,3,review,split vote
C000000032,VIS-030_SW_data_24-July-2026_10-33-56,0.5570286,0.39780238,0.018599793,0.026569307,0.33658946,PLAX,PLAX,1.2549757957458496,PLAX,1.1762006282806396,0.18215233087539673,PSAX,3,review,split vote
C000000032,VIS-030_SW_data_24-July-2026_10-36-31,0.000932068,0.99832916,0.0006312455,0.00010737947,-6.8746185,PSAX,PSAX,1.5804201364517212,PSAX,0.6797084808349609,0.003026211867108941,PSAX,0,PSAX,
C000000032,VIS-030_SW_data_24-July-2026_10-37-09,0.0005338529,0.9988495,0.00056854746,4.8196263e-05,-7.362643,PSAX,PSAX,1.6227716207504272,PSAX,1.527428150177002,0.005759443622082472,PSAX,0,PSAX,
C000000032,VIS-030_SW_data_24-July-2026_10-37-38,0.00039020373,0.9990127,0.0005286931,6.846312e-05,-7.6198015,PSAX,PSAX,1.709687352180481,PSAX,1.5230381488800049,0.004531532526016235,PSAX,0,PSAX,
C000000032,VIS-030_SW_data_24-July-2026_10-38-12,0.0006169107,0.9989482,0.0003301355,0.000104676124,-7.239607,PSAX,PSAX,1.7847254276275635,PSAX,0.8717818260192871,0.003302160184830427,PSAX,0,PSAX,
C000000032,VIS-030_SW_data_24-July-2026_10-38-47,0.0006757364,0.9988066,0.00026441252,0.000253185,-7.160604,PSAX,PSAX,1.7463135719299316,PSAX,0.43946945667266846,0.0012057556305080652,PSAX,0,PSAX,
C000000032,VIS-030_SW_data_24-July-2026_10-39-16,0.0007481599,0.9986562,0.0003499572,0.00024574666,-7.071197,PSAX,PSAX,1.8339110612869263,PSAX,0.031749069690704346,0.0009328039595857263,PSAX,0,PSAX,
C000000032,VIS-030_SW_data_24-July-2026_10-39-58,0.00063784554,0.9985436,0.00047421025,0.0003442694,-7.210419,PSAX,PSAX,1.761448860168457,PLAX,1.3953256607055664,0.0008704432402737439,PSAX,1,review,split vote
C000000032,VIS-030_SW_data_24-July-2026_10-40-31,0.0011806312,0.9973588,0.0004898291,0.0009706701,-6.657858,PSAX,PSAX,1.5648646354675293,PLAX,1.5536586046218872,0.000748921709600836,PSAX,1,review,split vote
C000000032,VIS-030_SW_data_24-July-2026_10-41-17,0.000923352,0.99778587,0.0009520176,0.00033871544,-6.8825555,PSAX,PSAX,1.4387675523757935,PLAX,1.7075875997543335,0.0004639215476345271,PSAX,1,review,split vote
C000000032,VIS-030_SW_data_24-July-2026_10-41-45,0.0016221795,0.9970727,0.0006937753,0.00061134505,-6.3613334,PSAX,PSAX,1.3085615634918213,PLAX,1.5139126777648926,0.0006265264237299562,PSAX,1,review,split vote
C000000033,VIS-028_SW_data_24-July-2026_08-43-33,0.17667621,0.8221046,0.0008031328,0.00041604738,-1.5371047,PSAX,PSAX,0.8603502511978149,PLAX,1.118199110031128,0.6497305035591125,PLAX,2,review,split vote
C000000033,VIS-028_SW_data_24-July-2026_08-45-28,0.82957506,0.1636646,0.00045047194,0.0063098897,1.6226041,PLAX,PSAX,1.62809157371521,PLAX,1.7945458889007568,0.9996817111968994,PLAX,3,review,split vote
C000000033,VIS-028_SW_data_24-July-2026_08-45-58,0.25923377,0.7385883,0.00029782506,0.0018801173,-1.0467602,PSAX,PSAX,1.768305778503418,PLAX,1.628160834312439,0.9866331815719604,PLAX,2,review,split vote
C000000033,VIS-028_SW_data_24-July-2026_08-46-47,0.5939992,0.40008342,0.00062105845,0.0052964087,0.39512336,PLAX,PSAX,1.3993477821350098,PLAX,1.7641466856002808,0.9986655712127686,PLAX,3,review,split vote
C000000033,VIS-028_SW_data_24-July-2026_08-47-28,0.7661625,0.2266642,0.00041478133,0.0067584263,1.217614,PLAX,PSAX,1.6587575674057007,PLAX,1.6622834205627441,0.9993651509284973,PLAX,3,review,split vote
C000000033,VIS-028_SW_data_24-July-2026_08-48-22,0.7210763,0.2739359,0.00033820182,0.004649517,0.96762455,PLAX,PSAX,1.5578891038894653,PLAX,1.6865100860595703,0.9987962245941162,PLAX,3,review,split vote
C000000033,VIS-028_SW_data_24-July-2026_08-48-57,0.49215665,0.50457984,0.00083147484,0.0024319896,-0.0249241,PSAX,PSAX,0.8317123055458069,PSAX,0.08436675369739532,0.9599927663803101,PLAX,1,review,split vote
C000000033,VIS-028_SW_data_24-July-2026_08-50-00,0.0028899661,0.99616075,0.00036129667,0.0005879155,-5.8087473,PSAX,PSAX,0.8543959856033325,PSAX,0.986186146736145,0.0039168731309473515,PSAX,0,PSAX,
C000000033,VIS-028_SW_data_24-July-2026_08-50-33,0.0020794189,0.99740183,0.00034372555,0.00017496635,-6.1261954,PSAX,PSAX,1.086168885231018,PSAX,0.7269070744514465,0.00758329639211297,PSAX,0,PSAX,
C000000033,VIS-028_SW_data_24-July-2026_08-51-05,0.0014667227,0.9979711,0.0003918736,0.00017021265,-6.4568386,PSAX,PSAX,0.9059107303619385,PSAX,0.3547964096069336,0.00840922724455595,PSAX,0,PSAX,
C000000033,VIS-028_SW_data_24-July-2026_08-51-37,0.0025128035,0.99656606,0.000620879,0.0003002167,-5.943992,PSAX,PSAX,0.27869632840156555,PSAX,0.4405316114425659,0.0023842190857976675,PSAX,0,PSAX,
C000000033,VIS-028_SW_data_24-July-2026_08-52-16,0.021201368,0.9735637,0.0016903989,0.0035444861,-3.8222947,PSAX,PLAX,1.793642520904541,PSAX,1.3039659261703491,0.0007280326681211591,PSAX,1,review,split vote
C000000033,VIS-028_SW_data_24-July-2026_08-52-53,0.011881951,0.98167163,0.0042594518,0.0021868544,-4.405957,PSAX,PLAX,1.3983263969421387,PSAX,0.888609766960144,0.0011376651236787438,PSAX,1,review,split vote
C000000033,VIS-028_SW_data_24-July-2026_08-53-24,0.01759834,0.9740547,0.0045408197,0.0038061475,-4.0080996,PSAX,PLAX,1.6860196590423584,PSAX,1.1192264556884766,0.00031033848063088953,PSAX,1,review,split vote
C000000033,VIS-028_SW_data_24-July-2026_08-53-58,0.06507791,0.9223586,0.0061946525,0.006368821,-2.649922,PSAX,PLAX,1.8266620635986328,PSAX,1.5845036506652832,0.00041727416100911796,PSAX,1,review,split vote
C000000033,VIS-028_SW_data_24-July-2026_08-54-29,0.031954046,0.94652,0.0022764867,0.019249467,-3.3854742,PSAX,PLAX,1.6920316219329834,PSAX,1.4662699699401855,0.00033253515721298754,PSAX,1,review,split vote
C000000033,VIS-028_SW_data_24-July-2026_08-55-00,0.02820205,0.95199984,0.0040102405,0.015787894,-3.5157356,PSAX,PLAX,1.7400916814804077,PSAX,1.054807186126709,0.00039324612589553,PSAX,1,review,split vote
C000000034,VIS-045_SW_data_07-August-2026_11-42-13,0.35467446,0.24913523,0.039980203,0.35621,0.35308504,PLAX,PLAX,0.7935700416564941,PLAX,1.749921441078186,0.6638918519020081,PLAX,4,PLAX,
C000000034,VIS-045_SW_data_07-August-2026_11-42-57,0.4496916,0.29200557,0.006747125,0.2515557,0.43166912,PLAX,PLAX,1.723333716392517,PLAX,1.8202797174453735,0.9952608942985535,PLAX,4,PLAX,
C000000034,VIS-045_SW_data_07-August-2026_11-43-35,0.20887,0.7262193,0.003258475,0.06165228,-1.2457991,PSAX,PLAX,1.3300857543945312,PLAX,1.876802921295166,0.97450190782547,PLAX,3,review,split vote
C000000034,VIS-045_SW_data_07-August-2026_11-44-37,0.18980256,0.7125821,0.0045012664,0.09311415,-1.3225243,PSAX,PLAX,1.2580702304840088,PLAX,1.8883821964263916,0.8313233852386475,PLAX,3,review,split vote
C000000034,VIS-045_SW_data_07-August-2026_11-45-17,0.29482663,0.56627077,0.0051704836,0.13373199,-0.6525224,PSAX,PLAX,1.7462496757507324,PLAX,1.9423173666000366,0.9789059162139893,PLAX,3,review,split vote
C000000034,VIS-045_SW_data_07-August-2026_11-47-02,0.061336055,0.87802964,0.015327141,0.045307226,-2.6597974,PSAX,PSAX,1.3424434661865234,PSAX,1.3774992227554321,0.003349594073370099,PSAX,0,PSAX,
C000000034,VIS-045_SW_data_07-August-2026_11-47-37,0.107221134,0.72661716,0.02234496,0.1438168,-1.9127119,PSAX,PSAX,1.2338364124298096,PSAX,1.744933843612671,0.00546419620513916,PSAX,0,PSAX,
C000000034,VIS-045_SW_data_07-August-2026_11-48-26,0.052203123,0.7721336,0.017647998,0.15801531,-2.692231,PSAX,PSAX,0.6054573059082031,PSAX,1.4279181957244873,0.0021422032732516527,PSAX,0,PSAX,
C000000034,VIS-045_SW_data_07-August-2026_11-50-06,0.062158093,0.9151832,0.018376365,0.0042822678,-2.687945,PSAX,PSAX,0.4715840816497803,PSAX,1.3611949682235718,0.16173599660396576,PSAX,0,PSAX,
C000000034,VIS-045_SW_data_07-August-2026_11-51-08,0.034401044,0.91296965,0.0034339163,0.04919541,-3.2758226,PSAX,PSAX,0.8025838136672974,PSAX,1.337519884109497,0.007442019414156675,PSAX,0,PSAX,
C000000034,VIS-045_SW_data_07-August-2026_11-51-45,0.11169049,0.85492826,0.015412178,0.017969048,-2.034508,PSAX,PSAX,1.1943901777267456,PSAX,0.7205942869186401,0.03779366984963417,PSAX,0,PSAX,
C000000034,VIS-045_SW_data_07-August-2026_11-52-19,0.08286449,0.87248707,0.0135737285,0.031074705,-2.3530495,PSAX,PSAX,0.8270634412765503,PSAX,1.726855754852295,0.009245705790817738,PSAX,0,PSAX,
C000000034,VIS-045_SW_data_07-August-2026_11-53-10,0.16239938,0.7555772,0.013691878,0.06833153,-1.5369401,PSAX,PSAX,1.130873680114746,PSAX,0.6619420051574707,0.024173492565751076,PSAX,0,PSAX,
C000000034,VIS-045_SW_data_07-August-2026_11-53-50,0.06990812,0.8742555,0.014284067,0.04155226,-2.5248756,PSAX,PSAX,1.2202833890914917,PSAX,1.616636872291565,0.0038970450405031443,PSAX,0,PSAX,
C000000035,VIS-044_SW_data_07-August-2026_10-54-57,0.19422887,0.78777623,0.005764886,0.0122301085,-1.3997891,PSAX,PLAX,1.423039197921753,PLAX,1.2195662260055542,0.520390510559082,PLAX,3,review,split vote
C000000035,VIS-044_SW_data_07-August-2026_10-55-40,0.5488723,0.43080264,0.0039490955,0.016375797,0.2421658,PLAX,PLAX,1.7493929862976074,PLAX,1.2623034715652466,0.9580758213996887,PLAX,4,PLAX,
C000000035,VIS-044_SW_data_07-August-2026_10-56-15,0.54090655,0.4415914,0.0030614254,0.014440537,0.20281994,PLAX,PLAX,1.56715989112854,PLAX,1.7007158994674683,0.9702263474464417,PLAX,4,PLAX,
C000000035,VIS-044_SW_data_07-August-2026_10-57-54,0.2001149,0.7220304,0.0058474694,0.07200724,-1.2828145,PSAX,PLAX,1.3260666131973267,PLAX,1.082967758178711,0.44408437609672546,PSAX,2,review,split vote
C000000035,VIS-044_SW_data_07-August-2026_10-58-42,0.17878553,0.7660772,0.0057070064,0.049430158,-1.4546673,PSAX,PLAX,1.696352481842041,PLAX,1.1271600723266602,0.24787741899490356,PSAX,2,review,split vote
C000000035,VIS-044_SW_data_07-August-2026_10-59-23,0.25949195,0.71100676,0.00299926,0.026502036,-1.0077118,PSAX,PLAX,1.5621511936187744,PLAX,0.720105767250061,0.8403584957122803,PLAX,3,review,split vote
C000000035,VIS-044_SW_data_07-August-2026_11-00-32,0.039419618,0.61807925,0.01914009,0.32336104,-2.7499812,PSAX,PSAX,1.392714262008667,PSAX,1.258439302444458,0.00029286116478033364,PSAX,0,PSAX,
C000000035,VIS-044_SW_data_07-August-2026_11-01-12,0.03504674,0.87316716,0.029056001,0.06273018,-3.2127097,PSAX,PSAX,0.8175879716873169,PSAX,0.49215972423553467,0.0009032143861986697,PSAX,0,PSAX,
C000000035,VIS-044_SW_data_07-August-2026_11-02-38,0.047469582,0.30463862,0.0077950517,0.6400968,-1.857261,PSAX,PSAX,1.50264310836792,PSAX,0.8797812461853027,0.057884298264980316,PSAX,0,review,other?
C000000035,VIS-044_SW_data_07-August-2026_11-03-27,0.034539036,0.083364114,0.0032975068,0.8787993,-0.87943554,PSAX,PSAX,1.3322199583053589,PSAX,0.8361464142799377,0.44970449805259705,PSAX,0,review,other?
C000000035,VIS-044_SW_data_07-August-2026_11-05-46,0.046342097,0.2812726,0.00741502,0.6649702,-1.8014733,PSAX,PSAX,1.5008283853530884,PSAX,1.4711412191390991,0.03436048701405525,PSAX,0,review,other?
C000000035,VIS-044_SW_data_07-August-2026_11-06-26,0.07498404,0.15229475,0.010703255,0.76201814,-0.7078663,PSAX,PSAX,1.522482991218567,PSAX,0.3503243923187256,0.1874092072248459,PSAX,0,review,other?
C000000035,VIS-044_SW_data_07-August-2026_11-07-01,0.03878163,0.9193761,0.018324511,0.023517769,-3.1632822,PSAX,PSAX,0.3595059812068939,PSAX,0.4321194887161255,0.004240145441144705,PSAX,0,PSAX,
C000000035,VIS-044_SW_data_07-August-2026_11-07-37,0.081509344,0.8547684,0.00531298,0.05840929,-2.3490038,PSAX,PSAX,0.6226239204406738,PSAX,1.2691693305969238,0.01399718876928091,PSAX,0,PSAX,
C000000036,VIS-043_SW_data_07-August-2026_10-03-38,0.9488146,0.050624333,0.00033793287,0.00022326747,2.9289129,PLAX,PLAX,1.4120748043060303,PLAX,1.6462500095367432,0.9998475313186646,PLAX,4,PLAX,
C000000036,VIS-043_SW_data_07-August-2026_10-04-23,0.8753837,0.12006058,0.0010688468,0.0034869625,1.9859475,PLAX,PLAX,1.4581222534179688,PLAX,1.581690788269043,0.9990816116333008,PLAX,4,PLAX,
C000000036,VIS-043_SW_data_07-August-2026_10-05-09,0.66934794,0.10605251,0.0076928115,0.2169067,1.8415766,PLAX,PLAX,0.8664725422859192,PLAX,0.7736122608184814,0.7112551927566528,PLAX,4,PLAX,
C000000036,VIS-043_SW_data_07-August-2026_10-06-37,0.9614954,0.03727526,0.00017719725,0.0010521258,3.2475848,PLAX,PLAX,1.3370249271392822,PLAX,1.4233057498931885,0.9998472929000854,PLAX,4,PLAX,
C000000036,VIS-043_SW_data_07-August-2026_10-09-01,0.96838325,0.030838726,0.0003041335,0.0004740518,3.4437225,PLAX,PLAX,1.2641593217849731,PLAX,1.3778021335601807,0.9995772242546082,PLAX,4,PLAX,
C000000036,VIS-043_SW_data_07-August-2026_10-09-35,0.9755868,0.023889769,0.0003368382,0.00018655018,3.7055142,PLAX,PLAX,0.9451687932014465,PLAX,0.19601257145404816,0.9987842440605164,PLAX,4,PLAX,
C000000036,VIS-043_SW_data_07-August-2026_10-10-13,0.9424029,0.057072654,0.00036071075,0.00016360387,2.8024633,PLAX,PLAX,1.0231821537017822,PLAX,1.0951858758926392,0.9985290765762329,PLAX,4,PLAX,
C000000036,VIS-043_SW_data_07-August-2026_10-12-02,0.001478438,0.99816126,0.0002301706,0.00013002842,-6.4495792,PSAX,PSAX,1.5656899213790894,PSAX,0.39815187454223633,0.0008809863938950002,PSAX,0,PSAX,
C000000036,VIS-043_SW_data_07-August-2026_10-12-48,0.00058807764,0.99921834,0.00013325666,6.0386345e-05,-7.280927,PSAX,PSAX,1.46987783908844,PSAX,1.0211631059646606,0.0004234186781104654,PSAX,0,PSAX,
C000000036,VIS-043_SW_data_07-August-2026_10-14-49,0.0016168853,0.99795276,0.0002125972,0.00021796385,-6.3652945,PSAX,PSAX,1.610944151878357,PSAX,0.6627659797668457,0.0004131906316615641,PSAX,0,PSAX,
C000000036,VIS-043_SW_data_07-August-2026_10-15-37,0.0027382693,0.9968725,0.00021279477,0.00017650427,-5.8615284,PSAX,PSAX,1.5175453424453735,PSAX,1.1392474174499512,0.00011516891390783712,PSAX,0,PSAX,
C000000036,VIS-043_SW_data_07-August-2026_10-16-28,0.0026515312,0.9964621,0.00036036072,0.0005258553,-5.892154,PSAX,PSAX,1.7200837135314941,PSAX,1.2618169784545898,8.647275535622612e-05,PSAX,0,PSAX,
C000000036,VIS-043_SW_data_07-August-2026_10-17-06,0.0023234265,0.99666804,0.0004719259,0.00053673075,-6.0193357,PSAX,PSAX,1.550288200378418,PSAX,1.2863821983337402,0.0002540156419854611,PSAX,0,PSAX,
C000000036,VIS-043_SW_data_07-August-2026_10-17-40,0.002618049,0.9960164,0.00052334624,0.0008422447,-5.9039497,PSAX,PSAX,1.6431546211242676,PSAX,1.168278694152832,0.00024631948326714337,PSAX,0,PSAX,
C000000036,VIS-043_SW_data_07-August-2026_10-18-17,0.0023397016,0.99669623,0.0002407209,0.00072320504,-6.0126705,PSAX,PSAX,1.6128047704696655,PSAX,0.8607180118560791,0.00039004089194349945,PSAX,0,PSAX,
C000000036,VIS-043_SW_data_07-August-2026_10-19-00,0.022762777,0.8802125,0.0012122698,0.095812425,-3.6507668,PSAX,PLAX,0.2527865171432495,PSAX,0.5998572111129761,7.896638999227434e-05,PSAX,1,review,split vote
C000000037,VIS-042_SW_data_07-August-2026_08-39-39,0.98984027,0.006286286,0.000241426,0.003632112,5.043492,PLAX,PSAX,1.4186936616897583,PLAX,0.18345066905021667,0.99998939037323,PLAX,3,review,split vote
C000000037,VIS-042_SW_data_07-August-2026_08-40-25,0.94344085,0.048168298,0.00081029214,0.007580691,2.9728649,PLAX,PSAX,0.9839248061180115,PLAX,1.087449073791504,0.9997486472129822,PLAX,3,review,split vote
C000000037,VIS-042_SW_data_07-August-2026_08-41-13,0.92814827,0.06704923,0.000524948,0.0042774742,2.6263819,PLAX,PSAX,1.069612979888916,PLAX,0.36058783531188965,0.9999382495880127,PLAX,3,review,split vote
C000000037,VIS-042_SW_data_07-August-2026_08-42-03,0.84098685,0.13880084,0.003201768,0.017010547,1.8009347,PLAX,PLAX,1.086036205291748,PLAX,1.6204947233200073,0.9950567483901978,PLAX,4,PLAX,
C000000037,VIS-042_SW_data_07-August-2026_08-42-34,0.83948994,0.14458808,0.0046187625,0.011303242,1.7583333,PLAX,PLAX,1.2329816818237305,PLAX,0.9213827848434448,0.9987664222717285,PLAX,4,PLAX,
C000000037,VIS-042_SW_data_07-August-2026_08-43-07,0.84982413,0.13514291,0.0014370925,0.013595751,1.8380747,PLAX,PSAX,0.04905678331851959,PLAX,1.5600230693817139,0.996269941329956,PLAX,3,review,split vote
C000000037,VIS-042_SW_data_07-August-2026_08-45-29,0.0069134715,0.98907536,0.0029822625,0.0010288145,-4.9490385,PSAX,PSAX,0.5465245842933655,PSAX,1.7015101909637451,0.0014128576731309295,PSAX,0,PSAX,
C000000037,VIS-042_SW_data_07-August-2026_08-47-33,0.011824458,0.96759087,0.019469677,0.0011150338,-4.3963213,PSAX,PLAX,0.9316712617874146,PSAX,1.402917504310608,0.0039044544100761414,PSAX,1,review,split vote
C000000037,VIS-042_SW_data_07-August-2026_08-48-43,0.00082403264,0.99865544,0.00040855937,0.000111980866,-6.9855175,PSAX,PSAX,1.6880154609680176,PSAX,1.285539150238037,0.0037346412427723408,PSAX,0,PSAX,
C000000037,VIS-042_SW_data_07-August-2026_08-49-49,0.00067675876,0.9989995,0.00024673974,7.70245e-05,-7.15948,PSAX,PSAX,1.6683130264282227,PSAX,1.533876895904541,0.007856319658458233,PSAX,0,PSAX,
C000000037,VIS-042_SW_data_07-August-2026_08-50-50,0.0018944133,0.98854876,0.009294962,0.00026177833,-6.2059894,PSAX,PSAX,0.5765526294708252,PSAX,1.574162483215332,0.015569264069199562,PSAX,0,PSAX,
C000000037,VIS-042_SW_data_07-August-2026_08-51-24,0.014435363,0.8007556,0.035296082,0.14951298,-4.009096,PSAX,PLAX,1.4546542167663574,PSAX,0.5613589286804199,6.071819007047452e-05,PSAX,1,review,split vote
C000000037,VIS-042_SW_data_07-August-2026_08-52-28,0.00824624,0.9684371,0.02079771,0.002519008,-4.7539754,PSAX,PLAX,1.1157243251800537,PSAX,1.7890887260437012,0.0007463041692972183,PSAX,1,review,split vote
C000000037,VIS-042_SW_data_07-August-2026_08-53-41,0.0027403005,0.9965927,0.00042350485,0.00024356355,-5.8605328,PSAX,PSAX,1.6148827075958252,PSAX,1.2874376773834229,0.0029923864640295506,PSAX,0,PSAX,
C000000037,VIS-042_SW_data_07-August-2026_08-54-43,0.019156788,0.9789256,0.0005331597,0.0013844958,-3.928694,PSAX,PSAX,0.8429538607597351,PLAX,0.350630521774292,0.01055101677775383,PSAX,1,review,split vote
C000000037,VIS-042_SW_data_07-August-2026_08-56-11,0.072685465,0.91371787,0.002642268,0.010954319,-2.5301151,PSAX,PLAX,1.046399712562561,PLAX,1.3291290998458862,0.01108041312545538,PSAX,2,review,split vote
C000000037,VIS-042_SW_data_07-August-2026_08-57-51,0.006407245,0.9925933,0.0004819662,0.0005176035,-5.0275054,PSAX,PSAX,1.147436261177063,PLAX,0.23613446950912476,0.004968257155269384,PSAX,1,review,split vote
C000000037,VIS-042_SW_data_07-August-2026_08-58-54,0.029494807,0.9588324,0.0014603036,0.010212433,-3.4782217,PSAX,PLAX,1.0235321521759033,PLAX,0.9582935571670532,0.001851712237112224,PSAX,2,review,split vote
C000000037,VIS-042_SW_data_07-August-2026_08-59-32,0.030947804,0.9538992,0.0010699921,0.014082919,-3.4251347,PSAX,PLAX,0.517909824848175,PLAX,1.107358455657959,0.007273195311427116,PSAX,2,review,split vote
C000000037,VIS-042_SW_data_07-August-2026_09-00-06,0.04327356,0.9501177,0.0012984474,0.0053103175,-3.0868409,PSAX,PLAX,0.5634433031082153,PLAX,0.7294878959655762,0.012540820986032486,PSAX,2,review,split vote
C000000038,VIS-041_SW_data_04-August-2026_12-28-28,0.11841975,0.6154225,0.0052463543,0.26091138,-1.6473918,PSAX,PSAX,1.5135340690612793,PSAX,1.0227323770523071,0.2543033957481384,PSAX,0,PSAX,
C000000038,VIS-041_SW_data_04-August-2026_12-29-03,0.14148669,0.5115554,0.0058307,0.34112722,-1.284739,PSAX,PSAX,1.8669346570968628,PSAX,1.580682635307312,0.3764384090900421,PSAX,0,PSAX,
C000000038,VIS-041_SW_data_04-August-2026_12-29-40,0.120009236,0.5717625,0.005302497,0.3029257,-1.5604968,PSAX,PSAX,1.6642978191375732,PSAX,1.5666316747665405,0.2955067753791809,PSAX,0,PSAX,
C000000038,VIS-041_SW_data_04-August-2026_12-30-31,0.19378805,0.5857427,0.009782422,0.21068682,-1.1057703,PSAX,PSAX,1.7216989994049072,PSAX,1.5227607488632202,0.2888553738594055,PSAX,0,PSAX,
C000000038,VIS-041_SW_data_04-August-2026_12-31-04,0.15744668,0.65490216,0.007124531,0.18052658,-1.4249167,PSAX,PSAX,1.4564471244812012,PSAX,1.540002465248108,0.31772851943969727,PSAX,0,PSAX,
C000000038,VIS-041_SW_data_04-August-2026_12-31-47,0.13015597,0.39187482,0.017391508,0.4605777,-1.101696,PSAX,PSAX,0.9399353265762329,PSAX,0.8651773929595947,0.0736263319849968,PSAX,0,PSAX,
C000000038,VIS-041_SW_data_04-August-2026_12-42-06,0.003732932,0.00803173,0.0006053787,0.9876298,-0.7521434,PSAX,PLAX,1.636130928993225,PLAX,1.306541919708252,0.1337987780570984,PSAX,2,review,other?
C000000038,VIS-041_SW_data_04-August-2026_12-42-56,0.13287307,0.18351336,0.015506331,0.6681073,-0.3226856,PSAX,PLAX,1.158384084701538,PLAX,1.5792663097381592,0.049314647912979126,PSAX,2,review,other?
C000000038,VIS-041_SW_data_04-August-2026_12-43-38,0.04709936,0.09403117,0.0064503234,0.8524191,-0.69030905,PSAX,PLAX,1.9256319999694824,PLAX,1.5065008401870728,0.05399893969297409,PSAX,2,review,other?
C000000038,VIS-041_SW_data_04-August-2026_12-44-12,0.024936158,0.10655882,0.0024584446,0.8660466,-1.4493141,PSAX,PLAX,1.8963615894317627,PLAX,1.6300456523895264,0.01849929429590702,PSAX,2,review,other?
C000000039,VIS-040_SW_data_04-August-2026_11-46-05,0.84691197,0.13446972,0.0054839347,0.013134437,1.8396325,PLAX,PLAX,1.4707213640213013,PLAX,1.065126657485962,0.9550582766532898,PLAX,4,PLAX,
C000000039,VIS-040_SW_data_04-August-2026_11-50-50,0.73760086,0.22110035,0.0023702108,0.038928505,1.2044696,PLAX,PLAX,1.4279992580413818,PLAX,1.4531316757202148,0.9795653820037842,PLAX,4,PLAX,
C000000039,VIS-040_SW_data_04-August-2026_11-53-08,0.9407936,0.052693583,0.0020480524,0.0044648508,2.8804405,PLAX,PLAX,1.7582659721374512,PLAX,1.752112627029419,0.9996079802513123,PLAX,4,PLAX,
C000000039,VIS-040_SW_data_04-August-2026_11-53-57,0.98085046,0.017832523,0.00025733322,0.0010596532,4.001906,PLAX,PLAX,1.7055084705352783,PLAX,1.782779335975647,0.9999738931655884,PLAX,4,PLAX,
C000000039,VIS-040_SW_data_04-August-2026_11-54-42,0.9464138,0.046278697,0.0048215566,0.002485955,3.0159452,PLAX,PLAX,1.498691439628601,PLAX,1.6285886764526367,0.9999476671218872,PLAX,4,PLAX,
C000000039,VIS-040_SW_data_04-August-2026_11-55-30,0.16016841,0.79490197,0.0063363984,0.038593236,-1.6014947,PSAX,PSAX,0.780846893787384,PSAX,1.3064326047897339,0.0024624355137348175,PSAX,0,PSAX,
C000000039,VIS-040_SW_data_04-August-2026_11-56-23,0.07254502,0.7215074,0.01229924,0.19364835,-2.2958963,PSAX,PSAX,1.7085901498794556,PSAX,1.6400076150894165,4.575901766656898e-05,PSAX,0,PSAX,
C000000039,VIS-040_SW_data_04-August-2026_11-57-05,0.5154978,0.42606705,0.006195338,0.05223985,0.19049561,PLAX,PLAX,0.8899247646331787,PSAX,1.5036240816116333,0.21356207132339478,PSAX,2,review,split vote
C000000039,VIS-040_SW_data_04-August-2026_11-57-49,0.21413502,0.32621795,0.04894954,0.41069737,-0.42079854,PSAX,PSAX,1.6818405389785767,PSAX,1.7688262462615967,0.00029648494091816247,PSAX,0,PSAX,
C000000039,VIS-040_SW_data_04-August-2026_11-58-46,0.32045949,0.54226327,0.02203955,0.115237795,-0.5258682,PSAX,PSAX,1.2517973184585571,PSAX,1.8296338319778442,0.0019781356677412987,PSAX,0,PSAX,
C000000039,VIS-040_SW_data_04-August-2026_11-59-19,0.094440155,0.79192686,0.012305583,0.101327375,-2.1255705,PSAX,PSAX,1.5347731113433838,PSAX,1.596926212310791,0.0002022225526161492,PSAX,0,PSAX,
C000000039,VIS-040_SW_data_04-August-2026_11-59-50,0.07716012,0.62147087,0.021630136,0.2797389,-2.085072,PSAX,PSAX,1.7693841457366943,PSAX,1.848068356513977,3.298827141406946e-05,PSAX,0,PSAX,
C000000039,VIS-040_SW_data_04-August-2026_12-13-36,0.044456385,0.77464235,0.17805539,0.0028459989,-2.855775,PSAX,PSAX,0.444705992937088,PLAX,0.4553120732307434,0.0005518710240721703,PSAX,1,review,split vote
C000000040,VIS-039_SW_data_04-August-2026_10-57-58,0.96654344,0.033202782,7.829715e-05,0.00017542143,3.3681889,PLAX,PLAX,1.8237688541412354,PLAX,1.1167172193527222,0.9995090961456299,PLAX,4,PLAX,
C000000040,VIS-039_SW_data_04-August-2026_10-58-42,0.8846126,0.11473387,0.00018286046,0.00047073475,2.0417764,PLAX,PLAX,1.151532530784607,PLAX,0.788827657699585,0.9968255758285522,PLAX,4,PLAX,
C000000040,VIS-039_SW_data_04-August-2026_11-00-43,0.99769014,0.0022426874,2.9322047e-05,3.7865484e-05,6.054244,PLAX,PLAX,1.9121439456939697,PLAX,1.4428908824920654,0.9998989105224609,PLAX,4,PLAX,
C000000040,VIS-039_SW_data_04-August-2026_11-01-25,0.9965817,0.0033460879,2.7780954e-05,4.4586304e-05,5.6671915,PLAX,PLAX,1.9354974031448364,PLAX,1.619233250617981,0.999893069267273,PLAX,4,PLAX,
C000000040,VIS-039_SW_data_04-August-2026_11-02-21,0.99433815,0.0055829682,2.8381486e-05,5.0609397e-05,5.164704,PLAX,PLAX,1.9414353370666504,PLAX,1.7213687896728516,0.9997748732566833,PLAX,4,PLAX,
C000000040,VIS-039_SW_data_04-August-2026_11-02-54,0.9966918,0.0032557223,2.0683972e-05,3.171495e-05,5.693875,PLAX,PLAX,1.901065707206726,PLAX,1.7218294143676758,0.999884843826294,PLAX,4,PLAX,
C000000040,VIS-039_SW_data_04-August-2026_11-03-35,0.99531025,0.004623971,3.3569566e-05,3.2282824e-05,5.350505,PLAX,PLAX,1.9057624340057373,PLAX,1.579655408859253,0.9996693134307861,PLAX,4,PLAX,
C000000040,VIS-039_SW_data_04-August-2026_11-04-47,0.014130812,0.9682307,0.0007843526,0.01685399,-4.2201643,PSAX,PSAX,1.3300573825836182,PSAX,0.6253787279129028,9.245930414181203e-05,PSAX,0,PSAX,
C000000040,VIS-039_SW_data_04-August-2026_11-05-21,0.025075123,0.96869576,0.0004603067,0.0057686917,-3.6501975,PSAX,PSAX,1.5479848384857178,PSAX,1.1404483318328857,0.0003988190437667072,PSAX,0,PSAX,
C000000040,VIS-039_SW_data_04-August-2026_11-06-02,0.021589274,0.9599808,0.0007388216,0.01769115,-3.7901995,PSAX,PSAX,1.4680798053741455,PSAX,0.5375012159347534,0.00024196576850954443,PSAX,0,PSAX,
C000000040,VIS-039_SW_data_04-August-2026_11-07-27,0.0035016136,0.9943583,0.0003736211,0.0017665285,-5.620816,PSAX,PSAX,0.49081987142562866,PSAX,0.5063526630401611,9.345108992420137e-05,PSAX,0,PSAX,
C000000040,VIS-039_SW_data_04-August-2026_11-08-40,0.043255053,0.9510753,0.000963616,0.0047061644,-3.088275,PSAX,PSAX,1.7815721035003662,PSAX,1.6593513488769531,8.733193681109697e-05,PSAX,0,PSAX,
C000000040,VIS-039_SW_data_04-August-2026_11-09-14,0.015155966,0.98060095,0.0012010604,0.0030420823,-4.1632967,PSAX,PSAX,1.604009985923767,PSAX,1.6251590251922607,2.7911057259188965e-05,PSAX,0,PSAX,
C000000040,VIS-039_SW_data_04-August-2026_11-09-58,0.018783677,0.9772959,0.0011441174,0.0027763245,-3.946594,PSAX,PSAX,1.7212631702423096,PSAX,1.4375606775283813,8.024364797165617e-05,PSAX,0,PSAX,
C000000040,VIS-039_SW_data_04-August-2026_11-10-36,0.018188072,0.97789073,0.00092930533,0.0029919608,-3.9792511,PSAX,PSAX,1.5838556289672852,PSAX,1.1371300220489502,3.9069316699169576e-05,PSAX,0,PSAX,
C000000040,VIS-039_SW_data_04-August-2026_11-11-33,0.07510541,0.9068617,0.002990709,0.015042022,-2.489877,PSAX,PSAX,1.7161959409713745,PSAX,1.4937984943389893,1.4613910934713203e-05,PSAX,0,PSAX,
C000000041,VIS-038_SW_data_31-July-2026_09-01-39,0.3408408,0.6130493,0.023800181,0.022309685,-0.58689976,PSAX,PLAX,1.6455152034759521,PLAX,1.8317036628723145,0.6623503565788269,PLAX,3,review,split vote
C000000041,VIS-038_SW_data_31-July-2026_09-02-26,0.3507246,0.6129897,0.008870369,0.027415318,-0.5582249,PSAX,PLAX,1.3825409412384033,PLAX,1.3084542751312256,0.2938850224018097,PSAX,2,review,split vote
C000000041,VIS-038_SW_data_31-July-2026_09-03-27,0.69373,0.2402753,0.054613058,0.011381619,1.0600256,PLAX,PLAX,1.700697422027588,PLAX,1.5479092597961426,0.9464863538742065,PLAX,4,PLAX,
C000000041,VIS-038_SW_data_31-July-2026_09-04-19,0.7978558,0.1940661,0.0049584596,0.0031195655,1.4133393,PLAX,PLAX,1.5368304252624512,PLAX,1.6908252239227295,0.9984750151634216,PLAX,4,PLAX,
C000000041,VIS-038_SW_data_31-July-2026_09-05-19,0.7177487,0.22621642,0.045919243,0.010115689,1.1543247,PLAX,PLAX,1.7302922010421753,PLAX,1.6047981977462769,0.9680513143539429,PLAX,4,PLAX,
C000000041,VIS-038_SW_data_31-July-2026_09-07-11,0.88198316,0.11143682,0.0031069356,0.003473035,2.0679314,PLAX,PLAX,1.5585951805114746,PLAX,1.8043241500854492,0.9999494552612305,PLAX,4,PLAX,
C000000041,VIS-038_SW_data_31-July-2026_09-08-18,0.07084539,0.4196188,0.09143468,0.41810113,-1.7776746,PSAX,PSAX,1.4872833490371704,PSAX,0.23137153685092926,0.02570229396224022,PSAX,0,PSAX,
C000000041,VIS-038_SW_data_31-July-2026_09-09-57,0.051823325,0.9267366,0.0051182634,0.01632179,-2.882009,PSAX,PSAX,0.26443150639533997,PSAX,1.5036520957946777,0.016248555853962898,PSAX,0,PSAX,
C000000041,VIS-038_SW_data_31-July-2026_09-10-33,0.122218706,0.5911085,0.0769804,0.2096925,-1.5755388,PSAX,PSAX,1.2225971221923828,PSAX,1.6134724617004395,0.002475255634635687,PSAX,0,PSAX,
C000000041,VIS-038_SW_data_31-July-2026_09-11-11,0.057347503,0.8691182,0.018678319,0.054855954,-2.7167227,PSAX,PSAX,0.7308636903762817,PSAX,1.3595452308654785,0.0030916929244995117,PSAX,0,PSAX,
C000000041,VIS-038_SW_data_31-July-2026_09-12-12,0.113370255,0.33847982,0.099066764,0.44908315,-1.093219,PSAX,PSAX,1.4420819282531738,PSAX,1.3283870220184326,0.003121757647022605,PSAX,0,PSAX,
C000000041,VIS-038_SW_data_31-July-2026_09-13-11,0.13358973,0.7076897,0.025926704,0.13279386,-1.6666253,PSAX,PSAX,1.0942049026489258,PSAX,1.4654724597930908,0.0020418085623532534,PSAX,0,PSAX,
C000000041,VIS-038_SW_data_31-July-2026_09-14-12,0.051748075,0.19694781,0.2576777,0.49362624,-1.3351285,PSAX,PSAX,1.4099829196929932,PSAX,1.5876152515411377,0.0025221293326467276,PSAX,0,PSAX,
C000000041,VIS-038_SW_data_31-July-2026_09-15-11,0.022235267,0.23583063,0.118947096,0.622987,-2.3573709,PSAX,PSAX,1.5823304653167725,PSAX,0.36525121331214905,0.0007299804128706455,PSAX,0,review,other?
C000000041,VIS-038_SW_data_31-July-2026_09-16-02,0.041631624,0.291892,0.1506436,0.5158328,-1.9454671,PSAX,PSAX,1.591193437576294,PSAX,0.5671362280845642,0.005242378916591406,PSAX,0,review,other?
C000000042,VIS-036_SW_data_28-July-2026_14-07-08,0.9684945,0.030800136,0.00061131275,9.4008006e-05,3.4450855,PLAX,PLAX,1.084542989730835,PLAX,1.6330732107162476,0.9999972581863403,PLAX,4,PLAX,
C000000042,VIS-036_SW_data_28-July-2026_14-08-15,0.8987299,0.0984435,0.0014357099,0.0013909256,2.2105958,PLAX,PLAX,1.4252859354019165,PLAX,1.3833580017089844,0.9998289346694946,PLAX,4,PLAX,
C000000042,VIS-036_SW_data_28-July-2026_14-09-16,0.9419107,0.053486165,0.0020481471,0.0025550039,2.8667257,PLAX,PLAX,1.2991714477539062,PSAX,0.6157083511352539,0.9998131394386292,PLAX,3,review,split vote
C000000042,VIS-036_SW_data_28-July-2026_14-11-12,0.9923525,0.0073827747,9.879092e-05,0.00016598328,4.8875756,PLAX,PLAX,0.24214990437030792,PLAX,1.0638432502746582,0.999977707862854,PLAX,4,PLAX,
C000000042,VIS-036_SW_data_28-July-2026_14-12-06,0.99584067,0.0034763827,0.0005196253,0.00016333503,5.629336,PLAX,PLAX,0.6867149472236633,PLAX,1.6721997261047363,0.9999865293502808,PLAX,4,PLAX,
C000000042,VIS-036_SW_data_28-July-2026_14-14-03,0.004129155,0.99562454,0.00019642181,4.9923223e-05,-5.4614687,PSAX,PSAX,1.5892112255096436,PLAX,1.7728781700134277,0.014683482237160206,PSAX,1,review,split vote
C000000042,VIS-036_SW_data_28-July-2026_14-14-48,0.009650153,0.98227215,0.0006407193,0.0074370317,-4.612687,PSAX,PLAX,0.8387036919593811,PLAX,1.4499009847640991,0.00031486302032135427,PSAX,2,review,split vote
C000000042,VIS-036_SW_data_28-July-2026_14-16-15,0.022808336,0.9621621,0.0007502834,0.014279239,-3.737786,PSAX,PLAX,0.8783279061317444,PSAX,0.892903745174408,0.0001671587087912485,PSAX,1,review,split vote
C000000042,VIS-036_SW_data_28-July-2026_14-17-15,0.0012598666,0.9984225,0.00022456184,9.319119e-05,-6.59889,PSAX,PSAX,1.8341742753982544,PLAX,1.1514675617218018,0.0018923284951597452,PSAX,1,review,split vote
C000000042,VIS-036_SW_data_28-July-2026_14-17-53,0.00093521655,0.99873835,0.00023992598,8.66313e-05,-6.871982,PSAX,PSAX,1.8477795124053955,PLAX,1.4708569049835205,0.0028909745160490274,PSAX,1,review,split vote
C000000042,VIS-036_SW_data_28-July-2026_14-18-46,0.001412455,0.9982286,0.00023151585,0.00012747315,-6.4923487,PSAX,PSAX,1.8149220943450928,PLAX,1.1566070318222046,0.0017728639068081975,PSAX,1,review,split vote
C000000042,VIS-036_SW_data_28-July-2026_14-19-31,0.0014904784,0.99759513,0.00047431482,0.00043986712,-6.441413,PSAX,PSAX,1.8299498558044434,PSAX,1.1653273105621338,0.0007447663228958845,PSAX,0,PSAX,
C000000042,VIS-036_SW_data_28-July-2026_14-20-14,0.034691248,0.9496617,0.0012958036,0.0143513065,-3.3068452,PSAX,PLAX,0.8292553424835205,PSAX,1.5365116596221924,0.0004371216055005789,PSAX,1,review,split vote
C000000042,VIS-036_SW_data_28-July-2026_14-20-59,0.014014255,0.9824336,0.0011921232,0.0023600212,-4.2429495,PSAX,PSAX,0.865281343460083,PSAX,1.3257614374160767,0.0005547257023863494,PSAX,0,PSAX,
C000000042,VIS-036_SW_data_28-July-2026_14-21-56,0.0038188647,0.99498683,0.0004672877,0.00072698685,-5.537028,PSAX,PSAX,1.7691850662231445,PSAX,0.8926552534103394,0.0006026291521266103,PSAX,0,PSAX,
C000000042,VIS-036_SW_data_28-July-2026_14-22-48,0.0018991013,0.9901592,0.007188303,0.0007534761,-6.205269,PSAX,PSAX,0.999895453453064,PSAX,0.9876905083656311,0.0003111045516561717,PSAX,0,PSAX,
C000000042,VIS-036_SW_data_28-July-2026_14-25-49,0.14561452,0.38723734,0.029644625,0.43750346,-0.97764647,PSAX,PLAX,0.5955492854118347,PSAX,1.6487394571304321,0.017913324758410454,PSAX,1,review,split vote
C000000042,VIS-036_SW_data_28-July-2026_14-26-36,0.25221765,0.3353838,0.04441516,0.36798334,-0.2848848,PSAX,PLAX,1.1818950176239014,PSAX,1.7554216384887695,0.04487992078065872,PSAX,1,review,split vote
C000000043,VIS-035_SW_data_28-July-2026_12-24-19,0.97556823,0.023808986,0.00032818757,0.00029469188,3.7088683,PLAX,PSAX,1.0203220844268799,PLAX,1.0232174396514893,0.9999181032180786,PLAX,3,review,split vote
C000000043,VIS-035_SW_data_28-July-2026_12-25-18,0.9807715,0.018867902,0.00028636013,7.427904e-05,3.9456933,PLAX,PSAX,1.216002345085144,PLAX,1.4840282201766968,0.9998655319213867,PLAX,3,review,split vote
C000000043,VIS-035_SW_data_28-July-2026_12-26-15,0.99676746,0.0029102084,0.0002806737,4.1551422e-05,5.8026085,PLAX,PSAX,1.4029972553253174,PLAX,1.2544597387313843,0.9999898672103882,PLAX,3,review,split vote
C000000043,VIS-035_SW_data_28-July-2026_12-27-05,0.9702001,0.028405646,0.00086369057,0.00053050206,3.5275033,PLAX,PSAX,0.20327383279800415,PLAX,1.342077612876892,0.999919056892395,PLAX,3,review,split vote
C000000043,VIS-035_SW_data_28-July-2026_12-28-24,0.99499065,0.004590501,0.00032969905,8.9056215e-05,5.3572946,PLAX,PSAX,1.0997910499572754,PLAX,1.4936144351959229,0.9999856948852539,PLAX,3,review,split vote
C000000043,VIS-035_SW_data_28-July-2026_12-30-03,0.00051316933,0.99933773,9.7392374e-05,5.1704654e-05,-7.3963075,PSAX,PSAX,1.2365117073059082,PLAX,1.0692393779754639,0.0019932000432163477,PSAX,1,review,split vote
C000000043,VIS-035_SW_data_28-July-2026_12-30-50,0.00074288686,0.99900335,0.00011523578,0.00013853688,-7.0777807,PSAX,PSAX,0.9767659902572632,PLAX,1.0046725273132324,0.0010101367952302098,PSAX,1,review,split vote
C000000043,VIS-035_SW_data_28-July-2026_12-31-34,0.00036589362,0.9995126,7.1359595e-05,5.0264403e-05,-7.6711655,PSAX,PSAX,1.4015095233917236,PLAX,1.2888634204864502,0.007105283439159393,PSAX,1,review,split vote
C000000043,VIS-035_SW_data_28-July-2026_12-32-32,0.0002696384,0.9995355,0.00014892659,4.595356e-05,-7.902621,PSAX,PSAX,1.269057273864746,PSAX,1.1524384021759033,0.0021002935245633125,PSAX,0,PSAX,
C000000043,VIS-035_SW_data_28-July-2026_12-33-22,0.00081610127,0.99881876,0.0001865406,0.00017869481,-6.994302,PSAX,PSAX,1.0552985668182373,PSAX,1.145200252532959,0.0005581513396464288,PSAX,0,PSAX,
C000000043,VIS-035_SW_data_28-July-2026_12-34-07,0.00036898896,0.99939215,0.00018073809,5.798544e-05,-7.6644235,PSAX,PSAX,1.2528460025787354,PSAX,0.49704068899154663,0.00322013720870018,PSAX,0,PSAX,
C000000043,VIS-035_SW_data_28-July-2026_12-35-12,0.0071254596,0.9728392,0.0153784165,0.004657067,-4.9027104,PSAX,PLAX,1.7957303524017334,PSAX,1.366640329360962,9.457922715228051e-06,PSAX,1,review,split vote
C000000043,VIS-035_SW_data_28-July-2026_12-36-33,0.040842593,0.9225771,0.013199554,0.023380764,-3.1151083,PSAX,PLAX,1.9331130981445312,PSAX,1.3845949172973633,9.503314117864647e-07,PSAX,1,review,split vote
C000000043,VIS-035_SW_data_28-July-2026_12-37-54,0.017634645,0.95703155,0.0149321975,0.010401585,-3.9884207,PSAX,PLAX,1.9116456508636475,PSAX,1.592442274093628,4.869156782660866e-06,PSAX,1,review,split vote
C000000044,VIS-034_SW_data_28-July-2026_11-02-22,0.83588,0.09354606,0.059112035,0.011461871,2.1890821,PLAX,PLAX,1.2883780002593994,PLAX,1.6062897443771362,0.994817316532135,PLAX,4,PLAX,
C000000044,VIS-034_SW_data_28-July-2026_11-03-14,0.8372148,0.06635629,0.076158844,0.020270046,2.533656,PLAX,PLAX,1.2753297090530396,PLAX,1.4463346004486084,0.9884799122810364,PLAX,4,PLAX,
C000000044,VIS-034_SW_data_28-July-2026_11-03-53,0.6287163,0.09093312,0.22239733,0.05795323,1.9326158,PLAX,PLAX,1.6151652336120605,PLAX,1.16359543800354,0.7832906246185303,PLAX,4,PLAX,
C000000044,VIS-034_SW_data_28-July-2026_11-05-42,0.83500636,0.061331496,0.099687956,0.0039742566,2.6096363,PLAX,PLAX,1.2419580221176147,PLAX,1.4116923809051514,0.9964801669120789,PLAX,4,PLAX,
C000000044,VIS-034_SW_data_28-July-2026_11-06-30,0.6370548,0.1633805,0.14549044,0.054074354,1.360319,PLAX,PLAX,1.1498658657073975,PLAX,1.153362512588501,0.35643479228019714,PSAX,3,review,split vote
C000000044,VIS-034_SW_data_28-July-2026_11-07-15,0.67643386,0.17758305,0.1334594,0.012523703,1.336981,PLAX,PLAX,1.4347610473632812,PLAX,1.474768042564392,0.9700407981872559,PLAX,4,PLAX,
C000000044,VIS-034_SW_data_28-July-2026_11-08-14,0.7258872,0.11356986,0.14797449,0.012568368,1.8542342,PLAX,PLAX,1.2044941186904907,PLAX,1.7310646772384644,0.9689037799835205,PLAX,4,PLAX,
C000000044,VIS-034_SW_data_28-July-2026_11-09-20,0.0054121246,0.8842883,0.10816405,0.0021354766,-5.077946,PSAX,PSAX,1.6921017169952393,PSAX,1.737746238708496,0.0074516343884170055,PSAX,0,PSAX,
C000000044,VIS-034_SW_data_28-July-2026_11-10-28,0.0068001905,0.83559126,0.15546262,0.00214613,-4.7967105,PSAX,PSAX,1.8761039972305298,PSAX,1.633022427558899,0.00436727050691843,PSAX,0,PSAX,
C000000044,VIS-034_SW_data_28-July-2026_11-11-00,0.009780698,0.8735088,0.11313309,0.0035773187,-4.4820495,PSAX,PSAX,1.6810309886932373,PSAX,1.5076172351837158,0.002009633230045438,PSAX,0,PSAX,
C000000044,VIS-034_SW_data_28-July-2026_11-11-43,0.011665877,0.71370894,0.26945904,0.005166178,-4.1054115,PSAX,PSAX,1.6905959844589233,PSAX,1.0877314805984497,0.012430538423359394,PSAX,0,PSAX,
C000000044,VIS-034_SW_data_28-July-2026_11-12-23,0.26747963,0.6455372,0.052732877,0.034250353,-0.88082063,PSAX,PLAX,0.7719789147377014,PSAX,0.8923601508140564,0.00031378152198158205,PSAX,1,review,split vote
C000000044,VIS-034_SW_data_28-July-2026_11-13-20,0.0028553887,0.93558747,0.059514433,0.0020426158,-5.7576513,PSAX,PSAX,1.8072869777679443,PSAX,1.3469116687774658,0.0009888055501505733,PSAX,0,PSAX,
C000000044,VIS-034_SW_data_28-July-2026_11-13-49,0.0047359415,0.85949415,0.1334537,0.0023162004,-5.1803846,PSAX,PSAX,1.81374192237854,PSAX,1.7246909141540527,0.000799400033429265,PSAX,0,PSAX,
C000000044,VIS-034_SW_data_28-July-2026_11-14-37,0.019063095,0.77133113,0.20436645,0.0052393572,-3.6952612,PSAX,PSAX,1.50214421749115,PSAX,1.3195339441299438,0.0006056677084416151,PSAX,0,PSAX,
C000000045,VIS-033_SW_data_28-July-2026_09-25-55,0.9782055,0.020766422,0.00045034752,0.00057779485,3.8476808,PLAX,PLAX,1.611640214920044,PLAX,1.4454879760742188,0.9993584752082825,PLAX,4,PLAX,
C000000045,VIS-033_SW_data_28-July-2026_09-26-33,0.98106354,0.018111615,0.0003496985,0.00047516957,3.9866798,PLAX,PLAX,1.7363256216049194,PLAX,1.3591628074645996,0.9988947510719299,PLAX,4,PLAX,
C000000045,VIS-033_SW_data_28-July-2026_09-27-15,0.9957138,0.0039655655,0.00011487904,0.00020583314,5.501007,PLAX,PLAX,1.7224541902542114,PLAX,1.4643549919128418,0.9998633861541748,PLAX,4,PLAX,
C000000045,VIS-033_SW_data_28-July-2026_09-28-41,0.99830556,0.0015603504,5.2758947e-05,8.12508e-05,6.3991313,PLAX,PLAX,1.536713719367981,PLAX,1.3462567329406738,0.9999065399169922,PLAX,4,PLAX,
C000000045,VIS-033_SW_data_28-July-2026_09-29-30,0.99501735,0.00453884,0.00019546879,0.00024831365,5.3683963,PLAX,PLAX,1.8165533542633057,PLAX,1.5237634181976318,0.9995822310447693,PLAX,4,PLAX,
C000000045,VIS-033_SW_data_28-July-2026_09-31-11,0.99270165,0.00618812,0.00054415286,0.00056608743,5.0618687,PLAX,PLAX,1.532768964767456,PLAX,1.4490996599197388,0.9992497563362122,PLAX,4,PLAX,
C000000045,VIS-033_SW_data_28-July-2026_09-33-03,0.0005918737,0.99934137,4.533873e-05,2.1494043e-05,-7.2755485,PSAX,PSAX,1.0165187120437622,PSAX,0.4630419611930847,0.00027656578458845615,PSAX,0,PSAX,
C000000045,VIS-033_SW_data_28-July-2026_09-33-56,0.0009129094,0.9990203,5.8024158e-05,8.87251e-06,-6.894048,PSAX,PSAX,1.007920503616333,PSAX,1.1501131057739258,0.0003095861175097525,PSAX,0,PSAX,
C000000045,VIS-033_SW_data_28-July-2026_09-34-26,0.0019812598,0.99784935,0.00015262881,1.6858727e-05,-6.172729,PSAX,PSAX,1.3339277505874634,PSAX,0.9761688709259033,0.0007224854780361056,PSAX,0,PSAX,
C000000045,VIS-033_SW_data_28-July-2026_09-35-31,0.0037150353,0.99605393,0.00014013819,9.0802656e-05,-5.564952,PSAX,PSAX,1.638142704963684,PSAX,1.1718882322311401,0.00015728487051092088,PSAX,0,PSAX,
C000000045,VIS-033_SW_data_28-July-2026_09-36-04,0.0059361053,0.9932585,0.0006070464,0.000198452,-5.1033325,PSAX,PSAX,1.6574022769927979,PSAX,1.4527230262756348,7.763021858409047e-05,PSAX,0,PSAX,
C000000045,VIS-033_SW_data_28-July-2026_09-36-34,0.0033955546,0.9962959,0.00022780338,8.073104e-05,-5.6526527,PSAX,PSAX,1.741326928138733,PSAX,0.18947172164916992,0.0005534809315577149,PSAX,0,PSAX,
C000000045,VIS-033_SW_data_28-July-2026_09-37-13,0.0059868908,0.99213463,0.0011185228,0.0007600947,-5.093822,PSAX,PSAX,1.3964838981628418,PSAX,1.363553762435913,0.00011768443073378876,PSAX,0,PSAX,
C000000045,VIS-033_SW_data_28-July-2026_09-38-08,0.013883462,0.98471814,0.00062258885,0.0007758365,-4.2545815,PSAX,PSAX,1.0610164403915405,PSAX,1.2887731790542603,0.000241187954088673,PSAX,0,PSAX,
C000000045,VIS-033_SW_data_28-July-2026_09-39-38,0.038555257,0.9581663,0.0011929236,0.0020854238,-3.210443,PSAX,PSAX,0.7795676589012146,PSAX,1.0946359634399414,0.00017501611728221178,PSAX,0,PSAX,
C000000046,VIS-049_SW_data_04-September-2026_09-33-53,0.974151,0.020513507,0.00016077353,0.00517472,3.8557224,PLAX,PLAX,1.9318101406097412,PLAX,1.2590160369873047,0.9998335838317871,PLAX,4,PLAX,
C000000046,VIS-049_SW_data_04-September-2026_09-34-47,0.94700164,0.047462795,0.00028685533,0.0052487073,2.9913554,PLAX,PLAX,1.905665397644043,PLAX,1.6314921379089355,0.9992163181304932,PLAX,4,PLAX,
C000000046,VIS-049_SW_data_04-September-2026_09-35-23,0.96545786,0.03195995,0.00013265142,0.0024496317,3.4050984,PLAX,PLAX,1.9027791023254395,PLAX,1.6460371017456055,0.9998196959495544,PLAX,4,PLAX,
C000000046,VIS-049_SW_data_04-September-2026_09-36-21,0.9604915,0.03767675,0.00015953394,0.0016722968,3.2358553,PLAX,PLAX,1.8071238994598389,PLAX,1.503006935119629,0.9992157220840454,PLAX,4,PLAX,
C000000046,VIS-049_SW_data_04-September-2026_09-36-50,0.95239145,0.043493163,0.00020850477,0.0039069564,3.0841808,PLAX,PLAX,1.9325511455535889,PLAX,1.6869920492172241,0.999356210231781,PLAX,4,PLAX,
C000000046,VIS-049_SW_data_04-September-2026_09-37-50,0.9331228,0.05997282,0.00031269313,0.0065916316,2.7430863,PLAX,PLAX,1.9102520942687988,PLAX,1.184622883796692,0.9961471557617188,PLAX,4,PLAX,
C000000046,VIS-049_SW_data_04-September-2026_09-39-02,0.0024731883,0.99688464,0.00015997168,0.00048216045,-5.9595895,PSAX,PSAX,0.8958777189254761,PSAX,0.5024012327194214,0.0013978725764900446,PSAX,0,PSAX,
C000000046,VIS-049_SW_data_04-September-2026_09-40-58,0.0025767847,0.99700296,0.00015500851,0.00026528997,-5.920238,PSAX,PSAX,0.9075849056243896,PSAX,0.9863867163658142,0.0030698077753186226,PSAX,0,PSAX,
C000000046,VIS-049_SW_data_04-September-2026_09-42-22,0.0037436176,0.9960331,8.572226e-05,0.00013758101,-5.557467,PSAX,PSAX,0.7055631279945374,PSAX,0.4955653250217438,0.005317052360624075,PSAX,0,PSAX,
C000000046,VIS-049_SW_data_04-September-2026_09-42-55,0.0026229932,0.9935035,0.0005224199,0.003351056,-5.8996067,PSAX,PSAX,1.4488325119018555,PSAX,1.3372973203659058,0.000766129931434989,PSAX,0,PSAX,
C000000046,VIS-049_SW_data_04-September-2026_09-43-37,0.0026068303,0.9943657,0.00036765466,0.002659835,-5.9064274,PSAX,PSAX,1.5503355264663696,PSAX,0.9634351134300232,0.0005668592057190835,PSAX,0,PSAX,
C000000046,VIS-049_SW_data_04-September-2026_09-44-09,0.002868024,0.99339,0.0005904029,0.0031515483,-5.813328,PSAX,PSAX,1.5753921270370483,PSAX,0.6492573022842407,0.0009454947430640459,PSAX,0,PSAX,
C000000046,VIS-049_SW_data_04-September-2026_09-44-38,0.0021101525,0.99559045,0.00036784777,0.0019315538,-6.110375,PSAX,PSAX,1.689971685409546,PSAX,0.9839048385620117,0.0005810384755022824,PSAX,0,PSAX,
C000000046,VIS-049_SW_data_04-September-2026_09-45-15,0.0065826993,0.9872298,0.00045760433,0.0057299496,-4.9954824,PSAX,PSAX,1.2059963941574097,PSAX,0.8103259801864624,0.0003551447589416057,PSAX,0,PSAX,
C000000046,VIS-049_SW_data_04-September-2026_09-46-14,0.0060576047,0.99267656,0.00034031397,0.0009255943,-5.0828176,PSAX,PSAX,1.4660987854003906,PSAX,1.242917537689209,0.0009227650589309633,PSAX,0,PSAX,
C000000046,VIS-049_SW_data_04-September-2026_09-46-52,0.012625363,0.98126876,0.0004810328,0.0056249327,-4.345351,PSAX,PSAX,1.407650351524353,PSAX,1.4432063102722168,0.0007419752073474228,PSAX,0,PSAX,
C000000046,VIS-049_SW_data_04-September-2026_09-47-24,0.040577494,0.9553852,0.00079031475,0.0032468988,-3.1565442,PSAX,PSAX,0.9887814521789551,PSAX,1.164052963256836,0.00278366357088089,PSAX,0,PSAX,
C000000047,VIS-048_SW_data_04-September-2026_08-51-34,0.99378145,0.0058793817,0.00012793757,0.0002111246,5.113301,PLAX,PLAX,1.7866969108581543,PLAX,0.960640549659729,0.9997143149375916,PLAX,4,PLAX,
C000000047,VIS-048_SW_data_04-September-2026_08-52-20,0.99677277,0.0030573867,6.222156e-05,0.000107643325,5.754878,PLAX,PLAX,1.6976678371429443,PLAX,1.5589096546173096,0.9998117089271545,PLAX,4,PLAX,
C000000047,VIS-048_SW_data_04-September-2026_08-52-56,0.99167836,0.0076936767,0.00019449172,0.00043339864,4.846187,PLAX,PLAX,1.841101050376892,PLAX,0.4418935179710388,0.9986439347267151,PLAX,4,PLAX,
C000000047,VIS-048_SW_data_04-September-2026_08-54-05,0.9700487,0.028999154,0.000457749,0.0004944193,3.5067403,PLAX,PLAX,1.837247610092163,PLAX,1.544222354888916,0.9931327700614929,PLAX,4,PLAX,
C000000047,VIS-048_SW_data_04-September-2026_08-54-35,0.91351515,0.08468126,0.0008875594,0.00091591786,2.3773348,PLAX,PLAX,1.106252908706665,PLAX,1.0988199710845947,0.9876666069030762,PLAX,4,PLAX,
C000000047,VIS-048_SW_data_04-September-2026_08-55-10,0.9777792,0.021542555,0.00030515043,0.00037294783,3.8107245,PLAX,PLAX,1.8175201416015625,PLAX,1.0273797512054443,0.9963480830192566,PLAX,4,PLAX,
C000000047,VIS-048_SW_data_04-September-2026_08-56-31,0.004017663,0.99492985,0.0003909491,0.0006614576,-5.487487,PSAX,PSAX,1.557474136352539,PLAX,0.33218735456466675,6.991095870034769e-05,PSAX,1,review,split vote
C000000047,VIS-048_SW_data_04-September-2026_08-57-16,0.005689819,0.99081075,0.000627853,0.0028715087,-5.1425233,PSAX,PSAX,1.6998200416564941,PSAX,0.7756905555725098,3.689606091938913e-05,PSAX,0,PSAX,
C000000047,VIS-048_SW_data_04-September-2026_08-58-32,0.0032507258,0.9962893,0.00018689701,0.00027309093,-5.694961,PSAX,PSAX,1.2042561769485474,PSAX,1.2020959854125977,3.529258174239658e-05,PSAX,0,PSAX,
C000000047,VIS-048_SW_data_04-September-2026_08-59-07,0.0025942721,0.9957464,0.00053845963,0.0011207373,-5.9124646,PSAX,PSAX,1.8517656326293945,PSAX,1.5180363655090332,7.680280396016315e-05,PSAX,0,PSAX,
C000000047,VIS-048_SW_data_04-September-2026_09-00-23,0.0036810955,0.9948231,0.0006959526,0.00079978886,-5.572652,PSAX,PSAX,1.7977421283721924,PSAX,1.4752053022384644,4.9434431275585666e-05,PSAX,0,PSAX,
C000000047,VIS-048_SW_data_04-September-2026_09-03-55,0.0066615967,0.98875576,0.000799995,0.0037826751,-4.9852896,PSAX,PSAX,1.598440170288086,PSAX,1.5875083208084106,1.9640141545096412e-05,PSAX,0,PSAX,
C000000048,VIS-047_SW_data_28-August-2026_10-12-35,0.9536384,0.030372808,0.0026319905,0.013356689,3.4435546,PLAX,PLAX,0.6612021327018738,PLAX,0.7875025272369385,0.9989328980445862,PLAX,4,PLAX,
C000000048,VIS-047_SW_data_28-August-2026_10-13-27,0.98063356,0.017800199,0.00042013463,0.0011461576,4.003489,PLAX,PLAX,1.8124785423278809,PLAX,0.9696376323699951,0.9996675252914429,PLAX,4,PLAX,
C000000048,VIS-047_SW_data_28-August-2026_10-14-15,0.95224357,0.043556094,0.001172307,0.0030280189,3.0825832,PLAX,PLAX,1.7399464845657349,PLAX,0.831749439239502,0.9970730543136597,PLAX,4,PLAX,
C000000048,VIS-047_SW_data_28-August-2026_10-14-52,0.98816913,0.009697014,0.00051944895,0.0016144093,4.6138773,PLAX,PLAX,1.8130316734313965,PLAX,1.407257080078125,0.999569833278656,PLAX,4,PLAX,
C000000048,VIS-047_SW_data_28-August-2026_10-15-37,0.99104995,0.008204239,0.00035998487,0.00038577133,4.7820997,PLAX,PLAX,1.745453119277954,PLAX,1.43912672996521,0.9997970461845398,PLAX,4,PLAX,
C000000048,VIS-047_SW_data_28-August-2026_10-16-16,0.9907102,0.008222894,0.00049199385,0.00057490694,4.7795134,PLAX,PLAX,1.826846957206726,PLAX,0.9369639158248901,0.999754011631012,PLAX,4,PLAX,
C000000048,VIS-047_SW_data_28-August-2026_10-17-13,0.9823576,0.016303126,0.00033235401,0.0010070582,4.092585,PLAX,PLAX,1.7744008302688599,PLAX,1.5261625051498413,0.999727189540863,PLAX,4,PLAX,
C000000048,VIS-047_SW_data_28-August-2026_10-18-16,0.0030018073,0.99457014,0.0011507246,0.001277285,-5.7704263,PSAX,PSAX,1.610722541809082,PSAX,0.5229593515396118,0.00038059105281718075,PSAX,0,PSAX,
C000000048,VIS-047_SW_data_28-August-2026_10-19-24,0.01777255,0.97514284,0.0014698309,0.00561486,-3.9994206,PSAX,PSAX,1.518001675605774,PLAX,0.5580731630325317,0.0003245422849431634,PSAX,1,review,split vote
C000000048,VIS-047_SW_data_28-August-2026_10-20-08,0.0060018753,0.98958516,0.0010561198,0.0033568442,-5.088791,PSAX,PSAX,1.304990291595459,PLAX,0.3744668960571289,0.0005777097539976239,PSAX,1,review,split vote
C000000048,VIS-047_SW_data_28-August-2026_10-21-12,0.0021417537,0.9954596,0.0016506045,0.00074795936,-6.0960464,PSAX,PSAX,1.4863313436508179,PSAX,1.5734530687332153,9.59976387093775e-05,PSAX,0,PSAX,
C000000048,VIS-047_SW_data_28-August-2026_10-21-52,0.0023080583,0.99597144,0.0012964193,0.00042417593,-6.024998,PSAX,PSAX,1.035881757736206,PSAX,1.0848063230514526,0.000890442228410393,PSAX,0,PSAX,
C000000048,VIS-047_SW_data_28-August-2026_10-22-40,0.0039050737,0.9938612,0.0015326429,0.0007011199,-5.5141363,PSAX,PSAX,1.5175449848175049,PSAX,1.0645614862442017,0.00015518185682594776,PSAX,0,PSAX,
C000000048,VIS-047_SW_data_28-August-2026_10-23-18,0.0038514747,0.9927066,0.0029017008,0.00054023525,-5.5264473,PSAX,PSAX,1.5333569049835205,PSAX,1.3302565813064575,0.000116711926239077,PSAX,0,PSAX,
C000000048,VIS-047_SW_data_28-August-2026_10-23-48,0.0057511767,0.99205273,0.0005124153,0.0016837673,-5.133234,PSAX,PSAX,1.3113210201263428,PSAX,1.2758755683898926,0.00011333397560520098,PSAX,0,PSAX,
C000000048,VIS-047_SW_data_28-August-2026_10-24-44,0.013206809,0.97827613,0.0018013603,0.006715687,-4.2976184,PSAX,PSAX,1.333244800567627,PSAX,1.4984288215637207,2.1490192011697218e-05,PSAX,0,PSAX,
C000000048,VIS-047_SW_data_28-August-2026_10-25-21,0.11677502,0.87425065,0.0015002262,0.0074741673,-2.0123763,PSAX,PSAX,0.878831148147583,PSAX,1.160225510597229,0.0005576918483711779,PSAX,0,PSAX,
C000000049,VIS-046_SW_data_28-August-2026_08-46-35,0.984966,0.013276975,0.00037361597,0.0013836096,4.299174,PLAX,PLAX,1.931084394454956,PLAX,1.7509623765945435,0.9994650483131409,PLAX,4,PLAX,
C000000049,VIS-046_SW_data_28-August-2026_08-47-17,0.9686942,0.028048646,0.0010067346,0.0022504453,3.538553,PLAX,PLAX,1.6770012378692627,PLAX,1.4735751152038574,0.9945749044418335,PLAX,4,PLAX,
C000000049,VIS-046_SW_data_28-August-2026_08-48-05,0.9758874,0.021829644,0.00062746153,0.001655549,3.7956104,PLAX,PLAX,1.7108359336853027,PLAX,1.8798730373382568,0.9984752535820007,PLAX,4,PLAX,
C000000049,VIS-046_SW_data_28-August-2026_08-48-41,0.9881727,0.010515763,0.00042617545,0.00088523794,4.533619,PLAX,PLAX,1.7366801500320435,PLAX,1.9128491878509521,0.9995716214179993,PLAX,4,PLAX,
C000000049,VIS-046_SW_data_28-August-2026_08-49-26,0.9986456,0.0011372817,4.5325254e-05,0.00017182823,6.6935835,PLAX,PLAX,1.6580159664154053,PLAX,1.5955747365951538,0.9999561309814453,PLAX,4,PLAX,
C000000049,VIS-046_SW_data_28-August-2026_08-49-57,0.998723,0.0010722615,5.1759882e-05,0.00015287532,6.747643,PLAX,PLAX,1.6961297988891602,PLAX,1.697569727897644,0.9999598264694214,PLAX,4,PLAX,
C000000049,VIS-046_SW_data_28-August-2026_08-51-53,0.03226503,0.9605821,0.0005557831,0.0065972693,-3.390565,PSAX,PSAX,1.4294276237487793,PSAX,0.9449483156204224,9.30658497964032e-05,PSAX,0,PSAX,
C000000049,VIS-046_SW_data_28-August-2026_08-52-49,0.02822847,0.9679975,0.00032933836,0.0034447873,-3.5314655,PSAX,PSAX,1.467912197113037,PSAX,1.1084315776824951,0.00023448634601663798,PSAX,0,PSAX,
C000000049,VIS-046_SW_data_28-August-2026_08-53-39,0.03241054,0.9630327,0.00038801195,0.004168933,-3.3886268,PSAX,PSAX,1.378098726272583,PSAX,0.9956923127174377,0.00010859090980375186,PSAX,0,PSAX,
C000000049,VIS-046_SW_data_28-August-2026_08-54-13,0.022402793,0.9736396,0.0004084916,0.003549011,-3.7675045,PSAX,PSAX,1.3634761571884155,PSAX,1.2133257389068604,0.00015287748828995973,PSAX,0,PSAX,
C000000049,VIS-046_SW_data_28-August-2026_08-55-37,0.15219417,0.76241904,0.0022793284,0.08310737,-1.6108136,PSAX,PSAX,1.426477313041687,PSAX,1.4977471828460693,0.0003354524669703096,PSAX,0,PSAX,
C000000049,VIS-046_SW_data_28-August-2026_08-56-11,0.08461813,0.8767682,0.0014578545,0.037155844,-2.337027,PSAX,PSAX,1.6032367944717407,PSAX,1.4342244863510132,0.00035545977880246937,PSAX,0,PSAX,
C000000049,VIS-046_SW_data_28-August-2026_08-56-44,0.06529337,0.9218868,0.00084364857,0.011976222,-2.6461098,PSAX,PSAX,1.5279159545898438,PSAX,1.6943745613098145,0.0003848311898764223,PSAX,0,PSAX,
C000000049,VIS-046_SW_data_28-August-2026_08-57-27,0.124923795,0.8312843,0.0015688742,0.042223185,-1.8945881,PSAX,PSAX,1.4578416347503662,PSAX,1.3746798038482666,0.0008165606996044517,PSAX,0,PSAX,
C000000049,VIS-046_SW_data_28-August-2026_08-58-00,0.07530326,0.91658586,0.00055372366,0.0075571095,-2.4979146,PSAX,PSAX,1.0970854759216309,PSAX,1.6825156211853027,0.0007876385352574289,PSAX,0,PSAX,
