subject,folder,p_plax,p_psax,p_apical,p_other,ep_logodds,ep,clu_f,clu_v,p_sup_plax,sup,needs_review,reason,proposed,votes,gif
C000000001,SWE_01_SW_data_21-April-2026_12-12-54,0.9970590472221375,0.00247250497341156,4.250932397553697e-05,0.00042599966400302947,5.960030161015334,PLAX,PLAX,PLAX,0.9999323,PLAX,False,,PLAX,L L L L,Z:\raw_data\C000000001\SWE_01_SW_data_21-April-2026_12-12-54\output\CombinedData_buffer3_iq.gif
C000000001,SWE_01_SW_data_21-April-2026_12-14-11,0.9977840781211853,0.0017693012487143278,3.196638499503024e-05,0.0004144957638345659,6.280072418130199,PLAX,PLAX,PLAX,0.9999628,PLAX,False,,PLAX,L L L L,Z:\raw_data\C000000001\SWE_01_SW_data_21-April-2026_12-14-11\output\CombinedData_buffer3_iq.gif
C000000001,SWE_01_SW_data_21-April-2026_12-14-53,0.9981337785720825,0.0014131134375929832,3.662845483631827e-05,0.0004164665879216045,6.491818088674144,PLAX,PLAX,PLAX,0.99997056,PLAX,False,,PLAX,L L L L,Z:\raw_data\C000000001\SWE_01_SW_data_21-April-2026_12-14-53\output\CombinedData_buffer3_iq.gif
C000000001,SWE_01_SW_data_21-April-2026_12-15-49,0.9946088790893555,0.004980191122740507,4.173177512711845e-05,0.00036918578553013504,5.277101227048407,PLAX,PLAX,PLAX,0.99999344,PLAX,False,,PLAX,L L L L,Z:\raw_data\C000000001\SWE_01_SW_data_21-April-2026_12-15-49\output\CombinedData_buffer3_iq.gif
C000000001,SWE_01_SW_data_21-April-2026_12-16-46,0.994483470916748,0.005124562885612249,6.4283718529623e-05,0.0003277359646745026,5.248952891222339,PLAX,PLAX,PLAX,0.9999763,PLAX,False,,PLAX,L L L L,Z:\raw_data\C000000001\SWE_01_SW_data_21-April-2026_12-16-46\output\CombinedData_buffer3_iq.gif
C000000001,SWE_01_SW_data_21-April-2026_12-17-37,0.9982013702392578,0.0016056784661486745,2.627908361318987e-05,0.00016658268577884883,6.372092245970757,PLAX,PLAX,PLAX,0.9999658,PLAX,False,,PLAX,L L L L,Z:\raw_data\C000000001\SWE_01_SW_data_21-April-2026_12-17-37\output\CombinedData_buffer3_iq.gif
C000000001,SWE_01_SW_data_21-April-2026_12-18-31,0.0001550770684843883,0.999720573425293,0.00011125377204734832,1.3264607332530431e-05,-8.273765386443815,PSAX,PSAX,PSAX,1.6881217e-05,PSAX,False,,PSAX,S S S S,Z:\raw_data\C000000001\SWE_01_SW_data_21-April-2026_12-18-31\output\CombinedData_buffer3_iq.gif
C000000001,SWE_01_SW_data_21-April-2026_12-19-03,0.0009748548618517816,0.998814046382904,0.00010204180580331013,0.00010915247548837215,-6.834483095056424,PSAX,PSAX,PSAX,6.546533e-05,PSAX,False,,PSAX,S S S S,Z:\raw_data\C000000001\SWE_01_SW_data_21-April-2026_12-19-03\output\CombinedData_buffer3_iq.gif
C000000001,SWE_01_SW_data_21-April-2026_12-19-36,0.0002583432651590556,0.9995607137680054,0.00017286509682890028,8.288318895210978e-06,-7.933679845929186,PSAX,PSAX,PSAX,8.654116e-06,PSAX,False,,PSAX,S S S S,Z:\raw_data\C000000001\SWE_01_SW_data_21-April-2026_12-19-36\output\CombinedData_buffer3_iq.gif
C000000001,SWE_01_SW_data_21-April-2026_12-20-24,0.0014664818299934268,0.9984138011932373,8.717658056411892e-05,3.2655436370987445e-05,-6.45743574245412,PSAX,PSAX,PSAX,2.2773114e-05,PSAX,False,,PSAX,S S S S,Z:\raw_data\C000000001\SWE_01_SW_data_21-April-2026_12-20-24\output\CombinedData_buffer3_iq.gif
C000000001,SWE_01_SW_data_21-April-2026_12-21-32,0.004422072321176529,0.9952893257141113,0.00020118258544243872,8.724327926756814e-05,-5.394163575840888,PSAX,PSAX,PSAX,0.00016631385,PSAX,False,,PSAX,S S S S,Z:\raw_data\C000000001\SWE_01_SW_data_21-April-2026_12-21-32\output\CombinedData_buffer3_iq.gif
C000000001,SWE_01_SW_data_21-April-2026_12-22-36,0.012876633554697037,0.985714316368103,0.0010744768660515547,0.0003344402648508549,-4.330317695458171,PSAX,PSAX,PSAX,2.9917761e-05,PSAX,False,,PSAX,S S S S,Z:\raw_data\C000000001\SWE_01_SW_data_21-April-2026_12-22-36\output\CombinedData_buffer3_iq.gif
C000000001,SWE_01_SW_data_21-April-2026_12-23-44,0.004014391917735338,0.9957089424133301,0.00023654723190702498,4.014915612060577e-05,-5.489064363205759,PSAX,PSAX,PSAX,9.222445e-05,PSAX,False,,PSAX,S S S S,Z:\raw_data\C000000001\SWE_01_SW_data_21-April-2026_12-23-44\output\CombinedData_buffer3_iq.gif
C000000001,SWE_01_SW_data_21-April-2026_12-24-24,0.004028374794870615,0.9955731630325317,0.0002142236044164747,0.00018425381858833134,-5.485535236777161,PSAX,PSAX,PSAX,0.000113272836,PSAX,False,,PSAX,S S S S,Z:\raw_data\C000000001\SWE_01_SW_data_21-April-2026_12-24-24\output\CombinedData_buffer3_iq.gif
C000000002,SWE02_SW_data_28-April-2026_10-09-45,0.6506643891334534,0.3466470241546631,0.0007259242120198905,0.0019627113360911608,0.6295521781933249,PLAX,PSAX,PLAX,0.9994272,PLAX,True,split vote,PLAX,L S L L,Z:\raw_data\C000000002\SWE02_SW_data_28-April-2026_10-09-45\output\CombinedData_buffer3_iq.gif
C000000002,SWE02_SW_data_28-April-2026_10-11-53,0.9976065754890442,0.002067296300083399,1.6744294043746777e-05,0.0003095452266279608,6.131978774489316,PLAX,PLAX,PLAX,0.99999595,PLAX,False,,PLAX,L L L L,Z:\raw_data\C000000002\SWE02_SW_data_28-April-2026_10-11-53\output\CombinedData_buffer3_iq.gif
C000000002,SWE02_SW_data_28-April-2026_10-12-32,0.9965707063674927,0.0030235913582146168,5.381890514399856e-05,0.00035192552604712546,5.765437014728148,PLAX,PLAX,PLAX,0.9999881,PLAX,False,,PLAX,L L L L,Z:\raw_data\C000000002\SWE02_SW_data_28-April-2026_10-12-32\output\CombinedData_buffer3_iq.gif
C000000002,SWE02_SW_data_28-April-2026_10-13-12,0.993695080280304,0.005715141072869301,9.107658843277022e-05,0.0004988813307136297,5.14106598290067,PLAX,PLAX,PLAX,0.9998764,PLAX,False,,PLAX,L L L L,Z:\raw_data\C000000002\SWE02_SW_data_28-April-2026_10-13-12\output\CombinedData_buffer3_iq.gif
C000000002,SWE02_SW_data_28-April-2026_10-13-45,0.9651234149932861,0.03393276780843735,0.00022924927179701626,0.0007145350682549179,3.3450357731003093,PLAX,PLAX,PLAX,0.99998903,PLAX,False,,PLAX,L L L L,Z:\raw_data\C000000002\SWE02_SW_data_28-April-2026_10-13-45\output\CombinedData_buffer3_iq.gif
C000000002,SWE02_SW_data_28-April-2026_10-14-30,0.9725563526153564,0.02654845640063286,0.00010584880510577932,0.0007893568254075944,3.5972996087100486,PLAX,PLAX,PLAX,0.999992,PLAX,False,,PLAX,L L L L,Z:\raw_data\C000000002\SWE02_SW_data_28-April-2026_10-14-30\output\CombinedData_buffer3_iq.gif
C000000002,SWE02_SW_data_28-April-2026_10-16-34,0.005878799129277468,0.9938883185386658,0.00010122416279045865,0.00013164104893803596,-5.113505721319832,PSAX,PSAX,PSAX,0.00022413796,PSAX,False,,PSAX,S S S S,Z:\raw_data\C000000002\SWE02_SW_data_28-April-2026_10-16-34\output\CombinedData_buffer3_iq.gif
C000000002,SWE02_SW_data_28-April-2026_10-17-52,0.03237881883978844,0.9669027328491211,0.00012697432248387486,0.0005915658548474312,-3.3936131726979113,PSAX,PSAX,PSAX,0.0014176855,PSAX,False,,PSAX,S S S S,Z:\raw_data\C000000002\SWE02_SW_data_28-April-2026_10-17-52\output\CombinedData_buffer3_iq.gif
C000000002,SWE02_SW_data_28-April-2026_10-18-32,0.0017968431347981095,0.9980353713035583,0.00012459102435968816,4.3286116124363616e-05,-6.265697913365427,PSAX,PSAX,PSAX,0.00024527218,PSAX,False,,PSAX,S S S S,Z:\raw_data\C000000002\SWE02_SW_data_28-April-2026_10-18-32\output\CombinedData_buffer3_iq.gif
C000000002,SWE02_SW_data_28-April-2026_10-19-37,0.005402625072747469,0.9942094087600708,0.00014964613365009427,0.00023836556647438556,-5.196823170310904,PSAX,PSAX,PSAX,1.09119e-05,PSAX,False,,PSAX,S S S S,Z:\raw_data\C000000002\SWE02_SW_data_28-April-2026_10-19-37\output\CombinedData_buffer3_iq.gif
C000000002,SWE02_SW_data_28-April-2026_10-20-20,0.01319518405944109,0.9855848550796509,0.00031624227995052934,0.0009036958799697459,-4.30593481505925,PSAX,PSAX,PSAX,6.593056e-05,PSAX,False,,PSAX,S S S S,Z:\raw_data\C000000002\SWE02_SW_data_28-April-2026_10-20-20\output\CombinedData_buffer3_iq.gif
C000000002,SWE02_SW_data_28-April-2026_10-21-04,0.004675950389355421,0.9948412179946899,0.00024085510813165456,0.00024205850786529481,-5.3390906694732285,PSAX,PSAX,PSAX,2.6055693e-06,PSAX,False,,PSAX,S S S S,Z:\raw_data\C000000002\SWE02_SW_data_28-April-2026_10-21-04\output\CombinedData_buffer3_iq.gif
C000000002,SWE02_SW_data_28-April-2026_10-22-19,0.21381831169128418,0.776436984539032,0.0015531126409769058,0.008191610686480999,-1.2892500501745654,PSAX,PSAX,PSAX,2.6509446e-05,PSAX,False,,PSAX,S S S S,Z:\raw_data\C000000002\SWE02_SW_data_28-April-2026_10-22-19\output\CombinedData_buffer3_iq.gif
C000000002,SWE02_SW_data_28-April-2026_10-23-21,0.19498445093631744,0.7978464365005493,0.0017478204099461436,0.0054213376715779305,-1.4086089264816228,PSAX,PSAX,PSAX,0.00011160115,PSAX,False,,PSAX,S S S S,Z:\raw_data\C000000002\SWE02_SW_data_28-April-2026_10-23-21\output\CombinedData_buffer3_iq.gif
C000000002,SWE02_SW_data_28-April-2026_10-24-12,0.16333270072937012,0.827419102191925,0.002224680269137025,0.007023547776043415,-1.6220309019387071,PSAX,PSAX,PSAX,0.005761566,PSAX,False,,PSAX,S S S S,Z:\raw_data\C000000002\SWE02_SW_data_28-April-2026_10-24-12\output\CombinedData_buffer3_iq.gif
C000000003,VIS_03_SW_data_16-June-2026_10-09-42,0.9842292666435242,0.009709411300718784,0.0004490501305554062,0.005612322129309177,4.60861819999578,PLAX,PLAX,PLAX,0.99999833,PLAX,False,,PLAX,L L L L,Z:\raw_data\C000000003\VIS_03_SW_data_16-June-2026_10-09-42\output\CombinedData_buffer3_iq.gif
C000000003,VIS_03_SW_data_16-June-2026_10-10-39,0.8871762752532959,0.0882490947842598,0.0029051105957478285,0.02166951820254326,2.30686045242834,PLAX,PLAX,PLAX,0.9999913,PLAX,False,,PLAX,L L L L,Z:\raw_data\C000000003\VIS_03_SW_data_16-June-2026_10-10-39\output\CombinedData_buffer3_iq.gif
C000000003,VIS_03_SW_data_16-June-2026_10-12-10,0.9766970276832581,0.01950475201010704,0.000577535480260849,0.0032206906471401453,3.908506893533958,PLAX,PLAX,PLAX,0.9999958,PLAX,False,,PLAX,L L L L,Z:\raw_data\C000000003\VIS_03_SW_data_16-June-2026_10-12-10\output\CombinedData_buffer3_iq.gif
C000000003,VIS_03_SW_data_16-June-2026_10-13-59,0.9696880578994751,0.011680835857987404,0.0005303200450725853,0.018100904300808907,4.410603419219886,PLAX,PLAX,PLAX,0.9975441,PLAX,False,,PLAX,L L L L,Z:\raw_data\C000000003\VIS_03_SW_data_16-June-2026_10-13-59\output\CombinedData_buffer3_iq.gif
C000000003,VIS_03_SW_data_16-June-2026_10-14-33,0.8947482705116272,0.03555013984441757,0.0013707370962947607,0.06833072006702423,3.222901104191217,PLAX,PLAX,PLAX,0.99804,PLAX,False,,PLAX,L L L L,Z:\raw_data\C000000003\VIS_03_SW_data_16-June-2026_10-14-33\output\CombinedData_buffer3_iq.gif
C000000003,VIS_03_SW_data_16-June-2026_10-15-05,0.907696545124054,0.028741879388689995,0.001038207090459764,0.06252338737249374,3.449191807910516,PLAX,PLAX,PLAX,0.99971336,PLAX,False,,PLAX,L L L L,Z:\raw_data\C000000003\VIS_03_SW_data_16-June-2026_10-15-05\output\CombinedData_buffer3_iq.gif
C000000003,VIS_03_SW_data_16-June-2026_10-16-31,0.19682136178016663,0.7350947856903076,0.037768926471471786,0.03031492605805397,-1.3173310083832712,PSAX,PSAX,PSAX,0.0024610292,PSAX,False,,PSAX,S S S S,Z:\raw_data\C000000003\VIS_03_SW_data_16-June-2026_10-16-31\output\CombinedData_buffer3_iq.gif
C000000003,VIS_03_SW_data_16-June-2026_10-17-36,0.32874006032943726,0.5636169910430908,0.02281874790787697,0.08482424169778824,-0.538980842883885,PSAX,PSAX,PSAX,0.068353765,PSAX,False,,PSAX,S S S S,Z:\raw_data\C000000003\VIS_03_SW_data_16-June-2026_10-17-36\output\CombinedData_buffer3_iq.gif
C000000003,VIS_03_SW_data_16-June-2026_10-18-12,0.452642023563385,0.4949739873409271,0.025699174031615257,0.02668471820652485,-0.08938474191720625,PSAX,PSAX,PSAX,0.02115279,PSAX,False,,PSAX,S S S S,Z:\raw_data\C000000003\VIS_03_SW_data_16-June-2026_10-18-12\output\CombinedData_buffer3_iq.gif
C000000003,VIS_03_SW_data_16-June-2026_10-18-58,0.5011716485023499,0.4000779390335083,0.07306705415248871,0.025683317333459854,0.22523887094387884,PLAX,PSAX,PSAX,0.006646028,PSAX,True,split vote,PSAX,L S S S,Z:\raw_data\C000000003\VIS_03_SW_data_16-June-2026_10-18-58\output\CombinedData_buffer3_iq.gif
C000000003,VIS_03_SW_data_16-June-2026_10-19-41,0.48038166761398315,0.4520002007484436,0.02745785564184189,0.040160275995731354,0.06088523661812273,PLAX,PSAX,PSAX,0.0026295462,PSAX,True,split vote,PSAX,L S S S,Z:\raw_data\C000000003\VIS_03_SW_data_16-June-2026_10-19-41\output\CombinedData_buffer3_iq.gif
C000000003,VIS_03_SW_data_16-June-2026_10-20-18,0.13131998479366302,0.8345434069633484,0.016180772334337234,0.017955733463168144,-1.8486063903451158,PSAX,PSAX,PSAX,7.259773e-05,PSAX,False,,PSAX,S S S S,Z:\raw_data\C000000003\VIS_03_SW_data_16-June-2026_10-20-18\output\CombinedData_buffer3_iq.gif
C000000003,VIS_03_SW_data_16-June-2026_10-21-54,0.1209866851568222,0.8020835518836975,0.006948013324290514,0.06998172402381897,-1.8908307540107039,PSAX,PSAX,PSAX,1.8175114e-06,PSAX,False,,PSAX,S S S S,Z:\raw_data\C000000003\VIS_03_SW_data_16-June-2026_10-21-54\output\CombinedData_buffer3_iq.gif
C000000003,VIS_03_SW_data_16-June-2026_10-23-03,0.07168463617563248,0.9141603112220764,0.003801350248977542,0.010353703051805496,-2.544444862989358,PSAX,PSAX,PSAX,3.9271129e-07,PSAX,False,,PSAX,S S S S,Z:\raw_data\C000000003\VIS_03_SW_data_16-June-2026_10-23-03\output\CombinedData_buffer3_iq.gif
C000000003,VIS_03_SW_data_16-June-2026_10-23-36,0.05642619729042053,0.9225099086761475,0.006016324739903212,0.015047590248286724,-2.792502311465973,PSAX,PSAX,PSAX,1.9758748e-07,PSAX,False,,PSAX,S S S S,Z:\raw_data\C000000003\VIS_03_SW_data_16-June-2026_10-23-36\output\CombinedData_buffer3_iq.gif
C000000004,VIS_4_SW_data_16-June-2026_10-58-59,0.47669216990470886,0.5215502381324768,0.001056889770552516,0.0007007118547335267,-0.08991662797586664,PSAX,PLAX,PLAX,0.9928013,PLAX,True,split vote,PLAX,S L L L,Z:\raw_data\C000000004\VIS_4_SW_data_16-June-2026_10-58-59\output\CombinedData_buffer3_iq.gif
C000000004,VIS_4_SW_data_16-June-2026_11-00-06,0.8666085004806519,0.13090696930885315,0.0005837389035150409,0.001900812378153205,1.8894521813449052,PLAX,PLAX,PLAX,0.9999893,PLAX,False,,PLAX,L L L L,Z:\raw_data\C000000004\VIS_4_SW_data_16-June-2026_11-00-06\output\CombinedData_buffer3_iq.gif
C000000004,VIS_4_SW_data_16-June-2026_11-00-39,0.5781740546226501,0.41859200596809387,0.0009373709326609969,0.002296589780598879,0.3229123189102069,PLAX,PLAX,PLAX,0.9984719,PLAX,False,,PLAX,L L L L,Z:\raw_data\C000000004\VIS_4_SW_data_16-June-2026_11-00-39\output\CombinedData_buffer3_iq.gif
C000000004,VIS_4_SW_data_16-June-2026_11-01-20,0.8000321984291077,0.19716568291187286,0.000936395488679409,0.001865845057182014,1.400225497695455,PLAX,PLAX,PLAX,0.99966717,PLAX,False,,PLAX,L L L L,Z:\raw_data\C000000004\VIS_4_SW_data_16-June-2026_11-01-20\output\CombinedData_buffer3_iq.gif
C000000004,VIS_4_SW_data_16-June-2026_11-01-48,0.8223789930343628,0.17580170929431915,0.0005567687912844121,0.0012624745722860098,1.5423975728125114,PLAX,PLAX,PLAX,0.99994695,PLAX,False,,PLAX,L L L L,Z:\raw_data\C000000004\VIS_4_SW_data_16-June-2026_11-01-48\output\CombinedData_buffer3_iq.gif
C000000004,VIS_4_SW_data_16-June-2026_11-02-20,0.7715840339660645,0.22671768069267273,0.0007124582189135253,0.0009858888806775212,1.2244286578046597,PLAX,PLAX,PLAX,0.9997844,PLAX,False,,PLAX,L L L L,Z:\raw_data\C000000004\VIS_4_SW_data_16-June-2026_11-02-20\output\CombinedData_buffer3_iq.gif
C000000004,VIS_4_SW_data_16-June-2026_11-03-50,0.0041986494325101376,0.9940041899681091,0.000514849612955004,0.0012822614517062902,-5.443541132143268,PSAX,PSAX,PLAX,0.0033187335,PSAX,True,split vote,PSAX,S S L S,Z:\raw_data\C000000004\VIS_4_SW_data_16-June-2026_11-03-50\output\CombinedData_buffer3_iq.gif
C000000004,VIS_4_SW_data_16-June-2026_11-04-18,0.02204950340092182,0.9662895798683167,0.0017959184478968382,0.00986501108855009,-3.7757519682845158,PSAX,PSAX,PSAX,0.00032685618,PSAX,False,,PSAX,S S S S,Z:\raw_data\C000000004\VIS_4_SW_data_16-June-2026_11-04-18\output\CombinedData_buffer3_iq.gif
C000000004,VIS_4_SW_data_16-June-2026_11-04-50,0.006394501309841871,0.9887241125106812,0.0014880407834425569,0.0033933748491108418,-5.025560605485864,PSAX,PSAX,PSAX,5.3584863e-05,PSAX,False,,PSAX,S S S S,Z:\raw_data\C000000004\VIS_4_SW_data_16-June-2026_11-04-50\output\CombinedData_buffer3_iq.gif
C000000004,VIS_4_SW_data_16-June-2026_11-05-52,0.01530409138649702,0.9727378487586975,0.0023313178680837154,0.009626784361898899,-4.145584268902719,PSAX,PSAX,PSAX,4.8728332e-05,PSAX,False,,PSAX,S S S S,Z:\raw_data\C000000004\VIS_4_SW_data_16-June-2026_11-05-52\output\CombinedData_buffer3_iq.gif
C000000004,VIS_4_SW_data_16-June-2026_11-06-25,0.02109699882566929,0.9660992622375488,0.00281679374165833,0.009986798278987408,-3.819510481719058,PSAX,PSAX,PSAX,0.00031843822,PSAX,False,,PSAX,S S S S,Z:\raw_data\C000000004\VIS_4_SW_data_16-June-2026_11-06-25\output\CombinedData_buffer3_iq.gif
C000000004,VIS_4_SW_data_16-June-2026_11-07-32,0.12913358211517334,0.8274462819099426,0.006049334071576595,0.037370674312114716,-1.856843554421443,PSAX,PSAX,PSAX,7.7524724e-05,PSAX,False,,PSAX,S S S S,Z:\raw_data\C000000004\VIS_4_SW_data_16-June-2026_11-07-32\output\CombinedData_buffer3_iq.gif
C000000004,VIS_4_SW_data_16-June-2026_11-08-03,0.07470212876796722,0.8739699721336365,0.010304230265319347,0.041023626923561096,-2.458314088060131,PSAX,PSAX,PSAX,6.345674e-05,PSAX,False,,PSAX,S S S S,Z:\raw_data\C000000004\VIS_4_SW_data_16-June-2026_11-08-03\output\CombinedData_buffer3_iq.gif
C000000004,VIS_4_SW_data_16-June-2026_11-08-35,0.3436641991138458,0.5717960000038147,0.04247896373271942,0.04206084460020065,-0.509001202033024,PSAX,PSAX,PSAX,0.0029114073,PSAX,False,,PSAX,S S S S,Z:\raw_data\C000000004\VIS_4_SW_data_16-June-2026_11-08-35\output\CombinedData_buffer3_iq.gif
C000000005,VIS-005_SW_data_19-June-2026_09-12-20,0.941835343837738,0.05656823515892029,0.0005902953562326729,0.0010060534114018083,2.810722807831649,PLAX,PLAX,PSAX,0.99999905,PLAX,True,split vote,PLAX,L L S L,Z:\raw_data\C000000005\VIS-005_SW_data_19-June-2026_09-12-20\output\CombinedData_buffer3_iq.gif
C000000005,VIS-005_SW_data_19-June-2026_09-12-54,0.9140415787696838,0.08266319334506989,0.0007131173624657094,0.0025820753071457148,2.4020020219012337,PLAX,PLAX,PSAX,0.99999785,PLAX,True,split vote,PLAX,L L S L,Z:\raw_data\C000000005\VIS-005_SW_data_19-June-2026_09-12-54\output\CombinedData_buffer3_iq.gif
C000000005,VIS-005_SW_data_19-June-2026_09-14-24,0.7693910598754883,0.22006522119045258,0.004545128438621759,0.005998505745083094,1.251351065215854,PLAX,PLAX,PSAX,0.9998995,PLAX,True,split vote,PLAX,L L S L,Z:\raw_data\C000000005\VIS-005_SW_data_19-June-2026_09-14-24\output\CombinedData_buffer3_iq.gif
C000000005,VIS-005_SW_data_19-June-2026_09-15-51,0.5082312226295471,0.4792393445968628,0.002575139980763197,0.00995435006916523,0.058724457742785896,PLAX,PLAX,PSAX,0.99631304,PLAX,True,split vote,PLAX,L L S L,Z:\raw_data\C000000005\VIS-005_SW_data_19-June-2026_09-15-51\output\CombinedData_buffer3_iq.gif
C000000005,VIS-005_SW_data_19-June-2026_09-16-29,0.525519847869873,0.4543001353740692,0.002213079482316971,0.017966974526643753,0.14560006344173904,PLAX,PLAX,PSAX,0.97486556,PLAX,True,split vote,PLAX,L L S L,Z:\raw_data\C000000005\VIS-005_SW_data_19-June-2026_09-16-29\output\CombinedData_buffer3_iq.gif
C000000005,VIS-005_SW_data_19-June-2026_09-17-03,0.8250502943992615,0.1668085902929306,0.002852336037904024,0.005288776010274887,1.5981192457289597,PLAX,PLAX,PSAX,0.99964833,PLAX,True,split vote,PLAX,L L S L,Z:\raw_data\C000000005\VIS-005_SW_data_19-June-2026_09-17-03\output\CombinedData_buffer3_iq.gif
C000000005,VIS-005_SW_data_19-June-2026_09-18-05,0.007538130506873131,0.9914981126785278,0.00012757009244523942,0.0008362235384993255,-4.866165021668234,PSAX,PSAX,PSAX,0.00059568125,PSAX,False,,PSAX,S S S S,Z:\raw_data\C000000005\VIS-005_SW_data_19-June-2026_09-18-05\output\CombinedData_buffer3_iq.gif
C000000005,VIS-005_SW_data_19-June-2026_09-18-42,0.00391424959525466,0.9956428408622742,9.07927387743257e-05,0.0003521344915498048,-5.5136386027214686,PSAX,PSAX,PSAX,0.0056001553,PSAX,False,,PSAX,S S S S,Z:\raw_data\C000000005\VIS-005_SW_data_19-June-2026_09-18-42\output\CombinedData_buffer3_iq.gif
C000000005,VIS-005_SW_data_19-June-2026_09-19-21,0.003542660502716899,0.9960344433784485,8.551085193175822e-05,0.0003373331273905933,-5.611167909781094,PSAX,PSAX,PSAX,0.00071094465,PSAX,False,,PSAX,S S S S,Z:\raw_data\C000000005\VIS-005_SW_data_19-June-2026_09-19-21\output\CombinedData_buffer3_iq.gif
C000000005,VIS-005_SW_data_19-June-2026_09-20-29,0.010293804109096527,0.9874134063720703,0.0004684799932874739,0.0018243843223899603,-4.553980202884252,PSAX,PSAX,PSAX,0.00073144305,PSAX,False,,PSAX,S S S S,Z:\raw_data\C000000005\VIS-005_SW_data_19-June-2026_09-20-29\output\CombinedData_buffer3_iq.gif
C000000005,VIS-005_SW_data_19-June-2026_09-21-07,0.026355020701885223,0.9623610973358154,0.001778229372575879,0.009505647234618664,-3.594047688104863,PSAX,PSAX,PSAX,0.0029209405,PSAX,False,,PSAX,S S S S,Z:\raw_data\C000000005\VIS-005_SW_data_19-June-2026_09-21-07\output\CombinedData_buffer3_iq.gif
C000000005,VIS-005_SW_data_19-June-2026_09-27-12,0.45901450514793396,0.3952990174293518,0.11079674959182739,0.03488978371024132,0.14940421977291118,PLAX,PLAX,PLAX,0.039348796,PSAX,True,split vote,PLAX,L L L S,Z:\raw_data\C000000005\VIS-005_SW_data_19-June-2026_09-27-12\output\CombinedData_buffer3_iq.gif
C000000005,VIS-005_SW_data_19-June-2026_09-27-41,0.07890181988477707,0.9126870036125183,0.0018508767243474722,0.006560272537171841,-2.447031671793202,PSAX,PSAX,PLAX,0.0006558117,PSAX,True,split vote,PSAX,S S L S,Z:\raw_data\C000000005\VIS-005_SW_data_19-June-2026_09-27-41\output\CombinedData_buffer3_iq.gif
C000000005,VIS-005_SW_data_19-June-2026_09-28-50,0.062257666140794754,0.928835391998291,0.0016889746766537428,0.007217925973236561,-2.7011525727368277,PSAX,PSAX,PLAX,5.2321877e-05,PSAX,True,split vote,PSAX,S S L S,Z:\raw_data\C000000005\VIS-005_SW_data_19-June-2026_09-28-50\output\CombinedData_buffer3_iq.gif
C000000005,VIS-005_SW_data_19-June-2026_09-29-28,0.013102944940328598,0.9812765121459961,0.001689690281637013,0.003930840641260147,-4.30851628411253,PSAX,PSAX,PLAX,9.585914e-06,PSAX,True,split vote,PSAX,S S L S,Z:\raw_data\C000000005\VIS-005_SW_data_19-June-2026_09-29-28\output\CombinedData_buffer3_iq.gif
C000000005,VIS-005_SW_data_19-June-2026_09-30-03,0.12381618469953537,0.8473541140556335,0.007403562311083078,0.02142604999244213,-1.9226312878626068,PSAX,PLAX,PLAX,0.00023034174,PSAX,True,split vote,PSAX,S L L S,Z:\raw_data\C000000005\VIS-005_SW_data_19-June-2026_09-30-03\output\CombinedData_buffer3_iq.gif
C000000007,VIS-007_SW_data_30-June-2026_11-45-50,0.7908100485801697,0.1986936628818512,0.0030813338235020638,0.0074148280546069145,1.380916825829521,PLAX,PLAX,PLAX,0.99997437,PLAX,False,,PLAX,L L L L,Z:\raw_data\C000000007\VIS-007_SW_data_30-June-2026_11-45-50\output\CombinedData_buffer3_iq.gif
C000000007,VIS-007_SW_data_30-June-2026_11-47-50,0.5352050065994263,0.4487142562866211,0.005869477055966854,0.010211341083049774,0.17622757119225807,PLAX,PLAX,PSAX,0.8508842,PLAX,True,split vote,PLAX,L L S L,Z:\raw_data\C000000007\VIS-007_SW_data_30-June-2026_11-47-50\output\CombinedData_buffer3_iq.gif
C000000007,VIS-007_SW_data_30-June-2026_11-49-10,0.8752036690711975,0.03212598338723183,0.008398972451686859,0.08427135646343231,3.3017978118736324,PLAX,PLAX,PLAX,0.999744,PLAX,False,,PLAX,L L L L,Z:\raw_data\C000000007\VIS-007_SW_data_30-June-2026_11-49-10\output\CombinedData_buffer3_iq.gif
C000000007,VIS-007_SW_data_30-June-2026_11-50-12,0.9917862415313721,0.0051130917854607105,0.00018564642232377082,0.0029150156769901514,5.248435312169937,PLAX,PSAX,PLAX,0.99997306,PLAX,True,split vote,PLAX,L S L L,Z:\raw_data\C000000007\VIS-007_SW_data_30-June-2026_11-50-12\output\CombinedData_buffer3_iq.gif
C000000007,VIS-007_SW_data_30-June-2026_11-50-55,0.8514646291732788,0.14606721699237823,0.0007999009685590863,0.0016681416891515255,1.7623241094088933,PLAX,PLAX,PLAX,0.9996786,PLAX,False,,PLAX,L L L L,Z:\raw_data\C000000007\VIS-007_SW_data_30-June-2026_11-50-55\output\CombinedData_buffer3_iq.gif
C000000007,VIS-007_SW_data_30-June-2026_11-51-26,0.9937983155250549,0.004487832076847553,0.0001705294707790017,0.0015431251376867294,5.378227305074647,PLAX,PSAX,PLAX,0.99708277,PLAX,True,split vote,PLAX,L S L L,Z:\raw_data\C000000007\VIS-007_SW_data_30-June-2026_11-51-26\output\CombinedData_buffer3_iq.gif
C000000007,VIS-007_SW_data_30-June-2026_11-53-29,0.2953643798828125,0.6566345691680908,0.00578888226300478,0.042212046682834625,-0.7987316448138524,PSAX,PLAX,PLAX,0.9131948,PLAX,True,split vote,PLAX,S L L L,Z:\raw_data\C000000007\VIS-007_SW_data_30-June-2026_11-53-29\output\CombinedData_buffer3_iq.gif
C000000007,VIS-007_SW_data_30-June-2026_11-54-10,0.08066893368959427,0.9083408117294312,0.003298712894320488,0.007691539358347654,-2.4201373287147088,PSAX,PLAX,PLAX,0.91875005,PLAX,True,split vote,PLAX,S L L L,Z:\raw_data\C000000007\VIS-007_SW_data_30-June-2026_11-54-10\output\CombinedData_buffer3_iq.gif
C000000007,VIS-007_SW_data_30-June-2026_11-57-47,0.02400040440261364,0.9741337299346924,0.0009754435741342604,0.0008904618443921208,-3.6994226234394154,PSAX,PSAX,PSAX,1.0786788e-05,PSAX,False,,PSAX,S S S S,Z:\raw_data\C000000007\VIS-007_SW_data_30-June-2026_11-57-47\output\CombinedData_buffer3_iq.gif
C000000007,VIS-007_SW_data_30-June-2026_11-58-24,0.015019208192825317,0.9826527237892151,0.0006183242658153176,0.0017097311792895198,-4.174391534716691,PSAX,PSAX,PSAX,1.1196389e-05,PSAX,False,,PSAX,S S S S,Z:\raw_data\C000000007\VIS-007_SW_data_30-June-2026_11-58-24\output\CombinedData_buffer3_iq.gif
C000000007,VIS-007_SW_data_30-June-2026_11-58-59,0.012392576783895493,0.9860594272613525,0.00024020436103455722,0.0013079348718747497,-4.368683421849687,PSAX,PSAX,PSAX,3.9104625e-06,PSAX,False,,PSAX,S S S S,Z:\raw_data\C000000007\VIS-007_SW_data_30-June-2026_11-58-59\output\CombinedData_buffer3_iq.gif
C000000007,VIS-007_SW_data_30-June-2026_11-59-49,0.4796096384525299,0.5125400424003601,0.004993318114429712,0.0028569456189870834,-0.06639292617623471,PSAX,PSAX,PSAX,7.581079e-05,PSAX,False,,PSAX,S S S S,Z:\raw_data\C000000007\VIS-007_SW_data_30-June-2026_11-59-49\output\CombinedData_buffer3_iq.gif
C000000007,VIS-007_SW_data_30-June-2026_12-00-27,0.22420290112495422,0.7681176066398621,0.002845184179022908,0.0048343162052333355,-1.2310756594221888,PSAX,PSAX,PSAX,5.747257e-06,PSAX,False,,PSAX,S S S S,Z:\raw_data\C000000007\VIS-007_SW_data_30-June-2026_12-00-27\output\CombinedData_buffer3_iq.gif
C000000007,VIS-007_SW_data_30-June-2026_12-01-29,0.41324636340141296,0.5702083110809326,0.005511642899364233,0.011033639311790466,-0.32189121743760774,PSAX,PSAX,PSAX,3.42866e-05,PSAX,False,,PSAX,S S S S,Z:\raw_data\C000000007\VIS-007_SW_data_30-June-2026_12-01-29\output\CombinedData_buffer3_iq.gif
C000000008,VIS-010_SW_data_03-July-2026_10-36-33,0.8210029602050781,0.17408780753612518,0.0026119898539036512,0.0022971974685788155,1.5505144390911585,PLAX,PLAX,PSAX,0.99941504,PLAX,True,split vote,PLAX,L L S L,Z:\raw_data\C000000008\VIS-010_SW_data_03-July-2026_10-36-33\output\CombinedData_buffer3_iq.gif
C000000008,VIS-010_SW_data_03-July-2026_10-37-16,0.9034879803657532,0.09184650331735611,0.0038491871673613787,0.0008164138998836279,2.285166560324216,PLAX,PLAX,PLAX,0.99999917,PLAX,False,,PLAX,L L L L,Z:\raw_data\C000000008\VIS-010_SW_data_03-July-2026_10-37-16\output\CombinedData_buffer3_iq.gif
C000000008,VIS-010_SW_data_03-July-2026_10-37-44,0.8819024562835693,0.11195627599954605,0.0047731660306453705,0.001368202967569232,2.063193631521071,PLAX,PLAX,PLAX,0.9999739,PLAX,False,,PLAX,L L L L,Z:\raw_data\C000000008\VIS-010_SW_data_03-July-2026_10-37-44\output\CombinedData_buffer3_iq.gif
C000000008,VIS-010_SW_data_03-July-2026_10-38-22,0.6370819211006165,0.34667453169822693,0.013461957685649395,0.0027816505171358585,0.6083804010238525,PLAX,PLAX,PLAX,0.99975485,PLAX,False,,PLAX,L L L L,Z:\raw_data\C000000008\VIS-010_SW_data_03-July-2026_10-38-22\output\CombinedData_buffer3_iq.gif
C000000008,VIS-010_SW_data_03-July-2026_10-39-08,0.745164692401886,0.22597461938858032,0.024822678416967392,0.004038122016936541,1.1928743280304754,PLAX,PLAX,PLAX,0.99630666,PLAX,False,,PLAX,L L L L,Z:\raw_data\C000000008\VIS-010_SW_data_03-July-2026_10-39-08\output\CombinedData_buffer3_iq.gif
C000000008,VIS-010_SW_data_03-July-2026_10-39-52,0.8764814138412476,0.11092981696128845,0.008651857264339924,0.003937033005058765,2.066230798693059,PLAX,PLAX,PLAX,0.9917317,PLAX,False,,PLAX,L L L L,Z:\raw_data\C000000008\VIS-010_SW_data_03-July-2026_10-39-52\output\CombinedData_buffer3_iq.gif
C000000008,VIS-010_SW_data_03-July-2026_10-40-54,0.17835822701454163,0.7707661390304565,0.004894888494163752,0.04598065838217735,-1.4631601870503887,PSAX,PSAX,PSAX,0.02920421,PSAX,False,,PSAX,S S S S,Z:\raw_data\C000000008\VIS-010_SW_data_03-July-2026_10-40-54\output\CombinedData_buffer3_iq.gif
C000000008,VIS-010_SW_data_03-July-2026_10-41-24,0.11674941331148148,0.8187757134437561,0.007050833199173212,0.05742388218641281,-1.9470462781968636,PSAX,PSAX,PSAX,0.0029581406,PSAX,False,,PSAX,S S S S,Z:\raw_data\C000000008\VIS-010_SW_data_03-July-2026_10-41-24\output\CombinedData_buffer3_iq.gif
C000000008,VIS-010_SW_data_03-July-2026_10-41-56,0.22866982221603394,0.6624743938446045,0.0074195037595927715,0.10143623501062393,-1.0634164892539952,PSAX,PSAX,PSAX,0.04756418,PSAX,False,,PSAX,S S S S,Z:\raw_data\C000000008\VIS-010_SW_data_03-July-2026_10-41-56\output\CombinedData_buffer3_iq.gif
C000000008,VIS-010_SW_data_03-July-2026_10-42-38,0.1046881228685379,0.8673976063728333,0.006718726363033056,0.02119559794664383,-2.1136723185354365,PSAX,PSAX,PSAX,0.000838937,PSAX,False,,PSAX,S S S S,Z:\raw_data\C000000008\VIS-010_SW_data_03-July-2026_10-42-38\output\CombinedData_buffer3_iq.gif
C000000008,VIS-010_SW_data_03-July-2026_10-43-23,0.045449208468198776,0.44853606820106506,0.004318144638091326,0.5016966462135315,-2.2874187742031076,PSAX,PSAX,PSAX,2.0685824e-05,PSAX,True,other?,PSAX,S S S S,Z:\raw_data\C000000008\VIS-010_SW_data_03-July-2026_10-43-23\output\CombinedData_buffer3_iq.gif
C000000008,VIS-010_SW_data_03-July-2026_10-43-54,0.1993916630744934,0.4862724542617798,0.01170595083385706,0.30262991786003113,-0.8912022508287497,PSAX,PSAX,PSAX,1.7333854e-06,PSAX,False,,PSAX,S S S S,Z:\raw_data\C000000008\VIS-010_SW_data_03-July-2026_10-43-54\output\CombinedData_buffer3_iq.gif
C000000008,VIS-010_SW_data_03-July-2026_10-44-27,0.1447971761226654,0.47880151867866516,0.018517985939979553,0.3578833341598511,-1.1954706178443928,PSAX,PSAX,PSAX,9.210392e-07,PSAX,False,,PSAX,S S S S,Z:\raw_data\C000000008\VIS-010_SW_data_03-July-2026_10-44-27\output\CombinedData_buffer3_iq.gif
C000000008,VIS-010_SW_data_03-July-2026_10-44-58,0.07300064712762833,0.5274104475975037,0.00860279705375433,0.3909861743450165,-1.97633145167445,PSAX,PSAX,PSAX,2.1443231e-05,PSAX,False,,PSAX,S S S S,Z:\raw_data\C000000008\VIS-010_SW_data_03-July-2026_10-44-58\output\CombinedData_buffer3_iq.gif
C000000009,VIS-009_SW_data_03-July-2026_09-43-33,0.9550638794898987,0.04420243948698044,0.00027308487915433943,0.00046056092833168805,3.07084318435784,PLAX,PLAX,PLAX,0.99780124,PLAX,False,,PLAX,L L L L,Z:\raw_data\C000000009\VIS-009_SW_data_03-July-2026_09-43-33\output\CombinedData_buffer3_iq.gif
C000000009,VIS-009_SW_data_03-July-2026_09-45-12,0.9787135124206543,0.021066294983029366,6.28876659902744e-05,0.00015717485803179443,3.8339310793422787,PLAX,PLAX,PLAX,0.999974,PLAX,False,,PLAX,L L L L,Z:\raw_data\C000000009\VIS-009_SW_data_03-July-2026_09-45-12\output\CombinedData_buffer3_iq.gif
C000000009,VIS-009_SW_data_03-July-2026_09-45-57,0.9908257722854614,0.0090169133618474,4.746294143842533e-05,0.00010996517085004598,4.688508330059471,PLAX,PLAX,PLAX,0.9999654,PLAX,False,,PLAX,L L L L,Z:\raw_data\C000000009\VIS-009_SW_data_03-July-2026_09-45-57\output\CombinedData_buffer3_iq.gif
C000000009,VIS-009_SW_data_03-July-2026_09-47-12,0.7984927296638489,0.19995540380477905,0.0003170620184391737,0.001234711380675435,1.384256743526504,PLAX,PLAX,PLAX,0.99992967,PLAX,False,,PLAX,L L L L,Z:\raw_data\C000000009\VIS-009_SW_data_03-July-2026_09-47-12\output\CombinedData_buffer3_iq.gif
C000000009,VIS-009_SW_data_03-July-2026_09-47-50,0.9955127835273743,0.004368274938315153,3.490132439765148e-05,8.401514060096815e-05,5.4063559961352405,PLAX,PLAX,PLAX,0.9999262,PLAX,False,,PLAX,L L L L,Z:\raw_data\C000000009\VIS-009_SW_data_03-July-2026_09-47-50\output\CombinedData_buffer3_iq.gif
C000000009,VIS-009_SW_data_03-July-2026_09-48-24,0.9916067719459534,0.008184768259525299,4.3471700337249786e-05,0.00016510506975464523,4.7850087913942465,PLAX,PLAX,PLAX,0.9998348,PLAX,False,,PLAX,L L L L,Z:\raw_data\C000000009\VIS-009_SW_data_03-July-2026_09-48-24\output\CombinedData_buffer3_iq.gif
C000000009,VIS-009_SW_data_03-July-2026_09-49-49,0.00051460275426507,0.9994302988052368,4.0839691791916266e-05,1.4255755559133831e-05,-7.394064615344491,PSAX,PSAX,PSAX,0.000102903716,PSAX,False,,PSAX,S S S S,Z:\raw_data\C000000009\VIS-009_SW_data_03-July-2026_09-49-49\output\CombinedData_buffer3_iq.gif
C000000009,VIS-009_SW_data_03-July-2026_09-50-42,0.002644627122208476,0.9971369504928589,7.82456700108014e-05,0.0001402618654537946,-5.895343178377117,PSAX,PSAX,PSAX,0.00029451484,PSAX,False,,PSAX,S S S S,Z:\raw_data\C000000009\VIS-009_SW_data_03-July-2026_09-50-42\output\CombinedData_buffer3_iq.gif
C000000009,VIS-009_SW_data_03-July-2026_09-51-59,0.003683411283418536,0.9962446093559265,4.929600618197583e-05,2.278837564517744e-05,-5.573467132478151,PSAX,PSAX,PSAX,0.0010344307,PSAX,False,,PSAX,S S S S,Z:\raw_data\C000000009\VIS-009_SW_data_03-July-2026_09-51-59\output\CombinedData_buffer3_iq.gif
C000000009,VIS-009_SW_data_03-July-2026_09-54-19,0.0016779327997937799,0.9979191422462463,0.000126161816297099,0.000276764651061967,-6.330321115749105,PSAX,PSAX,PSAX,0.00088917004,PSAX,False,,PSAX,S S S S,Z:\raw_data\C000000009\VIS-009_SW_data_03-July-2026_09-54-19\output\CombinedData_buffer3_iq.gif
C000000009,VIS-009_SW_data_03-July-2026_09-55-35,0.0016916703898459673,0.9980306029319763,7.107451529009268e-05,0.00020667462376877666,-6.322735769013709,PSAX,PSAX,PSAX,0.0007847262,PSAX,False,,PSAX,S S S S,Z:\raw_data\C000000009\VIS-009_SW_data_03-July-2026_09-55-35\output\CombinedData_buffer3_iq.gif
C000000009,VIS-009_SW_data_03-July-2026_09-56-29,0.0020789187401533127,0.9976063370704651,8.553760562790558e-05,0.0002293199358973652,-6.126630218577083,PSAX,PSAX,PSAX,0.0015809083,PSAX,False,,PSAX,S S S S,Z:\raw_data\C000000009\VIS-009_SW_data_03-July-2026_09-56-29\output\CombinedData_buffer3_iq.gif
C000000009,VIS-009_SW_data_03-July-2026_09-57-15,0.05864899978041649,0.9226546883583069,0.0019295680103823543,0.01676688715815544,-2.7540892948863482,PSAX,PSAX,PSAX,0.0014923946,PSAX,False,,PSAX,S S S S,Z:\raw_data\C000000009\VIS-009_SW_data_03-July-2026_09-57-15\output\CombinedData_buffer3_iq.gif
C000000009,VIS-009_SW_data_03-July-2026_09-57-46,0.030403537675738335,0.9659730792045593,0.0005202163010835648,0.0031032729893922806,-3.455396816445985,PSAX,PSAX,PSAX,0.00027081385,PSAX,False,,PSAX,S S S S,Z:\raw_data\C000000009\VIS-009_SW_data_03-July-2026_09-57-46\output\CombinedData_buffer3_iq.gif
C000000009,VIS-009_SW_data_03-July-2026_09-58-21,0.007692464627325535,0.9908386468887329,0.00016694972873665392,0.0013019329635426402,-4.845495428783409,PSAX,PSAX,PSAX,0.0015400273,PSAX,False,,PSAX,S S S S,Z:\raw_data\C000000009\VIS-009_SW_data_03-July-2026_09-58-21\output\CombinedData_buffer3_iq.gif
C000000009,VIS-009_SW_data_03-July-2026_10-02-09,0.00030703863012604415,0.0006448543281294405,0.9990026354789734,4.531534796115011e-05,-0.6042805712952646,PSAX,PLAX,PLAX,0.00018881616,PSAX,True,apical?,Apical,S L L S,Z:\raw_data\C000000009\VIS-009_SW_data_03-July-2026_10-02-09\output\CombinedData_buffer3_iq.gif
C000000010,vis-006_SW_data_30-June-2026_09-43-28,0.9841657876968384,0.015224789269268513,0.00013434984430205077,0.0004750574007630348,4.162424239081364,PLAX,PLAX,PLAX,0.9999305,PLAX,False,,PLAX,L L L L,Z:\raw_data\C000000010\vis-006_SW_data_30-June-2026_09-43-28\output\CombinedData_buffer3_iq.gif
C000000010,vis-006_SW_data_30-June-2026_09-44-14,0.9791516661643982,0.01998809725046158,0.00018297325004823506,0.000677315576467663,3.886661210949123,PLAX,PLAX,PLAX,0.9995147,PLAX,False,,PLAX,L L L L,Z:\raw_data\C000000010\vis-006_SW_data_30-June-2026_09-44-14\output\CombinedData_buffer3_iq.gif
C000000010,vis-006_SW_data_30-June-2026_09-44-49,0.9693552851676941,0.029683735221624374,0.0001928771089296788,0.0007679627160541713,3.482771905502442,PLAX,PLAX,PLAX,0.9998498,PLAX,False,,PLAX,L L L L,Z:\raw_data\C000000010\vis-006_SW_data_30-June-2026_09-44-49\output\CombinedData_buffer3_iq.gif
C000000010,vis-006_SW_data_30-June-2026_09-46-57,0.9640042185783386,0.03409474343061447,0.0010924061061814427,0.0008086487068794668,3.339127467929317,PLAX,PLAX,PLAX,0.99999297,PLAX,False,,PLAX,L L L L,Z:\raw_data\C000000010\vis-006_SW_data_30-June-2026_09-46-57\output\CombinedData_buffer3_iq.gif
C000000010,vis-006_SW_data_30-June-2026_09-47-28,0.9905276298522949,0.008857475593686104,0.00016799899458419532,0.00044683273881673813,4.705850266288545,PLAX,PLAX,PLAX,0.9999486,PLAX,False,,PLAX,L L L L,Z:\raw_data\C000000010\vis-006_SW_data_30-June-2026_09-47-28\output\CombinedData_buffer3_iq.gif
C000000010,vis-006_SW_data_30-June-2026_09-48-33,0.9631266593933105,0.03603702038526535,0.0004060901701450348,0.000430338695878163,3.282970916798778,PLAX,PLAX,PLAX,0.9998921,PLAX,False,,PLAX,L L L L,Z:\raw_data\C000000010\vis-006_SW_data_30-June-2026_09-48-33\output\CombinedData_buffer3_iq.gif
C000000010,vis-006_SW_data_30-June-2026_09-50-42,0.001899087568745017,0.9973288774490356,0.00030599412275478244,0.0004660164122469723,-6.212489984584582,PSAX,PLAX,PSAX,8.181594e-06,PSAX,True,split vote,PSAX,S L S S,Z:\raw_data\C000000010\vis-006_SW_data_30-June-2026_09-50-42\output\CombinedData_buffer3_iq.gif
C000000010,vis-006_SW_data_30-June-2026_09-51-19,0.008815566077828407,0.9882532358169556,0.0009054105030372739,0.002025729976594448,-4.708241413449337,PSAX,PLAX,PSAX,3.1330124e-05,PSAX,True,split vote,PSAX,S L S S,Z:\raw_data\C000000010\vis-006_SW_data_30-June-2026_09-51-19\output\CombinedData_buffer3_iq.gif
C000000010,vis-006_SW_data_30-June-2026_09-52-14,0.10256806761026382,0.7834330201148987,0.004020162392407656,0.10997887700796127,-2.0323120655124245,PSAX,PSAX,PSAX,0.00012957065,PSAX,False,,PSAX,S S S S,Z:\raw_data\C000000010\vis-006_SW_data_30-June-2026_09-52-14\output\CombinedData_buffer3_iq.gif
C000000010,vis-006_SW_data_30-June-2026_09-53-44,0.011796128936111927,0.9857365489006042,0.0005844345432706177,0.00188281643204391,-4.417277521245138,PSAX,PLAX,PSAX,6.804741e-05,PSAX,True,split vote,PSAX,S L S S,Z:\raw_data\C000000010\vis-006_SW_data_30-June-2026_09-53-44\output\CombinedData_buffer3_iq.gif
C000000010,vis-006_SW_data_30-June-2026_09-55-00,0.0556151419878006,0.9066652059555054,0.004316194914281368,0.03340352326631546,-2.7896315887934375,PSAX,PSAX,PSAX,0.00014873208,PSAX,False,,PSAX,S S S S,Z:\raw_data\C000000010\vis-006_SW_data_30-June-2026_09-55-00\output\CombinedData_buffer3_iq.gif
C000000010,vis-006_SW_data_30-June-2026_09-55-36,0.13797567784786224,0.7791720032691956,0.008988432586193085,0.07386387884616852,-1.7305582296705897,PSAX,PSAX,PSAX,0.0119537525,PSAX,False,,PSAX,S S S S,Z:\raw_data\C000000010\vis-006_SW_data_30-June-2026_09-55-36\output\CombinedData_buffer3_iq.gif
C000000010,vis-006_SW_data_30-June-2026_09-56-24,0.12671396136283875,0.8404128551483154,0.002758064540103078,0.030115164816379547,-1.8912911060486122,PSAX,PSAX,PSAX,1.4972196e-05,PSAX,False,,PSAX,S S S S,Z:\raw_data\C000000010\vis-006_SW_data_30-June-2026_09-56-24\output\CombinedData_buffer3_iq.gif
C000000010,vis-006_SW_data_30-June-2026_09-56-54,0.04212568700313568,0.9289633631706238,0.0029015392065048218,0.026009391993284225,-3.0911482096510032,PSAX,PSAX,PSAX,9.36427e-05,PSAX,False,,PSAX,S S S S,Z:\raw_data\C000000010\vis-006_SW_data_30-June-2026_09-56-54\output\CombinedData_buffer3_iq.gif
C000000011,VIS-11_SW_data_07-July-2026_08-40-05,0.8022520542144775,0.18722788989543915,0.0023844928946346045,0.008135569281876087,1.4546869785837133,PLAX,PLAX,PSAX,0.9998543,PLAX,True,split vote,PLAX,L L S L,Z:\raw_data\C000000011\VIS-11_SW_data_07-July-2026_08-40-05\output\CombinedData_buffer3_iq.gif
C000000011,VIS-11_SW_data_07-July-2026_08-40-50,0.932912290096283,0.03677299991250038,0.0019455463625490665,0.02836918644607067,3.2309387998974572,PLAX,PLAX,PSAX,0.99966204,PLAX,True,split vote,PLAX,L L S L,Z:\raw_data\C000000011\VIS-11_SW_data_07-July-2026_08-40-50\output\CombinedData_buffer3_iq.gif
C000000011,VIS-11_SW_data_07-July-2026_08-42-03,0.9960581064224243,0.0031995896715670824,0.00011845372500829399,0.0006239603972062469,5.710107867582529,PLAX,PLAX,PLAX,0.999941,PLAX,False,,PLAX,L L L L,Z:\raw_data\C000000011\VIS-11_SW_data_07-July-2026_08-42-03\output\CombinedData_buffer3_iq.gif
C000000011,VIS-11_SW_data_07-July-2026_08-42-55,0.9914491772651672,0.006755662616342306,0.0002956195385195315,0.0014995613601058722,4.9741935754857565,PLAX,PLAX,PLAX,0.99994195,PLAX,False,,PLAX,L L L L,Z:\raw_data\C000000011\VIS-11_SW_data_07-July-2026_08-42-55\output\CombinedData_buffer3_iq.gif
C000000011,VIS-11_SW_data_07-July-2026_08-43-46,0.9968825578689575,0.00247114896774292,9.872359078144655e-05,0.0005476210499182343,5.960380407031763,PLAX,PLAX,PLAX,0.9999453,PLAX,False,,PLAX,L L L L,Z:\raw_data\C000000011\VIS-11_SW_data_07-July-2026_08-43-46\output\CombinedData_buffer3_iq.gif
C000000011,VIS-11_SW_data_07-July-2026_08-44-19,0.996100902557373,0.0030911006033420563,0.0001194207216030918,0.0006884736940264702,5.743583072625127,PLAX,PLAX,PLAX,0.99998784,PLAX,False,,PLAX,L L L L,Z:\raw_data\C000000011\VIS-11_SW_data_07-July-2026_08-44-19\output\CombinedData_buffer3_iq.gif
C000000011,VIS-11_SW_data_07-July-2026_08-47-07,0.026849200949072838,0.9716373682022095,0.0004201421106699854,0.0010933441808447242,-3.5851319230973338,PSAX,PSAX,PSAX,0.0007508909,PSAX,False,,PSAX,S S S S,Z:\raw_data\C000000011\VIS-11_SW_data_07-July-2026_08-47-07\output\CombinedData_buffer3_iq.gif
C000000011,VIS-11_SW_data_07-July-2026_08-47-48,0.005610666237771511,0.9941849112510681,6.623208901146427e-05,0.00013827129441779107,-5.159688100642244,PSAX,PLAX,PSAX,0.0012775522,PSAX,True,split vote,PSAX,S L S S,Z:\raw_data\C000000011\VIS-11_SW_data_07-July-2026_08-47-48\output\CombinedData_buffer3_iq.gif
C000000011,VIS-11_SW_data_07-July-2026_08-48-43,0.127955824136734,0.8710536360740662,0.0001550263841636479,0.0008355040918104351,-1.9173520568259665,PSAX,PLAX,PSAX,0.003345477,PSAX,True,split vote,PSAX,S L S S,Z:\raw_data\C000000011\VIS-11_SW_data_07-July-2026_08-48-43\output\CombinedData_buffer3_iq.gif
C000000011,VIS-11_SW_data_07-July-2026_08-50-02,0.006793538108468056,0.9913945198059082,0.0003580127377063036,0.0014539448311552405,-4.968628953981144,PSAX,PSAX,PSAX,0.0002830326,PSAX,False,,PSAX,S S S S,Z:\raw_data\C000000011\VIS-11_SW_data_07-July-2026_08-50-02\output\CombinedData_buffer3_iq.gif
C000000011,VIS-11_SW_data_07-July-2026_08-50-39,0.0011039417004212737,0.9981811046600342,0.000353345851181075,0.0003615354944486171,-6.720433980509256,PSAX,PSAX,PSAX,0.000122000674,PSAX,False,,PSAX,S S S S,Z:\raw_data\C000000011\VIS-11_SW_data_07-July-2026_08-50-39\output\CombinedData_buffer3_iq.gif
C000000011,VIS-11_SW_data_07-July-2026_08-51-19,0.0005911187035962939,0.9988236427307129,0.0002976231917273253,0.0002877220103982836,-7.276122026758799,PSAX,PSAX,PSAX,4.3116517e-05,PSAX,False,,PSAX,S S S S,Z:\raw_data\C000000011\VIS-11_SW_data_07-July-2026_08-51-19\output\CombinedData_buffer3_iq.gif
C000000011,VIS-11_SW_data_07-July-2026_08-52-16,0.0045148348435759544,0.9933401346206665,0.0003201371873728931,0.0018248974811285734,-5.371897722685849,PSAX,PSAX,PLAX,1.3956063e-05,PSAX,True,split vote,PSAX,S S L S,Z:\raw_data\C000000011\VIS-11_SW_data_07-July-2026_08-52-16\output\CombinedData_buffer3_iq.gif
C000000011,VIS-11_SW_data_07-July-2026_08-52-47,0.004277917090803385,0.9938242435455322,0.00028487801318988204,0.0016129215946421027,-5.425087928781589,PSAX,PSAX,PLAX,7.395286e-05,PSAX,True,split vote,PSAX,S S L S,Z:\raw_data\C000000011\VIS-11_SW_data_07-July-2026_08-52-47\output\CombinedData_buffer3_iq.gif
C000000011,VIS-11_SW_data_07-July-2026_08-53-32,0.003008383559063077,0.9959641695022583,0.000196670152945444,0.000830739620141685,-5.769708847577419,PSAX,PSAX,PLAX,0.00018771435,PSAX,True,split vote,PSAX,S S L S,Z:\raw_data\C000000011\VIS-11_SW_data_07-July-2026_08-53-32\output\CombinedData_buffer3_iq.gif
C000000012,VIS-014_SW_data_07-July-2026_11-41-37,0.9981608390808105,0.0016385223716497421,0.00016863059136085212,3.204456515959464e-05,6.352979063220471,PLAX,PLAX,PLAX,0.9992299,PLAX,False,,PLAX,L L L L,Z:\raw_data\C000000012\VIS-014_SW_data_07-July-2026_11-41-37\output\CombinedData_buffer3_iq.gif
C000000012,VIS-014_SW_data_07-July-2026_11-42-46,0.9969491362571716,0.0026938971132040024,0.0002926506567746401,6.420088902814314e-05,5.877362616893444,PLAX,PLAX,PLAX,0.99849415,PLAX,False,,PLAX,L L L L,Z:\raw_data\C000000012\VIS-014_SW_data_07-July-2026_11-42-46\output\CombinedData_buffer3_iq.gif
C000000012,VIS-014_SW_data_07-July-2026_11-43-19,0.996783435344696,0.00280771148391068,0.00033711959258653224,7.156300125643611e-05,5.837267507587196,PLAX,PLAX,PLAX,0.9986909,PLAX,False,,PLAX,L L L L,Z:\raw_data\C000000012\VIS-014_SW_data_07-July-2026_11-43-19\output\CombinedData_buffer3_iq.gif
C000000012,VIS-014_SW_data_07-July-2026_11-47-54,0.9892843961715698,0.009661813266575336,0.0008225070778280497,0.0002313596341991797,4.618604758989425,PLAX,PLAX,PLAX,0.9906281,PLAX,False,,PLAX,L L L L,Z:\raw_data\C000000012\VIS-014_SW_data_07-July-2026_11-47-54\output\CombinedData_buffer3_iq.gif
C000000012,VIS-014_SW_data_07-July-2026_11-51-16,0.9966093897819519,0.003041095333173871,0.00019816016720142215,0.00015138018352445215,5.759887671486534,PLAX,PLAX,PLAX,0.99823976,PLAX,False,,PLAX,L L L L,Z:\raw_data\C000000012\VIS-014_SW_data_07-July-2026_11-51-16\output\CombinedData_buffer3_iq.gif
C000000012,VIS-014_SW_data_07-July-2026_11-52-00,0.9838604927062988,0.014739408157765865,0.0009070390369743109,0.0004930795985274017,4.194299391165734,PLAX,PLAX,PLAX,0.99959606,PLAX,False,,PLAX,L L L L,Z:\raw_data\C000000012\VIS-014_SW_data_07-July-2026_11-52-00\output\CombinedData_buffer3_iq.gif
C000000012,VIS-014_SW_data_07-July-2026_11-52-35,0.9799066781997681,0.01949818804860115,0.00044930397416464984,0.000145849451655522,3.912122270667869,PLAX,PLAX,PLAX,0.99865663,PLAX,False,,PLAX,L L L L,Z:\raw_data\C000000012\VIS-014_SW_data_07-July-2026_11-52-35\output\CombinedData_buffer3_iq.gif
C000000012,VIS-014_SW_data_07-July-2026_11-53-20,0.9912976026535034,0.007496811915189028,0.0011282415362074971,7.733920210739598e-05,4.87138699300067,PLAX,PLAX,PLAX,0.99949396,PLAX,False,,PLAX,L L L L,Z:\raw_data\C000000012\VIS-014_SW_data_07-July-2026_11-53-20\output\CombinedData_buffer3_iq.gif
C000000012,VIS-014_SW_data_07-July-2026_11-55-12,0.9835495352745056,0.015922697260975838,0.00032702277530916035,0.00020078949455637485,4.117263374453706,PLAX,PLAX,PLAX,0.98844504,PLAX,False,,PLAX,L L L L,Z:\raw_data\C000000012\VIS-014_SW_data_07-July-2026_11-55-12\output\CombinedData_buffer3_iq.gif
C000000012,VIS-014_SW_data_07-July-2026_11-55-56,0.08920959383249283,0.7934771776199341,0.006956209894269705,0.1103571355342865,-2.18444188167136,PSAX,PSAX,PSAX,7.411249e-10,PSAX,False,,PSAX,S S S S,Z:\raw_data\C000000012\VIS-014_SW_data_07-July-2026_11-55-56\output\CombinedData_buffer3_iq.gif
C000000012,VIS-014_SW_data_07-July-2026_11-56-44,0.16579674184322357,0.7560635805130005,0.015161117538809776,0.06297856569290161,-1.516892171391304,PSAX,PSAX,PSAX,2.594624e-07,PSAX,False,,PSAX,S S S S,Z:\raw_data\C000000012\VIS-014_SW_data_07-July-2026_11-56-44\output\CombinedData_buffer3_iq.gif
C000000012,VIS-014_SW_data_07-July-2026_12-03-49,0.2567899823188782,0.5998574495315552,0.009884404949843884,0.1334681659936905,-0.848210826375368,PSAX,PSAX,PSAX,3.436911e-08,PSAX,False,,PSAX,S S S S,Z:\raw_data\C000000012\VIS-014_SW_data_07-July-2026_12-03-49\output\CombinedData_buffer3_iq.gif
C000000012,VIS-014_SW_data_07-July-2026_12-04-31,0.04012742266058922,0.8061243295669556,0.011652635410428047,0.14209550619125366,-2.9978131095077436,PSAX,PSAX,PSAX,1.044261e-09,PSAX,False,,PSAX,S S S S,Z:\raw_data\C000000012\VIS-014_SW_data_07-July-2026_12-04-31\output\CombinedData_buffer3_iq.gif
C000000012,VIS-014_SW_data_07-July-2026_12-05-09,0.025222647935152054,0.9293076992034912,0.009425057098269463,0.036044642329216,-3.6028483300690817,PSAX,PSAX,PSAX,4.769741e-08,PSAX,False,,PSAX,S S S S,Z:\raw_data\C000000012\VIS-014_SW_data_07-July-2026_12-05-09\output\CombinedData_buffer3_iq.gif
C000000012,VIS-014_SW_data_07-July-2026_12-05-40,0.9584117531776428,0.039597369730472565,0.001403219997882843,0.0005875981296412647,3.18409689260557,PLAX,PLAX,PLAX,0.999345,PLAX,False,,PLAX,L L L L,Z:\raw_data\C000000012\VIS-014_SW_data_07-July-2026_12-05-40\output\CombinedData_buffer3_iq.gif
C000000012,VIS-014_SW_data_07-July-2026_12-06-10,0.9164683818817139,0.0788315162062645,0.00393430981785059,0.0007658278336748481,2.4520560834374017,PLAX,PLAX,PLAX,0.9974595,PLAX,False,,PLAX,L L L L,Z:\raw_data\C000000012\VIS-014_SW_data_07-July-2026_12-06-10\output\CombinedData_buffer3_iq.gif
C000000013,VIS-016_SW_data_10-July-2026_10-11-11,0.9158340096473694,0.08397733420133591,9.144334762822837e-05,9.71083645708859e-05,2.3882072996459054,PLAX,PLAX,PLAX,0.9999913,PLAX,False,,PLAX,L L L L,Z:\raw_data\C000000013\VIS-016_SW_data_10-July-2026_10-11-11\output\CombinedData_buffer3_iq.gif
C000000013,VIS-016_SW_data_10-July-2026_10-11-53,0.9302160739898682,0.06961370259523392,7.273442315636203e-05,9.74690992734395e-05,2.591127500561454,PLAX,PLAX,PLAX,0.9999924,PLAX,False,,PLAX,L L L L,Z:\raw_data\C000000013\VIS-016_SW_data_10-July-2026_10-11-53\output\CombinedData_buffer3_iq.gif
C000000013,VIS-016_SW_data_10-July-2026_10-12-47,0.989599883556366,0.010282909497618675,5.5213433370226994e-05,6.201243377290666e-05,4.557240612363836,PLAX,PLAX,PLAX,0.9999927,PLAX,False,,PLAX,L L L L,Z:\raw_data\C000000013\VIS-016_SW_data_10-July-2026_10-12-47\output\CombinedData_buffer3_iq.gif
C000000013,VIS-016_SW_data_10-July-2026_10-13-38,0.931073009967804,0.06877998262643814,0.0001024172524921596,4.452474240679294e-05,2.604079484525989,PLAX,PLAX,PLAX,0.99999774,PLAX,False,,PLAX,L L L L,Z:\raw_data\C000000013\VIS-016_SW_data_10-July-2026_10-13-38\output\CombinedData_buffer3_iq.gif
C000000013,VIS-016_SW_data_10-July-2026_10-14-12,0.9745495319366455,0.02536226622760296,5.86624737479724e-05,2.9461552912835032e-05,3.6448803514904093,PLAX,PLAX,PLAX,0.9999964,PLAX,False,,PLAX,L L L L,Z:\raw_data\C000000013\VIS-016_SW_data_10-July-2026_10-14-12\output\CombinedData_buffer3_iq.gif
C000000013,VIS-016_SW_data_10-July-2026_10-14-46,0.9904255270957947,0.00950335618108511,3.748918607016094e-05,3.3532756788190454e-05,4.636122998162089,PLAX,PLAX,PLAX,0.99999917,PLAX,False,,PLAX,L L L L,Z:\raw_data\C000000013\VIS-016_SW_data_10-July-2026_10-14-46\output\CombinedData_buffer3_iq.gif
C000000013,VIS-016_SW_data_10-July-2026_10-16-00,0.0011352578876540065,0.9987452626228333,6.477017450379208e-05,5.481090192915872e-05,-6.695320110186963,PSAX,PSAX,PSAX,0.00097526214,PSAX,False,,PSAX,S S S S,Z:\raw_data\C000000013\VIS-016_SW_data_10-July-2026_10-16-00\output\CombinedData_buffer3_iq.gif
C000000013,VIS-016_SW_data_10-July-2026_10-16-57,0.0011269368696957827,0.9987064599990845,9.502346802037209e-05,7.16475915396586e-05,-6.702040312680652,PSAX,PSAX,PSAX,0.00029792523,PSAX,False,,PSAX,S S S S,Z:\raw_data\C000000013\VIS-016_SW_data_10-July-2026_10-16-57\output\CombinedData_buffer3_iq.gif
C000000013,VIS-016_SW_data_10-July-2026_10-17-32,0.0017534639919176698,0.9980269074440002,9.905803017318249e-05,0.00012067095667589456,-6.2888241136490475,PSAX,PSAX,PSAX,1.5150358e-05,PSAX,False,,PSAX,S S S S,Z:\raw_data\C000000013\VIS-016_SW_data_10-July-2026_10-17-32\output\CombinedData_buffer3_iq.gif
C000000013,VIS-016_SW_data_10-July-2026_10-18-26,0.0028193523176014423,0.9967067837715149,0.00017046104767359793,0.00030335772316902876,-5.833195170922978,PSAX,PSAX,PSAX,2.4161225e-05,PSAX,False,,PSAX,S S S S,Z:\raw_data\C000000013\VIS-016_SW_data_10-July-2026_10-18-26\output\CombinedData_buffer3_iq.gif
C000000013,VIS-016_SW_data_10-July-2026_10-19-06,0.007270521949976683,0.9912333488464355,0.0004153730405960232,0.001080720336176455,-4.901562329414792,PSAX,PSAX,PSAX,2.6391244e-05,PSAX,False,,PSAX,S S S S,Z:\raw_data\C000000013\VIS-016_SW_data_10-July-2026_10-19-06\output\CombinedData_buffer3_iq.gif
C000000013,VIS-016_SW_data_10-July-2026_10-19-58,0.0027198237366974354,0.99676114320755,0.0001560422679176554,0.0003629050333984196,-5.86793710736663,PSAX,PSAX,PSAX,1.8579864e-05,PSAX,False,,PSAX,S S S S,Z:\raw_data\C000000013\VIS-016_SW_data_10-July-2026_10-19-58\output\CombinedData_buffer3_iq.gif
C000000013,VIS-016_SW_data_10-July-2026_10-20-33,0.01204909197986126,0.9850401878356934,0.0006373336655087769,0.0022734543308615685,-4.395529520894986,PSAX,PSAX,PSAX,1.6435064e-05,PSAX,False,,PSAX,S S S S,Z:\raw_data\C000000013\VIS-016_SW_data_10-July-2026_10-20-33\output\CombinedData_buffer3_iq.gif
C000000013,VIS-016_SW_data_10-July-2026_10-21-05,0.014198163524270058,0.9813622832298279,0.0009517527651041746,0.00348783191293478,-4.228912481153398,PSAX,PSAX,PSAX,5.8991345e-06,PSAX,False,,PSAX,S S S S,Z:\raw_data\C000000013\VIS-016_SW_data_10-July-2026_10-21-05\output\CombinedData_buffer3_iq.gif
C000000013,VIS-016_SW_data_10-July-2026_10-22-00,0.01374989002943039,0.9820724129676819,0.0013098933268338442,0.0028676814399659634,-4.261489573741629,PSAX,PSAX,PSAX,5.599611e-06,PSAX,False,,PSAX,S S S S,Z:\raw_data\C000000013\VIS-016_SW_data_10-July-2026_10-22-00\output\CombinedData_buffer3_iq.gif
C000000014,VIS-008_SW_data_10-July-2026_08-36-06,0.9839177131652832,0.015530980192124844,7.7208605944179e-05,0.00047406574594788253,4.142389043379333,PLAX,PLAX,PLAX,0.9999933,PLAX,False,,PLAX,L L L L,Z:\raw_data\C000000014\VIS-008_SW_data_10-July-2026_08-36-06\output\CombinedData_buffer3_iq.gif
C000000014,VIS-008_SW_data_10-July-2026_08-38-51,0.9843224883079529,0.014850926585495472,8.410175360040739e-05,0.0007425521034747362,4.187281886062017,PLAX,PLAX,PLAX,0.9999771,PLAX,False,,PLAX,L L L L,Z:\raw_data\C000000014\VIS-008_SW_data_10-July-2026_08-38-51\output\CombinedData_buffer3_iq.gif
C000000014,VIS-008_SW_data_10-July-2026_08-42-17,0.8725838661193848,0.12568724155426025,0.0002545209426898509,0.0014743187930434942,1.9369814460468995,PLAX,PLAX,PLAX,0.9994066,PLAX,False,,PLAX,L L L L,Z:\raw_data\C000000014\VIS-008_SW_data_10-July-2026_08-42-17\output\CombinedData_buffer3_iq.gif
C000000014,VIS-008_SW_data_10-July-2026_08-43-45,0.9415571093559265,0.057461708784103394,0.00018297042697668076,0.0007982822135090828,2.794783636919211,PLAX,PLAX,PLAX,0.9997751,PLAX,False,,PLAX,L L L L,Z:\raw_data\C000000014\VIS-008_SW_data_10-July-2026_08-43-45\output\CombinedData_buffer3_iq.gif
C000000014,VIS-008_SW_data_10-July-2026_08-44-48,0.9822433590888977,0.01678374782204628,0.00011513368372106925,0.0008576667169108987,4.0635894081843835,PLAX,PLAX,PLAX,0.9999763,PLAX,False,,PLAX,L L L L,Z:\raw_data\C000000014\VIS-008_SW_data_10-July-2026_08-44-48\output\CombinedData_buffer3_iq.gif
C000000014,VIS-008_SW_data_10-July-2026_08-45-21,0.9925409555435181,0.006878937594592571,8.332248398801312e-05,0.0004967743880115449,4.9574723250649395,PLAX,PLAX,PLAX,0.99995697,PLAX,False,,PLAX,L L L L,Z:\raw_data\C000000014\VIS-008_SW_data_10-July-2026_08-45-21\output\CombinedData_buffer3_iq.gif
C000000014,VIS-008_SW_data_10-July-2026_08-49-37,0.036491334438323975,0.9626848697662354,0.00030110913212411106,0.0005225242348387837,-3.2700185425660875,PSAX,PSAX,PSAX,0.0036176662,PSAX,False,,PSAX,S S S S,Z:\raw_data\C000000014\VIS-008_SW_data_10-July-2026_08-49-37\output\CombinedData_buffer3_iq.gif
C000000014,VIS-008_SW_data_10-July-2026_08-50-21,0.003975021652877331,0.9958773255348206,9.60897741606459e-05,5.1810144213959575e-05,-5.498848431529932,PSAX,PSAX,PSAX,0.0016850125,PSAX,False,,PSAX,S S S S,Z:\raw_data\C000000014\VIS-008_SW_data_10-July-2026_08-50-21\output\CombinedData_buffer3_iq.gif
C000000014,VIS-008_SW_data_10-July-2026_08-50-58,0.0048429351300001144,0.9948340654373169,9.49543173192069e-05,0.00022798239660914987,-5.304717158441182,PSAX,PSAX,PSAX,0.003291928,PSAX,False,,PSAX,S S S S,Z:\raw_data\C000000014\VIS-008_SW_data_10-July-2026_08-50-58\output\CombinedData_buffer3_iq.gif
C000000014,VIS-008_SW_data_10-July-2026_08-51-48,0.0017448125872761011,0.9980987906455994,7.35681751393713e-05,8.280329348053783e-05,-6.293574751878728,PSAX,PSAX,PSAX,7.524656e-05,PSAX,False,,PSAX,S S S S,Z:\raw_data\C000000014\VIS-008_SW_data_10-July-2026_08-51-48\output\CombinedData_buffer3_iq.gif
C000000014,VIS-008_SW_data_10-July-2026_08-52-22,0.002456527901813388,0.9974026679992676,6.0259881138335913e-05,8.05525342002511e-05,-5.9666047739006345,PSAX,PSAX,PSAX,0.00011037368,PSAX,False,,PSAX,S S S S,Z:\raw_data\C000000014\VIS-008_SW_data_10-July-2026_08-52-22\output\CombinedData_buffer3_iq.gif
C000000014,VIS-008_SW_data_10-July-2026_08-53-00,0.0010488636326044798,0.9988456964492798,6.191188003867865e-05,4.3559677578741685e-05,-6.767927110986325,PSAX,PSAX,PSAX,1.6729253e-05,PSAX,False,,PSAX,S S S S,Z:\raw_data\C000000014\VIS-008_SW_data_10-July-2026_08-53-00\output\CombinedData_buffer3_iq.gif
C000000014,VIS-008_SW_data_10-July-2026_08-53-46,0.0014248454244807363,0.9983586072921753,0.00010499054769752547,0.00011161030852235854,-6.484319653180669,PSAX,PSAX,PSAX,4.413268e-06,PSAX,False,,PSAX,S S S S,Z:\raw_data\C000000014\VIS-008_SW_data_10-July-2026_08-53-46\output\CombinedData_buffer3_iq.gif
C000000014,VIS-008_SW_data_10-July-2026_08-54-18,0.0010914730373769999,0.9987607598304749,7.133399049052969e-05,7.643784920219332e-05,-6.731425001226889,PSAX,PSAX,PSAX,3.392661e-05,PSAX,False,,PSAX,S S S S,Z:\raw_data\C000000014\VIS-008_SW_data_10-July-2026_08-54-18\output\CombinedData_buffer3_iq.gif
C000000014,VIS-008_SW_data_10-July-2026_08-55-26,0.0403788723051548,0.9489649534225464,0.0014854108449071646,0.009170730598270893,-3.1546970738209343,PSAX,PSAX,PSAX,0.00040856726,PSAX,False,,PSAX,S S S S,Z:\raw_data\C000000014\VIS-008_SW_data_10-July-2026_08-55-26\output\CombinedData_buffer3_iq.gif
C000000015,VIS-017_SW_data_10-July-2026_10-53-28,0.7503199577331543,0.24884073436260223,0.00033171524410136044,0.0005076061352156103,1.1034181399379037,PLAX,PLAX,PLAX,0.9919145,PLAX,False,,PLAX,L L L L,Z:\raw_data\C000000015\VIS-017_SW_data_10-July-2026_10-53-28\output\CombinedData_buffer3_iq.gif
C000000015,VIS-017_SW_data_10-July-2026_10-54-09,0.9987066984176636,0.0012205628445371985,1.8231183275929652e-05,5.4416919738287106e-05,6.628503221755135,PLAX,PLAX,PLAX,0.99963033,PLAX,False,,PLAX,L L L L,Z:\raw_data\C000000015\VIS-017_SW_data_10-July-2026_10-54-09\output\CombinedData_buffer3_iq.gif
C000000015,VIS-017_SW_data_10-July-2026_10-54-55,0.9939312934875488,0.005955218803137541,3.797484532697126e-05,7.555948104709387e-05,5.1008481762472435,PLAX,PLAX,PLAX,0.9998568,PLAX,False,,PLAX,L L L L,Z:\raw_data\C000000015\VIS-017_SW_data_10-July-2026_10-54-55\output\CombinedData_buffer3_iq.gif
C000000015,VIS-017_SW_data_10-July-2026_10-55-41,0.9906827211380005,0.00917561911046505,7.742548041278496e-05,6.435839168261737e-05,4.671105901439306,PLAX,PLAX,PLAX,0.99998796,PLAX,False,,PLAX,L L L L,Z:\raw_data\C000000015\VIS-017_SW_data_10-July-2026_10-55-41\output\CombinedData_buffer3_iq.gif
C000000015,VIS-017_SW_data_10-July-2026_10-56-30,0.9985446333885193,0.0013958924682810903,1.8982336769113317e-05,4.0536637243349105e-05,6.50367599555296,PLAX,PLAX,PLAX,0.99993086,PLAX,False,,PLAX,L L L L,Z:\raw_data\C000000015\VIS-017_SW_data_10-July-2026_10-56-30\output\CombinedData_buffer3_iq.gif
C000000015,VIS-017_SW_data_10-July-2026_10-57-02,0.9964938759803772,0.0034065349027514458,5.752875586040318e-05,4.216900561004877e-05,5.649714998241607,PLAX,PLAX,PLAX,0.999977,PLAX,False,,PLAX,L L L L,Z:\raw_data\C000000015\VIS-017_SW_data_10-July-2026_10-57-02\output\CombinedData_buffer3_iq.gif
C000000015,VIS-017_SW_data_10-July-2026_10-57-56,0.015085052698850632,0.9848195314407349,7.037069008219987e-05,2.493635838618502e-05,-4.17224837492003,PSAX,PSAX,PLAX,0.00023497357,PSAX,True,split vote,PSAX,S S L S,Z:\raw_data\C000000015\VIS-017_SW_data_10-July-2026_10-57-56\output\CombinedData_buffer3_iq.gif
C000000015,VIS-017_SW_data_10-July-2026_10-58-33,0.005695948842912912,0.9941853284835815,6.540140748256817e-05,5.3306870540836826e-05,-5.144865018108721,PSAX,PSAX,PLAX,0.00021944476,PSAX,True,split vote,PSAX,S S L S,Z:\raw_data\C000000015\VIS-017_SW_data_10-July-2026_10-58-33\output\CombinedData_buffer3_iq.gif
C000000015,VIS-017_SW_data_10-July-2026_10-59-04,0.004281702451407909,0.9956430792808533,4.8660600441507995e-05,2.6480051019461825e-05,-5.426051935374883,PSAX,PSAX,PLAX,0.000531741,PSAX,True,split vote,PSAX,S S L S,Z:\raw_data\C000000015\VIS-017_SW_data_10-July-2026_10-59-04\output\CombinedData_buffer3_iq.gif
C000000015,VIS-017_SW_data_10-July-2026_10-59-53,0.012118985876441002,0.9873189926147461,9.563202183926478e-05,0.00046641830704174936,-4.3921034991501395,PSAX,PSAX,PSAX,7.794548e-05,PSAX,False,,PSAX,S S S S,Z:\raw_data\C000000015\VIS-017_SW_data_10-July-2026_10-59-53\output\CombinedData_buffer3_iq.gif
C000000015,VIS-017_SW_data_10-July-2026_11-00-50,0.002211117884144187,0.9976254105567932,4.754451947519556e-05,0.00011586717300815508,-6.067746758724864,PSAX,PSAX,PSAX,1.6362374e-05,PSAX,False,,PSAX,S S S S,Z:\raw_data\C000000015\VIS-017_SW_data_10-July-2026_11-00-50\output\CombinedData_buffer3_iq.gif
C000000015,VIS-017_SW_data_10-July-2026_11-01-40,0.001864016754552722,0.997995913028717,6.910516822244972e-05,7.100022048689425e-05,-6.230857636205635,PSAX,PSAX,PSAX,6.938659e-06,PSAX,False,,PSAX,S S S S,Z:\raw_data\C000000015\VIS-017_SW_data_10-July-2026_11-01-40\output\CombinedData_buffer3_iq.gif
C000000015,VIS-017_SW_data_10-July-2026_11-02-36,0.0024060923606157303,0.9972743391990662,0.00014115116209723055,0.0001785135973477736,-5.986401453501015,PSAX,PSAX,PSAX,3.4030484e-06,PSAX,False,,PSAX,S S S S,Z:\raw_data\C000000015\VIS-017_SW_data_10-July-2026_11-02-36\output\CombinedData_buffer3_iq.gif
C000000016,VIS-015_SW_data_10-July-2026_09-24-32,0.9946848154067993,0.005117886234074831,3.9112273952923715e-05,0.0001582406839588657,5.250434063962096,PLAX,PLAX,PLAX,0.9999895,PLAX,False,,PLAX,L L L L,Z:\raw_data\C000000016\VIS-015_SW_data_10-July-2026_09-24-32\output\CombinedData_buffer3_iq.gif
C000000016,VIS-015_SW_data_10-July-2026_09-25-23,0.9300619959831238,0.06940771639347076,0.00012247775157447904,0.00040790485218167305,2.593920986555423,PLAX,PLAX,PLAX,0.9999788,PLAX,False,,PLAX,L L L L,Z:\raw_data\C000000016\VIS-015_SW_data_10-July-2026_09-25-23\output\CombinedData_buffer3_iq.gif
C000000016,VIS-015_SW_data_10-July-2026_09-26-07,0.9954659342765808,0.00425558490678668,2.9564685974037275e-05,0.0002488978789187968,5.431852445392462,PLAX,PLAX,PLAX,0.999998,PLAX,False,,PLAX,L L L L,Z:\raw_data\C000000016\VIS-015_SW_data_10-July-2026_09-26-07\output\CombinedData_buffer3_iq.gif
C000000016,VIS-015_SW_data_10-July-2026_09-27-06,0.9957523941993713,0.003940585069358349,3.978483073296957e-05,0.0002671453985385597,5.507209547371208,PLAX,PLAX,PLAX,0.9999988,PLAX,False,,PLAX,L L L L,Z:\raw_data\C000000016\VIS-015_SW_data_10-July-2026_09-27-06\output\CombinedData_buffer3_iq.gif
C000000016,VIS-015_SW_data_10-July-2026_09-27-54,0.9886955618858337,0.010990023612976074,6.354113429551944e-05,0.00025078924954868853,4.490441667735925,PLAX,PLAX,PLAX,0.9999932,PLAX,False,,PLAX,L L L L,Z:\raw_data\C000000016\VIS-015_SW_data_10-July-2026_09-27-54\output\CombinedData_buffer3_iq.gif
C000000016,VIS-015_SW_data_10-July-2026_09-29-08,0.0038480565417557955,0.9960618615150452,4.772907050210051e-05,4.233384970575571e-05,-5.530686312853624,PSAX,PSAX,PLAX,0.0009860867,PSAX,True,split vote,PSAX,S S L S,Z:\raw_data\C000000016\VIS-015_SW_data_10-July-2026_09-29-08\output\CombinedData_buffer3_iq.gif
C000000016,VIS-015_SW_data_10-July-2026_09-29-55,0.0026135516818612814,0.9972617626190186,4.700375211541541e-05,7.762989116599783e-05,-5.9068551947807535,PSAX,PSAX,PLAX,0.0010730348,PSAX,True,split vote,PSAX,S S L S,Z:\raw_data\C000000016\VIS-015_SW_data_10-July-2026_09-29-55\output\CombinedData_buffer3_iq.gif
C000000016,VIS-015_SW_data_10-July-2026_09-30-28,0.0030777885112911463,0.9968256950378418,4.526259363046847e-05,5.124832387082279e-05,-5.748490720473732,PSAX,PSAX,PLAX,0.0020972346,PSAX,True,split vote,PSAX,S S L S,Z:\raw_data\C000000016\VIS-015_SW_data_10-July-2026_09-30-28\output\CombinedData_buffer3_iq.gif
C000000016,VIS-015_SW_data_10-July-2026_09-31-11,0.003783333348110318,0.9960705041885376,5.280299228616059e-05,9.327615407528356e-05,-5.547224536728926,PSAX,PSAX,PSAX,0.0011325625,PSAX,False,,PSAX,S S S S,Z:\raw_data\C000000016\VIS-015_SW_data_10-July-2026_09-31-11\output\CombinedData_buffer3_iq.gif
C000000016,VIS-015_SW_data_10-July-2026_09-32-03,0.00428373645991087,0.9954715371131897,7.312378875212744e-05,0.00017175373795907944,-5.4254155476404184,PSAX,PSAX,PSAX,0.003105716,PSAX,False,,PSAX,S S S S,Z:\raw_data\C000000016\VIS-015_SW_data_10-July-2026_09-32-03\output\CombinedData_buffer3_iq.gif
C000000016,VIS-015_SW_data_10-July-2026_09-33-05,0.0050401026383042336,0.9946375489234924,8.907996380003169e-05,0.0002333031443413347,-5.265405884629664,PSAX,PSAX,PSAX,0.0005991543,PSAX,False,,PSAX,S S S S,Z:\raw_data\C000000016\VIS-015_SW_data_10-July-2026_09-33-05\output\CombinedData_buffer3_iq.gif
C000000016,VIS-015_SW_data_10-July-2026_09-33-53,0.002981602679938078,0.9967721700668335,9.543431951897219e-05,0.0001508738350821659,-5.779172734885464,PSAX,PSAX,PSAX,0.0009712957,PSAX,False,,PSAX,S S S S,Z:\raw_data\C000000016\VIS-015_SW_data_10-July-2026_09-33-53\output\CombinedData_buffer3_iq.gif
C000000016,VIS-015_SW_data_10-July-2026_09-34-55,0.0055937133729457855,0.9937034845352173,0.00014836950867902488,0.0005543983425013721,-5.162176836283301,PSAX,PSAX,PSAX,0.00032490757,PSAX,False,,PSAX,S S S S,Z:\raw_data\C000000016\VIS-015_SW_data_10-July-2026_09-34-55\output\CombinedData_buffer3_iq.gif
C000000016,VIS-015_SW_data_10-July-2026_09-35-44,0.0050247288309037685,0.9945141673088074,0.00010830207611434162,0.00035275460686534643,-5.26827727782536,PSAX,PSAX,PSAX,0.00502938,PSAX,False,,PSAX,S S S S,Z:\raw_data\C000000016\VIS-015_SW_data_10-July-2026_09-35-44\output\CombinedData_buffer3_iq.gif
C000000016,VIS-015_SW_data_10-July-2026_09-36-21,0.007801461964845657,0.9911332130432129,0.0002673359413165599,0.000797996181063354,-4.831902036473478,PSAX,PSAX,PSAX,0.0009650472,PSAX,False,,PSAX,S S S S,Z:\raw_data\C000000016\VIS-015_SW_data_10-July-2026_09-36-21\output\CombinedData_buffer3_iq.gif
C000000016,VIS-015_SW_data_10-July-2026_09-37-04,0.017407169565558434,0.979830801486969,0.00043033334077335894,0.002331680152565241,-4.024871471953842,PSAX,PSAX,PSAX,0.00063485745,PSAX,False,,PSAX,S S S S,Z:\raw_data\C000000016\VIS-015_SW_data_10-July-2026_09-37-04\output\CombinedData_buffer3_iq.gif
C000000016,VIS-015_SW_data_10-July-2026_09-37-46,0.02185383066534996,0.9741259217262268,0.000729221326764673,0.0032909377478063107,-3.792701587158387,PSAX,PSAX,PSAX,0.0005223761,PSAX,False,,PSAX,S S S S,Z:\raw_data\C000000016\VIS-015_SW_data_10-July-2026_09-37-46\output\CombinedData_buffer3_iq.gif
C000000017,VIS-013_SW_data_07-July-2026_10-52-55,0.7805514335632324,0.1900247037410736,0.02730972319841385,0.002114218659698963,1.4124485500112254,PLAX,PLAX,PLAX,0.9994623,PLAX,False,,PLAX,L L L L,Z:\raw_data\C000000017\VIS-013_SW_data_07-July-2026_10-52-55\output\CombinedData_buffer3_iq.gif
C000000017,VIS-013_SW_data_07-July-2026_10-53-54,0.8552583456039429,0.1251215934753418,0.015171322971582413,0.0044488077983260155,1.9214355831546979,PLAX,PLAX,PLAX,0.99999464,PLAX,False,,PLAX,L L L L,Z:\raw_data\C000000017\VIS-013_SW_data_07-July-2026_10-53-54\output\CombinedData_buffer3_iq.gif
C000000017,VIS-013_SW_data_07-July-2026_10-54-33,0.9143729209899902,0.07200773060321808,0.013211671262979507,0.00040767595055513084,2.5401865975504623,PLAX,PLAX,PLAX,0.9999963,PLAX,False,,PLAX,L L L L,Z:\raw_data\C000000017\VIS-013_SW_data_07-July-2026_10-54-33\output\CombinedData_buffer3_iq.gif
C000000017,VIS-013_SW_data_07-July-2026_10-55-21,0.9912987351417542,0.008136933669447899,0.00013878120807930827,0.0004255340318195522,4.790488662584697,PLAX,PLAX,PLAX,0.99999285,PLAX,False,,PLAX,L L L L,Z:\raw_data\C000000017\VIS-013_SW_data_07-July-2026_10-55-21\output\CombinedData_buffer3_iq.gif
C000000017,VIS-013_SW_data_07-July-2026_10-56-23,0.9750083088874817,0.023787999525666237,0.0004435126902535558,0.0007602268015034497,3.7091723299264294,PLAX,PLAX,PLAX,0.99999833,PLAX,False,,PLAX,L L L L,Z:\raw_data\C000000017\VIS-013_SW_data_07-July-2026_10-56-23\output\CombinedData_buffer3_iq.gif
C000000017,VIS-013_SW_data_07-July-2026_10-57-19,0.9756451845169067,0.02162635698914528,0.002191137056797743,0.0005373828462325037,3.8046753395859767,PLAX,PLAX,PLAX,0.99998856,PLAX,False,,PLAX,L L L L,Z:\raw_data\C000000017\VIS-013_SW_data_07-July-2026_10-57-19\output\CombinedData_buffer3_iq.gif
C000000017,VIS-013_SW_data_07-July-2026_10-58-36,0.0038833876606076956,0.9934366941452026,0.0004134213668294251,0.0022665190044790506,-5.519138367264749,PSAX,PSAX,PSAX,7.6109085e-05,PSAX,False,,PSAX,S S S S,Z:\raw_data\C000000017\VIS-013_SW_data_07-July-2026_10-58-36\output\CombinedData_buffer3_iq.gif
C000000017,VIS-013_SW_data_07-July-2026_10-59-19,0.0019072128925472498,0.9975507855415344,0.00023403058003168553,0.0003080288297496736,-6.208656161590404,PSAX,PSAX,PSAX,0.00019704142,PSAX,False,,PSAX,S S S S,Z:\raw_data\C000000017\VIS-013_SW_data_07-July-2026_10-59-19\output\CombinedData_buffer3_iq.gif
C000000017,VIS-013_SW_data_07-July-2026_11-00-34,0.0018809243338182569,0.9977265000343323,0.00024820672115311027,0.00014440945233218372,-6.222015842502708,PSAX,PSAX,PSAX,7.362553e-05,PSAX,False,,PSAX,S S S S,Z:\raw_data\C000000017\VIS-013_SW_data_07-July-2026_11-00-34\output\CombinedData_buffer3_iq.gif
C000000017,VIS-013_SW_data_07-July-2026_11-01-20,0.03237088769674301,0.9647654891014099,0.0012676145415753126,0.001595920417457819,-3.391644777368171,PSAX,PSAX,PSAX,7.041839e-05,PSAX,False,,PSAX,S S S S,Z:\raw_data\C000000017\VIS-013_SW_data_07-July-2026_11-01-20\output\CombinedData_buffer3_iq.gif
C000000017,VIS-013_SW_data_07-July-2026_11-02-03,0.004805575590580702,0.9939382076263428,0.0008444294799119234,0.0004118156502954662,-5.311403210318225,PSAX,PSAX,PSAX,0.00023647016,PSAX,False,,PSAX,S S S S,Z:\raw_data\C000000017\VIS-013_SW_data_07-July-2026_11-02-03\output\CombinedData_buffer3_iq.gif
C000000017,VIS-013_SW_data_07-July-2026_11-03-32,0.002022212604060769,0.9964516162872314,0.0006693306495435536,0.0008567279437556863,-6.151841710302026,PSAX,PSAX,PSAX,1.0806186e-05,PSAX,False,,PSAX,S S S S,Z:\raw_data\C000000017\VIS-013_SW_data_07-July-2026_11-03-32\output\CombinedData_buffer3_iq.gif
C000000017,VIS-013_SW_data_07-July-2026_11-04-32,0.002056084107607603,0.9969250559806824,0.0006960551254451275,0.0003227723063901067,-6.136482237785291,PSAX,PSAX,PSAX,6.0917578e-06,PSAX,False,,PSAX,S S S S,Z:\raw_data\C000000017\VIS-013_SW_data_07-July-2026_11-04-32\output\CombinedData_buffer3_iq.gif
C000000017,VIS-013_SW_data_07-July-2026_11-05-11,0.011571862734854221,0.985410213470459,0.0014857397181913257,0.0015321478713303804,-4.435978439340325,PSAX,PSAX,PSAX,0.00012471377,PSAX,False,,PSAX,S S S S,Z:\raw_data\C000000017\VIS-013_SW_data_07-July-2026_11-05-11\output\CombinedData_buffer3_iq.gif
C000000017,VIS-013_SW_data_07-July-2026_11-05-54,0.012513455003499985,0.9849444031715393,0.0013331894297152758,0.0012089796364307404,-4.357922617894109,PSAX,PSAX,PSAX,8.165112e-05,PSAX,False,,PSAX,S S S S,Z:\raw_data\C000000017\VIS-013_SW_data_07-July-2026_11-05-54\output\CombinedData_buffer3_iq.gif
C000000018,VIS-012_SW_data_07-July-2026_09-21-31,0.9965813159942627,0.0031741356942802668,0.00022778246784582734,1.668691766099073e-05,5.718377151817231,PLAX,PLAX,PLAX,0.99999976,PLAX,False,,PLAX,L L L L,Z:\raw_data\C000000018\VIS-012_SW_data_07-July-2026_09-21-31\output\CombinedData_buffer3_iq.gif
C000000018,VIS-012_SW_data_07-July-2026_09-22-43,0.9209846258163452,0.07226763665676117,0.006568476557731628,0.0001790778333088383,2.543792724791732,PLAX,PLAX,PLAX,1.0,PLAX,False,,PLAX,L L L L,Z:\raw_data\C000000018\VIS-012_SW_data_07-July-2026_09-22-43\output\CombinedData_buffer3_iq.gif
C000000018,VIS-012_SW_data_07-July-2026_09-23-42,0.998510479927063,0.0013260500272735953,0.00014733719581272453,1.6185944332391955e-05,6.551456389014686,PLAX,PLAX,PLAX,0.9999838,PLAX,False,,PLAX,L L L L,Z:\raw_data\C000000018\VIS-012_SW_data_07-July-2026_09-23-42\output\CombinedData_buffer3_iq.gif
C000000018,VIS-012_SW_data_07-July-2026_09-24-36,0.9983348250389099,0.0015575672732666135,7.923861994640902e-05,2.824635521392338e-05,6.400837848411354,PLAX,PLAX,PLAX,0.999998,PLAX,False,,PLAX,L L L L,Z:\raw_data\C000000018\VIS-012_SW_data_07-July-2026_09-24-36\output\CombinedData_buffer3_iq.gif
C000000018,VIS-012_SW_data_07-July-2026_09-25-14,0.998325526714325,0.0015423005679622293,0.0001078767963917926,2.425316233711783e-05,6.410081520716098,PLAX,PLAX,PLAX,0.99999404,PLAX,False,,PLAX,L L L L,Z:\raw_data\C000000018\VIS-012_SW_data_07-July-2026_09-25-14\output\CombinedData_buffer3_iq.gif
C000000018,VIS-012_SW_data_07-July-2026_09-26-12,0.9992508888244629,0.0006819852278567851,5.236078504822217e-05,1.4839726645732298e-05,7.153025385866692,PLAX,PLAX,PLAX,0.99999607,PLAX,False,,PLAX,L L L L,Z:\raw_data\C000000018\VIS-012_SW_data_07-July-2026_09-26-12\output\CombinedData_buffer3_iq.gif
C000000018,VIS-012_SW_data_07-July-2026_09-27-30,0.00017328126705251634,0.9996647834777832,0.00014693614502903074,1.5231675206450745e-05,-8.204773766722193,PSAX,PSAX,PLAX,7.15237e-05,PSAX,True,split vote,PSAX,S S L S,Z:\raw_data\C000000018\VIS-012_SW_data_07-July-2026_09-27-30\output\CombinedData_buffer3_iq.gif
C000000018,VIS-012_SW_data_07-July-2026_09-29-07,0.00036510310019366443,0.9970410466194153,0.0024445182643830776,0.00014922881382517517,-7.670388408112893,PSAX,PSAX,PSAX,2.4182486e-06,PSAX,False,,PSAX,S S S S,Z:\raw_data\C000000018\VIS-012_SW_data_07-July-2026_09-29-07\output\CombinedData_buffer3_iq.gif
C000000018,VIS-012_SW_data_07-July-2026_09-30-37,0.00593479024246335,0.9921088218688965,0.001504597021266818,0.0004518353089224547,-5.102392493943577,PSAX,PSAX,PSAX,1.08142685e-05,PSAX,False,,PSAX,S S S S,Z:\raw_data\C000000018\VIS-012_SW_data_07-July-2026_09-30-37\output\CombinedData_buffer3_iq.gif
C000000018,VIS-012_SW_data_07-July-2026_09-31-30,0.004066576715558767,0.992203950881958,0.0005059789400547743,0.0032234725076705217,-5.4729346953108635,PSAX,PSAX,PSAX,1.7958884e-06,PSAX,False,,PSAX,S S S S,Z:\raw_data\C000000018\VIS-012_SW_data_07-July-2026_09-31-30\output\CombinedData_buffer3_iq.gif
C000000018,VIS-012_SW_data_07-July-2026_09-32-10,0.003109275596216321,0.9962015748023987,0.00021716536139138043,0.00047201476991176605,-5.738004756986615,PSAX,PSAX,PSAX,1.1974341e-06,PSAX,False,,PSAX,S S S S,Z:\raw_data\C000000018\VIS-012_SW_data_07-July-2026_09-32-10\output\CombinedData_buffer3_iq.gif
C000000018,VIS-012_SW_data_07-July-2026_09-33-06,0.022606145590543747,0.97441166639328,0.0006371785420924425,0.0023450327571481466,-3.759300871839515,PSAX,PSAX,PSAX,3.4038352e-05,PSAX,False,,PSAX,S S S S,Z:\raw_data\C000000018\VIS-012_SW_data_07-July-2026_09-33-06\output\CombinedData_buffer3_iq.gif
C000000018,VIS-012_SW_data_07-July-2026_09-33-48,0.0031040317844599485,0.9957156777381897,0.0002674777351785451,0.0009129262762144208,-5.7391522285462235,PSAX,PSAX,PSAX,7.9440404e-05,PSAX,False,,PSAX,S S S S,Z:\raw_data\C000000018\VIS-012_SW_data_07-July-2026_09-33-48\output\CombinedData_buffer3_iq.gif
C000000018,VIS-012_SW_data_07-July-2026_09-34-29,0.0553082674741745,0.9397116899490356,0.0015431223437190056,0.0034370790235698223,-2.8309507103488807,PSAX,PSAX,PSAX,5.888719e-05,PSAX,False,,PSAX,S S S S,Z:\raw_data\C000000018\VIS-012_SW_data_07-July-2026_09-34-29\output\CombinedData_buffer3_iq.gif
C000000018,VIS-012_SW_data_07-July-2026_09-35-02,0.0694810226559639,0.9202600121498108,0.003428133437409997,0.006830950733274221,-2.582273043880444,PSAX,PSAX,PSAX,0.00014638495,PSAX,False,,PSAX,S S S S,Z:\raw_data\C000000018\VIS-012_SW_data_07-July-2026_09-35-02\output\CombinedData_buffer3_iq.gif
C000000019,VIS-027_SW_data_21-July-2026_11-19-20,0.9947412014007568,0.005063967313617468,3.360302434884943e-05,0.00016130789299495518,5.260877984538728,PLAX,PLAX,PLAX,0.9999925,PLAX,False,,PLAX,L L L L,Z:\raw_data\C000000019\VIS-027_SW_data_21-July-2026_11-19-20\output\CombinedData_buffer3_iq.gif
C000000019,VIS-027_SW_data_21-July-2026_11-20-11,0.9947376847267151,0.005112063139677048,3.2285344786942005e-05,0.00011797635670518503,5.251603819444616,PLAX,PLAX,PLAX,0.99998665,PLAX,False,,PLAX,L L L L,Z:\raw_data\C000000019\VIS-027_SW_data_21-July-2026_11-20-11\output\CombinedData_buffer3_iq.gif
C000000019,VIS-027_SW_data_21-July-2026_11-20-48,0.9932252168655396,0.006524830125272274,3.653448584373109e-05,0.00021346898574847728,5.010233389782025,PLAX,PLAX,PLAX,0.9999665,PLAX,False,,PLAX,L L L L,Z:\raw_data\C000000019\VIS-027_SW_data_21-July-2026_11-20-48\output\CombinedData_buffer3_iq.gif
C000000019,VIS-027_SW_data_21-July-2026_11-21-41,0.9749454855918884,0.02434300072491169,0.00019377385615371168,0.000517726584803313,3.686140215780453,PLAX,PLAX,PLAX,0.99993587,PLAX,False,,PLAX,L L L L,Z:\raw_data\C000000019\VIS-027_SW_data_21-July-2026_11-21-41\output\CombinedData_buffer3_iq.gif
C000000019,VIS-027_SW_data_21-July-2026_11-22-43,0.9908593893051147,0.00876323226839304,6.280210800468922e-05,0.00031465402571484447,4.716762040046241,PLAX,PLAX,PLAX,0.9999465,PLAX,False,,PLAX,L L L L,Z:\raw_data\C000000019\VIS-027_SW_data_21-July-2026_11-22-43\output\CombinedData_buffer3_iq.gif
C000000019,VIS-027_SW_data_21-July-2026_11-23-45,0.9949294328689575,0.0049123275093734264,3.917308640666306e-05,0.00011910809553228319,5.2908719375484115,PLAX,PLAX,PLAX,0.99999666,PLAX,False,,PLAX,L L L L,Z:\raw_data\C000000019\VIS-027_SW_data_21-July-2026_11-23-45\output\CombinedData_buffer3_iq.gif
C000000019,VIS-027_SW_data_21-July-2026_11-26-55,0.0005000123637728393,0.9994348287582397,3.278705116827041e-05,3.229021967854351e-05,-7.4180950172049025,PSAX,PSAX,PSAX,0.00015941425,PSAX,False,,PSAX,S S S S,Z:\raw_data\C000000019\VIS-027_SW_data_21-July-2026_11-26-55\output\CombinedData_buffer3_iq.gif
C000000019,VIS-027_SW_data_21-July-2026_11-27-33,0.0017292207339778543,0.9981353878974915,8.61104199429974e-05,4.945683394907974e-05,-6.302099060382426,PSAX,PSAX,PSAX,0.00061355444,PSAX,False,,PSAX,S S S S,Z:\raw_data\C000000019\VIS-027_SW_data_21-July-2026_11-27-33\output\CombinedData_buffer3_iq.gif
C000000019,VIS-027_SW_data_21-July-2026_11-28-12,0.000703834870364517,0.9992297887802124,4.6407501940848306e-05,2.0066479919478297e-05,-7.125446259086753,PSAX,PSAX,PSAX,0.00028012443,PSAX,False,,PSAX,S S S S,Z:\raw_data\C000000019\VIS-027_SW_data_21-July-2026_11-28-12\output\CombinedData_buffer3_iq.gif
C000000019,VIS-027_SW_data_21-July-2026_11-28-51,0.0030147971119731665,0.9967350959777832,7.811432442395017e-05,0.00017214487888850272,-5.768421338533514,PSAX,PSAX,PSAX,5.15298e-05,PSAX,False,,PSAX,S S S S,Z:\raw_data\C000000019\VIS-027_SW_data_21-July-2026_11-28-51\output\CombinedData_buffer3_iq.gif
C000000019,VIS-027_SW_data_21-July-2026_11-29-29,0.00120167201384902,0.998672366142273,5.0721333536785096e-05,7.514026947319508e-05,-6.642877288398988,PSAX,PSAX,PSAX,3.0182433e-05,PSAX,False,,PSAX,S S S S,Z:\raw_data\C000000019\VIS-027_SW_data_21-July-2026_11-29-29\output\CombinedData_buffer3_iq.gif
C000000019,VIS-027_SW_data_21-July-2026_11-30-06,0.005875220987945795,0.9937619566917419,8.031887409742922e-05,0.0002825403935275972,-5.1139772378807775,PSAX,PSAX,PSAX,0.000115794726,PSAX,False,,PSAX,S S S S,Z:\raw_data\C000000019\VIS-027_SW_data_21-July-2026_11-30-06\output\CombinedData_buffer3_iq.gif
C000000019,VIS-027_SW_data_21-July-2026_11-30-54,0.016406690701842308,0.9821948409080505,0.00022387405624613166,0.0011745906667783856,-4.086125712817576,PSAX,PSAX,PSAX,1.844604e-05,PSAX,False,,PSAX,S S S S,Z:\raw_data\C000000019\VIS-027_SW_data_21-July-2026_11-30-54\output\CombinedData_buffer3_iq.gif
C000000019,VIS-027_SW_data_21-July-2026_11-31-34,0.011914488859474659,0.9866865277290344,0.00020979520922992378,0.0011891380418092012,-4.408340405661199,PSAX,PSAX,PSAX,0.00018147657,PSAX,False,,PSAX,S S S S,Z:\raw_data\C000000019\VIS-027_SW_data_21-July-2026_11-31-34\output\CombinedData_buffer3_iq.gif
C000000019,VIS-027_SW_data_21-July-2026_11-32-16,0.0038615227676928043,0.9956027269363403,0.0001429414696758613,0.0003927552024833858,-5.526820257456059,PSAX,PSAX,PSAX,1.965176e-05,PSAX,False,,PSAX,S S S S,Z:\raw_data\C000000019\VIS-027_SW_data_21-July-2026_11-32-16\output\CombinedData_buffer3_iq.gif
C000000020,VIS-026_SW_data_21-July-2026_10-42-10,0.630759596824646,0.354391485452652,0.002002636669203639,0.012846390716731548,0.5763990015737049,PLAX,PLAX,PLAX,0.9978065,PLAX,False,,PLAX,L L L L,Z:\raw_data\C000000020\VIS-026_SW_data_21-July-2026_10-42-10\output\CombinedData_buffer3_iq.gif
C000000020,VIS-026_SW_data_21-July-2026_10-43-19,0.5572006106376648,0.4145263433456421,0.0033722606021910906,0.024900782853364944,0.29572705311512226,PLAX,PLAX,PLAX,0.9898145,PLAX,False,,PLAX,L L L L,Z:\raw_data\C000000020\VIS-026_SW_data_21-July-2026_10-43-19\output\CombinedData_buffer3_iq.gif
C000000020,VIS-026_SW_data_21-July-2026_10-43-57,0.27807843685150146,0.7002297639846802,0.002742564771324396,0.01894931122660637,-0.9232885485561706,PSAX,PLAX,PLAX,0.97549325,PLAX,True,split vote,PLAX,S L L L,Z:\raw_data\C000000020\VIS-026_SW_data_21-July-2026_10-43-57\output\CombinedData_buffer3_iq.gif
C000000020,VIS-026_SW_data_21-July-2026_10-44-45,0.39279016852378845,0.5942869186401367,0.0025001554749906063,0.010422815568745136,-0.41400038208471424,PSAX,PLAX,PLAX,0.9845686,PLAX,True,split vote,PLAX,S L L L,Z:\raw_data\C000000020\VIS-026_SW_data_21-July-2026_10-44-45\output\CombinedData_buffer3_iq.gif
C000000020,VIS-026_SW_data_21-July-2026_10-45-21,0.5862587094306946,0.4074628949165344,0.0033449530601501465,0.0029334432911127806,0.3637364703101841,PLAX,PLAX,PLAX,0.9870877,PLAX,False,,PLAX,L L L L,Z:\raw_data\C000000020\VIS-026_SW_data_21-July-2026_10-45-21\output\CombinedData_buffer3_iq.gif
C000000020,VIS-026_SW_data_21-July-2026_10-45-56,0.6742756366729736,0.3186792731285095,0.0033744475804269314,0.0036705834791064262,0.7492883505835696,PLAX,PLAX,PLAX,0.9994025,PLAX,False,,PLAX,L L L L,Z:\raw_data\C000000020\VIS-026_SW_data_21-July-2026_10-45-56\output\CombinedData_buffer3_iq.gif
C000000020,VIS-026_SW_data_21-July-2026_10-46-45,0.7217150926589966,0.27530398964881897,0.0012026801705360413,0.0017783917719498277,0.9635299288102017,PLAX,PLAX,PLAX,0.99944407,PLAX,False,,PLAX,L L L L,Z:\raw_data\C000000020\VIS-026_SW_data_21-July-2026_10-46-45\output\CombinedData_buffer3_iq.gif
C000000020,VIS-026_SW_data_21-July-2026_10-47-20,0.5441497564315796,0.45229196548461914,0.001991536933928728,0.0015667984262108803,0.18485926825980192,PLAX,PLAX,PLAX,0.9841294,PLAX,False,,PLAX,L L L L,Z:\raw_data\C000000020\VIS-026_SW_data_21-July-2026_10-47-20\output\CombinedData_buffer3_iq.gif
C000000020,VIS-026_SW_data_21-July-2026_10-48-19,0.17437876760959625,0.8242634534835815,0.00038612846401520073,0.0009716640925034881,-1.5528084583354111,PSAX,PSAX,PSAX,0.00044274132,PSAX,False,,PSAX,S S S S,Z:\raw_data\C000000020\VIS-026_SW_data_21-July-2026_10-48-19\output\CombinedData_buffer3_iq.gif
C000000020,VIS-026_SW_data_21-July-2026_10-49-00,0.11995387822389603,0.8792750835418701,0.0003673303872346878,0.0004036691680084914,-1.9912708956525802,PSAX,PSAX,PSAX,0.00043072045,PSAX,False,,PSAX,S S S S,Z:\raw_data\C000000020\VIS-026_SW_data_21-July-2026_10-49-00\output\CombinedData_buffer3_iq.gif
C000000020,VIS-026_SW_data_21-July-2026_10-49-46,0.36373400688171387,0.6343154907226562,0.0004196022928226739,0.0015308464644476771,-0.5560063493579379,PSAX,PSAX,PSAX,0.0033392152,PSAX,False,,PSAX,S S S S,Z:\raw_data\C000000020\VIS-026_SW_data_21-July-2026_10-49-46\output\CombinedData_buffer3_iq.gif
C000000020,VIS-026_SW_data_21-July-2026_10-50-25,0.27008500695228577,0.7270546555519104,0.0004974752082489431,0.0023629541974514723,-0.9900322507845785,PSAX,PSAX,PSAX,0.0009660163,PSAX,False,,PSAX,S S S S,Z:\raw_data\C000000020\VIS-026_SW_data_21-July-2026_10-50-25\output\CombinedData_buffer3_iq.gif
C000000020,VIS-026_SW_data_21-July-2026_10-50-55,0.293827623128891,0.6910071969032288,0.0005300125339999795,0.014635042287409306,-0.8549613875383733,PSAX,PSAX,PSAX,6.601197e-05,PSAX,False,,PSAX,S S S S,Z:\raw_data\C000000020\VIS-026_SW_data_21-July-2026_10-50-55\output\CombinedData_buffer3_iq.gif
C000000020,VIS-026_SW_data_21-July-2026_10-51-26,0.2013971358537674,0.7958887815475464,0.0005109406192786992,0.0022032419219613075,-1.373809925051343,PSAX,PSAX,PSAX,0.0005730289,PSAX,False,,PSAX,S S S S,Z:\raw_data\C000000020\VIS-026_SW_data_21-July-2026_10-51-26\output\CombinedData_buffer3_iq.gif
C000000020,VIS-026_SW_data_21-July-2026_10-52-18,0.20691518485546112,0.7885713577270508,0.0006274806219153106,0.003885928075760603,-1.3375575565780637,PSAX,PSAX,PSAX,0.0002635613,PSAX,False,,PSAX,S S S S,Z:\raw_data\C000000020\VIS-026_SW_data_21-July-2026_10-52-18\output\CombinedData_buffer3_iq.gif
C000000020,VIS-026_SW_data_21-July-2026_10-53-50,0.5610378384590149,0.42888468503952026,0.0006786143057979643,0.00939889531582594,0.26854535761382237,PLAX,PSAX,PSAX,0.025096934,PSAX,True,split vote,PSAX,L S S S,Z:\raw_data\C000000020\VIS-026_SW_data_21-July-2026_10-53-50\output\CombinedData_buffer3_iq.gif
C000000020,VIS-026_SW_data_21-July-2026_10-54-19,0.2919478416442871,0.7034416198730469,0.0009338281233794987,0.0036767106503248215,-0.8792094058648795,PSAX,PSAX,PSAX,0.002736838,PSAX,False,,PSAX,S S S S,Z:\raw_data\C000000020\VIS-026_SW_data_21-July-2026_10-54-19\output\CombinedData_buffer3_iq.gif
C000000021,VIS-024_SW_data_17-July-2026_09-35-47,0.9979447722434998,0.0019153689499944448,6.657929043285549e-05,7.328917126869783e-05,6.204995856900846,PLAX,PLAX,PLAX,0.9999937,PLAX,False,,PLAX,L L L L,Z:\raw_data\C000000021\VIS-024_SW_data_17-July-2026_09-35-47\output\CombinedData_buffer3_iq.gif
C000000021,VIS-024_SW_data_17-July-2026_09-36-34,0.9978008270263672,0.0020261253230273724,7.993901817826554e-05,9.324726852355525e-05,6.1513526736721476,PLAX,PLAX,PLAX,0.9999932,PLAX,False,,PLAX,L L L L,Z:\raw_data\C000000021\VIS-024_SW_data_17-July-2026_09-36-34\output\CombinedData_buffer3_iq.gif
C000000021,VIS-024_SW_data_17-July-2026_09-37-09,0.9981076121330261,0.0017412400338798761,8.404884283663705e-05,6.712388130836189e-05,6.295522006778483,PLAX,PLAX,PLAX,0.9999933,PLAX,False,,PLAX,L L L L,Z:\raw_data\C000000021\VIS-024_SW_data_17-July-2026_09-37-09\output\CombinedData_buffer3_iq.gif
C000000021,VIS-024_SW_data_17-July-2026_09-38-05,0.9968116879463196,0.0029804443474859,0.00012873197556473315,7.920370262581855e-05,5.77958833300754,PLAX,PLAX,PLAX,0.99999523,PLAX,False,,PLAX,L L L L,Z:\raw_data\C000000021\VIS-024_SW_data_17-July-2026_09-38-05\output\CombinedData_buffer3_iq.gif
C000000021,VIS-024_SW_data_17-July-2026_09-38-39,0.9978551268577576,0.0019803564064204693,0.00010184266284340993,6.288861186476424e-05,6.173169083956983,PLAX,PLAX,PLAX,0.9999919,PLAX,False,,PLAX,L L L L,Z:\raw_data\C000000021\VIS-024_SW_data_17-July-2026_09-38-39\output\CombinedData_buffer3_iq.gif
C000000021,VIS-024_SW_data_17-July-2026_09-41-11,0.9914734363555908,0.008126621134579182,0.0001717974664643407,0.00022815137344878167,4.79191763547381,PLAX,PLAX,PLAX,0.9999914,PLAX,False,,PLAX,L L L L,Z:\raw_data\C000000021\VIS-024_SW_data_17-July-2026_09-41-11\output\CombinedData_buffer3_iq.gif
C000000021,VIS-024_SW_data_17-July-2026_09-42-45,0.0009839319391176105,0.9989049434661865,7.995098712854087e-05,3.10908435494639e-05,-6.826164612796502,PSAX,PSAX,PSAX,0.00012053969,PSAX,False,,PSAX,S S S S,Z:\raw_data\C000000021\VIS-024_SW_data_17-July-2026_09-42-45\output\CombinedData_buffer3_iq.gif
C000000021,VIS-024_SW_data_17-July-2026_09-44-15,0.002369132824242115,0.9974740743637085,9.517841681372374e-05,6.161015335237607e-05,-6.001459400327696,PSAX,PSAX,PSAX,0.00044541835,PSAX,False,,PSAX,S S S S,Z:\raw_data\C000000021\VIS-024_SW_data_17-July-2026_09-44-15\output\CombinedData_buffer3_iq.gif
C000000021,VIS-024_SW_data_17-July-2026_09-44-51,0.0021181555930525064,0.9976628422737122,0.00016341909940820187,5.5538752349093556e-05,-6.1088395784533,PSAX,PSAX,PSAX,0.00033439175,PSAX,False,,PSAX,S S S S,Z:\raw_data\C000000021\VIS-024_SW_data_17-July-2026_09-44-51\output\CombinedData_buffer3_iq.gif
C000000021,VIS-024_SW_data_17-July-2026_09-45-19,0.0010345986811444163,0.9988455176353455,9.961967589333653e-05,2.0287658117013052e-05,-6.780421236747106,PSAX,PSAX,PSAX,0.0003696925,PSAX,False,,PSAX,S S S S,Z:\raw_data\C000000021\VIS-024_SW_data_17-July-2026_09-45-19\output\CombinedData_buffer3_iq.gif
C000000021,VIS-024_SW_data_17-July-2026_09-46-29,0.0005556696560233831,0.9993043541908264,0.0001012725115288049,3.879756332025863e-05,-7.329257645714192,PSAX,PSAX,PSAX,5.0610055e-05,PSAX,False,,PSAX,S S S S,Z:\raw_data\C000000021\VIS-024_SW_data_17-July-2026_09-46-29\output\CombinedData_buffer3_iq.gif
C000000021,VIS-024_SW_data_17-July-2026_09-47-05,0.00047333783004432917,0.9994069933891296,9.500025771558285e-05,2.4602664780104533e-05,-7.46354230557648,PSAX,PSAX,PSAX,6.856735e-05,PSAX,False,,PSAX,S S S S,Z:\raw_data\C000000021\VIS-024_SW_data_17-July-2026_09-47-05\output\CombinedData_buffer3_iq.gif
C000000021,VIS-024_SW_data_17-July-2026_09-47-39,0.0003545120416674763,0.999545156955719,7.755679689580575e-05,2.27971286221873e-05,-7.695931244363858,PSAX,PSAX,PSAX,0.00017010857,PSAX,False,,PSAX,S S S S,Z:\raw_data\C000000021\VIS-024_SW_data_17-July-2026_09-47-39\output\CombinedData_buffer3_iq.gif
C000000021,VIS-024_SW_data_17-July-2026_09-48-12,0.0005636654095724225,0.9993398785591125,7.40638715797104e-05,2.245764153485652e-05,-7.317172158367587,PSAX,PSAX,PSAX,3.0309579e-05,PSAX,False,,PSAX,S S S S,Z:\raw_data\C000000021\VIS-024_SW_data_17-July-2026_09-48-12\output\CombinedData_buffer3_iq.gif
C000000021,VIS-024_SW_data_17-July-2026_09-48-42,0.0005872906185686588,0.9993110299110413,7.641304546268657e-05,2.5176141207339242e-05,-7.282164186019032,PSAX,PSAX,PSAX,9.684333e-05,PSAX,False,,PSAX,S S S S,Z:\raw_data\C000000021\VIS-024_SW_data_17-July-2026_09-48-42\output\CombinedData_buffer3_iq.gif
C000000021,VIS-024_SW_data_17-July-2026_09-49-14,0.0007346487254835665,0.9991427659988403,8.928486204240471e-05,3.3380121749360114e-05,-7.08774208882345,PSAX,PSAX,PSAX,2.0187617e-05,PSAX,False,,PSAX,S S S S,Z:\raw_data\C000000021\VIS-024_SW_data_17-July-2026_09-49-14\output\CombinedData_buffer3_iq.gif
C000000022,VIS-023_SW_data_17-July-2026_08-48-06,0.9862098097801208,0.012804090976715088,0.000612011004704982,0.00037409772630780935,4.33642612288091,PLAX,PLAX,PLAX,0.99999714,PLAX,False,,PLAX,L L L L,Z:\raw_data\C000000022\VIS-023_SW_data_17-July-2026_08-48-06\output\CombinedData_buffer3_iq.gif
C000000022,VIS-023_SW_data_17-July-2026_08-48-50,0.9947659969329834,0.00481243385002017,0.00020796236640308052,0.00021368358284235,5.310838540179675,PLAX,PLAX,PLAX,0.99999917,PLAX,False,,PLAX,L L L L,Z:\raw_data\C000000022\VIS-023_SW_data_17-July-2026_08-48-50\output\CombinedData_buffer3_iq.gif
C000000022,VIS-023_SW_data_17-July-2026_08-49-31,0.9972987771034241,0.002482231240719557,0.00012874946696683764,9.02457904885523e-05,5.956496819852092,PLAX,PLAX,PLAX,0.999998,PLAX,False,,PLAX,L L L L,Z:\raw_data\C000000022\VIS-023_SW_data_17-July-2026_08-49-31\output\CombinedData_buffer3_iq.gif
C000000022,VIS-023_SW_data_17-July-2026_08-50-35,0.991607129573822,0.008055498823523521,0.000279476516880095,5.7947465393226594e-05,4.800735429394443,PLAX,PLAX,PLAX,0.99998,PLAX,False,,PLAX,L L L L,Z:\raw_data\C000000022\VIS-023_SW_data_17-July-2026_08-50-35\output\CombinedData_buffer3_iq.gif
C000000022,VIS-023_SW_data_17-July-2026_08-51-14,0.9437013864517212,0.04739925265312195,0.0087576350197196,0.0001417945750290528,2.989201771002961,PLAX,PLAX,PLAX,0.9996574,PLAX,False,,PLAX,L L L L,Z:\raw_data\C000000022\VIS-023_SW_data_17-July-2026_08-51-14\output\CombinedData_buffer3_iq.gif
C000000022,VIS-023_SW_data_17-July-2026_08-51-55,0.9964840412139893,0.003331518266350031,0.0001341763127129525,5.033317574998364e-05,5.671330665997132,PLAX,PLAX,PLAX,0.9999964,PLAX,False,,PLAX,L L L L,Z:\raw_data\C000000022\VIS-023_SW_data_17-July-2026_08-51-55\output\CombinedData_buffer3_iq.gif
C000000022,VIS-023_SW_data_17-July-2026_08-52-58,0.9805718064308167,0.018878132104873657,0.00043642864329740405,0.00011345983512001112,3.944950479095994,PLAX,PLAX,PLAX,0.999964,PLAX,False,,PLAX,L L L L,Z:\raw_data\C000000022\VIS-023_SW_data_17-July-2026_08-52-58\output\CombinedData_buffer3_iq.gif
C000000022,VIS-023_SW_data_17-July-2026_08-54-08,0.8482196927070618,0.1493341028690338,0.0016139752697199583,0.0008322040666826069,1.7364020486911191,PLAX,PLAX,PLAX,0.9989072,PLAX,False,,PLAX,L L L L,Z:\raw_data\C000000022\VIS-023_SW_data_17-July-2026_08-54-08\output\CombinedData_buffer3_iq.gif
C000000022,VIS-023_SW_data_17-July-2026_08-57-01,0.006752976682037115,0.9918384552001953,0.0008687647059559822,0.0005397743079811335,-4.974977954225496,PSAX,PSAX,PSAX,3.966188e-05,PSAX,False,,PSAX,S S S S,Z:\raw_data\C000000022\VIS-023_SW_data_17-July-2026_08-57-01\output\CombinedData_buffer3_iq.gif
C000000022,VIS-023_SW_data_17-July-2026_08-57-53,0.0033562297467142344,0.9955478310585022,0.0005500586703419685,0.0005460059619508684,-5.663215285415208,PSAX,PSAX,PSAX,2.4494982e-05,PSAX,False,,PSAX,S S S S,Z:\raw_data\C000000022\VIS-023_SW_data_17-July-2026_08-57-53\output\CombinedData_buffer3_iq.gif
C000000022,VIS-023_SW_data_17-July-2026_08-58-40,0.003840005723759532,0.995067298412323,0.0007746944902464747,0.0003180541389156133,-5.531728686093026,PSAX,PSAX,PSAX,4.3016717e-06,PSAX,False,,PSAX,S S S S,Z:\raw_data\C000000022\VIS-023_SW_data_17-July-2026_08-58-40\output\CombinedData_buffer3_iq.gif
C000000022,VIS-023_SW_data_17-July-2026_08-59-39,0.00693474430590868,0.9905924797058105,0.001740194857120514,0.0007327356142923236,-4.947542829152236,PSAX,PSAX,PSAX,1.9575552e-06,PSAX,False,,PSAX,S S S S,Z:\raw_data\C000000022\VIS-023_SW_data_17-July-2026_08-59-39\output\CombinedData_buffer3_iq.gif
C000000022,VIS-023_SW_data_17-July-2026_09-03-07,0.011829533614218235,0.9829860329627991,0.00419453764334321,0.0009898764546960592,-4.411679495315863,PSAX,PSAX,PSAX,1.1882599e-05,PSAX,False,,PSAX,S S S S,Z:\raw_data\C000000022\VIS-023_SW_data_17-July-2026_09-03-07\output\CombinedData_buffer3_iq.gif
C000000022,VIS-023_SW_data_17-July-2026_09-04-50,0.05499458685517311,0.935577929019928,0.005053854081779718,0.0043734656646847725,-2.8322198551966866,PSAX,PSAX,PSAX,0.00016907268,PSAX,False,,PSAX,S S S S,Z:\raw_data\C000000022\VIS-023_SW_data_17-July-2026_09-04-50\output\CombinedData_buffer3_iq.gif
C000000022,VIS-023_SW_data_17-July-2026_09-05-59,0.038636334240436554,0.9046123623847961,0.001647014869377017,0.055104248225688934,-3.150839032726156,PSAX,PSAX,PSAX,1.5621682e-06,PSAX,False,,PSAX,S S S S,Z:\raw_data\C000000022\VIS-023_SW_data_17-July-2026_09-05-59\output\CombinedData_buffer3_iq.gif
C000000022,VIS-023_SW_data_17-July-2026_09-06-37,0.07279764115810394,0.8939675092697144,0.0032188149634748697,0.030016064643859863,-2.5067250047835583,PSAX,PSAX,PSAX,2.2848972e-06,PSAX,False,,PSAX,S S S S,Z:\raw_data\C000000022\VIS-023_SW_data_17-July-2026_09-06-37\output\CombinedData_buffer3_iq.gif
C000000022,VIS-023_SW_data_17-July-2026_09-07-26,0.04488196596503258,0.8774155974388123,0.004977044183760881,0.07272541522979736,-2.970833076927665,PSAX,PSAX,PSAX,5.5341776e-08,PSAX,False,,PSAX,S S S S,Z:\raw_data\C000000022\VIS-023_SW_data_17-July-2026_09-07-26\output\CombinedData_buffer3_iq.gif
C000000023,VIS-022_SW_data_14-July-2026_11-41-10,0.9909425377845764,0.0089279655367136,4.4269538193475455e-05,8.504338620696217e-05,4.69843041594002,PLAX,PLAX,PLAX,0.9999994,PLAX,False,,PLAX,L L L L,Z:\raw_data\C000000023\VIS-022_SW_data_14-July-2026_11-41-10\output\CombinedData_buffer3_iq.gif
C000000023,VIS-022_SW_data_14-July-2026_11-41-58,0.9986360669136047,0.0012498272117227316,2.0977693566237576e-05,9.322522237198427e-05,6.606513953516369,PLAX,PLAX,PLAX,0.9999933,PLAX,False,,PLAX,L L L L,Z:\raw_data\C000000023\VIS-022_SW_data_14-July-2026_11-41-58\output\CombinedData_buffer3_iq.gif
C000000023,VIS-022_SW_data_14-July-2026_11-42-34,0.9835790395736694,0.01614009030163288,8.921366679714993e-05,0.00019159643852617592,4.103816769385718,PLAX,PLAX,PLAX,0.9999988,PLAX,False,,PLAX,L L L L,Z:\raw_data\C000000023\VIS-022_SW_data_14-July-2026_11-42-34\output\CombinedData_buffer3_iq.gif
C000000023,VIS-022_SW_data_14-July-2026_11-44-18,0.9707733392715454,0.02871859259903431,0.00010507921251701191,0.00040296820225194097,3.5171752609876936,PLAX,PLAX,PLAX,0.99999654,PLAX,False,,PLAX,L L L L,Z:\raw_data\C000000023\VIS-022_SW_data_14-July-2026_11-44-18\output\CombinedData_buffer3_iq.gif
C000000023,VIS-022_SW_data_14-July-2026_11-45-09,0.9951568841934204,0.004677825607359409,4.9045040213968605e-05,0.0001164425557362847,5.339015329756006,PLAX,PLAX,PLAX,0.9999882,PLAX,False,,PLAX,L L L L,Z:\raw_data\C000000023\VIS-022_SW_data_14-July-2026_11-45-09\output\CombinedData_buffer3_iq.gif
C000000023,VIS-022_SW_data_14-July-2026_11-45-57,0.0010110634611919522,0.9989117980003357,5.686117219738662e-05,2.0270526874810457e-05,-6.801448958577965,PSAX,PSAX,PSAX,0.0015460426,PSAX,False,,PSAX,S S S S,Z:\raw_data\C000000023\VIS-022_SW_data_14-July-2026_11-45-57\output\CombinedData_buffer3_iq.gif
C000000023,VIS-022_SW_data_14-July-2026_11-46-25,0.0015864952001720667,0.9983233213424683,6.154822040116414e-05,2.8775139071512967e-05,-6.3835248265722635,PSAX,PSAX,PSAX,0.0010108853,PSAX,False,,PSAX,S S S S,Z:\raw_data\C000000023\VIS-022_SW_data_14-July-2026_11-46-25\output\CombinedData_buffer3_iq.gif
C000000023,VIS-022_SW_data_14-July-2026_11-46-53,0.0019285527523607016,0.9979813694953918,5.422976755653508e-05,3.584710793802515e-05,-6.19851219662161,PSAX,PSAX,PSAX,0.0015385916,PSAX,False,,PSAX,S S S S,Z:\raw_data\C000000023\VIS-022_SW_data_14-July-2026_11-46-53\output\CombinedData_buffer3_iq.gif
C000000023,VIS-022_SW_data_14-July-2026_11-47-49,0.00048320708447135985,0.9993549585342407,0.00010973760072374716,5.197912469157018e-05,-7.4464230397041185,PSAX,PSAX,PSAX,5.665628e-06,PSAX,False,,PSAX,S S S S,Z:\raw_data\C000000023\VIS-022_SW_data_14-July-2026_11-47-49\output\CombinedData_buffer3_iq.gif
C000000023,VIS-022_SW_data_14-July-2026_11-48-18,0.0004279294516891241,0.9994980096817017,5.4201980674406514e-05,1.9918388716178015e-05,-7.546145826272266,PSAX,PSAX,PSAX,0.00012189042,PSAX,False,,PSAX,S S S S,Z:\raw_data\C000000023\VIS-022_SW_data_14-July-2026_11-48-18\output\CombinedData_buffer3_iq.gif
C000000023,VIS-022_SW_data_14-July-2026_11-48-46,0.00041059163049794734,0.9994967579841614,6.593686703126878e-05,2.67444847850129e-05,-7.579537121455686,PSAX,PSAX,PSAX,8.9490284e-05,PSAX,False,,PSAX,S S S S,Z:\raw_data\C000000023\VIS-022_SW_data_14-July-2026_11-48-46\output\CombinedData_buffer3_iq.gif
C000000023,VIS-022_SW_data_14-July-2026_11-49-20,0.0012871294748038054,0.9983702898025513,0.00013965471589472145,0.0002030057366937399,-6.5789879117944015,PSAX,PSAX,PSAX,8.202103e-05,PSAX,False,,PSAX,S S S S,Z:\raw_data\C000000023\VIS-022_SW_data_14-July-2026_11-49-20\output\CombinedData_buffer3_iq.gif
C000000023,VIS-022_SW_data_14-July-2026_11-49-49,0.0016516412142664194,0.9979999661445618,9.770018368726596e-05,0.0002507625613361597,-6.345300252607663,PSAX,PSAX,PSAX,4.354435e-05,PSAX,False,,PSAX,S S S S,Z:\raw_data\C000000023\VIS-022_SW_data_14-July-2026_11-49-49\output\CombinedData_buffer3_iq.gif
C000000023,VIS-022_SW_data_14-July-2026_11-50-19,0.002167791360989213,0.9973040223121643,0.00014088774332776666,0.0003872945671901107,-6.0863495367765585,PSAX,PSAX,PSAX,1.0271964e-05,PSAX,False,,PSAX,S S S S,Z:\raw_data\C000000023\VIS-022_SW_data_14-July-2026_11-50-19\output\CombinedData_buffer3_iq.gif
C000000024,VIS-021_SW_data_14-July-2026_10-55-16,0.9729998707771301,0.018933068960905075,0.007479173596948385,0.0005879226373508573,3.9343087811054502,PLAX,PLAX,PLAX,0.9999187,PLAX,False,,PLAX,L L L L,Z:\raw_data\C000000024\VIS-021_SW_data_14-July-2026_10-55-16\output\CombinedData_buffer3_iq.gif
C000000024,VIS-021_SW_data_14-July-2026_10-56-18,0.9947116374969482,0.0047842669300735,0.00042960228165611625,7.463297515641898e-05,5.316534201446893,PLAX,PLAX,PLAX,0.99998176,PLAX,False,,PLAX,L L L L,Z:\raw_data\C000000024\VIS-021_SW_data_14-July-2026_10-56-18\output\CombinedData_buffer3_iq.gif
C000000024,VIS-021_SW_data_14-July-2026_10-56-55,0.9930897951126099,0.006133734248578548,0.0007003881619311869,7.594394264742732e-05,5.070946227747599,PLAX,PLAX,PLAX,0.99999034,PLAX,False,,PLAX,L L L L,Z:\raw_data\C000000024\VIS-021_SW_data_14-July-2026_10-56-55\output\CombinedData_buffer3_iq.gif
C000000024,VIS-021_SW_data_14-July-2026_10-57-50,0.9279582500457764,0.06237778067588806,0.009190808050334454,0.00047326000640168786,2.698283515913968,PLAX,PLAX,PLAX,0.99999976,PLAX,False,,PLAX,L L L L,Z:\raw_data\C000000024\VIS-021_SW_data_14-July-2026_10-57-50\output\CombinedData_buffer3_iq.gif
C000000024,VIS-021_SW_data_14-July-2026_10-58-27,0.9710800051689148,0.013856104575097561,0.014948488213121891,0.00011532966163940728,4.242594815838436,PLAX,PLAX,PLAX,0.99999976,PLAX,False,,PLAX,L L L L,Z:\raw_data\C000000024\VIS-021_SW_data_14-July-2026_10-58-27\output\CombinedData_buffer3_iq.gif
C000000024,VIS-021_SW_data_14-July-2026_11-00-39,0.9859422445297241,0.013427043333649635,0.0005563801969401538,7.426278170896694e-05,4.289008306440563,PLAX,PLAX,PLAX,0.99995995,PLAX,False,,PLAX,L L L L,Z:\raw_data\C000000024\VIS-021_SW_data_14-July-2026_11-00-39\output\CombinedData_buffer3_iq.gif
C000000024,VIS-021_SW_data_14-July-2026_11-01-58,0.021606866270303726,0.9643139243125916,0.0035538855008780956,0.010525355115532875,-3.7938919560363025,PSAX,PSAX,PSAX,1.1035387e-05,PSAX,False,,PSAX,S S S S,Z:\raw_data\C000000024\VIS-021_SW_data_14-July-2026_11-01-58\output\CombinedData_buffer3_iq.gif
C000000024,VIS-021_SW_data_14-July-2026_11-02-31,0.027425451204180717,0.959537148475647,0.003369370009750128,0.009668019600212574,-3.551444167678374,PSAX,PSAX,PSAX,3.4626097e-05,PSAX,False,,PSAX,S S S S,Z:\raw_data\C000000024\VIS-021_SW_data_14-July-2026_11-02-31\output\CombinedData_buffer3_iq.gif
C000000024,VIS-021_SW_data_14-July-2026_11-03-09,0.008278189226984978,0.9670153260231018,0.0029692992102354765,0.02173713594675064,-4.748685941553926,PSAX,PSAX,PSAX,1.2471104e-05,PSAX,False,,PSAX,S S S S,Z:\raw_data\C000000024\VIS-021_SW_data_14-July-2026_11-03-09\output\CombinedData_buffer3_iq.gif
C000000024,VIS-021_SW_data_14-July-2026_11-04-05,0.0064846244640648365,0.8703188300132751,0.002355028409510851,0.12084147334098816,-4.88423720504098,PSAX,PSAX,PSAX,1.2613025e-06,PSAX,False,,PSAX,S S S S,Z:\raw_data\C000000024\VIS-021_SW_data_14-July-2026_11-04-05\output\CombinedData_buffer3_iq.gif
C000000024,VIS-021_SW_data_14-July-2026_11-05-06,0.009895403869450092,0.9271811842918396,0.004792172461748123,0.058131322264671326,-4.530131472462531,PSAX,PSAX,PSAX,4.5895013e-06,PSAX,False,,PSAX,S S S S,Z:\raw_data\C000000024\VIS-021_SW_data_14-July-2026_11-05-06\output\CombinedData_buffer3_iq.gif
C000000024,VIS-021_SW_data_14-July-2026_11-08-01,0.03734545409679413,0.761046290397644,0.015224430710077286,0.18638384342193604,-3.0119402571503455,PSAX,PSAX,PSAX,8.8434524e-07,PSAX,False,,PSAX,S S S S,Z:\raw_data\C000000024\VIS-021_SW_data_14-July-2026_11-08-01\output\CombinedData_buffer3_iq.gif
C000000024,VIS-021_SW_data_14-July-2026_11-09-07,0.010613860562443733,0.8952556252479553,0.0035598352551460266,0.09057075530290604,-4.425682703144235,PSAX,PSAX,PSAX,1.2728869e-07,PSAX,False,,PSAX,S S S S,Z:\raw_data\C000000024\VIS-021_SW_data_14-July-2026_11-09-07\output\CombinedData_buffer3_iq.gif
C000000025,VIS-025_SW_data_21-July-2026_09-53-09,0.9945041537284851,0.005176766309887171,0.00011744548100978136,0.0002016747312154621,5.23903135376218,PLAX,PLAX,PLAX,0.99974257,PLAX,False,,PLAX,L L L L,Z:\raw_data\C000000025\VIS-025_SW_data_21-July-2026_09-53-09\output\CombinedData_buffer3_iq.gif
C000000025,VIS-025_SW_data_21-July-2026_09-53-59,0.988045871257782,0.0114517193287611,0.00016076077008619905,0.0003415654646232724,4.448996044300877,PLAX,PLAX,PLAX,0.99912244,PLAX,False,,PLAX,L L L L,Z:\raw_data\C000000025\VIS-025_SW_data_21-July-2026_09-53-59\output\CombinedData_buffer3_iq.gif
C000000025,VIS-025_SW_data_21-July-2026_09-54-43,0.9949933886528015,0.004731287248432636,0.00011454252671683207,0.00016068182594608516,5.3277236474773515,PLAX,PLAX,PLAX,0.99947876,PLAX,False,,PLAX,L L L L,Z:\raw_data\C000000025\VIS-025_SW_data_21-July-2026_09-54-43\output\CombinedData_buffer3_iq.gif
C000000025,VIS-025_SW_data_21-July-2026_09-55-24,0.9905093312263489,0.009090835228562355,0.00016761950973886997,0.00023213279200717807,4.68011342314333,PLAX,PLAX,PLAX,0.9999615,PLAX,False,,PLAX,L L L L,Z:\raw_data\C000000025\VIS-025_SW_data_21-July-2026_09-55-24\output\CombinedData_buffer3_iq.gif
C000000025,VIS-025_SW_data_21-July-2026_09-55-57,0.9913973212242126,0.008192937821149826,0.00015282869571819901,0.0002570168289821595,4.7838119585257965,PLAX,PLAX,PLAX,0.9998555,PLAX,False,,PLAX,L L L L,Z:\raw_data\C000000025\VIS-025_SW_data_21-July-2026_09-55-57\output\CombinedData_buffer3_iq.gif
C000000025,VIS-025_SW_data_21-July-2026_09-56-31,0.9599234461784363,0.03944811969995499,0.00035683996975421906,0.0002716038725338876,3.1894395565352833,PLAX,PLAX,PLAX,0.9999621,PLAX,False,,PLAX,L L L L,Z:\raw_data\C000000025\VIS-025_SW_data_21-July-2026_09-56-31\output\CombinedData_buffer3_iq.gif
C000000025,VIS-025_SW_data_21-July-2026_09-57-31,0.010663455352187157,0.9890834093093872,0.00013769500947091728,0.00011560683196876198,-4.520723131112218,PSAX,PSAX,PSAX,1.8548742e-05,PSAX,False,,PSAX,S S S S,Z:\raw_data\C000000025\VIS-025_SW_data_21-July-2026_09-57-31\output\CombinedData_buffer3_iq.gif
C000000025,VIS-025_SW_data_21-July-2026_09-58-27,0.015302322804927826,0.9836516976356506,0.0003554064023774117,0.0006904248148202896,-4.156855195873563,PSAX,PSAX,PSAX,2.6578751e-05,PSAX,False,,PSAX,S S S S,Z:\raw_data\C000000025\VIS-025_SW_data_21-July-2026_09-58-27\output\CombinedData_buffer3_iq.gif
C000000025,VIS-025_SW_data_21-July-2026_09-59-00,0.012052810750901699,0.9875898957252502,0.00014006777200847864,0.0002172905224142596,-4.39780829720178,PSAX,PSAX,PSAX,6.1894716e-05,PSAX,False,,PSAX,S S S S,Z:\raw_data\C000000025\VIS-025_SW_data_21-July-2026_09-59-00\output\CombinedData_buffer3_iq.gif
C000000025,VIS-025_SW_data_21-July-2026_10-00-25,0.3545416593551636,0.6328638195991516,0.001276786788366735,0.011317597702145576,-0.5793053940686599,PSAX,PSAX,PSAX,0.004234596,PSAX,False,,PSAX,S S S S,Z:\raw_data\C000000025\VIS-025_SW_data_21-July-2026_10-00-25\output\CombinedData_buffer3_iq.gif
C000000025,VIS-025_SW_data_21-July-2026_10-01-26,0.1186070665717125,0.8718305230140686,0.000617890793364495,0.008944446220993996,-1.994050912409681,PSAX,PSAX,PSAX,0.00027394516,PSAX,False,,PSAX,S S S S,Z:\raw_data\C000000025\VIS-025_SW_data_21-July-2026_10-01-26\output\CombinedData_buffer3_iq.gif
C000000025,VIS-025_SW_data_21-July-2026_10-02-24,0.023647412657737732,0.9735763669013977,0.00021804249263368547,0.0025583228562027216,-3.7136053924334025,PSAX,PSAX,PSAX,5.5587276e-05,PSAX,False,,PSAX,S S S S,Z:\raw_data\C000000025\VIS-025_SW_data_21-July-2026_10-02-24\output\CombinedData_buffer3_iq.gif
C000000025,VIS-025_SW_data_21-July-2026_10-03-03,0.0787348598241806,0.9085949063301086,0.0009773748461157084,0.011692894622683525,-2.444654118641699,PSAX,PSAX,PSAX,0.00031089433,PSAX,False,,PSAX,S S S S,Z:\raw_data\C000000025\VIS-025_SW_data_21-July-2026_10-03-03\output\CombinedData_buffer3_iq.gif
C000000025,VIS-025_SW_data_21-July-2026_10-03-36,0.20278938114643097,0.748555064201355,0.0018404893344268203,0.046814970672130585,-1.3056174389475788,PSAX,PSAX,PSAX,0.011314299,PSAX,False,,PSAX,S S S S,Z:\raw_data\C000000025\VIS-025_SW_data_21-July-2026_10-03-36\output\CombinedData_buffer3_iq.gif
C000000025,VIS-025_SW_data_21-July-2026_10-04-09,0.23516732454299927,0.7310502529144287,0.0014227302744984627,0.03235965594649315,-1.133896564101219,PSAX,PSAX,PSAX,0.028617693,PSAX,False,,PSAX,S S S S,Z:\raw_data\C000000025\VIS-025_SW_data_21-July-2026_10-04-09\output\CombinedData_buffer3_iq.gif
C000000026,VIS-020_SW_data_14-July-2026_10-03-40,0.9763405323028564,0.022926270961761475,0.00011436428758315742,0.0006188381230458617,3.747278069817094,PLAX,PLAX,PLAX,0.99995685,PLAX,False,,PLAX,L L L L,Z:\raw_data\C000000026\VIS-020_SW_data_14-July-2026_10-03-40\output\CombinedData_buffer3_iq.gif
C000000026,VIS-020_SW_data_14-July-2026_10-04-27,0.9726061224937439,0.026855550706386566,0.0001003860161290504,0.00043794017983600497,3.5858927649057697,PLAX,PLAX,PLAX,0.99996054,PLAX,False,,PLAX,L L L L,Z:\raw_data\C000000026\VIS-020_SW_data_14-July-2026_10-04-27\output\CombinedData_buffer3_iq.gif
C000000026,VIS-020_SW_data_14-July-2026_10-05-15,0.725619375705719,0.26604393124580383,0.0037396729458123446,0.004596999380737543,1.0031261479086688,PLAX,PSAX,PLAX,0.9994118,PLAX,True,split vote,PLAX,L S L L,Z:\raw_data\C000000026\VIS-020_SW_data_14-July-2026_10-05-15\output\CombinedData_buffer3_iq.gif
C000000026,VIS-020_SW_data_14-July-2026_10-06-14,0.9212554097175598,0.07700251042842865,0.0004276504914741963,0.0013144908007234335,2.480710016556405,PLAX,PLAX,PLAX,0.9996593,PLAX,False,,PLAX,L L L L,Z:\raw_data\C000000026\VIS-020_SW_data_14-July-2026_10-06-14\output\CombinedData_buffer3_iq.gif
C000000026,VIS-020_SW_data_14-July-2026_10-06-51,0.8999569416046143,0.09887377172708511,0.00026306978543289006,0.0009061985765583813,2.207603146788269,PLAX,PLAX,PLAX,0.99981874,PLAX,False,,PLAX,L L L L,Z:\raw_data\C000000026\VIS-020_SW_data_14-July-2026_10-06-51\output\CombinedData_buffer3_iq.gif
C000000026,VIS-020_SW_data_14-July-2026_10-07-28,0.9662466049194336,0.032711584120988846,0.00013663501886185259,0.0009053096873685718,3.382740946663001,PLAX,PLAX,PLAX,0.99991953,PLAX,False,,PLAX,L L L L,Z:\raw_data\C000000026\VIS-020_SW_data_14-July-2026_10-07-28\output\CombinedData_buffer3_iq.gif
C000000026,VIS-020_SW_data_14-July-2026_10-08-20,0.05445639044046402,0.9219847321510315,0.0014304290525615215,0.022128377109766006,-2.8274022659841744,PSAX,PSAX,PSAX,0.0012975681,PSAX,False,,PSAX,S S S S,Z:\raw_data\C000000026\VIS-020_SW_data_14-July-2026_10-08-20\output\CombinedData_buffer3_iq.gif
C000000026,VIS-020_SW_data_14-July-2026_10-09-33,0.07240691035985947,0.8780304789543152,0.0060923281125724316,0.0434703528881073,-2.494113319254405,PSAX,PSAX,PSAX,0.0009314057,PSAX,False,,PSAX,S S S S,Z:\raw_data\C000000026\VIS-020_SW_data_14-July-2026_10-09-33\output\CombinedData_buffer3_iq.gif
C000000026,VIS-020_SW_data_14-July-2026_10-10-10,0.013505758717656136,0.9750885963439941,0.0013027962995693088,0.010102806612849236,-4.272137746199519,PSAX,PSAX,PSAX,0.00038987547,PSAX,False,,PSAX,S S S S,Z:\raw_data\C000000026\VIS-020_SW_data_14-July-2026_10-10-10\output\CombinedData_buffer3_iq.gif
C000000026,VIS-020_SW_data_14-July-2026_10-10-49,0.0058103082701563835,0.9904889464378357,0.0007920550997368991,0.0029086917638778687,-5.121601670811629,PSAX,PSAX,PSAX,6.108156e-05,PSAX,False,,PSAX,S S S S,Z:\raw_data\C000000026\VIS-020_SW_data_14-July-2026_10-10-49\output\CombinedData_buffer3_iq.gif
C000000026,VIS-020_SW_data_14-July-2026_10-12-12,0.013897656463086605,0.9684383273124695,0.002331169554963708,0.015332725830376148,-4.236898135844774,PSAX,PSAX,PSAX,0.00016104073,PSAX,False,,PSAX,S S S S,Z:\raw_data\C000000026\VIS-020_SW_data_14-July-2026_10-12-12\output\CombinedData_buffer3_iq.gif
C000000026,VIS-020_SW_data_14-July-2026_10-13-08,0.1951603889465332,0.7134488224983215,0.020438117906451225,0.07095261663198471,-1.2959168656057554,PSAX,PSAX,PSAX,0.002981927,PSAX,False,,PSAX,S S S S,Z:\raw_data\C000000026\VIS-020_SW_data_14-July-2026_10-13-08\output\CombinedData_buffer3_iq.gif
C000000026,VIS-020_SW_data_14-July-2026_10-13-43,0.1547592133283615,0.8041346669197083,0.007814084179699421,0.03329189494252205,-1.6473746978137056,PSAX,PSAX,PSAX,0.00010576104,PSAX,False,,PSAX,S S S S,Z:\raw_data\C000000026\VIS-020_SW_data_14-July-2026_10-13-43\output\CombinedData_buffer3_iq.gif
C000000026,VIS-020_SW_data_14-July-2026_10-14-20,0.09616611897945404,0.7645938396453857,0.013079298660159111,0.12616077065467834,-2.072359115044642,PSAX,PSAX,PSAX,9.751281e-08,PSAX,False,,PSAX,S S S S,Z:\raw_data\C000000026\VIS-020_SW_data_14-July-2026_10-14-20\output\CombinedData_buffer3_iq.gif
C000000027,VIS-019_SW_data_14-July-2026_09-20-26,0.9969573616981506,0.002925021108239889,7.666874444112182e-05,4.092713788850233e-05,5.797890233218856,PLAX,PLAX,PLAX,0.9999877,PLAX,False,,PLAX,L L L L,Z:\raw_data\C000000027\VIS-019_SW_data_14-July-2026_09-20-26\output\CombinedData_buffer3_iq.gif
C000000027,VIS-019_SW_data_14-July-2026_09-21-01,0.9986473321914673,0.0012847146717831492,3.806654058280401e-05,2.999775460921228e-05,6.581007720666734,PLAX,PLAX,PLAX,0.9999838,PLAX,False,,PLAX,L L L L,Z:\raw_data\C000000027\VIS-019_SW_data_14-July-2026_09-21-01\output\CombinedData_buffer3_iq.gif
C000000027,VIS-019_SW_data_14-July-2026_09-21-40,0.9942073225975037,0.005555178504437208,0.00018198038742411882,5.563430750044063e-05,5.16947466169321,PLAX,PLAX,PLAX,0.9999975,PLAX,False,,PLAX,L L L L,Z:\raw_data\C000000027\VIS-019_SW_data_14-July-2026_09-21-40\output\CombinedData_buffer3_iq.gif
C000000027,VIS-019_SW_data_14-July-2026_09-22-29,0.9917101263999939,0.007776735816150904,0.00036376729258336127,0.0001493547752033919,4.83561810260485,PLAX,PLAX,PLAX,0.9999962,PLAX,False,,PLAX,L L L L,Z:\raw_data\C000000027\VIS-019_SW_data_14-July-2026_09-22-29\output\CombinedData_buffer3_iq.gif
C000000027,VIS-019_SW_data_14-July-2026_09-23-05,0.9994029402732849,0.000552137556951493,1.1253229786234442e-05,3.356149682076648e-05,7.3347578580688015,PLAX,PLAX,PLAX,0.99993145,PLAX,False,,PLAX,L L L L,Z:\raw_data\C000000027\VIS-019_SW_data_14-July-2026_09-23-05\output\CombinedData_buffer3_iq.gif
C000000027,VIS-019_SW_data_14-July-2026_09-24-01,0.9979457259178162,0.001945257536135614,5.577590491157025e-05,5.3196330554783344e-05,6.190275376708476,PLAX,PLAX,PLAX,0.999969,PLAX,False,,PLAX,L L L L,Z:\raw_data\C000000027\VIS-019_SW_data_14-July-2026_09-24-01\output\CombinedData_buffer3_iq.gif
C000000027,VIS-019_SW_data_14-July-2026_09-26-08,0.003047256264835596,0.996280312538147,0.00013226557348389179,0.0005402299575507641,-5.757597978363283,PSAX,PSAX,PLAX,0.00021282119,PSAX,True,split vote,PSAX,S S L S,Z:\raw_data\C000000027\VIS-019_SW_data_14-July-2026_09-26-08\output\CombinedData_buffer3_iq.gif
C000000027,VIS-019_SW_data_14-July-2026_09-26-53,0.0015628351829946041,0.9982637166976929,7.356084097409621e-05,9.983446943806484e-05,-6.397593568448295,PSAX,PSAX,PLAX,9.771177e-05,PSAX,True,split vote,PSAX,S S L S,Z:\raw_data\C000000027\VIS-019_SW_data_14-July-2026_09-26-53\output\CombinedData_buffer3_iq.gif
C000000027,VIS-019_SW_data_14-July-2026_09-27-24,0.0011917082592844963,0.9986754059791565,6.031439625076018e-05,7.260997517732903e-05,-6.6505643601781745,PSAX,PSAX,PLAX,0.00012530333,PSAX,True,split vote,PSAX,S S L S,Z:\raw_data\C000000027\VIS-019_SW_data_14-July-2026_09-27-24\output\CombinedData_buffer3_iq.gif
C000000027,VIS-019_SW_data_14-July-2026_09-28-34,0.01598403975367546,0.983523428440094,0.00017423958342988044,0.0003182358050253242,-4.113415668470618,PSAX,PSAX,PSAX,3.982303e-05,PSAX,False,,PSAX,S S S S,Z:\raw_data\C000000027\VIS-019_SW_data_14-July-2026_09-28-34\output\CombinedData_buffer3_iq.gif
C000000027,VIS-019_SW_data_14-July-2026_09-29-07,0.003692859085276723,0.9960688948631287,8.683736814418808e-05,0.00015139768947847188,-5.570796705606254,PSAX,PSAX,PSAX,7.441606e-06,PSAX,False,,PSAX,S S S S,Z:\raw_data\C000000027\VIS-019_SW_data_14-July-2026_09-29-07\output\CombinedData_buffer3_iq.gif
C000000027,VIS-019_SW_data_14-July-2026_09-29-48,0.002522167982533574,0.9971545934677124,0.0001401610061293468,0.00018310846644453704,-5.941004647055102,PSAX,PSAX,PSAX,1.5531126e-06,PSAX,False,,PSAX,S S S S,Z:\raw_data\C000000027\VIS-019_SW_data_14-July-2026_09-29-48\output\CombinedData_buffer3_iq.gif
C000000027,VIS-019_SW_data_14-July-2026_09-30-41,0.03183792158961296,0.960984468460083,0.0004244786105118692,0.006753101013600826,-3.4042682331937635,PSAX,PSAX,PSAX,4.3901266e-05,PSAX,False,,PSAX,S S S S,Z:\raw_data\C000000027\VIS-019_SW_data_14-July-2026_09-30-41\output\CombinedData_buffer3_iq.gif
C000000027,VIS-019_SW_data_14-July-2026_09-31-35,0.0024859001860022545,0.996927797794342,0.00019823372713290155,0.0003879573487211019,-5.954704969240688,PSAX,PSAX,PSAX,2.1955125e-06,PSAX,False,,PSAX,S S S S,Z:\raw_data\C000000027\VIS-019_SW_data_14-July-2026_09-31-35\output\CombinedData_buffer3_iq.gif
C000000028,VIS-018_SW_data_14-July-2026_08-30-41,0.9918612837791443,0.006714414805173874,7.486367394449189e-05,0.0013494585873559117,4.98064388525976,PLAX,PLAX,PLAX,0.99991226,PLAX,False,,PLAX,L L L L,Z:\raw_data\C000000028\VIS-018_SW_data_14-July-2026_08-30-41\output\CombinedData_buffer3_iq.gif
C000000028,VIS-018_SW_data_14-July-2026_08-31-36,0.9955592751502991,0.004159354139119387,3.4524244256317616e-05,0.00024673063308000565,5.454287567582887,PLAX,PLAX,PLAX,0.9999963,PLAX,False,,PLAX,L L L L,Z:\raw_data\C000000028\VIS-018_SW_data_14-July-2026_08-31-36\output\CombinedData_buffer3_iq.gif
C000000028,VIS-018_SW_data_14-July-2026_08-32-28,0.99790358543396,0.0018574396381154656,2.576068254711572e-05,0.00021328094589989632,6.234119556728601,PLAX,PLAX,PLAX,0.99998844,PLAX,False,,PLAX,L L L L,Z:\raw_data\C000000028\VIS-018_SW_data_14-July-2026_08-32-28\output\CombinedData_buffer3_iq.gif
C000000028,VIS-018_SW_data_14-July-2026_08-34-06,0.949707567691803,0.049541063606739044,0.00021874875528737903,0.0005325641832314432,2.9514410172402945,PLAX,PLAX,PLAX,0.9999052,PLAX,False,,PLAX,L L L L,Z:\raw_data\C000000028\VIS-018_SW_data_14-July-2026_08-34-06\output\CombinedData_buffer3_iq.gif
C000000028,VIS-018_SW_data_14-July-2026_08-36-24,0.9870434999465942,0.011676756665110588,0.00016480540216434747,0.001115124672651291,4.42868760411018,PLAX,PLAX,PLAX,0.99998796,PLAX,False,,PLAX,L L L L,Z:\raw_data\C000000028\VIS-018_SW_data_14-July-2026_08-36-24\output\CombinedData_buffer3_iq.gif
C000000028,VIS-018_SW_data_14-July-2026_08-37-36,0.001077215769328177,0.998805820941925,7.557516073575243e-05,4.146063656662591e-05,-6.743508367962013,PSAX,PSAX,PSAX,0.00010375582,PSAX,False,,PSAX,S S S S,Z:\raw_data\C000000028\VIS-018_SW_data_14-July-2026_08-37-36\output\CombinedData_buffer3_iq.gif
C000000028,VIS-018_SW_data_14-July-2026_08-38-55,0.0009380908450111747,0.9988638162612915,0.00013399757153820246,6.410977221094072e-05,-6.869335257841231,PSAX,PSAX,PSAX,8.694104e-06,PSAX,False,,PSAX,S S S S,Z:\raw_data\C000000028\VIS-018_SW_data_14-July-2026_08-38-55\output\CombinedData_buffer3_iq.gif
C000000028,VIS-018_SW_data_14-July-2026_08-40-35,0.02878716215491295,0.9694852828979492,0.0003649335994850844,0.0013627047883346677,-3.5134711563383,PSAX,PSAX,PLAX,0.011165842,PSAX,True,split vote,PSAX,S S L S,Z:\raw_data\C000000028\VIS-018_SW_data_14-July-2026_08-40-35\output\CombinedData_buffer3_iq.gif
C000000028,VIS-018_SW_data_14-July-2026_08-41-28,0.15984874963760376,0.8364508152008057,0.0005252388073131442,0.0031751771457493305,-1.6544338168255552,PSAX,PSAX,PLAX,0.14989285,PSAX,True,split vote,PSAX,S S L S,Z:\raw_data\C000000028\VIS-018_SW_data_14-July-2026_08-41-28\output\CombinedData_buffer3_iq.gif
C000000028,VIS-018_SW_data_14-July-2026_08-42-20,0.024535000324249268,0.9735852479934692,0.0003051389066968113,0.0015747321303933859,-3.67691988824815,PSAX,PSAX,PSAX,0.00041318074,PSAX,False,,PSAX,S S S S,Z:\raw_data\C000000028\VIS-018_SW_data_14-July-2026_08-42-20\output\CombinedData_buffer3_iq.gif
C000000028,VIS-018_SW_data_14-July-2026_08-43-02,0.08009746670722961,0.9117350578308105,0.000777576002292335,0.007389985956251621,-2.4309671888940283,PSAX,PSAX,PSAX,0.001237212,PSAX,False,,PSAX,S S S S,Z:\raw_data\C000000028\VIS-018_SW_data_14-July-2026_08-43-02\output\CombinedData_buffer3_iq.gif
C000000028,VIS-018_SW_data_14-July-2026_08-44-25,0.0035674660466611385,0.9960182309150696,0.0001407916279276833,0.0002734586305450648,-5.604364983182947,PSAX,PSAX,PSAX,6.297796e-05,PSAX,False,,PSAX,S S S S,Z:\raw_data\C000000028\VIS-018_SW_data_14-July-2026_08-44-25\output\CombinedData_buffer3_iq.gif
C000000028,VIS-018_SW_data_14-July-2026_08-45-18,0.023884868249297142,0.972244143486023,0.00046150878188200295,0.0034095225855708122,-3.702286656988238,PSAX,PSAX,PSAX,0.00053091074,PSAX,False,,PSAX,S S S S,Z:\raw_data\C000000028\VIS-018_SW_data_14-July-2026_08-45-18\output\CombinedData_buffer3_iq.gif
C000000028,VIS-018_SW_data_14-July-2026_08-46-32,0.3058395981788635,0.6775519847869873,0.0009089261875487864,0.015699494630098343,-0.795246168488395,PSAX,PSAX,PSAX,0.012026372,PSAX,False,,PSAX,S S S S,Z:\raw_data\C000000028\VIS-018_SW_data_14-July-2026_08-46-32\output\CombinedData_buffer3_iq.gif
C000000028,VIS-018_SW_data_14-July-2026_08-47-04,0.4523684084415436,0.5267640352249146,0.0009735174826346338,0.01989397406578064,-0.15222457247459287,PSAX,PSAX,PSAX,0.012011068,PSAX,False,,PSAX,S S S S,Z:\raw_data\C000000028\VIS-018_SW_data_14-July-2026_08-47-04\output\CombinedData_buffer3_iq.gif
C000000028,VIS-018_SW_data_14-July-2026_08-47-38,0.30558669567108154,0.6684004664421082,0.0013678328832611442,0.024645091965794563,-0.7824763872029875,PSAX,PSAX,PSAX,0.0022460246,PSAX,False,,PSAX,S S S S,Z:\raw_data\C000000028\VIS-018_SW_data_14-July-2026_08-47-38\output\CombinedData_buffer3_iq.gif
C000000029,VIS-031_SW_data_24-July-2026_11-11-50,0.9977834820747375,0.0021049000788480043,2.560985740274191e-05,8.602419984526932e-05,6.114954325910536,PLAX,PLAX,PLAX,0.9999831,PLAX,False,,PLAX,L L L L,Z:\raw_data\C000000029\VIS-031_SW_data_24-July-2026_11-11-50\output\CombinedData_buffer3_iq.gif
C000000029,VIS-031_SW_data_24-July-2026_11-13-37,0.9982846975326538,0.0015420306008309126,2.2905740479473025e-05,0.00015039918071124703,6.410205023334566,PLAX,PLAX,PLAX,0.99998534,PLAX,False,,PLAX,L L L L,Z:\raw_data\C000000029\VIS-031_SW_data_24-July-2026_11-13-37\output\CombinedData_buffer3_iq.gif
C000000029,VIS-031_SW_data_24-July-2026_11-15-26,0.9988954067230225,0.001037554000504315,1.2440387763490435e-05,5.460186366690323e-05,6.777869837076142,PLAX,PLAX,PLAX,0.99999857,PLAX,False,,PLAX,L L L L,Z:\raw_data\C000000029\VIS-031_SW_data_24-July-2026_11-15-26\output\CombinedData_buffer3_iq.gif
C000000029,VIS-031_SW_data_24-July-2026_11-16-52,0.8693053126335144,0.13033221662044525,8.247586083598435e-05,0.000280090665910393,1.896955750274591,PLAX,PLAX,PLAX,0.9999416,PLAX,False,,PLAX,L L L L,Z:\raw_data\C000000029\VIS-031_SW_data_24-July-2026_11-16-52\output\CombinedData_buffer3_iq.gif
C000000029,VIS-031_SW_data_24-July-2026_11-17-56,0.998520016670227,0.0013234637444838881,1.491298735345481e-05,0.00014160606951918453,6.553281184464074,PLAX,PLAX,PLAX,0.9999994,PLAX,False,,PLAX,L L L L,Z:\raw_data\C000000029\VIS-031_SW_data_24-July-2026_11-17-56\output\CombinedData_buffer3_iq.gif
C000000029,VIS-031_SW_data_24-July-2026_11-19-14,0.0012139608152210712,0.9983026385307312,7.455508603015915e-05,0.00040892220567911863,-6.633110541741583,PSAX,PSAX,PSAX,0.0015825582,PSAX,False,,PSAX,S S S S,Z:\raw_data\C000000029\VIS-031_SW_data_24-July-2026_11-19-14\output\CombinedData_buffer3_iq.gif
C000000029,VIS-031_SW_data_24-July-2026_11-19-50,0.0006254598265513778,0.999220073223114,5.7328106777276844e-05,9.704837430035695e-05,-7.228024702605947,PSAX,PSAX,PSAX,0.0005200749,PSAX,False,,PSAX,S S S S,Z:\raw_data\C000000029\VIS-031_SW_data_24-July-2026_11-19-50\output\CombinedData_buffer3_iq.gif
C000000029,VIS-031_SW_data_24-July-2026_11-20-40,0.017522066831588745,0.9760600924491882,0.00026716775028035045,0.006150578148663044,-4.01447468816447,PSAX,PSAX,PSAX,0.016221726,PSAX,False,,PSAX,S S S S,Z:\raw_data\C000000029\VIS-031_SW_data_24-July-2026_11-20-40\output\CombinedData_buffer3_iq.gif
C000000029,VIS-031_SW_data_24-July-2026_11-21-17,0.0013671310152858496,0.9981329441070557,9.58790333243087e-05,0.0004041310749016702,-6.522677856524544,PSAX,PSAX,PSAX,0.001257055,PSAX,False,,PSAX,S S S S,Z:\raw_data\C000000029\VIS-031_SW_data_24-July-2026_11-21-17\output\CombinedData_buffer3_iq.gif
C000000029,VIS-031_SW_data_24-July-2026_11-23-20,0.0009370098123326898,0.9989050030708313,5.954014341114089e-05,9.836172102950513e-05,-6.870418395282127,PSAX,PSAX,PSAX,0.0004339292,PSAX,False,,PSAX,S S S S,Z:\raw_data\C000000029\VIS-031_SW_data_24-July-2026_11-23-20\output\CombinedData_buffer3_iq.gif
C000000029,VIS-031_SW_data_24-July-2026_11-24-40,0.0010392055846750736,0.9986931681632996,0.00013677802053280175,0.00013091726577840745,-6.776216554395933,PSAX,PSAX,PSAX,0.00087538426,PSAX,False,,PSAX,S S S S,Z:\raw_data\C000000029\VIS-031_SW_data_24-July-2026_11-24-40\output\CombinedData_buffer3_iq.gif
C000000029,VIS-031_SW_data_24-July-2026_11-25-22,0.0009482455207034945,0.9987675547599792,0.00011877722863573581,0.00016539984790142626,-6.85950435810043,PSAX,PSAX,PSAX,0.00017381308,PSAX,False,,PSAX,S S S S,Z:\raw_data\C000000029\VIS-031_SW_data_24-July-2026_11-25-22\output\CombinedData_buffer3_iq.gif
C000000029,VIS-031_SW_data_24-July-2026_11-26-20,0.0008238215814344585,0.9989393949508667,0.00014282664051279426,9.420764399692416e-05,-6.986030531927381,PSAX,PSAX,PSAX,1.0145586e-06,PSAX,False,,PSAX,S S S S,Z:\raw_data\C000000029\VIS-031_SW_data_24-July-2026_11-26-20\output\CombinedData_buffer3_iq.gif
C000000029,VIS-031_SW_data_24-July-2026_11-27-04,0.0005978898843750358,0.9989196062088013,0.00015991355758160353,0.0003225307445973158,-7.266468351730615,PSAX,PSAX,PSAX,3.0026146e-07,PSAX,False,,PSAX,S S S S,Z:\raw_data\C000000029\VIS-031_SW_data_24-July-2026_11-27-04\output\CombinedData_buffer3_iq.gif
C000000030,VIS-029_SW_data_24-July-2026_09-36-27,0.9938149452209473,0.0060434117913246155,4.7364428610308096e-05,9.430271165911108e-05,5.086271380634035,PLAX,PLAX,PLAX,0.9999571,PLAX,False,,PLAX,L L L L,Z:\raw_data\C000000030\VIS-029_SW_data_24-July-2026_09-36-27\output\CombinedData_buffer3_iq.gif
C000000030,VIS-029_SW_data_24-July-2026_09-37-10,0.9903029203414917,0.009525143541395664,5.792045340058394e-05,0.0001140878302976489,4.6337330571201,PLAX,PLAX,PLAX,0.9999776,PLAX,False,,PLAX,L L L L,Z:\raw_data\C000000030\VIS-029_SW_data_24-July-2026_09-37-10\output\CombinedData_buffer3_iq.gif
C000000030,VIS-029_SW_data_24-July-2026_09-38-43,0.9945490956306458,0.0053026736713945866,4.198924216325395e-05,0.00010616843064781278,5.2154960518798665,PLAX,PLAX,PLAX,0.9999709,PLAX,False,,PLAX,L L L L,Z:\raw_data\C000000030\VIS-029_SW_data_24-July-2026_09-38-43\output\CombinedData_buffer3_iq.gif
C000000030,VIS-029_SW_data_24-July-2026_09-39-32,0.9902324676513672,0.009611411951482296,5.09915771544911e-05,0.00010503173689357936,4.624739028831185,PLAX,PLAX,PLAX,0.9999739,PLAX,False,,PLAX,L L L L,Z:\raw_data\C000000030\VIS-029_SW_data_24-July-2026_09-39-32\output\CombinedData_buffer3_iq.gif
C000000030,VIS-029_SW_data_24-July-2026_09-40-03,0.9919270277023315,0.007885819301009178,4.588469164445996e-05,0.0001412213605362922,4.822082971167406,PLAX,PLAX,PLAX,0.9999434,PLAX,False,,PLAX,L L L L,Z:\raw_data\C000000030\VIS-029_SW_data_24-July-2026_09-40-03\output\CombinedData_buffer3_iq.gif
C000000030,VIS-029_SW_data_24-July-2026_09-40-37,0.9916004538536072,0.008218069560825825,5.0604023272171617e-05,0.00013083015801385045,4.780990895871899,PLAX,PLAX,PLAX,0.9999087,PLAX,False,,PLAX,L L L L,Z:\raw_data\C000000030\VIS-029_SW_data_24-July-2026_09-40-37\output\CombinedData_buffer3_iq.gif
C000000030,VIS-029_SW_data_24-July-2026_09-41-15,0.9849634766578674,0.014756801538169384,6.637568003498018e-05,0.00021329917944967747,4.194248305973466,PLAX,PLAX,PLAX,0.99994993,PLAX,False,,PLAX,L L L L,Z:\raw_data\C000000030\VIS-029_SW_data_24-July-2026_09-41-15\output\CombinedData_buffer3_iq.gif
C000000030,VIS-029_SW_data_24-July-2026_09-44-24,0.004280534572899342,0.9941654205322266,0.00017272919649258256,0.001381253357976675,-5.424833428132417,PSAX,PSAX,PSAX,0.005096442,PSAX,False,,PSAX,S S S S,Z:\raw_data\C000000030\VIS-029_SW_data_24-July-2026_09-44-24\output\CombinedData_buffer3_iq.gif
C000000030,VIS-029_SW_data_24-July-2026_09-46-58,0.0028466854710131884,0.9968844652175903,0.00010183035192312673,0.00016703407163731754,-5.824054218786813,PSAX,PSAX,PSAX,0.0015396527,PSAX,False,,PSAX,S S S S,Z:\raw_data\C000000030\VIS-029_SW_data_24-July-2026_09-46-58\output\CombinedData_buffer3_iq.gif
C000000030,VIS-029_SW_data_24-July-2026_09-48-09,0.006597229279577732,0.9929392337799072,0.0001437036698916927,0.0003198352351319045,-4.999076273113041,PSAX,PSAX,PSAX,0.004092942,PSAX,False,,PSAX,S S S S,Z:\raw_data\C000000030\VIS-029_SW_data_24-July-2026_09-48-09\output\CombinedData_buffer3_iq.gif
C000000030,VIS-029_SW_data_24-July-2026_09-49-09,0.0014737608144059777,0.9960273504257202,0.0007820846512913704,0.0017168609192594886,-6.450406933188095,PSAX,PSAX,PSAX,3.3626768e-06,PSAX,False,,PSAX,S S S S,Z:\raw_data\C000000030\VIS-029_SW_data_24-July-2026_09-49-09\output\CombinedData_buffer3_iq.gif
C000000030,VIS-029_SW_data_24-July-2026_09-50-11,0.0023797829635441303,0.9936264157295227,0.0010525971883907914,0.002941236598417163,-5.993290891440388,PSAX,PSAX,PSAX,1.607804e-05,PSAX,False,,PSAX,S S S S,Z:\raw_data\C000000030\VIS-029_SW_data_24-July-2026_09-50-11\output\CombinedData_buffer3_iq.gif
C000000030,VIS-029_SW_data_24-July-2026_09-50-57,0.00226503424346447,0.9948782324790955,0.0007722846930846572,0.0020844389218837023,-6.041928358908625,PSAX,PSAX,PSAX,9.288516e-05,PSAX,False,,PSAX,S S S S,Z:\raw_data\C000000030\VIS-029_SW_data_24-July-2026_09-50-57\output\CombinedData_buffer3_iq.gif
C000000030,VIS-029_SW_data_24-July-2026_09-51-29,0.0011137137189507484,0.9973730444908142,0.000737598689738661,0.000775729538872838,-6.711540276854067,PSAX,PSAX,PSAX,4.0775536e-05,PSAX,False,,PSAX,S S S S,Z:\raw_data\C000000030\VIS-029_SW_data_24-July-2026_09-51-29\output\CombinedData_buffer3_iq.gif
C000000030,VIS-029_SW_data_24-July-2026_09-52-03,0.0018508017528802156,0.9913594722747803,0.0025399646256119013,0.004249921999871731,-6.2309376285626685,PSAX,PSAX,PSAX,3.9939867e-05,PSAX,False,,PSAX,S S S S,Z:\raw_data\C000000030\VIS-029_SW_data_24-July-2026_09-52-03\output\CombinedData_buffer3_iq.gif
C000000030,VIS-029_SW_data_24-July-2026_09-52-38,0.002765094395726919,0.9917749166488647,0.0007700487622059882,0.004689840134233236,-5.846995709725123,PSAX,PSAX,PSAX,1.2185607e-05,PSAX,False,,PSAX,S S S S,Z:\raw_data\C000000030\VIS-029_SW_data_24-July-2026_09-52-38\output\CombinedData_buffer3_iq.gif
C000000030,VIS-029_SW_data_24-July-2026_09-53-18,0.0029329918324947357,0.9864786267280579,0.0017814580351114273,0.008806860074400902,-5.784693489178539,PSAX,PSAX,PSAX,4.0894312e-05,PSAX,False,,PSAX,S S S S,Z:\raw_data\C000000030\VIS-029_SW_data_24-July-2026_09-53-18\output\CombinedData_buffer3_iq.gif
C000000031,VIS-032_SW_data_24-July-2026_11-57-06,0.9739845991134644,0.023421961814165115,0.0006666621193289757,0.0019268211908638477,3.7235636272584993,PLAX,PLAX,PLAX,0.9981462,PLAX,False,,PLAX,L L L L,Z:\raw_data\C000000031\VIS-032_SW_data_24-July-2026_11-57-06\output\CombinedData_buffer3_iq.gif
C000000031,VIS-032_SW_data_24-July-2026_11-58-23,0.9507268071174622,0.03981086239218712,0.0017279470339417458,0.007734416052699089,3.170683402113606,PLAX,PLAX,PLAX,0.99988604,PLAX,False,,PLAX,L L L L,Z:\raw_data\C000000031\VIS-032_SW_data_24-July-2026_11-58-23\output\CombinedData_buffer3_iq.gif
C000000031,VIS-032_SW_data_24-July-2026_11-59-33,0.9587562084197998,0.03292807564139366,0.0017783207586035132,0.006537264212965965,3.368383147786077,PLAX,PLAX,PLAX,0.9999715,PLAX,False,,PLAX,L L L L,Z:\raw_data\C000000031\VIS-032_SW_data_24-July-2026_11-59-33\output\CombinedData_buffer3_iq.gif
C000000031,VIS-032_SW_data_24-July-2026_12-02-02,0.7508115172386169,0.24564771354198456,0.0016308155609294772,0.0019098701886832714,1.1169823699169439,PLAX,PLAX,PLAX,0.99810886,PLAX,False,,PLAX,L L L L,Z:\raw_data\C000000031\VIS-032_SW_data_24-July-2026_12-02-02\output\CombinedData_buffer3_iq.gif
C000000031,VIS-032_SW_data_24-July-2026_12-04-14,0.9705917239189148,0.028745155781507492,0.0002810873556882143,0.0003820392885245383,3.516066866456295,PLAX,PLAX,PLAX,0.99998105,PLAX,False,,PLAX,L L L L,Z:\raw_data\C000000031\VIS-032_SW_data_24-July-2026_12-04-14\output\CombinedData_buffer3_iq.gif
C000000031,VIS-032_SW_data_24-July-2026_12-04-54,0.9829826951026917,0.016448117792606354,0.0002758226473815739,0.00029347071540541947,4.084420875028399,PLAX,PLAX,PLAX,0.9999975,PLAX,False,,PLAX,L L L L,Z:\raw_data\C000000031\VIS-032_SW_data_24-July-2026_12-04-54\output\CombinedData_buffer3_iq.gif
C000000031,VIS-032_SW_data_24-July-2026_12-06-09,0.02742581069469452,0.9685457944869995,0.0007152823964133859,0.0033131081145256758,-3.5607748726940507,PSAX,PSAX,PSAX,0.0002883045,PSAX,False,,PSAX,S S S S,Z:\raw_data\C000000031\VIS-032_SW_data_24-July-2026_12-06-09\output\CombinedData_buffer3_iq.gif
C000000031,VIS-032_SW_data_24-July-2026_12-07-02,0.02963206358253956,0.9675772786140442,0.0006883676978759468,0.0021023659501224756,-3.4826725964454206,PSAX,PSAX,PSAX,0.00029819974,PSAX,False,,PSAX,S S S S,Z:\raw_data\C000000031\VIS-032_SW_data_24-July-2026_12-07-02\output\CombinedData_buffer3_iq.gif
C000000031,VIS-032_SW_data_24-July-2026_12-07-40,0.08068254590034485,0.8976305723190308,0.0018504735780879855,0.019836386665701866,-2.4081090663514404,PSAX,PSAX,PSAX,9.263685e-06,PSAX,False,,PSAX,S S S S,Z:\raw_data\C000000031\VIS-032_SW_data_24-July-2026_12-07-40\output\CombinedData_buffer3_iq.gif
C000000031,VIS-032_SW_data_24-July-2026_12-08-42,0.016027681529521942,0.981671154499054,0.0012833005748689175,0.001017832662910223,-4.108821095710794,PSAX,PSAX,PSAX,0.0005449787,PSAX,False,,PSAX,S S S S,Z:\raw_data\C000000031\VIS-032_SW_data_24-July-2026_12-08-42\output\CombinedData_buffer3_iq.gif
C000000031,VIS-032_SW_data_24-July-2026_12-09-14,0.020321784541010857,0.9735133647918701,0.0017218997236341238,0.004443045239895582,-3.8644120680284266,PSAX,PSAX,PSAX,0.00041320676,PSAX,False,,PSAX,S S S S,Z:\raw_data\C000000031\VIS-032_SW_data_24-July-2026_12-09-14\output\CombinedData_buffer3_iq.gif
C000000031,VIS-032_SW_data_24-July-2026_12-09-49,0.006713623180985451,0.991866409778595,0.000880901818163693,0.0005391923477873206,-4.980765228598218,PSAX,PSAX,PSAX,4.1930252e-06,PSAX,False,,PSAX,S S S S,Z:\raw_data\C000000031\VIS-032_SW_data_24-July-2026_12-09-49\output\CombinedData_buffer3_iq.gif
C000000031,VIS-032_SW_data_24-July-2026_12-10-22,0.02223779819905758,0.9714796543121338,0.00253434875048697,0.0037481607869267464,-3.7726430264112465,PSAX,PSAX,PSAX,0.00013817883,PSAX,False,,PSAX,S S S S,Z:\raw_data\C000000031\VIS-032_SW_data_24-July-2026_12-10-22\output\CombinedData_buffer3_iq.gif
C000000031,VIS-032_SW_data_24-July-2026_12-11-00,0.0287748035043478,0.962851345539093,0.0016987400595098734,0.006675161421298981,-3.5070335229040803,PSAX,PSAX,PSAX,0.0033671227,PSAX,False,,PSAX,S S S S,Z:\raw_data\C000000031\VIS-032_SW_data_24-July-2026_12-11-00\output\CombinedData_buffer3_iq.gif
C000000031,VIS-032_SW_data_24-July-2026_12-11-35,0.14886285364627838,0.7600898146629333,0.021415425464510918,0.06963185966014862,-1.629871187755383,PSAX,PSAX,PSAX,0.012671015,PSAX,False,,PSAX,S S S S,Z:\raw_data\C000000031\VIS-032_SW_data_24-July-2026_12-11-35\output\CombinedData_buffer3_iq.gif
C000000032,VIS-030_SW_data_24-July-2026_10-24-32,0.9459751844406128,0.05268346890807152,0.0012341190595179796,0.00010725791798904538,2.8861239892193002,PLAX,PLAX,PLAX,0.99989974,PLAX,False,,PLAX,L L L L,Z:\raw_data\C000000032\VIS-030_SW_data_24-July-2026_10-24-32\output\CombinedData_buffer3_iq.gif
C000000032,VIS-030_SW_data_24-July-2026_10-27-00,0.7641804218292236,0.23242609202861786,0.0031470905523747206,0.00024631264386698604,1.1899323235915407,PLAX,PLAX,PSAX,0.9995326,PLAX,True,split vote,PLAX,L L S L,Z:\raw_data\C000000032\VIS-030_SW_data_24-July-2026_10-27-00\output\CombinedData_buffer3_iq.gif
C000000032,VIS-030_SW_data_24-July-2026_10-29-36,0.8378293514251709,0.16153699159622192,0.0005301723722368479,0.0001035101740853861,1.6455807624689751,PLAX,PLAX,PSAX,0.99999726,PLAX,True,split vote,PLAX,L L S L,Z:\raw_data\C000000032\VIS-030_SW_data_24-July-2026_10-29-36\output\CombinedData_buffer3_iq.gif
C000000032,VIS-030_SW_data_24-July-2026_10-31-56,0.9177255630493164,0.016593163833022118,0.06550798565149307,0.00017328464309684932,4.00700806980035,PLAX,PLAX,PSAX,1.0,PLAX,True,split vote,PLAX,L L S L,Z:\raw_data\C000000032\VIS-030_SW_data_24-July-2026_10-31-56\output\CombinedData_buffer3_iq.gif
C000000032,VIS-030_SW_data_24-July-2026_10-32-50,0.9485305547714233,0.03425345942378044,0.010919694788753986,0.006296434905380011,3.3183166986855315,PLAX,PLAX,PSAX,1.0,PLAX,True,split vote,PLAX,L L S L,Z:\raw_data\C000000032\VIS-030_SW_data_24-July-2026_10-32-50\output\CombinedData_buffer3_iq.gif
C000000032,VIS-030_SW_data_24-July-2026_10-33-56,0.557028591632843,0.3978023827075958,0.018599793314933777,0.02656930685043335,0.3365893723510227,PLAX,PLAX,PLAX,0.97474015,PLAX,False,,PLAX,L L L L,Z:\raw_data\C000000032\VIS-030_SW_data_24-July-2026_10-33-56\output\CombinedData_buffer3_iq.gif
C000000032,VIS-030_SW_data_24-July-2026_10-36-31,0.0009320679819211364,0.9983291625976562,0.0006312454934231937,0.00010737947013694793,-6.8746186676768,PSAX,PSAX,PSAX,0.0003423261,PSAX,False,,PSAX,S S S S,Z:\raw_data\C000000032\VIS-030_SW_data_24-July-2026_10-36-31\output\CombinedData_buffer3_iq.gif
C000000032,VIS-030_SW_data_24-July-2026_10-37-09,0.0005338529008440673,0.9988495111465454,0.0005685474607162178,4.819626337848604e-05,-7.362642607039813,PSAX,PSAX,PSAX,0.0024546948,PSAX,False,,PSAX,S S S S,Z:\raw_data\C000000032\VIS-030_SW_data_24-July-2026_10-37-09\output\CombinedData_buffer3_iq.gif
C000000032,VIS-030_SW_data_24-July-2026_10-37-38,0.00039020372787490487,0.9990127086639404,0.000528693082742393,6.846312317065895e-05,-7.619801796883188,PSAX,PSAX,PSAX,0.00080699206,PSAX,False,,PSAX,S S S S,Z:\raw_data\C000000032\VIS-030_SW_data_24-July-2026_10-37-38\output\CombinedData_buffer3_iq.gif
C000000032,VIS-030_SW_data_24-July-2026_10-38-12,0.0006169106927700341,0.9989482164382935,0.00033013548818416893,0.00010467612446518615,-7.239607045133296,PSAX,PSAX,PSAX,0.0005371215,PSAX,False,,PSAX,S S S S,Z:\raw_data\C000000032\VIS-030_SW_data_24-July-2026_10-38-12\output\CombinedData_buffer3_iq.gif
C000000032,VIS-030_SW_data_24-July-2026_10-38-47,0.0006757364026270807,0.9988065958023071,0.0002644125197548419,0.0002531849895603955,-7.1606037804239495,PSAX,PSAX,PSAX,0.00011145417,PSAX,False,,PSAX,S S S S,Z:\raw_data\C000000032\VIS-030_SW_data_24-July-2026_10-38-47\output\CombinedData_buffer3_iq.gif
C000000032,VIS-030_SW_data_24-July-2026_10-39-16,0.0007481598877348006,0.9986562132835388,0.0003499572048895061,0.00024574666167609394,-7.07119683222688,PSAX,PSAX,PSAX,0.00014034167,PSAX,False,,PSAX,S S S S,Z:\raw_data\C000000032\VIS-030_SW_data_24-July-2026_10-39-16\output\CombinedData_buffer3_iq.gif
C000000032,VIS-030_SW_data_24-July-2026_10-39-58,0.0006378455436788499,0.9985436201095581,0.0004742102464661002,0.0003442694141995162,-7.210418745069857,PSAX,PSAX,PLAX,0.00012915742,PSAX,True,split vote,PSAX,S S L S,Z:\raw_data\C000000032\VIS-030_SW_data_24-July-2026_10-39-58\output\CombinedData_buffer3_iq.gif
C000000032,VIS-030_SW_data_24-July-2026_10-40-31,0.0011806312249973416,0.9973587989807129,0.0004898291081190109,0.0009706700802780688,-6.6578577427260885,PSAX,PSAX,PLAX,5.5381453e-05,PSAX,True,split vote,PSAX,S S L S,Z:\raw_data\C000000032\VIS-030_SW_data_24-July-2026_10-40-31\output\CombinedData_buffer3_iq.gif
C000000032,VIS-030_SW_data_24-July-2026_10-41-17,0.0009233520249836147,0.9977858662605286,0.0009520176099613309,0.0003387154429219663,-6.882555369086693,PSAX,PSAX,PLAX,1.3999064e-05,PSAX,True,split vote,PSAX,S S L S,Z:\raw_data\C000000032\VIS-030_SW_data_24-July-2026_10-41-17\output\CombinedData_buffer3_iq.gif
C000000032,VIS-030_SW_data_24-July-2026_10-41-45,0.0016221795231103897,0.997072696685791,0.0006937753059901297,0.0006113450508564711,-6.361333318047464,PSAX,PSAX,PLAX,2.0207612e-05,PSAX,True,split vote,PSAX,S S L S,Z:\raw_data\C000000032\VIS-030_SW_data_24-July-2026_10-41-45\output\CombinedData_buffer3_iq.gif
C000000033,VIS-028_SW_data_24-July-2026_08-43-33,0.1766762137413025,0.8221045732498169,0.0008031327743083239,0.0004160473763477057,-1.5371046331690035,PSAX,PSAX,PLAX,0.96753705,PLAX,True,split vote,PLAX,S S L L,Z:\raw_data\C000000033\VIS-028_SW_data_24-July-2026_08-43-33\output\CombinedData_buffer3_iq.gif
C000000033,VIS-028_SW_data_24-July-2026_08-45-28,0.8295750617980957,0.16366459429264069,0.000450471939984709,0.00630988972261548,1.6226041363330304,PLAX,PSAX,PLAX,0.99999905,PLAX,True,split vote,PLAX,L S L L,Z:\raw_data\C000000033\VIS-028_SW_data_24-July-2026_08-45-28\output\CombinedData_buffer3_iq.gif
C000000033,VIS-028_SW_data_24-July-2026_08-45-58,0.2592337727546692,0.738588273525238,0.0002978250558953732,0.0018801173428073525,-1.0467600799979924,PSAX,PSAX,PLAX,0.99986255,PLAX,True,split vote,PLAX,S S L L,Z:\raw_data\C000000033\VIS-028_SW_data_24-July-2026_08-45-58\output\CombinedData_buffer3_iq.gif
C000000033,VIS-028_SW_data_24-July-2026_08-46-47,0.5939992070198059,0.40008342266082764,0.0006210584542714059,0.005296408664435148,0.3951233219469408,PLAX,PSAX,PLAX,0.99999857,PLAX,True,split vote,PLAX,L S L L,Z:\raw_data\C000000033\VIS-028_SW_data_24-July-2026_08-46-47\output\CombinedData_buffer3_iq.gif
C000000033,VIS-028_SW_data_24-July-2026_08-47-28,0.7661625146865845,0.226664200425148,0.00041478133061900735,0.006758426316082478,1.2176141065530133,PLAX,PSAX,PLAX,0.99998796,PLAX,True,split vote,PLAX,L S L L,Z:\raw_data\C000000033\VIS-028_SW_data_24-July-2026_08-47-28\output\CombinedData_buffer3_iq.gif
C000000033,VIS-028_SW_data_24-July-2026_08-48-22,0.7210763096809387,0.2739359140396118,0.0003382018185220659,0.004649517126381397,0.96762447138017,PLAX,PSAX,PLAX,0.99997604,PLAX,True,split vote,PLAX,L S L L,Z:\raw_data\C000000033\VIS-028_SW_data_24-July-2026_08-48-22\output\CombinedData_buffer3_iq.gif
C000000033,VIS-028_SW_data_24-July-2026_08-48-57,0.49215665459632874,0.5045798420906067,0.000831474841106683,0.002431989647448063,-0.0249240160084796,PSAX,PSAX,PSAX,0.997718,PLAX,True,split vote,PSAX,S S S L,Z:\raw_data\C000000033\VIS-028_SW_data_24-July-2026_08-48-57\output\CombinedData_buffer3_iq.gif
C000000033,VIS-028_SW_data_24-July-2026_08-50-00,0.0028899661265313625,0.9961607456207275,0.00036129666841588914,0.0005879154778085649,-5.808746957695595,PSAX,PSAX,PSAX,0.00039040062,PSAX,False,,PSAX,S S S S,Z:\raw_data\C000000033\VIS-028_SW_data_24-July-2026_08-50-00\output\CombinedData_buffer3_iq.gif
C000000033,VIS-028_SW_data_24-July-2026_08-50-33,0.002079418860375881,0.9974018335342407,0.0003437255509197712,0.00017496634973213077,-6.126195723438305,PSAX,PSAX,PSAX,0.00010765607,PSAX,False,,PSAX,S S S S,Z:\raw_data\C000000033\VIS-028_SW_data_24-July-2026_08-50-33\output\CombinedData_buffer3_iq.gif
C000000033,VIS-028_SW_data_24-July-2026_08-51-05,0.0014667226932942867,0.9979711174964905,0.0003918735892511904,0.0001702126464806497,-6.45683855270344,PSAX,PSAX,PSAX,0.00028291848,PSAX,False,,PSAX,S S S S,Z:\raw_data\C000000033\VIS-028_SW_data_24-July-2026_08-51-05\output\CombinedData_buffer3_iq.gif
C000000033,VIS-028_SW_data_24-July-2026_08-51-37,0.0025128035340458155,0.9965660572052002,0.0006208790000528097,0.0003002166922669858,-5.943991970393999,PSAX,PSAX,PSAX,9.225348e-05,PSAX,False,,PSAX,S S S S,Z:\raw_data\C000000033\VIS-028_SW_data_24-July-2026_08-51-37\output\CombinedData_buffer3_iq.gif
C000000033,VIS-028_SW_data_24-July-2026_08-52-16,0.021201368421316147,0.9735636711120605,0.0016903989017009735,0.003544486127793789,-3.8222946213599607,PSAX,PLAX,PSAX,6.2091574e-05,PSAX,True,split vote,PSAX,S L S S,Z:\raw_data\C000000033\VIS-028_SW_data_24-July-2026_08-52-16\output\CombinedData_buffer3_iq.gif
C000000033,VIS-028_SW_data_24-July-2026_08-52-53,0.011881951242685318,0.9816716313362122,0.004259451758116484,0.0021868543699383736,-4.405957272221922,PSAX,PLAX,PSAX,0.00022574909,PSAX,True,split vote,PSAX,S L S S,Z:\raw_data\C000000033\VIS-028_SW_data_24-July-2026_08-52-53\output\CombinedData_buffer3_iq.gif
C000000033,VIS-028_SW_data_24-July-2026_08-53-24,0.017598340287804604,0.9740546941757202,0.004540819674730301,0.0038061474915593863,-4.008099248487836,PSAX,PLAX,PSAX,0.0007854241,PSAX,True,split vote,PSAX,S L S S,Z:\raw_data\C000000033\VIS-028_SW_data_24-July-2026_08-53-24\output\CombinedData_buffer3_iq.gif
C000000033,VIS-028_SW_data_24-July-2026_08-53-58,0.06507790833711624,0.9223585724830627,0.006194652523845434,0.006368821021169424,-2.649921884697159,PSAX,PLAX,PSAX,5.2336545e-05,PSAX,True,split vote,PSAX,S L S S,Z:\raw_data\C000000033\VIS-028_SW_data_24-July-2026_08-53-58\output\CombinedData_buffer3_iq.gif
C000000033,VIS-028_SW_data_24-July-2026_08-54-29,0.031954046338796616,0.9465199708938599,0.0022764867171645164,0.01924946717917919,-3.385474288531776,PSAX,PLAX,PSAX,0.00011811322,PSAX,True,split vote,PSAX,S L S S,Z:\raw_data\C000000033\VIS-028_SW_data_24-July-2026_08-54-29\output\CombinedData_buffer3_iq.gif
C000000033,VIS-028_SW_data_24-July-2026_08-55-00,0.028202049434185028,0.951999843120575,0.00401024054735899,0.015787893906235695,-3.515735686323423,PSAX,PLAX,PSAX,4.0605264e-05,PSAX,True,split vote,PSAX,S L S S,Z:\raw_data\C000000033\VIS-028_SW_data_24-July-2026_08-55-00\output\CombinedData_buffer3_iq.gif
C000000034,VIS-045_SW_data_07-August-2026_11-42-13,0.35467445850372314,0.24913522601127625,0.0399802029132843,0.35620999336242676,0.35308512610146825,PLAX,PLAX,PLAX,0.99661154,PLAX,False,,PLAX,L L L L,Z:\raw_data\C000000034\VIS-045_SW_data_07-August-2026_11-42-13\output\CombinedData_buffer3_iq.gif
C000000034,VIS-045_SW_data_07-August-2026_11-42-57,0.4496915936470032,0.2920055687427521,0.006747125182300806,0.2515557110309601,0.4316690765400212,PLAX,PLAX,PLAX,0.9999939,PLAX,False,,PLAX,L L L L,Z:\raw_data\C000000034\VIS-045_SW_data_07-August-2026_11-42-57\output\CombinedData_buffer3_iq.gif
C000000034,VIS-045_SW_data_07-August-2026_11-43-35,0.20886999368667603,0.7262192964553833,0.0032584751024842262,0.061652280390262604,-1.245799049639885,PSAX,PLAX,PLAX,0.99990344,PLAX,True,split vote,PLAX,S L L L,Z:\raw_data\C000000034\VIS-045_SW_data_07-August-2026_11-43-35\output\CombinedData_buffer3_iq.gif
C000000034,VIS-045_SW_data_07-August-2026_11-44-37,0.18980255722999573,0.7125821113586426,0.0045012664049863815,0.09311415255069733,-1.3225243904530375,PSAX,PLAX,PLAX,0.9904219,PLAX,True,split vote,PLAX,S L L L,Z:\raw_data\C000000034\VIS-045_SW_data_07-August-2026_11-44-37\output\CombinedData_buffer3_iq.gif
C000000034,VIS-045_SW_data_07-August-2026_11-45-17,0.2948266267776489,0.5662707686424255,0.005170483607798815,0.13373199105262756,-0.6525223293969057,PSAX,PLAX,PLAX,0.99996936,PLAX,True,split vote,PLAX,S L L L,Z:\raw_data\C000000034\VIS-045_SW_data_07-August-2026_11-45-17\output\CombinedData_buffer3_iq.gif
C000000034,VIS-045_SW_data_07-August-2026_11-47-02,0.061336055397987366,0.8780296444892883,0.01532714068889618,0.0453072264790535,-2.6597973573346136,PSAX,PSAX,PSAX,0.0014615168,PSAX,False,,PSAX,S S S S,Z:\raw_data\C000000034\VIS-045_SW_data_07-August-2026_11-47-02\output\CombinedData_buffer3_iq.gif
C000000034,VIS-045_SW_data_07-August-2026_11-47-37,0.10722113400697708,0.726617157459259,0.022344959899783134,0.14381679892539978,-1.9127117553466977,PSAX,PSAX,PSAX,0.0014755974,PSAX,False,,PSAX,S S S S,Z:\raw_data\C000000034\VIS-045_SW_data_07-August-2026_11-47-37\output\CombinedData_buffer3_iq.gif
C000000034,VIS-045_SW_data_07-August-2026_11-48-26,0.05220312252640724,0.7721335887908936,0.0176479984074831,0.15801531076431274,-2.6922310069853883,PSAX,PSAX,PSAX,7.476063e-05,PSAX,False,,PSAX,S S S S,Z:\raw_data\C000000034\VIS-045_SW_data_07-August-2026_11-48-26\output\CombinedData_buffer3_iq.gif
C000000034,VIS-045_SW_data_07-August-2026_11-50-06,0.062158092856407166,0.9151831865310669,0.018376365303993225,0.004282267764210701,-2.687944978248649,PSAX,PSAX,PSAX,0.06281385,PSAX,False,,PSAX,S S S S,Z:\raw_data\C000000034\VIS-045_SW_data_07-August-2026_11-50-06\output\CombinedData_buffer3_iq.gif
C000000034,VIS-045_SW_data_07-August-2026_11-51-08,0.03440104424953461,0.9129696488380432,0.003433916252106428,0.04919540882110596,-3.275822571697032,PSAX,PSAX,PSAX,0.0004142509,PSAX,False,,PSAX,S S S S,Z:\raw_data\C000000034\VIS-045_SW_data_07-August-2026_11-51-08\output\CombinedData_buffer3_iq.gif
C000000034,VIS-045_SW_data_07-August-2026_11-51-45,0.11169049143791199,0.8549282550811768,0.01541217789053917,0.017969047650694847,-2.0345080079155693,PSAX,PSAX,PSAX,0.00094648707,PSAX,False,,PSAX,S S S S,Z:\raw_data\C000000034\VIS-045_SW_data_07-August-2026_11-51-45\output\CombinedData_buffer3_iq.gif
C000000034,VIS-045_SW_data_07-August-2026_11-52-19,0.08286449313163757,0.8724870681762695,0.013573728501796722,0.031074704602360725,-2.3530497180316856,PSAX,PSAX,PSAX,0.0007620688,PSAX,False,,PSAX,S S S S,Z:\raw_data\C000000034\VIS-045_SW_data_07-August-2026_11-52-19\output\CombinedData_buffer3_iq.gif
C000000034,VIS-045_SW_data_07-August-2026_11-53-10,0.16239938139915466,0.7555772066116333,0.013691877946257591,0.0683315321803093,-1.5369401146300385,PSAX,PSAX,PSAX,0.0019097986,PSAX,False,,PSAX,S S S S,Z:\raw_data\C000000034\VIS-045_SW_data_07-August-2026_11-53-10\output\CombinedData_buffer3_iq.gif
C000000034,VIS-045_SW_data_07-August-2026_11-53-50,0.06990811973810196,0.8742554783821106,0.01428406685590744,0.041552260518074036,-2.524875787221745,PSAX,PSAX,PSAX,0.0027240398,PSAX,False,,PSAX,S S S S,Z:\raw_data\C000000034\VIS-045_SW_data_07-August-2026_11-53-50\output\CombinedData_buffer3_iq.gif
C000000035,VIS-044_SW_data_07-August-2026_10-54-57,0.1942288726568222,0.7877762317657471,0.005764885805547237,0.012230108492076397,-1.3997890675540927,PSAX,PLAX,PLAX,0.99084747,PLAX,True,split vote,PLAX,S L L L,Z:\raw_data\C000000035\VIS-044_SW_data_07-August-2026_10-54-57\output\CombinedData_buffer3_iq.gif
C000000035,VIS-044_SW_data_07-August-2026_10-55-40,0.5488722920417786,0.4308026432991028,0.003949095495045185,0.016375796869397163,0.24216579139580974,PLAX,PLAX,PLAX,0.99981266,PLAX,False,,PLAX,L L L L,Z:\raw_data\C000000035\VIS-044_SW_data_07-August-2026_10-55-40\output\CombinedData_buffer3_iq.gif
C000000035,VIS-044_SW_data_07-August-2026_10-56-15,0.540906548500061,0.44159141182899475,0.003061425406485796,0.014440537430346012,0.20281990824416452,PLAX,PLAX,PLAX,0.99996233,PLAX,False,,PLAX,L L L L,Z:\raw_data\C000000035\VIS-044_SW_data_07-August-2026_10-56-15\output\CombinedData_buffer3_iq.gif
C000000035,VIS-044_SW_data_07-August-2026_10-57-54,0.200114905834198,0.7220304012298584,0.005847469437867403,0.07200723886489868,-1.2828144148805096,PSAX,PLAX,PLAX,0.9888848,PLAX,True,split vote,PLAX,S L L L,Z:\raw_data\C000000035\VIS-044_SW_data_07-August-2026_10-57-54\output\CombinedData_buffer3_iq.gif
C000000035,VIS-044_SW_data_07-August-2026_10-58-42,0.1787855327129364,0.7660772204399109,0.005707006435841322,0.049430157989263535,-1.4546673820237759,PSAX,PLAX,PLAX,0.98965514,PLAX,True,split vote,PLAX,S L L L,Z:\raw_data\C000000035\VIS-044_SW_data_07-August-2026_10-58-42\output\CombinedData_buffer3_iq.gif
C000000035,VIS-044_SW_data_07-August-2026_10-59-23,0.2594919502735138,0.711006760597229,0.0029992600902915,0.026502035558223724,-1.007711597924907,PSAX,PLAX,PLAX,0.98523,PLAX,True,split vote,PLAX,S L L L,Z:\raw_data\C000000035\VIS-044_SW_data_07-August-2026_10-59-23\output\CombinedData_buffer3_iq.gif
C000000035,VIS-044_SW_data_07-August-2026_11-00-32,0.039419617503881454,0.6180792450904846,0.0191400907933712,0.32336103916168213,-2.749981261716217,PSAX,PSAX,PSAX,2.7249e-06,PSAX,False,,PSAX,S S S S,Z:\raw_data\C000000035\VIS-044_SW_data_07-August-2026_11-00-32\output\CombinedData_buffer3_iq.gif
C000000035,VIS-044_SW_data_07-August-2026_11-01-12,0.035046741366386414,0.8731671571731567,0.02905600145459175,0.06273017823696136,-3.2127096235315933,PSAX,PSAX,PSAX,0.0043036807,PSAX,False,,PSAX,S S S S,Z:\raw_data\C000000035\VIS-044_SW_data_07-August-2026_11-01-12\output\CombinedData_buffer3_iq.gif
C000000035,VIS-044_SW_data_07-August-2026_11-02-38,0.04746958240866661,0.3046386241912842,0.007795051671564579,0.6400967836380005,-1.8572609073883302,PSAX,PSAX,PSAX,7.567096e-05,PSAX,True,other?,PSAX,S S S S,Z:\raw_data\C000000035\VIS-044_SW_data_07-August-2026_11-02-38\output\CombinedData_buffer3_iq.gif
C000000035,VIS-044_SW_data_07-August-2026_11-03-27,0.03453903645277023,0.08336411416530609,0.003297506831586361,0.878799319267273,-0.8794355017248461,PSAX,PSAX,PSAX,0.0042637684,PSAX,True,other?,PSAX,S S S S,Z:\raw_data\C000000035\VIS-044_SW_data_07-August-2026_11-03-27\output\CombinedData_buffer3_iq.gif
C000000035,VIS-044_SW_data_07-August-2026_11-05-46,0.04634209722280502,0.2812725901603699,0.007415019907057285,0.6649702191352844,-1.8014734190315134,PSAX,PSAX,PSAX,0.00016852544,PSAX,True,other?,PSAX,S S S S,Z:\raw_data\C000000035\VIS-044_SW_data_07-August-2026_11-05-46\output\CombinedData_buffer3_iq.gif
C000000035,VIS-044_SW_data_07-August-2026_11-06-26,0.07498403638601303,0.15229475498199463,0.01070325542241335,0.7620181441307068,-0.7078662551234598,PSAX,PSAX,PSAX,0.021901831,PSAX,True,other?,PSAX,S S S S,Z:\raw_data\C000000035\VIS-044_SW_data_07-August-2026_11-06-26\output\CombinedData_buffer3_iq.gif
C000000035,VIS-044_SW_data_07-August-2026_11-07-01,0.038781631737947464,0.9193760752677917,0.018324511125683784,0.02351776883006096,-3.1632820771410577,PSAX,PSAX,PSAX,0.0498023,PSAX,False,,PSAX,S S S S,Z:\raw_data\C000000035\VIS-044_SW_data_07-August-2026_11-07-01\output\CombinedData_buffer3_iq.gif
C000000035,VIS-044_SW_data_07-August-2026_11-07-37,0.08150934427976608,0.8547683954238892,0.005312980152666569,0.05840928852558136,-2.349003764962145,PSAX,PSAX,PSAX,0.004370172,PSAX,False,,PSAX,S S S S,Z:\raw_data\C000000035\VIS-044_SW_data_07-August-2026_11-07-37\output\CombinedData_buffer3_iq.gif
C000000036,VIS-043_SW_data_07-August-2026_10-03-38,0.9488145709037781,0.05062433332204819,0.0003379328700248152,0.00022326747421175241,2.92891303179564,PLAX,PLAX,PLAX,0.99999714,PLAX,False,,PLAX,L L L L,Z:\raw_data\C000000036\VIS-043_SW_data_07-August-2026_10-03-38\output\CombinedData_buffer3_iq.gif
C000000036,VIS-043_SW_data_07-August-2026_10-04-23,0.8753836750984192,0.12006057798862457,0.0010688467882573605,0.0034869625233113766,1.9859475070141714,PLAX,PLAX,PLAX,0.9999993,PLAX,False,,PLAX,L L L L,Z:\raw_data\C000000036\VIS-043_SW_data_07-August-2026_10-04-23\output\CombinedData_buffer3_iq.gif
C000000036,VIS-043_SW_data_07-August-2026_10-05-09,0.6693479418754578,0.10605251044034958,0.007692811544984579,0.21690669655799866,1.8415765675850182,PLAX,PLAX,PLAX,0.9989548,PLAX,False,,PLAX,L L L L,Z:\raw_data\C000000036\VIS-043_SW_data_07-August-2026_10-05-09\output\CombinedData_buffer3_iq.gif
C000000036,VIS-043_SW_data_07-August-2026_10-06-37,0.9614953994750977,0.03727525845170021,0.00017719724564813077,0.0010521258227527142,3.2475848327471923,PLAX,PLAX,PLAX,0.99999917,PLAX,False,,PLAX,L L L L,Z:\raw_data\C000000036\VIS-043_SW_data_07-August-2026_10-06-37\output\CombinedData_buffer3_iq.gif
C000000036,VIS-043_SW_data_07-August-2026_10-09-01,0.968383252620697,0.030838726088404655,0.000304133485769853,0.00047405180521309376,3.443722519933755,PLAX,PLAX,PLAX,0.9999573,PLAX,False,,PLAX,L L L L,Z:\raw_data\C000000036\VIS-043_SW_data_07-August-2026_10-09-01\output\CombinedData_buffer3_iq.gif
C000000036,VIS-043_SW_data_07-August-2026_10-09-35,0.9755867719650269,0.02388976886868477,0.0003368381876498461,0.00018655018357094377,3.7055141622208665,PLAX,PLAX,PLAX,0.9990734,PLAX,False,,PLAX,L L L L,Z:\raw_data\C000000036\VIS-043_SW_data_07-August-2026_10-09-35\output\CombinedData_buffer3_iq.gif
C000000036,VIS-043_SW_data_07-August-2026_10-10-13,0.9424028992652893,0.057072654366493225,0.0003607107501011342,0.00016360386507585645,2.802463281903221,PLAX,PLAX,PLAX,0.9997738,PLAX,False,,PLAX,L L L L,Z:\raw_data\C000000036\VIS-043_SW_data_07-August-2026_10-10-13\output\CombinedData_buffer3_iq.gif
C000000036,VIS-043_SW_data_07-August-2026_10-12-02,0.0014784380327910185,0.998161256313324,0.00023017059720586985,0.00013002842024434358,-6.449579250702674,PSAX,PSAX,PSAX,0.00081064424,PSAX,False,,PSAX,S S S S,Z:\raw_data\C000000036\VIS-043_SW_data_07-August-2026_10-12-02\output\CombinedData_buffer3_iq.gif
C000000036,VIS-043_SW_data_07-August-2026_10-12-48,0.0005880776443518698,0.9992183446884155,0.00013325666077435017,6.0386344557628036e-05,-7.280926983491796,PSAX,PSAX,PSAX,2.1951228e-05,PSAX,False,,PSAX,S S S S,Z:\raw_data\C000000036\VIS-043_SW_data_07-August-2026_10-12-48\output\CombinedData_buffer3_iq.gif
C000000036,VIS-043_SW_data_07-August-2026_10-14-49,0.0016168853035196662,0.9979527592658997,0.00021259719505906105,0.00021796385408379138,-6.365294360738682,PSAX,PSAX,PSAX,0.000107145024,PSAX,False,,PSAX,S S S S,Z:\raw_data\C000000036\VIS-043_SW_data_07-August-2026_10-14-49\output\CombinedData_buffer3_iq.gif
C000000036,VIS-043_SW_data_07-August-2026_10-15-37,0.002738269278779626,0.9968724846839905,0.0002127947664121166,0.00017650426889304072,-5.861528713943028,PSAX,PSAX,PSAX,3.2324613e-06,PSAX,False,,PSAX,S S S S,Z:\raw_data\C000000036\VIS-043_SW_data_07-August-2026_10-15-37\output\CombinedData_buffer3_iq.gif
C000000036,VIS-043_SW_data_07-August-2026_10-16-28,0.0026515312492847443,0.9964621067047119,0.00036036071833223104,0.0005258552846498787,-5.892153887917766,PSAX,PSAX,PSAX,9.204156e-06,PSAX,False,,PSAX,S S S S,Z:\raw_data\C000000036\VIS-043_SW_data_07-August-2026_10-16-28\output\CombinedData_buffer3_iq.gif
C000000036,VIS-043_SW_data_07-August-2026_10-17-06,0.002323426539078355,0.9966680407524109,0.0004719258868135512,0.0005367307458072901,-6.019335621743026,PSAX,PSAX,PSAX,3.277132e-05,PSAX,False,,PSAX,S S S S,Z:\raw_data\C000000036\VIS-043_SW_data_07-August-2026_10-17-06\output\CombinedData_buffer3_iq.gif
C000000036,VIS-043_SW_data_07-August-2026_10-17-40,0.0026180490385740995,0.9960163831710815,0.0005233462434262037,0.0008422447135671973,-5.903949743611457,PSAX,PSAX,PSAX,2.7129749e-05,PSAX,False,,PSAX,S S S S,Z:\raw_data\C000000036\VIS-043_SW_data_07-August-2026_10-17-40\output\CombinedData_buffer3_iq.gif
C000000036,VIS-043_SW_data_07-August-2026_10-18-17,0.002339701633900404,0.9966962337493896,0.00024072089581750333,0.0007232050411403179,-6.01267061904495,PSAX,PSAX,PSAX,6.4547035e-06,PSAX,False,,PSAX,S S S S,Z:\raw_data\C000000036\VIS-043_SW_data_07-August-2026_10-18-17\output\CombinedData_buffer3_iq.gif
C000000036,VIS-043_SW_data_07-August-2026_10-19-00,0.022762777283787727,0.8802124857902527,0.0012122697662562132,0.09581242501735687,-3.6507667999624096,PSAX,PLAX,PSAX,0.00011684312,PSAX,True,split vote,PSAX,S L S S,Z:\raw_data\C000000036\VIS-043_SW_data_07-August-2026_10-19-00\output\CombinedData_buffer3_iq.gif
C000000037,VIS-042_SW_data_07-August-2026_08-39-39,0.9898402690887451,0.006286285817623138,0.00024142599431797862,0.0036321119405329227,5.043491756854275,PLAX,PLAX,PLAX,0.9999964,PLAX,False,,PLAX,L L L L,Z:\raw_data\C000000037\VIS-042_SW_data_07-August-2026_08-39-39\output\CombinedData_buffer3_iq.gif
C000000037,VIS-042_SW_data_07-August-2026_08-40-25,0.943440854549408,0.04816829785704613,0.0008102921419776976,0.0075806910172104836,2.9728646788371518,PLAX,PLAX,PLAX,0.99997723,PLAX,False,,PLAX,L L L L,Z:\raw_data\C000000037\VIS-042_SW_data_07-August-2026_08-40-25\output\CombinedData_buffer3_iq.gif
C000000037,VIS-042_SW_data_07-August-2026_08-41-13,0.9281482696533203,0.06704922765493393,0.0005249480018392205,0.004277474246919155,2.626381807844845,PLAX,PLAX,PLAX,0.9999987,PLAX,False,,PLAX,L L L L,Z:\raw_data\C000000037\VIS-042_SW_data_07-August-2026_08-41-13\output\CombinedData_buffer3_iq.gif
C000000037,VIS-042_SW_data_07-August-2026_08-42-03,0.8409868478775024,0.13880084455013275,0.003201768035069108,0.01701054722070694,1.8009345920178783,PLAX,PLAX,PLAX,0.9996137,PLAX,False,,PLAX,L L L L,Z:\raw_data\C000000037\VIS-042_SW_data_07-August-2026_08-42-03\output\CombinedData_buffer3_iq.gif
C000000037,VIS-042_SW_data_07-August-2026_08-42-34,0.8394899368286133,0.14458808302879333,0.004618762526661158,0.011303242295980453,1.7583333283561609,PLAX,PLAX,PLAX,0.99999917,PLAX,False,,PLAX,L L L L,Z:\raw_data\C000000037\VIS-042_SW_data_07-August-2026_08-42-34\output\CombinedData_buffer3_iq.gif
C000000037,VIS-042_SW_data_07-August-2026_08-43-07,0.8498241305351257,0.13514290750026703,0.0014370925491675735,0.01359575055539608,1.8380746108791612,PLAX,PLAX,PLAX,0.9975393,PLAX,False,,PLAX,L L L L,Z:\raw_data\C000000037\VIS-042_SW_data_07-August-2026_08-43-07\output\CombinedData_buffer3_iq.gif
C000000037,VIS-042_SW_data_07-August-2026_08-45-29,0.0069134715013206005,0.9890753626823425,0.002982262521982193,0.0010288144694641232,-4.949038829265351,PSAX,PSAX,PSAX,0.00037169695,PSAX,False,,PSAX,S S S S,Z:\raw_data\C000000037\VIS-042_SW_data_07-August-2026_08-45-29\output\CombinedData_buffer3_iq.gif
C000000037,VIS-042_SW_data_07-August-2026_08-47-33,0.01182445790618658,0.967590868473053,0.019469676539301872,0.001115033752284944,-4.396321108381864,PSAX,PLAX,PSAX,0.046578564,PSAX,True,split vote,PSAX,S L S S,Z:\raw_data\C000000037\VIS-042_SW_data_07-August-2026_08-47-33\output\CombinedData_buffer3_iq.gif
C000000037,VIS-042_SW_data_07-August-2026_08-48-43,0.0008240326424129307,0.9986554384231567,0.00040855936822481453,0.00011198086576769128,-6.985517822973078,PSAX,PSAX,PSAX,0.00033453267,PSAX,False,,PSAX,S S S S,Z:\raw_data\C000000037\VIS-042_SW_data_07-August-2026_08-48-43\output\CombinedData_buffer3_iq.gif
C000000037,VIS-042_SW_data_07-August-2026_08-49-49,0.0006767587619833648,0.9989994764328003,0.0002467397425789386,7.702450238866732e-05,-7.159479800159292,PSAX,PSAX,PSAX,0.0029983358,PSAX,False,,PSAX,S S S S,Z:\raw_data\C000000037\VIS-042_SW_data_07-August-2026_08-49-49\output\CombinedData_buffer3_iq.gif
C000000037,VIS-042_SW_data_07-August-2026_08-50-50,0.001894413260743022,0.988548755645752,0.009294961579144001,0.00026177833206020296,-6.20598921533245,PSAX,PSAX,PSAX,0.0041818153,PSAX,False,,PSAX,S S S S,Z:\raw_data\C000000037\VIS-042_SW_data_07-August-2026_08-50-50\output\CombinedData_buffer3_iq.gif
C000000037,VIS-042_SW_data_07-August-2026_08-51-24,0.014435363002121449,0.8007556200027466,0.035296082496643066,0.14951297640800476,-4.009096173091825,PSAX,PLAX,PSAX,0.00010426442,PSAX,True,split vote,PSAX,S L S S,Z:\raw_data\C000000037\VIS-042_SW_data_07-August-2026_08-51-24\output\CombinedData_buffer3_iq.gif
C000000037,VIS-042_SW_data_07-August-2026_08-52-28,0.008246240206062794,0.9684370756149292,0.020797710865736008,0.002519008005037904,-4.753975600860292,PSAX,PLAX,PSAX,0.0015702305,PSAX,True,split vote,PSAX,S L S S,Z:\raw_data\C000000037\VIS-042_SW_data_07-August-2026_08-52-28\output\CombinedData_buffer3_iq.gif
C000000037,VIS-042_SW_data_07-August-2026_08-53-41,0.0027403004933148623,0.9965927004814148,0.0004235048545524478,0.00024356355424970388,-5.860532644178712,PSAX,PSAX,PSAX,0.0001674283,PSAX,False,,PSAX,S S S S,Z:\raw_data\C000000037\VIS-042_SW_data_07-August-2026_08-53-41\output\CombinedData_buffer3_iq.gif
C000000037,VIS-042_SW_data_07-August-2026_08-54-43,0.019156787544488907,0.9789255857467651,0.0005331597058102489,0.0013844957575201988,-3.92869417846297,PSAX,PSAX,PLAX,0.0074424106,PSAX,True,split vote,PSAX,S S L S,Z:\raw_data\C000000037\VIS-042_SW_data_07-August-2026_08-54-43\output\CombinedData_buffer3_iq.gif
C000000037,VIS-042_SW_data_07-August-2026_08-56-11,0.07268546521663666,0.9137178659439087,0.002642268082126975,0.010954318568110466,-2.530114998549231,PSAX,PLAX,PLAX,0.014459251,PSAX,True,split vote,PSAX,S L L S,Z:\raw_data\C000000037\VIS-042_SW_data_07-August-2026_08-56-11\output\CombinedData_buffer3_iq.gif
C000000037,VIS-042_SW_data_07-August-2026_08-57-51,0.006407245062291622,0.9925932884216309,0.00048196621355600655,0.000517603475600481,-5.027505561503302,PSAX,PSAX,PLAX,0.001717337,PSAX,True,split vote,PSAX,S S L S,Z:\raw_data\C000000037\VIS-042_SW_data_07-August-2026_08-57-51\output\CombinedData_buffer3_iq.gif
C000000037,VIS-042_SW_data_07-August-2026_08-58-54,0.02949480712413788,0.9588323831558228,0.0014603035524487495,0.010212432593107224,-3.478221653795341,PSAX,PLAX,PLAX,0.00024726565,PSAX,True,split vote,PSAX,S L L S,Z:\raw_data\C000000037\VIS-042_SW_data_07-August-2026_08-58-54\output\CombinedData_buffer3_iq.gif
C000000037,VIS-042_SW_data_07-August-2026_08-59-32,0.03094780445098877,0.9538992047309875,0.0010699920821934938,0.014082918874919415,-3.4251347420662954,PSAX,PLAX,PLAX,0.0011813231,PSAX,True,split vote,PSAX,S L L S,Z:\raw_data\C000000037\VIS-042_SW_data_07-August-2026_08-59-32\output\CombinedData_buffer3_iq.gif
C000000037,VIS-042_SW_data_07-August-2026_09-00-06,0.04327356070280075,0.9501177072525024,0.00129844737239182,0.005310317501425743,-3.086841068797024,PSAX,PLAX,PLAX,0.011719556,PSAX,True,split vote,PSAX,S L L S,Z:\raw_data\C000000037\VIS-042_SW_data_07-August-2026_09-00-06\output\CombinedData_buffer3_iq.gif
C000000038,VIS-041_SW_data_04-August-2026_12-28-28,0.11841975152492523,0.6154224872589111,0.005246354267001152,0.26091137528419495,-1.647391853681622,PSAX,PSAX,PSAX,0.9621049,PLAX,True,split vote,PSAX,S S S L,Z:\raw_data\C000000038\VIS-041_SW_data_04-August-2026_12-28-28\output\CombinedData_buffer3_iq.gif
C000000038,VIS-041_SW_data_04-August-2026_12-29-03,0.14148668944835663,0.5115553736686707,0.005830700043588877,0.3411272168159485,-1.28473912433345,PSAX,PSAX,PSAX,0.99431616,PLAX,True,split vote,PSAX,S S S L,Z:\raw_data\C000000038\VIS-041_SW_data_04-August-2026_12-29-03\output\CombinedData_buffer3_iq.gif
C000000038,VIS-041_SW_data_04-August-2026_12-29-40,0.12000923603773117,0.5717625021934509,0.005302497185766697,0.302925705909729,-1.5604969526786183,PSAX,PSAX,PSAX,0.97193956,PLAX,True,split vote,PSAX,S S S L,Z:\raw_data\C000000038\VIS-041_SW_data_04-August-2026_12-29-40\output\CombinedData_buffer3_iq.gif
C000000038,VIS-041_SW_data_04-August-2026_12-30-31,0.1937880516052246,0.585742712020874,0.009782422333955765,0.2106868177652359,-1.1057704051055226,PSAX,PSAX,PSAX,0.98463583,PLAX,True,split vote,PSAX,S S S L,Z:\raw_data\C000000038\VIS-041_SW_data_04-August-2026_12-30-31\output\CombinedData_buffer3_iq.gif
C000000038,VIS-041_SW_data_04-August-2026_12-31-04,0.15744668245315552,0.6549021601676941,0.007124531082808971,0.18052658438682556,-1.4249167227188728,PSAX,PSAX,PSAX,0.99571794,PLAX,True,split vote,PSAX,S S S L,Z:\raw_data\C000000038\VIS-041_SW_data_04-August-2026_12-31-04\output\CombinedData_buffer3_iq.gif
C000000038,VIS-041_SW_data_04-August-2026_12-31-47,0.13015596568584442,0.3918748199939728,0.0173915084451437,0.46057769656181335,-1.1016961216227612,PSAX,PSAX,PSAX,0.6193356,PLAX,True,split vote,PSAX,S S S L,Z:\raw_data\C000000038\VIS-041_SW_data_04-August-2026_12-31-47\output\CombinedData_buffer3_iq.gif
C000000038,VIS-041_SW_data_04-August-2026_12-42-06,0.0037329320330172777,0.008031729608774185,0.0006053787074051797,0.987629771232605,-0.7521435907575338,PSAX,PLAX,PLAX,5.7363172e-06,PSAX,True,other?,PSAX,S L L S,Z:\raw_data\C000000038\VIS-041_SW_data_04-August-2026_12-42-06\output\CombinedData_buffer3_iq.gif
C000000038,VIS-041_SW_data_04-August-2026_12-42-56,0.132873073220253,0.1835133582353592,0.015506330877542496,0.668107271194458,-0.32268558207891473,PSAX,PLAX,PLAX,0.046699118,PSAX,True,other?,PSAX,S L L S,Z:\raw_data\C000000038\VIS-041_SW_data_04-August-2026_12-42-56\output\CombinedData_buffer3_iq.gif
C000000038,VIS-041_SW_data_04-August-2026_12-43-38,0.04709935933351517,0.09403117001056671,0.006450323387980461,0.8524190783500671,-0.6903089161558351,PSAX,PLAX,PLAX,6.974077e-05,PSAX,True,other?,PSAX,S L L S,Z:\raw_data\C000000038\VIS-041_SW_data_04-August-2026_12-43-38\output\CombinedData_buffer3_iq.gif
C000000038,VIS-041_SW_data_04-August-2026_12-44-12,0.02493615821003914,0.10655882209539413,0.0024584445636719465,0.8660466074943542,-1.4493140532213147,PSAX,PLAX,PLAX,5.6229084e-05,PSAX,True,other?,PSAX,S L L S,Z:\raw_data\C000000038\VIS-041_SW_data_04-August-2026_12-44-12\output\CombinedData_buffer3_iq.gif
C000000039,VIS-040_SW_data_04-August-2026_11-46-05,0.8469119668006897,0.13446971774101257,0.005483934655785561,0.013134436681866646,1.8396324107433804,PLAX,PLAX,PLAX,0.9976441,PLAX,False,,PLAX,L L L L,Z:\raw_data\C000000039\VIS-040_SW_data_04-August-2026_11-46-05\output\CombinedData_buffer3_iq.gif
C000000039,VIS-040_SW_data_04-August-2026_11-50-50,0.7376008629798889,0.2211003452539444,0.0023702108301222324,0.03892850503325462,1.2044695772450589,PLAX,PLAX,PLAX,0.99981993,PLAX,False,,PLAX,L L L L,Z:\raw_data\C000000039\VIS-040_SW_data_04-August-2026_11-50-50\output\CombinedData_buffer3_iq.gif
C000000039,VIS-040_SW_data_04-August-2026_11-53-08,0.9407935738563538,0.05269358307123184,0.002048052381724119,0.004464850760996342,2.880440383620831,PLAX,PLAX,PLAX,0.99999857,PLAX,False,,PLAX,L L L L,Z:\raw_data\C000000039\VIS-040_SW_data_04-August-2026_11-53-08\output\CombinedData_buffer3_iq.gif
C000000039,VIS-040_SW_data_04-August-2026_11-53-57,0.9808504581451416,0.017832523211836815,0.00025733321672305465,0.0010596532374620438,4.00190595349092,PLAX,PLAX,PLAX,0.9999999,PLAX,False,,PLAX,L L L L,Z:\raw_data\C000000039\VIS-040_SW_data_04-August-2026_11-53-57\output\CombinedData_buffer3_iq.gif
C000000039,VIS-040_SW_data_04-August-2026_11-54-42,0.9464138150215149,0.0462786965072155,0.004821556620299816,0.002485954901203513,3.015945339643675,PLAX,PLAX,PLAX,1.0,PLAX,False,,PLAX,L L L L,Z:\raw_data\C000000039\VIS-040_SW_data_04-August-2026_11-54-42\output\CombinedData_buffer3_iq.gif
C000000039,VIS-040_SW_data_04-August-2026_11-55-30,0.16016840934753418,0.794901967048645,0.006336398422718048,0.03859323635697365,-1.6014946207998246,PSAX,PSAX,PSAX,0.0011203489,PSAX,False,,PSAX,S S S S,Z:\raw_data\C000000039\VIS-040_SW_data_04-August-2026_11-55-30\output\CombinedData_buffer3_iq.gif
C000000039,VIS-040_SW_data_04-August-2026_11-56-23,0.07254502177238464,0.7215073704719543,0.01229923963546753,0.1936483532190323,-2.295896318532331,PSAX,PSAX,PSAX,1.6798978e-06,PSAX,False,,PSAX,S S S S,Z:\raw_data\C000000039\VIS-040_SW_data_04-August-2026_11-56-23\output\CombinedData_buffer3_iq.gif
C000000039,VIS-040_SW_data_04-August-2026_11-57-05,0.5154978036880493,0.426067054271698,0.006195337977260351,0.05223985016345978,0.1904955957574933,PLAX,PLAX,PSAX,0.09247011,PSAX,True,split vote,PSAX,L L S S,Z:\raw_data\C000000039\VIS-040_SW_data_04-August-2026_11-57-05\output\CombinedData_buffer3_iq.gif
C000000039,VIS-040_SW_data_04-August-2026_11-57-49,0.21413502097129822,0.3262179493904114,0.04894953966140747,0.4106973707675934,-0.420798569696917,PSAX,PSAX,PSAX,2.0361838e-06,PSAX,False,,PSAX,S S S S,Z:\raw_data\C000000039\VIS-040_SW_data_04-August-2026_11-57-49\output\CombinedData_buffer3_iq.gif
C000000039,VIS-040_SW_data_04-August-2026_11-58-46,0.3204594850540161,0.5422632694244385,0.02203954942524433,0.11523779481649399,-0.5258681557888256,PSAX,PSAX,PSAX,6.39377e-05,PSAX,False,,PSAX,S S S S,Z:\raw_data\C000000039\VIS-040_SW_data_04-August-2026_11-58-46\output\CombinedData_buffer3_iq.gif
C000000039,VIS-040_SW_data_04-August-2026_11-59-19,0.09444015473127365,0.7919268608093262,0.012305582873523235,0.10132737457752228,-2.125570644363657,PSAX,PSAX,PSAX,3.8366506e-05,PSAX,False,,PSAX,S S S S,Z:\raw_data\C000000039\VIS-040_SW_data_04-August-2026_11-59-19\output\CombinedData_buffer3_iq.gif
C000000039,VIS-040_SW_data_04-August-2026_11-59-50,0.07716012001037598,0.6214708685874939,0.02163013629615307,0.2797389030456543,-2.08507202218027,PSAX,PSAX,PSAX,1.6478288e-07,PSAX,False,,PSAX,S S S S,Z:\raw_data\C000000039\VIS-040_SW_data_04-August-2026_11-59-50\output\CombinedData_buffer3_iq.gif
C000000039,VIS-040_SW_data_04-August-2026_12-13-36,0.04445638507604599,0.7746423482894897,0.17805539071559906,0.002845998853445053,-2.8557750527944004,PSAX,PSAX,PLAX,6.955413e-05,PSAX,True,split vote,PSAX,S S L S,Z:\raw_data\C000000039\VIS-040_SW_data_04-August-2026_12-13-36\output\CombinedData_buffer3_iq.gif
C000000040,VIS-039_SW_data_04-August-2026_10-57-58,0.966543436050415,0.03320278227329254,7.829714741092175e-05,0.00017542143177706748,3.368188750099034,PLAX,PLAX,PLAX,0.9999386,PLAX,False,,PLAX,L L L L,Z:\raw_data\C000000040\VIS-039_SW_data_04-August-2026_10-57-58\output\CombinedData_buffer3_iq.gif
C000000040,VIS-039_SW_data_04-August-2026_10-58-42,0.8846126198768616,0.11473386734724045,0.0001828604581533,0.00047073475434444845,2.041776416857316,PLAX,PLAX,PLAX,0.99983895,PLAX,False,,PLAX,L L L L,Z:\raw_data\C000000040\VIS-039_SW_data_04-August-2026_10-58-42\output\CombinedData_buffer3_iq.gif
C000000040,VIS-039_SW_data_04-August-2026_11-00-43,0.9976901412010193,0.002242687391117215,2.9322047339519486e-05,3.786548404605128e-05,6.05424424670306,PLAX,PLAX,PLAX,0.99996305,PLAX,False,,PLAX,L L L L,Z:\raw_data\C000000040\VIS-039_SW_data_04-August-2026_11-00-43\output\CombinedData_buffer3_iq.gif
C000000040,VIS-039_SW_data_04-August-2026_11-01-25,0.9965816736221313,0.0033460878767073154,2.7780954042100348e-05,4.4586304284166545e-05,5.667191795892793,PLAX,PLAX,PLAX,0.99995863,PLAX,False,,PLAX,L L L L,Z:\raw_data\C000000040\VIS-039_SW_data_04-August-2026_11-01-25\output\CombinedData_buffer3_iq.gif
C000000040,VIS-039_SW_data_04-August-2026_11-02-21,0.9943381547927856,0.0055829682387411594,2.8381486117723398e-05,5.060939656686969e-05,5.164704235643017,PLAX,PLAX,PLAX,0.9997962,PLAX,False,,PLAX,L L L L,Z:\raw_data\C000000040\VIS-039_SW_data_04-August-2026_11-02-21\output\CombinedData_buffer3_iq.gif
C000000040,VIS-039_SW_data_04-August-2026_11-02-54,0.9966918230056763,0.0032557223457843065,2.068397225230001e-05,3.17149497277569e-05,5.693874893248208,PLAX,PLAX,PLAX,0.9999403,PLAX,False,,PLAX,L L L L,Z:\raw_data\C000000040\VIS-039_SW_data_04-August-2026_11-02-54\output\CombinedData_buffer3_iq.gif
C000000040,VIS-039_SW_data_04-August-2026_11-03-35,0.9953102469444275,0.004623970948159695,3.356956585776061e-05,3.228282366762869e-05,5.350505212192646,PLAX,PLAX,PLAX,0.99943894,PLAX,False,,PLAX,L L L L,Z:\raw_data\C000000040\VIS-039_SW_data_04-August-2026_11-03-35\output\CombinedData_buffer3_iq.gif
C000000040,VIS-039_SW_data_04-August-2026_11-04-47,0.014130812138319016,0.9682307243347168,0.0007843525963835418,0.01685399003326893,-4.2201642035582,PSAX,PSAX,PSAX,3.1371263e-05,PSAX,False,,PSAX,S S S S,Z:\raw_data\C000000040\VIS-039_SW_data_04-August-2026_11-04-47\output\CombinedData_buffer3_iq.gif
C000000040,VIS-039_SW_data_04-August-2026_11-05-21,0.025075122714042664,0.9686957597732544,0.0004603067063726485,0.0057686916552484035,-3.650197502413581,PSAX,PSAX,PSAX,0.0013013975,PSAX,False,,PSAX,S S S S,Z:\raw_data\C000000040\VIS-039_SW_data_04-August-2026_11-05-21\output\CombinedData_buffer3_iq.gif
C000000040,VIS-039_SW_data_04-August-2026_11-06-02,0.02158927358686924,0.9599807858467102,0.0007388215744867921,0.017691150307655334,-3.7901995992599877,PSAX,PSAX,PSAX,0.0005189949,PSAX,False,,PSAX,S S S S,Z:\raw_data\C000000040\VIS-039_SW_data_04-August-2026_11-06-02\output\CombinedData_buffer3_iq.gif
C000000040,VIS-039_SW_data_04-August-2026_11-07-27,0.00350161362439394,0.9943583011627197,0.0003736210928764194,0.0017665284685790539,-5.620816193929941,PSAX,PSAX,PSAX,3.657377e-06,PSAX,False,,PSAX,S S S S,Z:\raw_data\C000000040\VIS-039_SW_data_04-August-2026_11-07-27\output\CombinedData_buffer3_iq.gif
C000000040,VIS-039_SW_data_04-August-2026_11-08-40,0.04325505346059799,0.9510753154754639,0.0009636160102672875,0.004706164356321096,-3.088275124191999,PSAX,PSAX,PSAX,0.00010081643,PSAX,False,,PSAX,S S S S,Z:\raw_data\C000000040\VIS-039_SW_data_04-August-2026_11-08-40\output\CombinedData_buffer3_iq.gif
C000000040,VIS-039_SW_data_04-August-2026_11-09-14,0.015155966393649578,0.9806009531021118,0.0012010603677481413,0.00304208230227232,-4.1632969087895235,PSAX,PSAX,PSAX,9.821941e-05,PSAX,False,,PSAX,S S S S,Z:\raw_data\C000000040\VIS-039_SW_data_04-August-2026_11-09-14\output\CombinedData_buffer3_iq.gif
C000000040,VIS-039_SW_data_04-August-2026_11-09-58,0.018783677369356155,0.9772958755493164,0.0011441174428910017,0.0027763245161622763,-3.9465938473382915,PSAX,PSAX,PSAX,0.000105506806,PSAX,False,,PSAX,S S S S,Z:\raw_data\C000000040\VIS-039_SW_data_04-August-2026_11-09-58\output\CombinedData_buffer3_iq.gif
C000000040,VIS-039_SW_data_04-August-2026_11-10-36,0.018188072368502617,0.9778907299041748,0.0009293053299188614,0.0029919608496129513,-3.9792511271618394,PSAX,PSAX,PSAX,3.942717e-05,PSAX,False,,PSAX,S S S S,Z:\raw_data\C000000040\VIS-039_SW_data_04-August-2026_11-10-36\output\CombinedData_buffer3_iq.gif
C000000040,VIS-039_SW_data_04-August-2026_11-11-33,0.07510540634393692,0.9068617224693298,0.0029907089192420244,0.015042021870613098,-2.489877125632325,PSAX,PSAX,PSAX,7.809502e-05,PSAX,False,,PSAX,S S S S,Z:\raw_data\C000000040\VIS-039_SW_data_04-August-2026_11-11-33\output\CombinedData_buffer3_iq.gif
C000000041,VIS-038_SW_data_31-July-2026_09-01-39,0.34084078669548035,0.613049328327179,0.023800181224942207,0.022309685125947,-0.5868996926102765,PSAX,PLAX,PLAX,0.999526,PLAX,True,split vote,PLAX,S L L L,Z:\raw_data\C000000041\VIS-038_SW_data_31-July-2026_09-01-39\output\CombinedData_buffer3_iq.gif
C000000041,VIS-038_SW_data_31-July-2026_09-02-26,0.35072460770606995,0.6129897236824036,0.00887036882340908,0.0274153184145689,-0.5582248879534244,PSAX,PLAX,PLAX,0.99374133,PLAX,True,split vote,PLAX,S L L L,Z:\raw_data\C000000041\VIS-038_SW_data_31-July-2026_09-02-26\output\CombinedData_buffer3_iq.gif
C000000041,VIS-038_SW_data_31-July-2026_09-03-27,0.6937299966812134,0.2402752935886383,0.054613057523965836,0.011381618678569794,1.0600255436585864,PLAX,PLAX,PLAX,0.9998435,PLAX,False,,PLAX,L L L L,Z:\raw_data\C000000041\VIS-038_SW_data_31-July-2026_09-03-27\output\CombinedData_buffer3_iq.gif
C000000041,VIS-038_SW_data_31-July-2026_09-04-19,0.797855794429779,0.1940661072731018,0.0049584596417844296,0.0031195655465126038,1.413339184693324,PLAX,PLAX,PLAX,0.99989367,PLAX,False,,PLAX,L L L L,Z:\raw_data\C000000041\VIS-038_SW_data_31-July-2026_09-04-19\output\CombinedData_buffer3_iq.gif
C000000041,VIS-038_SW_data_31-July-2026_09-05-19,0.7177487015724182,0.2262164205312729,0.04591924324631691,0.010115688666701317,1.1543247138939068,PLAX,PLAX,PLAX,0.999977,PLAX,False,,PLAX,L L L L,Z:\raw_data\C000000041\VIS-038_SW_data_31-July-2026_09-05-19\output\CombinedData_buffer3_iq.gif
C000000041,VIS-038_SW_data_31-July-2026_09-07-11,0.8819831609725952,0.11143682152032852,0.0031069356482475996,0.0034730350598692894,2.0679315641449336,PLAX,PLAX,PLAX,0.99999964,PLAX,False,,PLAX,L L L L,Z:\raw_data\C000000041\VIS-038_SW_data_31-July-2026_09-07-11\output\CombinedData_buffer3_iq.gif
C000000041,VIS-038_SW_data_31-July-2026_09-08-18,0.07084538787603378,0.41961878538131714,0.09143467992544174,0.41810113191604614,-1.7776745321847498,PSAX,PSAX,PSAX,0.00081882894,PSAX,False,,PSAX,S S S S,Z:\raw_data\C000000041\VIS-038_SW_data_31-July-2026_09-08-18\output\CombinedData_buffer3_iq.gif
C000000041,VIS-038_SW_data_31-July-2026_09-09-57,0.05182332545518875,0.92673659324646,0.00511826341971755,0.016321789473295212,-2.8820091552686726,PSAX,PSAX,PSAX,0.020080518,PSAX,False,,PSAX,S S S S,Z:\raw_data\C000000041\VIS-038_SW_data_31-July-2026_09-09-57\output\CombinedData_buffer3_iq.gif
C000000041,VIS-038_SW_data_31-July-2026_09-10-33,0.12221870571374893,0.591108500957489,0.07698039710521698,0.20969249308109283,-1.5755387682724296,PSAX,PSAX,PSAX,0.0013874387,PSAX,False,,PSAX,S S S S,Z:\raw_data\C000000041\VIS-038_SW_data_31-July-2026_09-10-33\output\CombinedData_buffer3_iq.gif
C000000041,VIS-038_SW_data_31-July-2026_09-11-11,0.05734750255942345,0.8691182136535645,0.018678318709135056,0.05485595390200615,-2.7167226708658783,PSAX,PSAX,PSAX,0.0020949715,PSAX,False,,PSAX,S S S S,Z:\raw_data\C000000041\VIS-038_SW_data_31-July-2026_09-11-11\output\CombinedData_buffer3_iq.gif
C000000041,VIS-038_SW_data_31-July-2026_09-12-12,0.11337025463581085,0.33847981691360474,0.09906676411628723,0.449083149433136,-1.0932191315802928,PSAX,PSAX,PSAX,2.498114e-05,PSAX,False,,PSAX,S S S S,Z:\raw_data\C000000041\VIS-038_SW_data_31-July-2026_09-12-12\output\CombinedData_buffer3_iq.gif
C000000041,VIS-038_SW_data_31-July-2026_09-13-11,0.1335897296667099,0.7076897025108337,0.025926703587174416,0.1327938586473465,-1.6666253543171345,PSAX,PSAX,PSAX,0.00013773578,PSAX,False,,PSAX,S S S S,Z:\raw_data\C000000041\VIS-038_SW_data_31-July-2026_09-13-11\output\CombinedData_buffer3_iq.gif
C000000041,VIS-038_SW_data_31-July-2026_09-14-12,0.05174807459115982,0.19694781303405762,0.25767770409584045,0.4936262369155884,-1.3351286052713012,PSAX,PSAX,PSAX,4.7315567e-05,PSAX,False,,PSAX,S S S S,Z:\raw_data\C000000041\VIS-038_SW_data_31-July-2026_09-14-12\output\CombinedData_buffer3_iq.gif
C000000041,VIS-038_SW_data_31-July-2026_09-15-11,0.022235266864299774,0.2358306348323822,0.1189470961689949,0.6229869723320007,-2.357370938632039,PSAX,PSAX,PSAX,3.2661133e-06,PSAX,True,other?,PSAX,S S S S,Z:\raw_data\C000000041\VIS-038_SW_data_31-July-2026_09-15-11\output\CombinedData_buffer3_iq.gif
C000000041,VIS-038_SW_data_31-July-2026_09-16-02,0.04163162410259247,0.29189199209213257,0.15064360201358795,0.515832781791687,-1.945467164399215,PSAX,PSAX,PSAX,0.00011189609,PSAX,True,other?,PSAX,S S S S,Z:\raw_data\C000000041\VIS-038_SW_data_31-July-2026_09-16-02\output\CombinedData_buffer3_iq.gif
C000000042,VIS-036_SW_data_28-July-2026_14-07-08,0.9684944748878479,0.03080013580620289,0.0006113127456046641,9.40080062719062e-05,3.4450854468112597,PLAX,PLAX,PLAX,1.0,PLAX,False,,PLAX,L L L L,Z:\raw_data\C000000042\VIS-036_SW_data_28-July-2026_14-07-08\output\CombinedData_buffer3_iq.gif
C000000042,VIS-036_SW_data_28-July-2026_14-08-15,0.8987299203872681,0.09844350069761276,0.001435709884390235,0.001390925608575344,2.210595746882099,PLAX,PLAX,PLAX,0.99999976,PLAX,False,,PLAX,L L L L,Z:\raw_data\C000000042\VIS-036_SW_data_28-July-2026_14-08-15\output\CombinedData_buffer3_iq.gif
C000000042,VIS-036_SW_data_28-July-2026_14-09-16,0.9419106841087341,0.053486164659261703,0.0020481471437960863,0.0025550038553774357,2.866725703724543,PLAX,PLAX,PSAX,0.99998605,PLAX,True,split vote,PLAX,L L S L,Z:\raw_data\C000000042\VIS-036_SW_data_28-July-2026_14-09-16\output\CombinedData_buffer3_iq.gif
C000000042,VIS-036_SW_data_28-July-2026_14-11-12,0.9923524856567383,0.007382774725556374,9.87909224932082e-05,0.00016598327783867717,4.8875754622067,PLAX,PLAX,PLAX,0.999998,PLAX,False,,PLAX,L L L L,Z:\raw_data\C000000042\VIS-036_SW_data_28-July-2026_14-11-12\output\CombinedData_buffer3_iq.gif
C000000042,VIS-036_SW_data_28-July-2026_14-12-06,0.9958406686782837,0.0034763826988637447,0.0005196253187023103,0.0001633350329939276,5.6293358159270515,PLAX,PLAX,PLAX,0.9999999,PLAX,False,,PLAX,L L L L,Z:\raw_data\C000000042\VIS-036_SW_data_28-July-2026_14-12-06\output\CombinedData_buffer3_iq.gif
C000000042,VIS-036_SW_data_28-July-2026_14-14-03,0.004129155073314905,0.9956245422363281,0.00019642180996015668,4.9923222832148895e-05,-5.461468428468973,PSAX,PSAX,PLAX,0.029244795,PSAX,True,split vote,PSAX,S S L S,Z:\raw_data\C000000042\VIS-036_SW_data_28-July-2026_14-14-03\output\CombinedData_buffer3_iq.gif
C000000042,VIS-036_SW_data_28-July-2026_14-14-48,0.00965015310794115,0.9822721481323242,0.0006407193141058087,0.007437031716108322,-4.612687217883443,PSAX,PLAX,PLAX,0.0060721845,PSAX,True,split vote,PSAX,S L L S,Z:\raw_data\C000000042\VIS-036_SW_data_28-July-2026_14-14-48\output\CombinedData_buffer3_iq.gif
C000000042,VIS-036_SW_data_28-July-2026_14-16-15,0.022808335721492767,0.9621620774269104,0.0007502834196202457,0.014279238879680634,-3.737785993689465,PSAX,PLAX,PSAX,0.00010950232,PSAX,True,split vote,PSAX,S L S S,Z:\raw_data\C000000042\VIS-036_SW_data_28-July-2026_14-16-15\output\CombinedData_buffer3_iq.gif
C000000042,VIS-036_SW_data_28-July-2026_14-17-15,0.0012598666362464428,0.9984225034713745,0.0002245618379674852,9.319119271822274e-05,-6.598890056523088,PSAX,PSAX,PLAX,0.0012454666,PSAX,True,split vote,PSAX,S S L S,Z:\raw_data\C000000042\VIS-036_SW_data_28-July-2026_14-17-15\output\CombinedData_buffer3_iq.gif
C000000042,VIS-036_SW_data_28-July-2026_14-17-53,0.0009352165507152677,0.9987383484840393,0.00023992598289623857,8.663129847263917e-05,-6.871982319649594,PSAX,PSAX,PLAX,0.0010919357,PSAX,True,split vote,PSAX,S S L S,Z:\raw_data\C000000042\VIS-036_SW_data_28-July-2026_14-17-53\output\CombinedData_buffer3_iq.gif
C000000042,VIS-036_SW_data_28-July-2026_14-18-46,0.00141245499253273,0.9982286095619202,0.00023151584900915623,0.00012747314758598804,-6.4923483367357795,PSAX,PSAX,PLAX,0.00081456377,PSAX,True,split vote,PSAX,S S L S,Z:\raw_data\C000000042\VIS-036_SW_data_28-July-2026_14-18-46\output\CombinedData_buffer3_iq.gif
C000000042,VIS-036_SW_data_28-July-2026_14-19-31,0.001490478403866291,0.9975951313972473,0.00047431481652893126,0.00043986711534671485,-6.44141289617048,PSAX,PSAX,PSAX,5.1184623e-05,PSAX,False,,PSAX,S S S S,Z:\raw_data\C000000042\VIS-036_SW_data_28-July-2026_14-19-31\output\CombinedData_buffer3_iq.gif
C000000042,VIS-036_SW_data_28-July-2026_14-20-14,0.03469124808907509,0.9496616721153259,0.0012958035804331303,0.014351306483149529,-3.3068452182056816,PSAX,PLAX,PSAX,0.0006751415,PSAX,True,split vote,PSAX,S L S S,Z:\raw_data\C000000042\VIS-036_SW_data_28-July-2026_14-20-14\output\CombinedData_buffer3_iq.gif
C000000042,VIS-036_SW_data_28-July-2026_14-20-59,0.01401425525546074,0.9824336171150208,0.0011921231634914875,0.0023600212298333645,-4.242949261368952,PSAX,PSAX,PSAX,0.00023259477,PSAX,False,,PSAX,S S S S,Z:\raw_data\C000000042\VIS-036_SW_data_28-July-2026_14-20-59\output\CombinedData_buffer3_iq.gif
C000000042,VIS-036_SW_data_28-July-2026_14-21-56,0.0038188647013157606,0.9949868321418762,0.0004672876966651529,0.0007269868510775268,-5.537028006991238,PSAX,PSAX,PSAX,2.281716e-05,PSAX,False,,PSAX,S S S S,Z:\raw_data\C000000042\VIS-036_SW_data_28-July-2026_14-21-56\output\CombinedData_buffer3_iq.gif
C000000042,VIS-036_SW_data_28-July-2026_14-22-48,0.0018991013057529926,0.9901592135429382,0.007188302930444479,0.0007534761098213494,-6.2052690082684405,PSAX,PSAX,PSAX,2.477253e-07,PSAX,False,,PSAX,S S S S,Z:\raw_data\C000000042\VIS-036_SW_data_28-July-2026_14-22-48\output\CombinedData_buffer3_iq.gif
C000000042,VIS-036_SW_data_28-July-2026_14-25-49,0.14561451971530914,0.3872373402118683,0.029644625261425972,0.437503457069397,-0.9776466303602209,PSAX,PLAX,PSAX,0.01403025,PSAX,True,split vote,PSAX,S L S S,Z:\raw_data\C000000042\VIS-036_SW_data_28-July-2026_14-25-49\output\CombinedData_buffer3_iq.gif
C000000042,VIS-036_SW_data_28-July-2026_14-26-36,0.2522176504135132,0.335383802652359,0.04441516101360321,0.367983341217041,-0.2848848657717591,PSAX,PLAX,PSAX,0.037847515,PSAX,True,split vote,PSAX,S L S S,Z:\raw_data\C000000042\VIS-036_SW_data_28-July-2026_14-26-36\output\CombinedData_buffer3_iq.gif
C000000043,VIS-035_SW_data_28-July-2026_12-24-19,0.9755682349205017,0.023808985948562622,0.00032818756881169975,0.00029469188302755356,3.708868236003217,PLAX,PSAX,PLAX,0.9999999,PLAX,True,split vote,PLAX,L S L L,Z:\raw_data\C000000043\VIS-035_SW_data_28-July-2026_12-24-19\output\CombinedData_buffer3_iq.gif
C000000043,VIS-035_SW_data_28-July-2026_12-25-18,0.9807714819908142,0.01886790245771408,0.0002863601257558912,7.427904347423464e-05,3.9456932375538725,PLAX,PSAX,PLAX,0.9999974,PLAX,True,split vote,PLAX,L S L L,Z:\raw_data\C000000043\VIS-035_SW_data_28-July-2026_12-25-18\output\CombinedData_buffer3_iq.gif
C000000043,VIS-035_SW_data_28-July-2026_12-26-15,0.9967674612998962,0.00291020842269063,0.00028067370294593275,4.155142232775688e-05,5.8026085038298385,PLAX,PSAX,PLAX,0.9999999,PLAX,True,split vote,PLAX,L S L L,Z:\raw_data\C000000043\VIS-035_SW_data_28-July-2026_12-26-15\output\CombinedData_buffer3_iq.gif
C000000043,VIS-035_SW_data_28-July-2026_12-27-05,0.9702001214027405,0.028405645862221718,0.0008636905695311725,0.0005305020604282618,3.5275032590658757,PLAX,PSAX,PLAX,0.99999976,PLAX,True,split vote,PLAX,L S L L,Z:\raw_data\C000000043\VIS-035_SW_data_28-July-2026_12-27-05\output\CombinedData_buffer3_iq.gif
C000000043,VIS-035_SW_data_28-July-2026_12-28-24,0.9949906468391418,0.004590501077473164,0.00032969904714263976,8.9056215074379e-05,5.357294419062155,PLAX,PSAX,PLAX,0.9999993,PLAX,True,split vote,PLAX,L S L L,Z:\raw_data\C000000043\VIS-035_SW_data_28-July-2026_12-28-24\output\CombinedData_buffer3_iq.gif
C000000043,VIS-035_SW_data_28-July-2026_12-30-03,0.0005131693324074149,0.9993377327919006,9.739237430039793e-05,5.1704653742490336e-05,-7.396306999259599,PSAX,PSAX,PLAX,0.0020313205,PSAX,True,split vote,PSAX,S S L S,Z:\raw_data\C000000043\VIS-035_SW_data_28-July-2026_12-30-03\output\CombinedData_buffer3_iq.gif
C000000043,VIS-035_SW_data_28-July-2026_12-30-50,0.0007428868557326496,0.9990033507347107,0.00011523577995831147,0.000138536881422624,-7.077780773687274,PSAX,PSAX,PLAX,0.003907857,PSAX,True,split vote,PSAX,S S L S,Z:\raw_data\C000000043\VIS-035_SW_data_28-July-2026_12-30-50\output\CombinedData_buffer3_iq.gif
C000000043,VIS-035_SW_data_28-July-2026_12-31-34,0.00036589361843653023,0.9995126128196716,7.1359594585374e-05,5.026440339861438e-05,-7.671165774282747,PSAX,PSAX,PLAX,0.006728602,PSAX,True,split vote,PSAX,S S L S,Z:\raw_data\C000000043\VIS-035_SW_data_28-July-2026_12-31-34\output\CombinedData_buffer3_iq.gif
C000000043,VIS-035_SW_data_28-July-2026_12-32-32,0.00026963840355165303,0.9995355010032654,0.00014892658509779721,4.595355858327821e-05,-7.902620752438582,PSAX,PSAX,PSAX,0.00027208353,PSAX,False,,PSAX,S S S S,Z:\raw_data\C000000043\VIS-035_SW_data_28-July-2026_12-32-32\output\CombinedData_buffer3_iq.gif
C000000043,VIS-035_SW_data_28-July-2026_12-33-22,0.0008161012665368617,0.9988187551498413,0.00018654059385880828,0.00017869481234811246,-6.9943018165957636,PSAX,PSAX,PSAX,0.00026215534,PSAX,False,,PSAX,S S S S,Z:\raw_data\C000000043\VIS-035_SW_data_28-July-2026_12-33-22\output\CombinedData_buffer3_iq.gif
C000000043,VIS-035_SW_data_28-July-2026_12-34-07,0.00036898895632475615,0.9993921518325806,0.00018073809042107314,5.798543861601502e-05,-7.66442335991123,PSAX,PSAX,PSAX,0.00052175956,PSAX,False,,PSAX,S S S S,Z:\raw_data\C000000043\VIS-035_SW_data_28-July-2026_12-34-07\output\CombinedData_buffer3_iq.gif
C000000043,VIS-035_SW_data_28-July-2026_12-35-12,0.007125459611415863,0.9728391766548157,0.015378416515886784,0.004657066892832518,-4.902710723073965,PSAX,PLAX,PSAX,5.1197613e-08,PSAX,True,split vote,PSAX,S L S S,Z:\raw_data\C000000043\VIS-035_SW_data_28-July-2026_12-35-12\output\CombinedData_buffer3_iq.gif
C000000043,VIS-035_SW_data_28-July-2026_12-36-33,0.04084259271621704,0.9225770831108093,0.013199553824961185,0.023380763828754425,-3.115108409618076,PSAX,PLAX,PSAX,1.8769737e-09,PSAX,True,split vote,PSAX,S L S S,Z:\raw_data\C000000043\VIS-035_SW_data_28-July-2026_12-36-33\output\CombinedData_buffer3_iq.gif
C000000043,VIS-035_SW_data_28-July-2026_12-37-54,0.017634645104408264,0.9570315480232239,0.014932197518646717,0.010401585139334202,-3.9884207637590268,PSAX,PLAX,PSAX,1.1327527e-06,PSAX,True,split vote,PSAX,S L S S,Z:\raw_data\C000000043\VIS-035_SW_data_28-July-2026_12-37-54\output\CombinedData_buffer3_iq.gif
C000000044,VIS-034_SW_data_28-July-2026_11-02-22,0.8358799815177917,0.093546062707901,0.05911203473806381,0.01146187074482441,2.189082281866699,PLAX,PLAX,PLAX,0.99996364,PLAX,False,,PLAX,L L L L,Z:\raw_data\C000000044\VIS-034_SW_data_28-July-2026_11-02-22\output\CombinedData_buffer3_iq.gif
C000000044,VIS-034_SW_data_28-July-2026_11-03-14,0.8372148275375366,0.06635628640651703,0.07615884393453598,0.02027004584670067,2.5336557535610327,PLAX,PLAX,PLAX,0.99998605,PLAX,False,,PLAX,L L L L,Z:\raw_data\C000000044\VIS-034_SW_data_28-July-2026_11-03-14\output\CombinedData_buffer3_iq.gif
C000000044,VIS-034_SW_data_28-July-2026_11-03-53,0.6287162899971008,0.09093312174081802,0.2223973274230957,0.057953231036663055,1.9326157317955892,PLAX,PLAX,PLAX,0.9996582,PLAX,False,,PLAX,L L L L,Z:\raw_data\C000000044\VIS-034_SW_data_28-July-2026_11-03-53\output\CombinedData_buffer3_iq.gif
C000000044,VIS-034_SW_data_28-July-2026_11-05-42,0.8350063562393188,0.06133149564266205,0.09968795627355576,0.003974256571382284,2.609636427496855,PLAX,PLAX,PLAX,0.99999857,PLAX,False,,PLAX,L L L L,Z:\raw_data\C000000044\VIS-034_SW_data_28-July-2026_11-05-42\output\CombinedData_buffer3_iq.gif
C000000044,VIS-034_SW_data_28-July-2026_11-06-30,0.6370548009872437,0.16338050365447998,0.14549043774604797,0.054074354469776154,1.3603189022034718,PLAX,PLAX,PLAX,0.97668695,PLAX,False,,PLAX,L L L L,Z:\raw_data\C000000044\VIS-034_SW_data_28-July-2026_11-06-30\output\CombinedData_buffer3_iq.gif
C000000044,VIS-034_SW_data_28-July-2026_11-07-15,0.6764338612556458,0.17758305370807648,0.1334594041109085,0.012523703277111053,1.3369811339521525,PLAX,PLAX,PLAX,0.999987,PLAX,False,,PLAX,L L L L,Z:\raw_data\C000000044\VIS-034_SW_data_28-July-2026_11-07-15\output\CombinedData_buffer3_iq.gif
C000000044,VIS-034_SW_data_28-July-2026_11-08-14,0.7258871793746948,0.11356986314058304,0.14797449111938477,0.012568367645144463,1.8542340457139528,PLAX,PLAX,PLAX,0.99945754,PLAX,False,,PLAX,L L L L,Z:\raw_data\C000000044\VIS-034_SW_data_28-July-2026_11-08-14\output\CombinedData_buffer3_iq.gif
C000000044,VIS-034_SW_data_28-July-2026_11-09-20,0.005412124563008547,0.8842883110046387,0.10816404968500137,0.0021354765631258488,-5.077946100061096,PSAX,PSAX,PSAX,2.9252453e-05,PSAX,False,,PSAX,S S S S,Z:\raw_data\C000000044\VIS-034_SW_data_28-July-2026_11-09-20\output\CombinedData_buffer3_iq.gif
C000000044,VIS-034_SW_data_28-July-2026_11-10-28,0.006800190545618534,0.8355912566184998,0.1554626226425171,0.0021461299620568752,-4.7967102080789665,PSAX,PSAX,PSAX,4.6461904e-05,PSAX,False,,PSAX,S S S S,Z:\raw_data\C000000044\VIS-034_SW_data_28-July-2026_11-10-28\output\CombinedData_buffer3_iq.gif
C000000044,VIS-034_SW_data_28-July-2026_11-11-00,0.009780698455870152,0.8735088109970093,0.11313308775424957,0.0035773187410086393,-4.482049487612941,PSAX,PSAX,PSAX,5.526602e-05,PSAX,False,,PSAX,S S S S,Z:\raw_data\C000000044\VIS-034_SW_data_28-July-2026_11-11-00\output\CombinedData_buffer3_iq.gif
C000000044,VIS-034_SW_data_28-July-2026_11-11-43,0.01166587695479393,0.7137089371681213,0.2694590389728546,0.005166178103536367,-4.1054117728316095,PSAX,PSAX,PSAX,3.4530665e-05,PSAX,False,,PSAX,S S S S,Z:\raw_data\C000000044\VIS-034_SW_data_28-July-2026_11-11-43\output\CombinedData_buffer3_iq.gif
C000000044,VIS-034_SW_data_28-July-2026_11-12-23,0.26747962832450867,0.6455371975898743,0.05273287743330002,0.034250352531671524,-0.8808205343617971,PSAX,PLAX,PSAX,0.00032953513,PSAX,True,split vote,PSAX,S L S S,Z:\raw_data\C000000044\VIS-034_SW_data_28-July-2026_11-12-23\output\CombinedData_buffer3_iq.gif
C000000044,VIS-034_SW_data_28-July-2026_11-13-20,0.00285538868047297,0.935587465763092,0.05951443314552307,0.0020426157861948013,-5.75765134125663,PSAX,PSAX,PSAX,1.4890719e-05,PSAX,False,,PSAX,S S S S,Z:\raw_data\C000000044\VIS-034_SW_data_28-July-2026_11-13-20\output\CombinedData_buffer3_iq.gif
C000000044,VIS-034_SW_data_28-July-2026_11-13-49,0.004735941532999277,0.859494149684906,0.13345369696617126,0.0023162004072219133,-5.18038451615877,PSAX,PSAX,PSAX,2.3277285e-06,PSAX,False,,PSAX,S S S S,Z:\raw_data\C000000044\VIS-034_SW_data_28-July-2026_11-13-49\output\CombinedData_buffer3_iq.gif
C000000044,VIS-034_SW_data_28-July-2026_11-14-37,0.01906309463083744,0.7713311314582825,0.20436644554138184,0.005239357240498066,-3.6952611273686293,PSAX,PSAX,PSAX,1.1553427e-05,PSAX,False,,PSAX,S S S S,Z:\raw_data\C000000044\VIS-034_SW_data_28-July-2026_11-14-37\output\CombinedData_buffer3_iq.gif
C000000045,VIS-033_SW_data_28-July-2026_09-25-55,0.9782055020332336,0.020766422152519226,0.0004503475211095065,0.0005777948535978794,3.847680724084345,PLAX,PLAX,PLAX,0.9999262,PLAX,False,,PLAX,L L L L,Z:\raw_data\C000000045\VIS-033_SW_data_28-July-2026_09-25-55\output\CombinedData_buffer3_iq.gif
C000000045,VIS-033_SW_data_28-July-2026_09-26-33,0.9810635447502136,0.018111614510416985,0.0003496985009405762,0.00047516956692561507,3.9866796074956943,PLAX,PLAX,PLAX,0.99948704,PLAX,False,,PLAX,L L L L,Z:\raw_data\C000000045\VIS-033_SW_data_28-July-2026_09-26-33\output\CombinedData_buffer3_iq.gif
C000000045,VIS-033_SW_data_28-July-2026_09-27-15,0.9957137703895569,0.0039655654691159725,0.00011487903975648805,0.00020583314471878111,5.501007422462679,PLAX,PLAX,PLAX,0.99999046,PLAX,False,,PLAX,L L L L,Z:\raw_data\C000000045\VIS-033_SW_data_28-July-2026_09-27-15\output\CombinedData_buffer3_iq.gif
C000000045,VIS-033_SW_data_28-July-2026_09-28-41,0.9983055591583252,0.00156035041436553,5.275894727674313e-05,8.125080057652667e-05,6.39913089258415,PLAX,PLAX,PLAX,0.99998486,PLAX,False,,PLAX,L L L L,Z:\raw_data\C000000045\VIS-033_SW_data_28-July-2026_09-28-41\output\CombinedData_buffer3_iq.gif
C000000045,VIS-033_SW_data_28-July-2026_09-29-30,0.9950173497200012,0.004538840148597956,0.0001954687904799357,0.0002483136486262083,5.36839630260499,PLAX,PLAX,PLAX,0.9998332,PLAX,False,,PLAX,L L L L,Z:\raw_data\C000000045\VIS-033_SW_data_28-July-2026_09-29-30\output\CombinedData_buffer3_iq.gif
C000000045,VIS-033_SW_data_28-July-2026_09-31-11,0.9927016496658325,0.006188120227307081,0.0005441528628580272,0.0005660874303430319,5.061868720455653,PLAX,PLAX,PLAX,0.9999689,PLAX,False,,PLAX,L L L L,Z:\raw_data\C000000045\VIS-033_SW_data_28-July-2026_09-31-11\output\CombinedData_buffer3_iq.gif
C000000045,VIS-033_SW_data_28-July-2026_09-33-03,0.0005918737151660025,0.9993413686752319,4.533872925094329e-05,2.1494042812264524e-05,-7.27554832411769,PSAX,PSAX,PSAX,1.8853489e-05,PSAX,False,,PSAX,S S S S,Z:\raw_data\C000000045\VIS-033_SW_data_28-July-2026_09-33-03\output\CombinedData_buffer3_iq.gif
C000000045,VIS-033_SW_data_28-July-2026_09-33-56,0.0009129093959927559,0.9990202784538269,5.8024157624458894e-05,8.872510079527274e-06,-6.89404839025816,PSAX,PSAX,PSAX,2.1455791e-05,PSAX,False,,PSAX,S S S S,Z:\raw_data\C000000045\VIS-033_SW_data_28-July-2026_09-33-56\output\CombinedData_buffer3_iq.gif
C000000045,VIS-033_SW_data_28-July-2026_09-34-26,0.0019812597893178463,0.9978493452072144,0.00015262881061062217,1.6858726667123847e-05,-6.172729140406226,PSAX,PSAX,PSAX,0.0013823292,PSAX,False,,PSAX,S S S S,Z:\raw_data\C000000045\VIS-033_SW_data_28-July-2026_09-34-26\output\CombinedData_buffer3_iq.gif
C000000045,VIS-033_SW_data_28-July-2026_09-35-31,0.0037150352727621794,0.99605393409729,0.0001401381887262687,9.080265590455383e-05,-5.564951887446237,PSAX,PSAX,PSAX,0.00012009364,PSAX,False,,PSAX,S S S S,Z:\raw_data\C000000045\VIS-033_SW_data_28-July-2026_09-35-31\output\CombinedData_buffer3_iq.gif
C000000045,VIS-033_SW_data_28-July-2026_09-36-04,0.005936105269938707,0.9932584762573242,0.0006070464150980115,0.00019845200586132705,-5.103332621078232,PSAX,PSAX,PSAX,0.00013115206,PSAX,False,,PSAX,S S S S,Z:\raw_data\C000000045\VIS-033_SW_data_28-July-2026_09-36-04\output\CombinedData_buffer3_iq.gif
C000000045,VIS-033_SW_data_28-July-2026_09-36-34,0.0033955546095967293,0.9962959289550781,0.0002278033789480105,8.073104254435748e-05,-5.65265264794976,PSAX,PSAX,PSAX,0.00045211104,PSAX,False,,PSAX,S S S S,Z:\raw_data\C000000045\VIS-033_SW_data_28-July-2026_09-36-34\output\CombinedData_buffer3_iq.gif
C000000045,VIS-033_SW_data_28-July-2026_09-37-13,0.005986890755593777,0.9921346306800842,0.0011185228358954191,0.000760094728320837,-5.093822199997117,PSAX,PSAX,PSAX,0.00081418664,PSAX,False,,PSAX,S S S S,Z:\raw_data\C000000045\VIS-033_SW_data_28-July-2026_09-37-13\output\CombinedData_buffer3_iq.gif
C000000045,VIS-033_SW_data_28-July-2026_09-38-08,0.01388346217572689,0.9847181439399719,0.0006225888500921428,0.000775836524553597,-4.254581640485249,PSAX,PSAX,PSAX,0.00074662536,PSAX,False,,PSAX,S S S S,Z:\raw_data\C000000045\VIS-033_SW_data_28-July-2026_09-38-08\output\CombinedData_buffer3_iq.gif
C000000045,VIS-033_SW_data_28-July-2026_09-39-38,0.03855525702238083,0.9581663012504578,0.0011929236352443695,0.002085423795506358,-3.2104429337086313,PSAX,PSAX,PSAX,9.779698e-05,PSAX,False,,PSAX,S S S S,Z:\raw_data\C000000045\VIS-033_SW_data_28-July-2026_09-39-38\output\CombinedData_buffer3_iq.gif
C000000046,VIS-049_SW_data_04-September-2026_09-33-53,0.9741510152816772,0.0205135066062212,0.00016077353211585432,0.005174720194190741,3.855722464894169,PLAX,PLAX,PLAX,0.9999962,PLAX,False,,PLAX,L L L L,Z:\raw_data\C000000046\VIS-049_SW_data_04-September-2026_09-33-53\output\CombinedData_buffer3_iq.gif
C000000046,VIS-049_SW_data_04-September-2026_09-34-47,0.9470016360282898,0.04746279492974281,0.00028685532743111253,0.005248707253485918,2.9913555751479137,PLAX,PLAX,PLAX,0.99983287,PLAX,False,,PLAX,L L L L,Z:\raw_data\C000000046\VIS-049_SW_data_04-September-2026_09-34-47\output\CombinedData_buffer3_iq.gif
C000000046,VIS-049_SW_data_04-September-2026_09-35-23,0.9654578566551208,0.03195995092391968,0.00013265141751617193,0.002449631690979004,3.405098407684605,PLAX,PLAX,PLAX,0.9999895,PLAX,False,,PLAX,L L L L,Z:\raw_data\C000000046\VIS-049_SW_data_04-September-2026_09-35-23\output\CombinedData_buffer3_iq.gif
C000000046,VIS-049_SW_data_04-September-2026_09-36-21,0.9604914784431458,0.03767675161361694,0.00015953394176904112,0.0016722967848181725,3.235855341377977,PLAX,PLAX,PLAX,0.9997422,PLAX,False,,PLAX,L L L L,Z:\raw_data\C000000046\VIS-049_SW_data_04-September-2026_09-36-21\output\CombinedData_buffer3_iq.gif
C000000046,VIS-049_SW_data_04-September-2026_09-36-50,0.9523914456367493,0.04349316284060478,0.00020850477449130267,0.003906956408172846,3.0841808035260527,PLAX,PLAX,PLAX,0.9998442,PLAX,False,,PLAX,L L L L,Z:\raw_data\C000000046\VIS-049_SW_data_04-September-2026_09-36-50\output\CombinedData_buffer3_iq.gif
C000000046,VIS-049_SW_data_04-September-2026_09-37-50,0.9331228137016296,0.059972818940877914,0.0003126931260339916,0.006591631565243006,2.743086511232492,PLAX,PLAX,PLAX,0.99914277,PLAX,False,,PLAX,L L L L,Z:\raw_data\C000000046\VIS-049_SW_data_04-September-2026_09-37-50\output\CombinedData_buffer3_iq.gif
C000000046,VIS-049_SW_data_04-September-2026_09-39-02,0.002473188331350684,0.9968846440315247,0.00015997167793102562,0.0004821604525204748,-5.95958964180797,PSAX,PSAX,PSAX,0.0007492025,PSAX,False,,PSAX,S S S S,Z:\raw_data\C000000046\VIS-049_SW_data_04-September-2026_09-39-02\output\CombinedData_buffer3_iq.gif
C000000046,VIS-049_SW_data_04-September-2026_09-40-58,0.002576784696429968,0.9970029592514038,0.00015500851441174746,0.000265289971139282,-5.920237699568187,PSAX,PSAX,PSAX,0.0028854224,PSAX,False,,PSAX,S S S S,Z:\raw_data\C000000046\VIS-049_SW_data_04-September-2026_09-40-58\output\CombinedData_buffer3_iq.gif
C000000046,VIS-049_SW_data_04-September-2026_09-42-22,0.0037436175625771284,0.9960330724716187,8.572226215619594e-05,0.00013758100976701826,-5.557466858844599,PSAX,PSAX,PSAX,0.0030258896,PSAX,False,,PSAX,S S S S,Z:\raw_data\C000000046\VIS-049_SW_data_04-September-2026_09-42-22\output\CombinedData_buffer3_iq.gif
C000000046,VIS-049_SW_data_04-September-2026_09-42-55,0.0026229931972920895,0.9935035109519958,0.0005224199267104268,0.0033510560169816017,-5.899606529291437,PSAX,PSAX,PSAX,0.0023467613,PSAX,False,,PSAX,S S S S,Z:\raw_data\C000000046\VIS-049_SW_data_04-September-2026_09-42-55\output\CombinedData_buffer3_iq.gif
C000000046,VIS-049_SW_data_04-September-2026_09-43-37,0.0026068303268402815,0.9943656921386719,0.00036765466211363673,0.002659834921360016,-5.906427270841961,PSAX,PSAX,PSAX,0.0005320982,PSAX,False,,PSAX,S S S S,Z:\raw_data\C000000046\VIS-049_SW_data_04-September-2026_09-43-37\output\CombinedData_buffer3_iq.gif
C000000046,VIS-049_SW_data_04-September-2026_09-44-09,0.002868023933842778,0.9933900237083435,0.000590402923990041,0.0031515483278781176,-5.813327631143826,PSAX,PSAX,PSAX,0.0011195136,PSAX,False,,PSAX,S S S S,Z:\raw_data\C000000046\VIS-049_SW_data_04-September-2026_09-44-09\output\CombinedData_buffer3_iq.gif
C000000046,VIS-049_SW_data_04-September-2026_09-44-38,0.002110152505338192,0.9955904483795166,0.00036784776602871716,0.0019315538229420781,-6.110374894389053,PSAX,PSAX,PSAX,0.00031457466,PSAX,False,,PSAX,S S S S,Z:\raw_data\C000000046\VIS-049_SW_data_04-September-2026_09-44-38\output\CombinedData_buffer3_iq.gif
C000000046,VIS-049_SW_data_04-September-2026_09-45-15,0.006582699250429869,0.9872298240661621,0.0004576043284032494,0.005729949567466974,-4.995482166529037,PSAX,PSAX,PSAX,0.00022319067,PSAX,False,,PSAX,S S S S,Z:\raw_data\C000000046\VIS-049_SW_data_04-September-2026_09-45-15\output\CombinedData_buffer3_iq.gif
C000000046,VIS-049_SW_data_04-September-2026_09-46-14,0.006057604681700468,0.9926765561103821,0.0003403139708098024,0.0009255943004973233,-5.0828177681516,PSAX,PSAX,PSAX,0.00042577414,PSAX,False,,PSAX,S S S S,Z:\raw_data\C000000046\VIS-049_SW_data_04-September-2026_09-46-14\output\CombinedData_buffer3_iq.gif
C000000046,VIS-049_SW_data_04-September-2026_09-46-52,0.01262536272406578,0.9812687635421753,0.0004810327955055982,0.005624932702630758,-4.345351227813443,PSAX,PSAX,PSAX,0.000485388,PSAX,False,,PSAX,S S S S,Z:\raw_data\C000000046\VIS-049_SW_data_04-September-2026_09-46-52\output\CombinedData_buffer3_iq.gif
C000000046,VIS-049_SW_data_04-September-2026_09-47-24,0.040577493607997894,0.9553852081298828,0.0007903147488832474,0.003246898762881756,-3.1565443259035733,PSAX,PSAX,PSAX,0.0012014341,PSAX,False,,PSAX,S S S S,Z:\raw_data\C000000046\VIS-049_SW_data_04-September-2026_09-47-24\output\CombinedData_buffer3_iq.gif
C000000047,VIS-048_SW_data_04-September-2026_08-51-34,0.9937814474105835,0.00587938167154789,0.00012793757196050137,0.00021112459944561124,5.113300768135203,PLAX,PLAX,PLAX,0.99990845,PLAX,False,,PLAX,L L L L,Z:\raw_data\C000000047\VIS-048_SW_data_04-September-2026_08-51-34\output\CombinedData_buffer3_iq.gif
C000000047,VIS-048_SW_data_04-September-2026_08-52-20,0.9967727661132812,0.003057386726140976,6.222155934665352e-05,0.00010764332546386868,5.754878445021873,PLAX,PLAX,PLAX,0.9999865,PLAX,False,,PLAX,L L L L,Z:\raw_data\C000000047\VIS-048_SW_data_04-September-2026_08-52-20\output\CombinedData_buffer3_iq.gif
C000000047,VIS-048_SW_data_04-September-2026_08-52-56,0.9916783571243286,0.007693676743656397,0.00019449171668384224,0.0004333986435085535,4.846186920970819,PLAX,PLAX,PLAX,0.9998022,PLAX,False,,PLAX,L L L L,Z:\raw_data\C000000047\VIS-048_SW_data_04-September-2026_08-52-56\output\CombinedData_buffer3_iq.gif
C000000047,VIS-048_SW_data_04-September-2026_08-54-05,0.970048725605011,0.028999153524637222,0.0004577490035444498,0.000494419306050986,3.5067402998563573,PLAX,PLAX,PLAX,0.99848384,PLAX,False,,PLAX,L L L L,Z:\raw_data\C000000047\VIS-048_SW_data_04-September-2026_08-54-05\output\CombinedData_buffer3_iq.gif
C000000047,VIS-048_SW_data_04-September-2026_08-54-35,0.9135151505470276,0.08468125760555267,0.0008875593775883317,0.0009159178589470685,2.3773349225454083,PLAX,PLAX,PLAX,0.9991959,PLAX,False,,PLAX,L L L L,Z:\raw_data\C000000047\VIS-048_SW_data_04-September-2026_08-54-35\output\CombinedData_buffer3_iq.gif
C000000047,VIS-048_SW_data_04-September-2026_08-55-10,0.9777792096138,0.02154255472123623,0.0003051504318136722,0.0003729478339664638,3.8107246523345104,PLAX,PLAX,PLAX,0.999238,PLAX,False,,PLAX,L L L L,Z:\raw_data\C000000047\VIS-048_SW_data_04-September-2026_08-55-10\output\CombinedData_buffer3_iq.gif
C000000047,VIS-048_SW_data_04-September-2026_08-56-31,0.004017663188278675,0.994929850101471,0.0003909491060767323,0.0006614575977437198,-5.487486921671716,PSAX,PSAX,PLAX,0.00015701291,PSAX,True,split vote,PSAX,S S L S,Z:\raw_data\C000000047\VIS-048_SW_data_04-September-2026_08-56-31\output\CombinedData_buffer3_iq.gif
C000000047,VIS-048_SW_data_04-September-2026_08-57-16,0.005689818877726793,0.990810751914978,0.0006278529763221741,0.0028715087100863457,-5.142523462478789,PSAX,PSAX,PSAX,8.181713e-05,PSAX,False,,PSAX,S S S S,Z:\raw_data\C000000047\VIS-048_SW_data_04-September-2026_08-57-16\output\CombinedData_buffer3_iq.gif
C000000047,VIS-048_SW_data_04-September-2026_08-58-32,0.0032507258001714945,0.9962893128395081,0.00018689701391849667,0.00027309093275107443,-5.694961078419331,PSAX,PSAX,PSAX,2.72344e-06,PSAX,False,,PSAX,S S S S,Z:\raw_data\C000000047\VIS-048_SW_data_04-September-2026_08-58-32\output\CombinedData_buffer3_iq.gif
C000000047,VIS-048_SW_data_04-September-2026_08-59-07,0.0025942721404135227,0.995746374130249,0.0005384596297517419,0.001120737288147211,-5.912464912732077,PSAX,PSAX,PSAX,3.103709e-05,PSAX,False,,PSAX,S S S S,Z:\raw_data\C000000047\VIS-048_SW_data_04-September-2026_08-59-07\output\CombinedData_buffer3_iq.gif
C000000047,VIS-048_SW_data_04-September-2026_09-00-23,0.003681095549836755,0.9948230981826782,0.0006959526217542589,0.000799788860604167,-5.57265165027447,PSAX,PSAX,PSAX,9.904604e-06,PSAX,False,,PSAX,S S S S,Z:\raw_data\C000000047\VIS-048_SW_data_04-September-2026_09-00-23\output\CombinedData_buffer3_iq.gif
C000000047,VIS-048_SW_data_04-September-2026_09-03-55,0.006661596707999706,0.9887557625770569,0.0007999949739314616,0.0037826751358807087,-4.985289417732916,PSAX,PSAX,PSAX,7.2993716e-06,PSAX,False,,PSAX,S S S S,Z:\raw_data\C000000047\VIS-048_SW_data_04-September-2026_09-03-55\output\CombinedData_buffer3_iq.gif
C000000048,VIS-047_SW_data_28-August-2026_10-12-35,0.9536383748054504,0.030372807756066322,0.002631990471854806,0.013356689363718033,3.4435546566259307,PLAX,PLAX,PLAX,0.9999989,PLAX,False,,PLAX,L L L L,Z:\raw_data\C000000048\VIS-047_SW_data_28-August-2026_10-12-35\output\CombinedData_buffer3_iq.gif
C000000048,VIS-047_SW_data_28-August-2026_10-13-27,0.980633556842804,0.01780019886791706,0.00042013463098555803,0.0011461576214060187,4.003488996323831,PLAX,PLAX,PLAX,0.9999403,PLAX,False,,PLAX,L L L L,Z:\raw_data\C000000048\VIS-047_SW_data_28-August-2026_10-13-27\output\CombinedData_buffer3_iq.gif
C000000048,VIS-047_SW_data_28-August-2026_10-14-15,0.9522435665130615,0.0435560941696167,0.0011723069474101067,0.0030280188657343388,3.0825829719162825,PLAX,PLAX,PLAX,0.9997483,PLAX,False,,PLAX,L L L L,Z:\raw_data\C000000048\VIS-047_SW_data_28-August-2026_10-14-15\output\CombinedData_buffer3_iq.gif
C000000048,VIS-047_SW_data_28-August-2026_10-14-52,0.9881691336631775,0.009697013534605503,0.0005194489494897425,0.0016144092660397291,4.613877465279485,PLAX,PLAX,PLAX,0.99961877,PLAX,False,,PLAX,L L L L,Z:\raw_data\C000000048\VIS-047_SW_data_28-August-2026_10-14-52\output\CombinedData_buffer3_iq.gif
C000000048,VIS-047_SW_data_28-August-2026_10-15-37,0.9910499453544617,0.008204239420592785,0.0003599848714657128,0.00038577133091166615,4.782099672035217,PLAX,PLAX,PLAX,0.9999721,PLAX,False,,PLAX,L L L L,Z:\raw_data\C000000048\VIS-047_SW_data_28-August-2026_10-15-37\output\CombinedData_buffer3_iq.gif
C000000048,VIS-047_SW_data_28-August-2026_10-16-16,0.9907101988792419,0.008222893811762333,0.0004919938510283828,0.0005749069387093186,4.779512982868784,PLAX,PLAX,PLAX,0.99980825,PLAX,False,,PLAX,L L L L,Z:\raw_data\C000000048\VIS-047_SW_data_28-August-2026_10-16-16\output\CombinedData_buffer3_iq.gif
C000000048,VIS-047_SW_data_28-August-2026_10-17-13,0.9823576211929321,0.016303125768899918,0.00033235401497222483,0.0010070581920444965,4.092585296833527,PLAX,PLAX,PLAX,0.9999757,PLAX,False,,PLAX,L L L L,Z:\raw_data\C000000048\VIS-047_SW_data_28-August-2026_10-17-13\output\CombinedData_buffer3_iq.gif
C000000048,VIS-047_SW_data_28-August-2026_10-18-16,0.0030018072575330734,0.9945701360702515,0.0011507245944812894,0.0012772850459441543,-5.770426232734147,PSAX,PSAX,PSAX,0.00046468744,PSAX,False,,PSAX,S S S S,Z:\raw_data\C000000048\VIS-047_SW_data_28-August-2026_10-18-16\output\CombinedData_buffer3_iq.gif
C000000048,VIS-047_SW_data_28-August-2026_10-19-24,0.017772549763321877,0.9751428365707397,0.001469830865971744,0.005614859983325005,-3.9994205001297707,PSAX,PSAX,PLAX,0.0036511058,PSAX,True,split vote,PSAX,S S L S,Z:\raw_data\C000000048\VIS-047_SW_data_28-August-2026_10-19-24\output\CombinedData_buffer3_iq.gif
C000000048,VIS-047_SW_data_28-August-2026_10-20-08,0.0060018752701580524,0.9895851612091064,0.0010561197996139526,0.003356844186782837,-5.0887907282967815,PSAX,PSAX,PLAX,0.00090122735,PSAX,True,split vote,PSAX,S S L S,Z:\raw_data\C000000048\VIS-047_SW_data_28-August-2026_10-20-08\output\CombinedData_buffer3_iq.gif
C000000048,VIS-047_SW_data_28-August-2026_10-21-12,0.002141753677278757,0.9954596161842346,0.0016506045358255506,0.0007479593623429537,-6.096046556171479,PSAX,PSAX,PSAX,1.710136e-05,PSAX,False,,PSAX,S S S S,Z:\raw_data\C000000048\VIS-047_SW_data_28-August-2026_10-21-12\output\CombinedData_buffer3_iq.gif
C000000048,VIS-047_SW_data_28-August-2026_10-21-52,0.0023080583196133375,0.9959714412689209,0.001296419301070273,0.00042417593067511916,-6.024998236932078,PSAX,PSAX,PSAX,0.00024127073,PSAX,False,,PSAX,S S S S,Z:\raw_data\C000000048\VIS-047_SW_data_28-August-2026_10-21-52\output\CombinedData_buffer3_iq.gif
C000000048,VIS-047_SW_data_28-August-2026_10-22-40,0.0039050737395882607,0.993861198425293,0.0015326428692787886,0.0007011198904365301,-5.514136177872176,PSAX,PSAX,PSAX,0.00022346154,PSAX,False,,PSAX,S S S S,Z:\raw_data\C000000048\VIS-047_SW_data_28-August-2026_10-22-40\output\CombinedData_buffer3_iq.gif
C000000048,VIS-047_SW_data_28-August-2026_10-23-18,0.003851474728435278,0.9927065968513489,0.0029017007909715176,0.0005402352544479072,-5.526447020354858,PSAX,PSAX,PSAX,1.9546567e-05,PSAX,False,,PSAX,S S S S,Z:\raw_data\C000000048\VIS-047_SW_data_28-August-2026_10-23-18\output\CombinedData_buffer3_iq.gif
C000000048,VIS-047_SW_data_28-August-2026_10-23-48,0.0057511767372488976,0.9920527338981628,0.0005124153103679419,0.0016837673028931022,-5.133234268374571,PSAX,PSAX,PSAX,3.426457e-05,PSAX,False,,PSAX,S S S S,Z:\raw_data\C000000048\VIS-047_SW_data_28-August-2026_10-23-48\output\CombinedData_buffer3_iq.gif
C000000048,VIS-047_SW_data_28-August-2026_10-24-44,0.01320680882781744,0.9782761335372925,0.0018013602821156383,0.006715686991810799,-4.297618344544873,PSAX,PSAX,PSAX,5.640279e-06,PSAX,False,,PSAX,S S S S,Z:\raw_data\C000000048\VIS-047_SW_data_28-August-2026_10-24-44\output\CombinedData_buffer3_iq.gif
C000000048,VIS-047_SW_data_28-August-2026_10-25-21,0.1167750209569931,0.8742506504058838,0.0015002262080088258,0.00747416727244854,-2.0123763301129878,PSAX,PSAX,PSAX,0.00010493989,PSAX,False,,PSAX,S S S S,Z:\raw_data\C000000048\VIS-047_SW_data_28-August-2026_10-25-21\output\CombinedData_buffer3_iq.gif
C000000049,VIS-046_SW_data_28-August-2026_08-46-35,0.984965980052948,0.01327697467058897,0.00037361597060225904,0.0013836096040904522,4.299173702946977,PLAX,PLAX,PLAX,0.9999943,PLAX,False,,PLAX,L L L L,Z:\raw_data\C000000049\VIS-046_SW_data_28-August-2026_08-46-35\output\CombinedData_buffer3_iq.gif
C000000049,VIS-046_SW_data_28-August-2026_08-47-17,0.9686942100524902,0.028048645704984665,0.0010067345574498177,0.002250445308163762,3.538552972328354,PLAX,PLAX,PLAX,0.99989915,PLAX,False,,PLAX,L L L L,Z:\raw_data\C000000049\VIS-046_SW_data_28-August-2026_08-47-17\output\CombinedData_buffer3_iq.gif
C000000049,VIS-046_SW_data_28-August-2026_08-48-05,0.9758874177932739,0.021829644218087196,0.000627461529802531,0.001655549043789506,3.7956103559519847,PLAX,PLAX,PLAX,0.9999876,PLAX,False,,PLAX,L L L L,Z:\raw_data\C000000049\VIS-046_SW_data_28-August-2026_08-48-05\output\CombinedData_buffer3_iq.gif
C000000049,VIS-046_SW_data_28-August-2026_08-48-41,0.988172709941864,0.01051576342433691,0.00042617545113898814,0.0008852379396557808,4.533618669908831,PLAX,PLAX,PLAX,0.9999989,PLAX,False,,PLAX,L L L L,Z:\raw_data\C000000049\VIS-046_SW_data_28-August-2026_08-48-41\output\CombinedData_buffer3_iq.gif
C000000049,VIS-046_SW_data_28-August-2026_08-49-26,0.9986456036567688,0.001137281651608646,4.532525417744182e-05,0.00017182822921313345,6.693583338477001,PLAX,PLAX,PLAX,0.9999906,PLAX,False,,PLAX,L L L L,Z:\raw_data\C000000049\VIS-046_SW_data_28-August-2026_08-49-26\output\CombinedData_buffer3_iq.gif
C000000049,VIS-046_SW_data_28-August-2026_08-49-57,0.9987229704856873,0.0010722614824771881,5.1759881898760796e-05,0.0001528753200545907,6.747642782038913,PLAX,PLAX,PLAX,0.9999969,PLAX,False,,PLAX,L L L L,Z:\raw_data\C000000049\VIS-046_SW_data_28-August-2026_08-49-57\output\CombinedData_buffer3_iq.gif
C000000049,VIS-046_SW_data_28-August-2026_08-51-53,0.03226502984762192,0.9605820775032043,0.0005557831027545035,0.0065972693264484406,-3.3905650153610956,PSAX,PSAX,PSAX,5.3633532e-05,PSAX,False,,PSAX,S S S S,Z:\raw_data\C000000049\VIS-046_SW_data_28-August-2026_08-51-53\output\CombinedData_buffer3_iq.gif
C000000049,VIS-046_SW_data_28-August-2026_08-52-49,0.02822846919298172,0.9679974913597107,0.00032933836337178946,0.003444787347689271,-3.531465518877366,PSAX,PSAX,PSAX,0.00014177439,PSAX,False,,PSAX,S S S S,Z:\raw_data\C000000049\VIS-046_SW_data_28-August-2026_08-52-49\output\CombinedData_buffer3_iq.gif
C000000049,VIS-046_SW_data_28-August-2026_08-53-39,0.03241053968667984,0.9630327224731445,0.0003880119475070387,0.004168932791799307,-3.388626889370239,PSAX,PSAX,PSAX,9.440649e-06,PSAX,False,,PSAX,S S S S,Z:\raw_data\C000000049\VIS-046_SW_data_28-August-2026_08-53-39\output\CombinedData_buffer3_iq.gif
C000000049,VIS-046_SW_data_28-August-2026_08-54-13,0.022402793169021606,0.9736396074295044,0.00040849161450751126,0.003549010958522558,-3.7675044820474133,PSAX,PSAX,PSAX,5.697546e-05,PSAX,False,,PSAX,S S S S,Z:\raw_data\C000000049\VIS-046_SW_data_28-August-2026_08-54-13\output\CombinedData_buffer3_iq.gif
C000000049,VIS-046_SW_data_28-August-2026_08-55-37,0.15219417214393616,0.7624190449714661,0.002279328415170312,0.0831073671579361,-1.6108134916464742,PSAX,PSAX,PSAX,2.9036271e-05,PSAX,False,,PSAX,S S S S,Z:\raw_data\C000000049\VIS-046_SW_data_28-August-2026_08-55-37\output\CombinedData_buffer3_iq.gif
C000000049,VIS-046_SW_data_28-August-2026_08-56-11,0.08461812883615494,0.876768171787262,0.0014578545233234763,0.037155844271183014,-2.337027049239513,PSAX,PSAX,PSAX,3.223799e-05,PSAX,False,,PSAX,S S S S,Z:\raw_data\C000000049\VIS-046_SW_data_28-August-2026_08-56-11\output\CombinedData_buffer3_iq.gif
C000000049,VIS-046_SW_data_28-August-2026_08-56-44,0.06529337167739868,0.9218868017196655,0.0008436485659331083,0.011976221576333046,-2.6461100057881097,PSAX,PSAX,PSAX,4.188545e-05,PSAX,False,,PSAX,S S S S,Z:\raw_data\C000000049\VIS-046_SW_data_28-August-2026_08-56-44\output\CombinedData_buffer3_iq.gif
C000000049,VIS-046_SW_data_28-August-2026_08-57-27,0.12492379546165466,0.8312842845916748,0.0015688742278143764,0.042223185300827026,-1.894588041417789,PSAX,PSAX,PSAX,0.00010511817,PSAX,False,,PSAX,S S S S,Z:\raw_data\C000000049\VIS-046_SW_data_28-August-2026_08-57-27\output\CombinedData_buffer3_iq.gif
C000000049,VIS-046_SW_data_28-August-2026_08-58-00,0.07530325651168823,0.9165858626365662,0.0005537236575037241,0.007557109463959932,-2.497914378939872,PSAX,PSAX,PSAX,0.00011325295,PSAX,False,,PSAX,S S S S,Z:\raw_data\C000000049\VIS-046_SW_data_28-August-2026_08-58-00\output\CombinedData_buffer3_iq.gif
