subject,folder,event,lo,marked,n_rois,w_ms,method,t0,t1,sem,cover,full,err_ms
C000000001,Z:\raw_data\C000000001\SWE_01_SW_data_21-April-2026_12-12-54,MVC,0.0,True,1,100,phase,0.0016200001118704677,0.10162000011187047,,1.0,1.0,16.780000111870468
C000000001,Z:\raw_data\C000000001\SWE_01_SW_data_21-April-2026_12-12-54,MVC,0.0,True,1,100,energy,0.0016200001118704677,0.10162000011187047,0.7241166933785944,1.0,1.0,16.780000111870468
C000000001,Z:\raw_data\C000000001\SWE_01_SW_data_21-April-2026_12-12-54,MVC,0.0,True,1,100,prop,0.0016200001118704677,0.10162000011187047,0.7241166933785944,1.0,1.0,16.780000111870468
C000000001,Z:\raw_data\C000000001\SWE_01_SW_data_21-April-2026_12-12-54,MVC,0.0,True,1,100,sem,0.05412000011187049,0.1541200001118705,0.81823567005621,0.1972361791477625,0.0,69.28000011187049
C000000001,Z:\raw_data\C000000001\SWE_01_SW_data_21-April-2026_12-12-54,MVC,0.0,True,1,100,sem*prop,0.0016200001118704677,0.10162000011187047,0.7241166933785944,1.0,1.0,16.780000111870468
C000000001,Z:\raw_data\C000000001\SWE_01_SW_data_21-April-2026_12-12-54,MVC,0.0,True,1,100,prior*energy,0.0016200001118704677,0.10162000011187047,0.7121616866032534,1.0,1.0,16.780000111870468
C000000001,Z:\raw_data\C000000001\SWE_01_SW_data_21-April-2026_12-12-54,MVC,0.0,True,1,100,prior*prop,0.0016200001118704677,0.10162000011187047,0.7121616866032534,1.0,1.0,16.780000111870468
C000000001,Z:\raw_data\C000000001\SWE_01_SW_data_21-April-2026_12-12-54,MVC,0.0,True,1,100,prior*sem,0.0016200001118704677,0.10162000011187047,0.714123583591092,1.0,1.0,16.780000111870468
C000000001,Z:\raw_data\C000000001\SWE_01_SW_data_21-April-2026_12-12-54,MVC,0.0,True,1,100,prior*sem*prop,0.0016200001118704677,0.10162000011187047,0.7121616866032534,1.0,1.0,16.780000111870468
C000000001,Z:\raw_data\C000000001\SWE_01_SW_data_21-April-2026_12-12-54,MVC,0.0,True,1,100,peak,0.0016200001118704677,0.10162000011187047,0.7110918045106198,1.0,1.0,16.780000111870468
C000000001,Z:\raw_data\C000000001\SWE_01_SW_data_21-April-2026_12-12-54,MVC,0.0,True,1,100,prior30*peak,0.0016200001118704677,0.10162000011187047,0.7113308573277276,1.0,1.0,16.780000111870468
C000000001,Z:\raw_data\C000000001\SWE_01_SW_data_21-April-2026_12-12-54,MVC,0.0,True,1,100,prior45*peak,0.0016200001118704677,0.10162000011187047,0.7114540801862109,1.0,1.0,16.780000111870468
C000000001,Z:\raw_data\C000000001\SWE_01_SW_data_21-April-2026_12-12-54,MVC,0.0,True,1,100,prior60*peak,0.0016200001118704677,0.10162000011187047,0.7114455820580396,1.0,1.0,16.780000111870468
C000000001,Z:\raw_data\C000000001\SWE_01_SW_data_21-April-2026_12-12-54,MVC,0.0,True,1,100,prior90*peak,0.0016200001118704677,0.10162000011187047,0.7110918045106198,1.0,1.0,16.780000111870468
C000000001,Z:\raw_data\C000000001\SWE_01_SW_data_21-April-2026_12-12-54,MVC,0.0,True,1,120,phase,0.0016200001118704677,0.12162000011187046,,1.0,1.0,26.780000111870464
C000000001,Z:\raw_data\C000000001\SWE_01_SW_data_21-April-2026_12-12-54,MVC,0.0,True,1,120,energy,0.0016200001118704677,0.12162000011187046,0.7290066234330544,1.0,1.0,26.780000111870464
C000000001,Z:\raw_data\C000000001\SWE_01_SW_data_21-April-2026_12-12-54,MVC,0.0,True,1,120,prop,0.0016200001118704677,0.12162000011187046,0.7290066234330544,1.0,1.0,26.780000111870464
C000000001,Z:\raw_data\C000000001\SWE_01_SW_data_21-April-2026_12-12-54,MVC,0.0,True,1,120,sem,0.05912000011187049,0.1791200001118705,0.7947570068874908,0.11871859120806395,0.0,84.28000011187048
C000000001,Z:\raw_data\C000000001\SWE_01_SW_data_21-April-2026_12-12-54,MVC,0.0,True,1,120,sem*prop,0.0016200001118704677,0.12162000011187046,0.7290066234330544,1.0,1.0,26.780000111870464
C000000001,Z:\raw_data\C000000001\SWE_01_SW_data_21-April-2026_12-12-54,MVC,0.0,True,1,120,prior*energy,0.0016200001118704677,0.12162000011187046,0.7149838799833028,1.0,1.0,26.780000111870464
C000000001,Z:\raw_data\C000000001\SWE_01_SW_data_21-April-2026_12-12-54,MVC,0.0,True,1,120,prior*prop,0.0016200001118704677,0.12162000011187046,0.7149838799833028,1.0,1.0,26.780000111870464
C000000001,Z:\raw_data\C000000001\SWE_01_SW_data_21-April-2026_12-12-54,MVC,0.0,True,1,120,prior*sem,0.0016200001118704677,0.12162000011187046,0.7159887446957184,1.0,1.0,26.780000111870464
C000000001,Z:\raw_data\C000000001\SWE_01_SW_data_21-April-2026_12-12-54,MVC,0.0,True,1,120,prior*sem*prop,0.0016200001118704677,0.12162000011187046,0.7149838799833028,1.0,1.0,26.780000111870464
C000000001,Z:\raw_data\C000000001\SWE_01_SW_data_21-April-2026_12-12-54,MVC,0.0,True,1,120,peak,0.0016200001118704677,0.12162000011187046,0.7126903943654859,1.0,1.0,26.780000111870464
C000000001,Z:\raw_data\C000000001\SWE_01_SW_data_21-April-2026_12-12-54,MVC,0.0,True,1,120,prior30*peak,0.0016200001118704677,0.12162000011187046,0.7134363723679737,1.0,1.0,26.780000111870464
C000000001,Z:\raw_data\C000000001\SWE_01_SW_data_21-April-2026_12-12-54,MVC,0.0,True,1,120,prior45*peak,0.0016200001118704677,0.12162000011187046,0.7137572348275012,1.0,1.0,26.780000111870464
C000000001,Z:\raw_data\C000000001\SWE_01_SW_data_21-April-2026_12-12-54,MVC,0.0,True,1,120,prior60*peak,0.0016200001118704677,0.12162000011187046,0.7137351063820165,1.0,1.0,26.780000111870464
C000000001,Z:\raw_data\C000000001\SWE_01_SW_data_21-April-2026_12-12-54,MVC,0.0,True,1,120,prior90*peak,0.0016200001118704677,0.12162000011187046,0.7126903943654859,1.0,1.0,26.780000111870464
C000000001,Z:\raw_data\C000000001\SWE_01_SW_data_21-April-2026_12-12-54,AVC,0.24903370786516854,True,1,100,phase,0.291275001471561,0.391275001471561,,0.7755283904534588,0.0,29.925001471560964
C000000001,Z:\raw_data\C000000001\SWE_01_SW_data_21-April-2026_12-12-54,AVC,0.24903370786516854,True,1,100,energy,0.28162000011187055,0.3816200001118706,0.6376991211587435,0.9080428203147055,0.0,20.270000111870523
C000000001,Z:\raw_data\C000000001\SWE_01_SW_data_21-April-2026_12-12-54,AVC,0.24903370786516854,True,1,100,prop,0.28162000011187055,0.3816200001118706,0.6376991211587435,0.9080428203147055,0.0,20.270000111870523
C000000001,Z:\raw_data\C000000001\SWE_01_SW_data_21-April-2026_12-12-54,AVC,0.24903370786516854,True,1,100,sem,0.32162000011187053,0.4216200001118705,0.6626792659307441,0.35904474180798046,0.0,60.2700001118705
C000000001,Z:\raw_data\C000000001\SWE_01_SW_data_21-April-2026_12-12-54,AVC,0.24903370786516854,True,1,100,sem*prop,0.27412000011187054,0.3741200001118705,0.6411763364602155,1.0,1.0,12.770000111870516
C000000001,Z:\raw_data\C000000001\SWE_01_SW_data_21-April-2026_12-12-54,AVC,0.24903370786516854,True,1,100,prior*energy,0.28912000011187056,0.38912000011187053,0.6354115961216892,0.8051056805946945,0.0,27.77000011187053
C000000001,Z:\raw_data\C000000001\SWE_01_SW_data_21-April-2026_12-12-54,AVC,0.24903370786516854,True,1,100,prior*prop,0.28912000011187056,0.38912000011187053,0.6354115961216892,0.8051056805946945,0.0,27.77000011187053
C000000001,Z:\raw_data\C000000001\SWE_01_SW_data_21-April-2026_12-12-54,AVC,0.24903370786516854,True,1,100,prior*sem,0.29162000011187056,0.3916200001118706,0.6352894164893177,0.7707933006880241,0.0,30.27000011187053
C000000001,Z:\raw_data\C000000001\SWE_01_SW_data_21-April-2026_12-12-54,AVC,0.24903370786516854,True,1,100,prior*sem*prop,0.28912000011187056,0.38912000011187053,0.6354115961216892,0.8051056805946945,0.0,27.77000011187053
C000000001,Z:\raw_data\C000000001\SWE_01_SW_data_21-April-2026_12-12-54,AVC,0.24903370786516854,True,1,100,peak,0.264455,0.364455,0.6426151995561484,1.0,1.0,3.104999999999969
C000000001,Z:\raw_data\C000000001\SWE_01_SW_data_21-April-2026_12-12-54,AVC,0.24903370786516854,True,1,100,prior30*peak,0.264455,0.364455,0.6426151995561484,1.0,1.0,3.104999999999969
C000000001,Z:\raw_data\C000000001\SWE_01_SW_data_21-April-2026_12-12-54,AVC,0.24903370786516854,True,1,100,prior45*peak,0.264455,0.364455,0.6426151995561484,1.0,1.0,3.104999999999969
C000000001,Z:\raw_data\C000000001\SWE_01_SW_data_21-April-2026_12-12-54,AVC,0.24903370786516854,True,1,100,prior60*peak,0.26452499999999995,0.364525,0.642593161330654,1.0,1.0,3.174999999999928
C000000001,Z:\raw_data\C000000001\SWE_01_SW_data_21-April-2026_12-12-54,AVC,0.24903370786516854,True,1,100,prior90*peak,0.264455,0.364455,0.6426151995561484,1.0,1.0,3.104999999999969
C000000001,Z:\raw_data\C000000001\SWE_01_SW_data_21-April-2026_12-12-54,AVC,0.24903370786516854,True,1,120,phase,0.281275001471561,0.401275001471561,,0.9127779100801402,0.0,29.925001471560964
C000000001,Z:\raw_data\C000000001\SWE_01_SW_data_21-April-2026_12-12-54,AVC,0.24903370786516854,True,1,120,energy,0.26912000011187054,0.38912000011187053,0.6327460620223374,1.0,1.0,17.77000011187052
C000000001,Z:\raw_data\C000000001\SWE_01_SW_data_21-April-2026_12-12-54,AVC,0.24903370786516854,True,1,120,prop,0.29412000011187056,0.41412000011187056,0.6251274438352235,0.7364809207813537,0.0,42.770000111870544
C000000001,Z:\raw_data\C000000001\SWE_01_SW_data_21-April-2026_12-12-54,AVC,0.24903370786516854,True,1,120,sem,0.32162000011187053,0.4416200001118705,0.6452583836172553,0.35904474180798046,0.0,70.27000011187052
C000000001,Z:\raw_data\C000000001\SWE_01_SW_data_21-April-2026_12-12-54,AVC,0.24903370786516854,True,1,120,sem*prop,0.26662000011187054,0.38662000011187053,0.6337289067458197,1.0,1.0,15.27000011187052
C000000001,Z:\raw_data\C000000001\SWE_01_SW_data_21-April-2026_12-12-54,AVC,0.24903370786516854,True,1,120,prior*energy,0.28162000011187055,0.40162000011187055,0.6246790721254112,0.9080428203147055,0.0,30.27000011187053
C000000001,Z:\raw_data\C000000001\SWE_01_SW_data_21-April-2026_12-12-54,AVC,0.24903370786516854,True,1,120,prior*prop,0.28162000011187055,0.40162000011187055,0.6246790721254112,0.9080428203147055,0.0,30.27000011187053
C000000001,Z:\raw_data\C000000001\SWE_01_SW_data_21-April-2026_12-12-54,AVC,0.24903370786516854,True,1,120,prior*sem,0.27912000011187055,0.39912000011187054,0.6260965833912545,0.9423552002213759,0.0,27.77000011187053
C000000001,Z:\raw_data\C000000001\SWE_01_SW_data_21-April-2026_12-12-54,AVC,0.24903370786516854,True,1,120,prior*sem*prop,0.27662000011187055,0.39662000011187054,0.6279796411242149,0.9766675801280463,1.0,25.270000111870527
C000000001,Z:\raw_data\C000000001\SWE_01_SW_data_21-April-2026_12-12-54,AVC,0.24903370786516854,True,1,120,peak,0.254455,0.374455,0.634920591175978,1.0,1.0,3.104999999999969
C000000001,Z:\raw_data\C000000001\SWE_01_SW_data_21-April-2026_12-12-54,AVC,0.24903370786516854,True,1,120,prior30*peak,0.254455,0.374455,0.634920591175978,1.0,1.0,3.104999999999969
C000000001,Z:\raw_data\C000000001\SWE_01_SW_data_21-April-2026_12-12-54,AVC,0.24903370786516854,True,1,120,prior45*peak,0.254455,0.374455,0.634920591175978,1.0,1.0,3.104999999999969
C000000001,Z:\raw_data\C000000001\SWE_01_SW_data_21-April-2026_12-12-54,AVC,0.24903370786516854,True,1,120,prior60*peak,0.25452499999999995,0.37452499999999994,0.6349085424460718,1.0,1.0,3.174999999999928
C000000001,Z:\raw_data\C000000001\SWE_01_SW_data_21-April-2026_12-12-54,AVC,0.24903370786516854,True,1,120,prior90*peak,0.254455,0.374455,0.634920591175978,1.0,1.0,3.104999999999969
C000000001,Z:\raw_data\C000000001\SWE_01_SW_data_21-April-2026_12-12-54,MVC,0.6950000000000001,True,1,100,phase,0.6892349999999441,0.7892349999999441,,0.9911555842486237,1.0,11.959999999944127
C000000001,Z:\raw_data\C000000001\SWE_01_SW_data_21-April-2026_12-12-54,MVC,0.6950000000000001,True,1,100,energy,0.6791200001118706,0.7791200001118705,0.7126657745178712,1.0,1.0,1.8450001118704984
C000000001,Z:\raw_data\C000000001\SWE_01_SW_data_21-April-2026_12-12-54,MVC,0.6950000000000001,True,1,100,prop,0.6791200001118706,0.7791200001118705,0.7126657745178712,1.0,1.0,1.8450001118704984
C000000001,Z:\raw_data\C000000001\SWE_01_SW_data_21-April-2026_12-12-54,MVC,0.6950000000000001,True,1,100,sem,0.7541200001118705,0.8541200001118705,0.8981338045478431,0.15338928196422835,0.0,76.84500011187045
C000000001,Z:\raw_data\C000000001\SWE_01_SW_data_21-April-2026_12-12-54,MVC,0.6950000000000001,True,1,100,sem*prop,0.6791200001118706,0.7791200001118705,0.7126657745178712,1.0,1.0,1.8450001118704984
C000000001,Z:\raw_data\C000000001\SWE_01_SW_data_21-April-2026_12-12-54,MVC,0.6950000000000001,True,1,100,prior*energy,0.6866200001118705,0.7866200001118705,0.7168495162984484,1.0,1.0,9.345000111870561
C000000001,Z:\raw_data\C000000001\SWE_01_SW_data_21-April-2026_12-12-54,MVC,0.6950000000000001,True,1,100,prior*prop,0.6841200001118706,0.7841200001118706,0.7158753132930333,1.0,1.0,6.845000111870614
C000000001,Z:\raw_data\C000000001\SWE_01_SW_data_21-April-2026_12-12-54,MVC,0.6950000000000001,True,1,100,prior*sem,0.6891200001118706,0.7891200001118706,0.7175601842042348,0.9926404117253637,1.0,11.845000111870508
C000000001,Z:\raw_data\C000000001\SWE_01_SW_data_21-April-2026_12-12-54,MVC,0.6950000000000001,True,1,100,prior*sem*prop,0.6866200001118705,0.7866200001118705,0.7168495162984484,1.0,1.0,9.345000111870561
C000000001,Z:\raw_data\C000000001\SWE_01_SW_data_21-April-2026_12-12-54,MVC,0.6950000000000001,True,1,100,peak,0.6905425,0.7905424999999999,0.7177560834739529,0.9742737249838612,1.0,13.267499999999878
C000000001,Z:\raw_data\C000000001\SWE_01_SW_data_21-April-2026_12-12-54,MVC,0.6950000000000001,True,1,100,prior30*peak,0.6902225,0.7902224999999999,0.7177120147419741,0.9784054228534543,1.0,12.947500000000002
C000000001,Z:\raw_data\C000000001\SWE_01_SW_data_21-April-2026_12-12-54,MVC,0.6950000000000001,True,1,100,prior45*peak,0.690875,0.790875,0.7178018736407746,0.969980632666236,1.0,13.599999999999945
C000000001,Z:\raw_data\C000000001\SWE_01_SW_data_21-April-2026_12-12-54,MVC,0.6950000000000001,True,1,100,prior60*peak,0.69083,0.79083,0.71779567647534,0.9705616526791471,1.0,13.555000000000096
C000000001,Z:\raw_data\C000000001\SWE_01_SW_data_21-April-2026_12-12-54,MVC,0.6950000000000001,True,1,100,prior90*peak,0.6905425,0.7905424999999999,0.7177560834739529,0.9742737249838612,1.0,13.267499999999878
C000000001,Z:\raw_data\C000000001\SWE_01_SW_data_21-April-2026_12-12-54,MVC,0.6950000000000001,True,1,120,phase,0.6792349999999441,0.7992349999999441,,1.0,1.0,11.959999999944127
C000000001,Z:\raw_data\C000000001\SWE_01_SW_data_21-April-2026_12-12-54,MVC,0.6950000000000001,True,1,120,energy,0.6816200001118706,0.8016200001118706,0.7160311710809174,1.0,1.0,14.345000111870675
C000000001,Z:\raw_data\C000000001\SWE_01_SW_data_21-April-2026_12-12-54,MVC,0.6950000000000001,True,1,120,prop,0.6566200001118707,0.7766200001118707,0.7044549235652001,1.0,1.0,10.654999888129236
C000000001,Z:\raw_data\C000000001\SWE_01_SW_data_21-April-2026_12-12-54,MVC,0.6950000000000001,True,1,120,sem,0.7491200001118705,0.8691200001118705,0.8889236679976329,0.2179470611766235,0.0,81.84500011187058
C000000001,Z:\raw_data\C000000001\SWE_01_SW_data_21-April-2026_12-12-54,MVC,0.6950000000000001,True,1,120,sem*prop,0.6816200001118706,0.8016200001118706,0.7160311710809174,1.0,1.0,14.345000111870675
C000000001,Z:\raw_data\C000000001\SWE_01_SW_data_21-April-2026_12-12-54,MVC,0.6950000000000001,True,1,120,prior*energy,0.6816200001118706,0.8016200001118706,0.7160311710809174,1.0,1.0,14.345000111870675
C000000001,Z:\raw_data\C000000001\SWE_01_SW_data_21-April-2026_12-12-54,MVC,0.6950000000000001,True,1,120,prior*prop,0.6791200001118707,0.7991200001118707,0.7149384292945209,1.0,1.0,11.845000111870728
C000000001,Z:\raw_data\C000000001\SWE_01_SW_data_21-April-2026_12-12-54,MVC,0.6950000000000001,True,1,120,prior*sem,0.6791200001118707,0.7991200001118707,0.7149384292945209,1.0,1.0,11.845000111870728
C000000001,Z:\raw_data\C000000001\SWE_01_SW_data_21-April-2026_12-12-54,MVC,0.6950000000000001,True,1,120,prior*sem*prop,0.6791200001118707,0.7991200001118707,0.7149384292945209,1.0,1.0,11.845000111870728
C000000001,Z:\raw_data\C000000001\SWE_01_SW_data_21-April-2026_12-12-54,MVC,0.6950000000000001,True,1,120,peak,0.6805425,0.8005425,0.7155601993220823,1.0,1.0,13.267500000000098
C000000001,Z:\raw_data\C000000001\SWE_01_SW_data_21-April-2026_12-12-54,MVC,0.6950000000000001,True,1,120,prior30*peak,0.6802225,0.8002225,0.7154203283734235,1.0,1.0,12.947500000000002
C000000001,Z:\raw_data\C000000001\SWE_01_SW_data_21-April-2026_12-12-54,MVC,0.6950000000000001,True,1,120,prior45*peak,0.6808750000000001,0.8008750000000001,0.715705533979673,1.0,1.0,13.600000000000168
C000000001,Z:\raw_data\C000000001\SWE_01_SW_data_21-April-2026_12-12-54,MVC,0.6950000000000001,True,1,120,prior60*peak,0.68083,0.80083,0.7156858646275179,1.0,1.0,13.555000000000096
C000000001,Z:\raw_data\C000000001\SWE_01_SW_data_21-April-2026_12-12-54,MVC,0.6950000000000001,True,1,120,prior90*peak,0.6805425,0.8005425,0.7155601993220823,1.0,1.0,13.267500000000098
C000000002,Z:\raw_data\C000000002\SWE02_SW_data_28-April-2026_10-09-45,MVC,0.0,True,1,100,phase,0.0016200001118704677,0.10162000011187047,,1.0,1.0,3.305000111870467
C000000002,Z:\raw_data\C000000002\SWE02_SW_data_28-April-2026_10-09-45,MVC,0.0,True,1,100,energy,0.0016200001118704677,0.10162000011187047,0.6734756446871395,1.0,1.0,3.305000111870467
C000000002,Z:\raw_data\C000000002\SWE02_SW_data_28-April-2026_10-09-45,MVC,0.0,True,1,100,prop,0.0016200001118704677,0.10162000011187047,0.668374357022616,1.0,1.0,3.305000111870467
C000000002,Z:\raw_data\C000000002\SWE02_SW_data_28-April-2026_10-09-45,MVC,0.0,True,1,100,sem,0.06662000011187048,0.1666200001118705,0.7844909208701452,0.2687886811687447,0.0,68.30500011187048
C000000002,Z:\raw_data\C000000002\SWE02_SW_data_28-April-2026_10-09-45,MVC,0.0,True,1,100,sem*prop,0.0016200001118704677,0.10162000011187047,0.668374357022616,1.0,1.0,3.305000111870467
C000000002,Z:\raw_data\C000000002\SWE02_SW_data_28-April-2026_10-09-45,MVC,0.0,True,1,100,prior*energy,0.0016200001118704677,0.10162000011187047,0.6694841431954943,1.0,1.0,3.305000111870467
C000000002,Z:\raw_data\C000000002\SWE02_SW_data_28-April-2026_10-09-45,MVC,0.0,True,1,100,prior*prop,0.0016200001118704677,0.10162000011187047,0.6694841431954943,1.0,1.0,3.305000111870467
C000000002,Z:\raw_data\C000000002\SWE02_SW_data_28-April-2026_10-09-45,MVC,0.0,True,1,100,prior*sem,0.0016200001118704677,0.10162000011187047,0.6688291553556245,1.0,1.0,3.305000111870467
C000000002,Z:\raw_data\C000000002\SWE02_SW_data_28-April-2026_10-09-45,MVC,0.0,True,1,100,prior*sem*prop,0.0016200001118704677,0.10162000011187047,0.6694841431954943,1.0,1.0,3.305000111870467
C000000002,Z:\raw_data\C000000002\SWE02_SW_data_28-April-2026_10-09-45,MVC,0.0,True,1,100,peak,0.02075500000000001,0.12075500000000002,0.6641283789660523,0.848111658456486,0.0,22.44000000000001
C000000002,Z:\raw_data\C000000002\SWE02_SW_data_28-April-2026_10-09-45,MVC,0.0,True,1,100,prior30*peak,0.007829999999999789,0.10782999999999979,0.6673961047714837,1.0,1.0,9.51499999999978
C000000002,Z:\raw_data\C000000002\SWE02_SW_data_28-April-2026_10-09-45,MVC,0.0,True,1,100,prior45*peak,0.018494999999999817,0.11849499999999982,0.6637564146726347,0.8766578249336894,0.0,20.179999999999815
C000000002,Z:\raw_data\C000000002\SWE02_SW_data_28-April-2026_10-09-45,MVC,0.0,True,1,100,prior60*peak,0.018405000000000005,0.11840500000000001,0.663780471991772,0.8777946191739295,0.0,20.090000000000003
C000000002,Z:\raw_data\C000000002\SWE02_SW_data_28-April-2026_10-09-45,MVC,0.0,True,1,100,prior90*peak,0.018255000000000007,0.11825500000000001,0.6638205675236677,0.8796892762410004,0.0,19.940000000000005
C000000002,Z:\raw_data\C000000002\SWE02_SW_data_28-April-2026_10-09-45,MVC,0.0,True,1,120,phase,0.0016200001118704677,0.12162000011187046,,1.0,1.0,13.305000111870461
C000000002,Z:\raw_data\C000000002\SWE02_SW_data_28-April-2026_10-09-45,MVC,0.0,True,1,120,energy,0.0016200001118704677,0.12162000011187046,0.6734756446871395,1.0,1.0,13.305000111870461
C000000002,Z:\raw_data\C000000002\SWE02_SW_data_28-April-2026_10-09-45,MVC,0.0,True,1,120,prop,0.0016200001118704677,0.12162000011187046,0.6732240936677407,1.0,1.0,13.305000111870461
C000000002,Z:\raw_data\C000000002\SWE02_SW_data_28-April-2026_10-09-45,MVC,0.0,True,1,120,sem,0.0666200001118705,0.1866200001118705,0.7630178439896059,0.26878868116874455,0.0,78.3050001118705
C000000002,Z:\raw_data\C000000002\SWE02_SW_data_28-April-2026_10-09-45,MVC,0.0,True,1,120,sem*prop,0.0016200001118704677,0.12162000011187046,0.6732240936677407,1.0,1.0,13.305000111870461
C000000002,Z:\raw_data\C000000002\SWE02_SW_data_28-April-2026_10-09-45,MVC,0.0,True,1,120,prior*energy,0.0016200001118704677,0.12162000011187046,0.668695972331182,1.0,1.0,13.305000111870461
C000000002,Z:\raw_data\C000000002\SWE02_SW_data_28-April-2026_10-09-45,MVC,0.0,True,1,120,prior*prop,0.0016200001118704677,0.12162000011187046,0.668695972331182,1.0,1.0,13.305000111870461
C000000002,Z:\raw_data\C000000002\SWE02_SW_data_28-April-2026_10-09-45,MVC,0.0,True,1,120,prior*sem,0.0016200001118704677,0.12162000011187046,0.6687749503004548,1.0,1.0,13.305000111870461
C000000002,Z:\raw_data\C000000002\SWE02_SW_data_28-April-2026_10-09-45,MVC,0.0,True,1,120,prior*sem*prop,0.0016200001118704677,0.12162000011187046,0.668695972331182,1.0,1.0,13.305000111870461
C000000002,Z:\raw_data\C000000002\SWE02_SW_data_28-April-2026_10-09-45,MVC,0.0,True,1,120,peak,0.010755000000000015,0.130755,0.6608469619948619,0.9744221295945432,1.0,22.44000000000001
C000000002,Z:\raw_data\C000000002\SWE02_SW_data_28-April-2026_10-09-45,MVC,0.0,True,1,120,prior30*peak,0.0016200001118704677,0.12162000011187046,0.6639341715307056,1.0,1.0,13.305000111870461
C000000002,Z:\raw_data\C000000002\SWE02_SW_data_28-April-2026_10-09-45,MVC,0.0,True,1,120,prior45*peak,0.008494999999999822,0.1284949999999998,0.6613692823157856,1.0,1.0,20.1799999999998
C000000002,Z:\raw_data\C000000002\SWE02_SW_data_28-April-2026_10-09-45,MVC,0.0,True,1,120,prior60*peak,0.00840500000000001,0.128405,0.6613824139582791,1.0,1.0,20.08999999999999
C000000002,Z:\raw_data\C000000002\SWE02_SW_data_28-April-2026_10-09-45,MVC,0.0,True,1,120,prior90*peak,0.008255000000000012,0.128255,0.6614043000291018,1.0,1.0,19.940000000000005
C000000002,Z:\raw_data\C000000002\SWE02_SW_data_28-April-2026_10-09-45,AVC,0.3185831202046036,True,1,100,phase,0.3608244138109961,0.46082441381099615,,0.9035466286676863,0.0,19.439413810996122
C000000002,Z:\raw_data\C000000002\SWE02_SW_data_28-April-2026_10-09-45,AVC,0.3185831202046036,True,1,100,energy,0.5016200001118706,0.6016200001118706,0.5549934448886289,0.0,0.0,160.23500011187053
C000000002,Z:\raw_data\C000000002\SWE02_SW_data_28-April-2026_10-09-45,AVC,0.3185831202046036,True,1,100,prop,0.5016200001118706,0.6016200001118706,0.5549934448886289,0.0,0.0,160.23500011187053
C000000002,Z:\raw_data\C000000002\SWE02_SW_data_28-April-2026_10-09-45,AVC,0.3185831202046036,True,1,100,sem,0.29162000011187056,0.3916200001118706,0.7222405055165156,0.5031031310163816,0.0,49.76499988812944
C000000002,Z:\raw_data\C000000002\SWE02_SW_data_28-April-2026_10-09-45,AVC,0.3185831202046036,True,1,100,sem*prop,0.5016200001118706,0.6016200001118706,0.5549934448886289,0.0,0.0,160.23500011187053
C000000002,Z:\raw_data\C000000002\SWE02_SW_data_28-April-2026_10-09-45,AVC,0.3185831202046036,True,1,100,prior*energy,0.36912000011187057,0.4691200001118706,0.6565698897713677,0.7940050163492597,0.0,27.735000111870576
C000000002,Z:\raw_data\C000000002\SWE02_SW_data_28-April-2026_10-09-45,AVC,0.3185831202046036,True,1,100,prior*prop,0.3766200001118706,0.47662000011187056,0.6451782021931319,0.6949689672273792,0.0,35.23500011187058
C000000002,Z:\raw_data\C000000002\SWE02_SW_data_28-April-2026_10-09-45,AVC,0.3185831202046036,True,1,100,prior*sem,0.34912000011187055,0.4491200001118706,0.6974286949584206,1.0,1.0,7.73500011187056
C000000002,Z:\raw_data\C000000002\SWE02_SW_data_28-April-2026_10-09-45,AVC,0.3185831202046036,True,1,100,prior*sem*prop,0.3766200001118706,0.47662000011187056,0.6451782021931319,0.6949689672273792,0.0,35.23500011187058
C000000002,Z:\raw_data\C000000002\SWE02_SW_data_28-April-2026_10-09-45,AVC,0.3185831202046036,True,1,100,peak,0.346955,0.446955,0.6984522558199527,1.0,1.0,5.57000000000002
C000000002,Z:\raw_data\C000000002\SWE02_SW_data_28-April-2026_10-09-45,AVC,0.3185831202046036,True,1,100,prior30*peak,0.346955,0.446955,0.6984522558199527,1.0,1.0,5.57000000000002
C000000002,Z:\raw_data\C000000002\SWE02_SW_data_28-April-2026_10-09-45,AVC,0.3185831202046036,True,1,100,prior45*peak,0.346955,0.446955,0.6984522558199527,1.0,1.0,5.57000000000002
C000000002,Z:\raw_data\C000000002\SWE02_SW_data_28-April-2026_10-09-45,AVC,0.3185831202046036,True,1,100,prior60*peak,0.347025,0.447025,0.6984191614751005,1.0,1.0,5.639999999999978
C000000002,Z:\raw_data\C000000002\SWE02_SW_data_28-April-2026_10-09-45,AVC,0.3185831202046036,True,1,100,prior90*peak,0.346955,0.446955,0.6984522558199527,1.0,1.0,5.57000000000002
C000000002,Z:\raw_data\C000000002\SWE02_SW_data_28-April-2026_10-09-45,AVC,0.3185831202046036,True,1,120,phase,0.3508244138109961,0.4708244138109961,,1.0,1.0,19.439413810996122
C000000002,Z:\raw_data\C000000002\SWE02_SW_data_28-April-2026_10-09-45,AVC,0.3185831202046036,True,1,120,energy,0.4866200001118706,0.6066200001118707,0.5371200665247288,0.0,0.0,155.23500011187065
C000000002,Z:\raw_data\C000000002\SWE02_SW_data_28-April-2026_10-09-45,AVC,0.3185831202046036,True,1,120,prop,0.4866200001118706,0.6066200001118707,0.5371200665247288,0.0,0.0,155.23500011187065
C000000002,Z:\raw_data\C000000002\SWE02_SW_data_28-April-2026_10-09-45,AVC,0.3185831202046036,True,1,120,sem,0.27162000011187054,0.39162000011187054,0.7084617133074862,0.5031031310163809,0.0,59.764999888129445
C000000002,Z:\raw_data\C000000002\SWE02_SW_data_28-April-2026_10-09-45,AVC,0.3185831202046036,True,1,120,sem*prop,0.4866200001118706,0.6066200001118707,0.5371200665247288,0.0,0.0,155.23500011187065
C000000002,Z:\raw_data\C000000002\SWE02_SW_data_28-April-2026_10-09-45,AVC,0.3185831202046036,True,1,120,prior*energy,0.35912000011187056,0.47912000011187056,0.6360628471841582,0.9260530818451003,0.0,27.735000111870576
C000000002,Z:\raw_data\C000000002\SWE02_SW_data_28-April-2026_10-09-45,AVC,0.3185831202046036,True,1,120,prior*prop,0.36912000011187057,0.48912000011187057,0.6108151087625859,0.7940050163492597,0.0,37.73500011187059
C000000002,Z:\raw_data\C000000002\SWE02_SW_data_28-April-2026_10-09-45,AVC,0.3185831202046036,True,1,120,prior*sem,0.34662000011187055,0.46662000011187055,0.6566939876000614,1.0,1.0,15.235000111870567
C000000002,Z:\raw_data\C000000002\SWE02_SW_data_28-April-2026_10-09-45,AVC,0.3185831202046036,True,1,120,prior*sem*prop,0.35912000011187056,0.47912000011187056,0.6360628471841582,0.9260530818451003,0.0,27.735000111870576
C000000002,Z:\raw_data\C000000002\SWE02_SW_data_28-April-2026_10-09-45,AVC,0.3185831202046036,True,1,120,peak,0.336955,0.456955,0.6712048781080678,1.0,1.0,5.57000000000002
C000000002,Z:\raw_data\C000000002\SWE02_SW_data_28-April-2026_10-09-45,AVC,0.3185831202046036,True,1,120,prior30*peak,0.336955,0.456955,0.6712048781080678,1.0,1.0,5.57000000000002
C000000002,Z:\raw_data\C000000002\SWE02_SW_data_28-April-2026_10-09-45,AVC,0.3185831202046036,True,1,120,prior45*peak,0.336955,0.456955,0.6712048781080678,1.0,1.0,5.57000000000002
C000000002,Z:\raw_data\C000000002\SWE02_SW_data_28-April-2026_10-09-45,AVC,0.3185831202046036,True,1,120,prior60*peak,0.33702499999999996,0.45702499999999996,0.671038777889428,1.0,1.0,5.639999999999978
C000000002,Z:\raw_data\C000000002\SWE02_SW_data_28-April-2026_10-09-45,AVC,0.3185831202046036,True,1,120,prior90*peak,0.336955,0.456955,0.6712048781080678,1.0,1.0,5.57000000000002
C000000003,Z:\raw_data\C000000003\VIS_03_SW_data_16-June-2026_10-09-42,MVC,0.0,True,1,100,phase,0.0016200001118704677,0.10162000011187047,,1.0,1.0,18.215000111870467
C000000003,Z:\raw_data\C000000003\VIS_03_SW_data_16-June-2026_10-09-42,MVC,0.0,True,1,100,energy,0.0016200001118704677,0.10162000011187047,0.7354128964046329,1.0,1.0,18.215000111870467
C000000003,Z:\raw_data\C000000003\VIS_03_SW_data_16-June-2026_10-09-42,MVC,0.0,True,1,100,prop,0.0016200001118704677,0.10162000011187047,0.7354128964046329,1.0,1.0,18.215000111870467
C000000003,Z:\raw_data\C000000003\VIS_03_SW_data_16-June-2026_10-09-42,MVC,0.0,True,1,100,sem,0.0016200001118704677,0.10162000011187047,0.7354128964046329,1.0,1.0,18.215000111870467
C000000003,Z:\raw_data\C000000003\VIS_03_SW_data_16-June-2026_10-09-42,MVC,0.0,True,1,100,sem*prop,0.0016200001118704677,0.10162000011187047,0.7354128964046329,1.0,1.0,18.215000111870467
C000000003,Z:\raw_data\C000000003\VIS_03_SW_data_16-June-2026_10-09-42,MVC,0.0,True,1,100,prior*energy,0.0016200001118704677,0.10162000011187047,0.6656326061034593,1.0,1.0,18.215000111870467
C000000003,Z:\raw_data\C000000003\VIS_03_SW_data_16-June-2026_10-09-42,MVC,0.0,True,1,100,prior*prop,0.0016200001118704677,0.10162000011187047,0.6656326061034593,1.0,1.0,18.215000111870467
C000000003,Z:\raw_data\C000000003\VIS_03_SW_data_16-June-2026_10-09-42,MVC,0.0,True,1,100,prior*sem,0.0016200001118704677,0.10162000011187047,0.6656326061034593,1.0,1.0,18.215000111870467
C000000003,Z:\raw_data\C000000003\VIS_03_SW_data_16-June-2026_10-09-42,MVC,0.0,True,1,100,prior*sem*prop,0.0016200001118704677,0.10162000011187047,0.6728206023192433,1.0,1.0,18.215000111870467
C000000003,Z:\raw_data\C000000003\VIS_03_SW_data_16-June-2026_10-09-42,MVC,0.0,True,1,100,peak,0.0016200001118704677,0.10162000011187047,0.6812475659215467,1.0,1.0,18.215000111870467
C000000003,Z:\raw_data\C000000003\VIS_03_SW_data_16-June-2026_10-09-42,MVC,0.0,True,1,100,prior30*peak,0.0016200001118704677,0.10162000011187047,0.6693416124724543,1.0,1.0,18.215000111870467
C000000003,Z:\raw_data\C000000003\VIS_03_SW_data_16-June-2026_10-09-42,MVC,0.0,True,1,100,prior45*peak,0.0016200001118704677,0.10162000011187047,0.6743686090066423,1.0,1.0,18.215000111870467
C000000003,Z:\raw_data\C000000003\VIS_03_SW_data_16-June-2026_10-09-42,MVC,0.0,True,1,100,prior60*peak,0.0016200001118704677,0.10162000011187047,0.6805112492152916,1.0,1.0,18.215000111870467
C000000003,Z:\raw_data\C000000003\VIS_03_SW_data_16-June-2026_10-09-42,MVC,0.0,True,1,100,prior90*peak,0.0016200001118704677,0.10162000011187047,0.6812475659215467,1.0,1.0,18.215000111870467
C000000003,Z:\raw_data\C000000003\VIS_03_SW_data_16-June-2026_10-09-42,MVC,0.0,True,1,120,phase,0.0016200001118704677,0.12162000011187046,,1.0,1.0,28.215000111870463
C000000003,Z:\raw_data\C000000003\VIS_03_SW_data_16-June-2026_10-09-42,MVC,0.0,True,1,120,energy,0.0016200001118704677,0.12162000011187046,0.7257294772766482,1.0,1.0,28.215000111870463
C000000003,Z:\raw_data\C000000003\VIS_03_SW_data_16-June-2026_10-09-42,MVC,0.0,True,1,120,prop,0.0016200001118704677,0.12162000011187046,0.7257294772766482,1.0,1.0,28.215000111870463
C000000003,Z:\raw_data\C000000003\VIS_03_SW_data_16-June-2026_10-09-42,MVC,0.0,True,1,120,sem,0.0016200001118704677,0.12162000011187046,0.7257294772766482,1.0,1.0,28.215000111870463
C000000003,Z:\raw_data\C000000003\VIS_03_SW_data_16-June-2026_10-09-42,MVC,0.0,True,1,120,sem*prop,0.0016200001118704677,0.12162000011187046,0.7257294772766482,1.0,1.0,28.215000111870463
C000000003,Z:\raw_data\C000000003\VIS_03_SW_data_16-June-2026_10-09-42,MVC,0.0,True,1,120,prior*energy,0.0016200001118704677,0.12162000011187046,0.6397422312823262,1.0,1.0,28.215000111870463
C000000003,Z:\raw_data\C000000003\VIS_03_SW_data_16-June-2026_10-09-42,MVC,0.0,True,1,120,prior*prop,0.0016200001118704677,0.12162000011187046,0.6397422312823262,1.0,1.0,28.215000111870463
C000000003,Z:\raw_data\C000000003\VIS_03_SW_data_16-June-2026_10-09-42,MVC,0.0,True,1,120,prior*sem,0.0016200001118704677,0.12162000011187046,0.6397422312823262,1.0,1.0,28.215000111870463
C000000003,Z:\raw_data\C000000003\VIS_03_SW_data_16-June-2026_10-09-42,MVC,0.0,True,1,120,prior*sem*prop,0.0016200001118704677,0.12162000011187046,0.6397422312823262,1.0,1.0,28.215000111870463
C000000003,Z:\raw_data\C000000003\VIS_03_SW_data_16-June-2026_10-09-42,MVC,0.0,True,1,120,peak,0.0016200001118704677,0.12162000011187046,0.6531835509668951,1.0,1.0,28.215000111870463
C000000003,Z:\raw_data\C000000003\VIS_03_SW_data_16-June-2026_10-09-42,MVC,0.0,True,1,120,prior30*peak,0.0016200001118704677,0.12162000011187046,0.6457472127713327,1.0,1.0,28.215000111870463
C000000003,Z:\raw_data\C000000003\VIS_03_SW_data_16-June-2026_10-09-42,MVC,0.0,True,1,120,prior45*peak,0.0016200001118704677,0.12162000011187046,0.6478244545284539,1.0,1.0,28.215000111870463
C000000003,Z:\raw_data\C000000003\VIS_03_SW_data_16-June-2026_10-09-42,MVC,0.0,True,1,120,prior60*peak,0.0016200001118704677,0.12162000011187046,0.6520009126699032,1.0,1.0,28.215000111870463
C000000003,Z:\raw_data\C000000003\VIS_03_SW_data_16-June-2026_10-09-42,MVC,0.0,True,1,120,prior90*peak,0.0016200001118704677,0.12162000011187046,0.6531835509668951,1.0,1.0,28.215000111870463
C000000003,Z:\raw_data\C000000003\VIS_03_SW_data_16-June-2026_10-09-42,AVC,0.29974749498997993,True,1,100,phase,0.34198878859637233,0.44198878859637236,,0.8492171055543067,0.0,23.55378859637236
C000000003,Z:\raw_data\C000000003\VIS_03_SW_data_16-June-2026_10-09-42,AVC,0.29974749498997993,True,1,100,energy,0.33662000011187054,0.4366200001118705,0.3807342085449074,0.9201109188977873,0.0,18.185000111870576
C000000003,Z:\raw_data\C000000003\VIS_03_SW_data_16-June-2026_10-09-42,AVC,0.29974749498997993,True,1,100,prop,0.33412000011187054,0.4341200001118706,0.3802515043347371,0.9531229352717474,1.0,15.685000111870572
C000000003,Z:\raw_data\C000000003\VIS_03_SW_data_16-June-2026_10-09-42,AVC,0.29974749498997993,True,1,100,sem,0.26162000011187053,0.36162000011187057,0.3962129637714385,0.4100092448418141,0.0,56.814999888129435
C000000003,Z:\raw_data\C000000003\VIS_03_SW_data_16-June-2026_10-09-42,AVC,0.29974749498997993,True,1,100,sem*prop,0.32162000011187053,0.4216200001118705,0.3872485777575688,1.0,1.0,3.1850001118705618
C000000003,Z:\raw_data\C000000003\VIS_03_SW_data_16-June-2026_10-09-42,AVC,0.29974749498997993,True,1,100,prior*energy,0.33662000011187054,0.4366200001118705,0.3807342085449074,0.9201109188977873,0.0,18.185000111870576
C000000003,Z:\raw_data\C000000003\VIS_03_SW_data_16-June-2026_10-09-42,AVC,0.29974749498997993,True,1,100,prior*prop,0.33662000011187054,0.4366200001118705,0.3807342085449074,0.9201109188977873,0.0,18.185000111870576
C000000003,Z:\raw_data\C000000003\VIS_03_SW_data_16-June-2026_10-09-42,AVC,0.29974749498997993,True,1,100,prior*sem,0.34162000011187055,0.4416200001118705,0.3800290591103168,0.854086886149867,0.0,23.18500011187058
C000000003,Z:\raw_data\C000000003\VIS_03_SW_data_16-June-2026_10-09-42,AVC,0.29974749498997993,True,1,100,prior*sem*prop,0.33662000011187054,0.4366200001118705,0.3807342085449074,0.9201109188977873,0.0,18.185000111870576
C000000003,Z:\raw_data\C000000003\VIS_03_SW_data_16-June-2026_10-09-42,AVC,0.29974749498997993,True,1,100,peak,0.321955,0.42195499999999997,0.3872237951635045,1.0,1.0,3.520000000000023
C000000003,Z:\raw_data\C000000003\VIS_03_SW_data_16-June-2026_10-09-42,AVC,0.29974749498997993,True,1,100,prior30*peak,0.326955,0.426955,0.38448250945405416,1.0,1.0,8.520000000000028
C000000003,Z:\raw_data\C000000003\VIS_03_SW_data_16-June-2026_10-09-42,AVC,0.29974749498997993,True,1,100,prior45*peak,0.321955,0.42195499999999997,0.3872237951635045,1.0,1.0,3.520000000000023
C000000003,Z:\raw_data\C000000003\VIS_03_SW_data_16-June-2026_10-09-42,AVC,0.29974749498997993,True,1,100,prior60*peak,0.32202499999999995,0.422025,0.3872186167092842,1.0,1.0,3.589999999999982
C000000003,Z:\raw_data\C000000003\VIS_03_SW_data_16-June-2026_10-09-42,AVC,0.29974749498997993,True,1,100,prior90*peak,0.321955,0.42195499999999997,0.3872237951635045,1.0,1.0,3.520000000000023
C000000003,Z:\raw_data\C000000003\VIS_03_SW_data_16-June-2026_10-09-42,AVC,0.29974749498997993,True,1,120,phase,0.3319887885963723,0.4519887885963723,,0.9812651710501473,1.0,23.55378859637236
C000000003,Z:\raw_data\C000000003\VIS_03_SW_data_16-June-2026_10-09-42,AVC,0.29974749498997993,True,1,120,energy,0.33412000011187054,0.45412000011187054,0.35802287865921895,0.9531229352717474,1.0,25.685000111870583
C000000003,Z:\raw_data\C000000003\VIS_03_SW_data_16-June-2026_10-09-42,AVC,0.29974749498997993,True,1,120,prop,0.33412000011187054,0.45412000011187054,0.35802287865921895,0.9531229352717474,1.0,25.685000111870583
C000000003,Z:\raw_data\C000000003\VIS_03_SW_data_16-June-2026_10-09-42,AVC,0.29974749498997993,True,1,120,sem,0.24162000011187051,0.3616200001118705,0.3735822401285016,0.4100092448418134,0.0,66.81499988812945
C000000003,Z:\raw_data\C000000003\VIS_03_SW_data_16-June-2026_10-09-42,AVC,0.29974749498997993,True,1,120,sem*prop,0.29162000011187056,0.41162000011187055,0.36773351948927974,1.0,1.0,16.8149998881294
C000000003,Z:\raw_data\C000000003\VIS_03_SW_data_16-June-2026_10-09-42,AVC,0.29974749498997993,True,1,120,prior*energy,0.33412000011187054,0.45412000011187054,0.35802287865921895,0.9531229352717474,1.0,25.685000111870583
C000000003,Z:\raw_data\C000000003\VIS_03_SW_data_16-June-2026_10-09-42,AVC,0.29974749498997993,True,1,120,prior*prop,0.33412000011187054,0.45412000011187054,0.35802287865921895,0.9531229352717474,1.0,25.685000111870583
C000000003,Z:\raw_data\C000000003\VIS_03_SW_data_16-June-2026_10-09-42,AVC,0.29974749498997993,True,1,120,prior*sem,0.32162000011187053,0.4416200001118705,0.37151702401533515,1.0,1.0,13.18500011187057
C000000003,Z:\raw_data\C000000003\VIS_03_SW_data_16-June-2026_10-09-42,AVC,0.29974749498997993,True,1,120,prior*sem*prop,0.33162000011187054,0.45162000011187053,0.3595197041731104,0.9861349516457076,1.0,23.18500011187058
C000000003,Z:\raw_data\C000000003\VIS_03_SW_data_16-June-2026_10-09-42,AVC,0.29974749498997993,True,1,120,peak,0.311955,0.431955,0.36565490764573416,1.0,1.0,3.520000000000023
C000000003,Z:\raw_data\C000000003\VIS_03_SW_data_16-June-2026_10-09-42,AVC,0.29974749498997993,True,1,120,prior30*peak,0.316955,0.436955,0.36989512110349965,1.0,1.0,8.520000000000028
C000000003,Z:\raw_data\C000000003\VIS_03_SW_data_16-June-2026_10-09-42,AVC,0.29974749498997993,True,1,120,prior45*peak,0.311955,0.431955,0.36565490764573416,1.0,1.0,3.520000000000023
C000000003,Z:\raw_data\C000000003\VIS_03_SW_data_16-June-2026_10-09-42,AVC,0.29974749498997993,True,1,120,prior60*peak,0.31202499999999994,0.43202499999999994,0.36573829672583147,1.0,1.0,3.589999999999982
C000000003,Z:\raw_data\C000000003\VIS_03_SW_data_16-June-2026_10-09-42,AVC,0.29974749498997993,True,1,120,prior90*peak,0.311955,0.431955,0.36565490764573416,1.0,1.0,3.520000000000023
C000000004,Z:\raw_data\C000000004\VIS_4_SW_data_16-June-2026_10-58-59,MVC,0.0,True,1,100,phase,0.0016200001118704677,0.10162000011187047,,0.9484845132882256,0.0,9.604999888129525
C000000004,Z:\raw_data\C000000004\VIS_4_SW_data_16-June-2026_10-58-59,MVC,0.0,True,1,100,energy,0.0016200001118704677,0.10162000011187047,0.8433789630511077,0.9484845132882256,0.0,9.604999888129525
C000000004,Z:\raw_data\C000000004\VIS_4_SW_data_16-June-2026_10-58-59,MVC,0.0,True,1,100,prop,0.03162000011187048,0.13162000011187047,0.8102100967770853,0.8286887963598258,0.0,20.395000111870488
C000000004,Z:\raw_data\C000000004\VIS_4_SW_data_16-June-2026_10-58-59,MVC,0.0,True,1,100,sem,0.0016200001118704677,0.10162000011187047,0.8481795317051263,0.9484845132882256,0.0,9.604999888129525
C000000004,Z:\raw_data\C000000004\VIS_4_SW_data_16-June-2026_10-58-59,MVC,0.0,True,1,100,sem*prop,0.0016200001118704677,0.10162000011187047,0.8436815722697011,0.9484845132882256,0.0,9.604999888129525
C000000004,Z:\raw_data\C000000004\VIS_4_SW_data_16-June-2026_10-58-59,MVC,0.0,True,1,100,prior*energy,0.0016200001118704677,0.10162000011187047,0.8405431786318814,0.9484845132882256,0.0,9.604999888129525
C000000004,Z:\raw_data\C000000004\VIS_4_SW_data_16-June-2026_10-58-59,MVC,0.0,True,1,100,prior*prop,0.0016200001118704677,0.10162000011187047,0.8405431786318814,0.9484845132882256,0.0,9.604999888129525
C000000004,Z:\raw_data\C000000004\VIS_4_SW_data_16-June-2026_10-58-59,MVC,0.0,True,1,100,prior*sem,0.0016200001118704677,0.10162000011187047,0.8342938928780979,0.9484845132882256,0.0,9.604999888129525
C000000004,Z:\raw_data\C000000004\VIS_4_SW_data_16-June-2026_10-58-59,MVC,0.0,True,1,100,prior*sem*prop,0.0016200001118704677,0.10162000011187047,0.8405431786318814,0.9484845132882256,0.0,9.604999888129525
C000000004,Z:\raw_data\C000000004\VIS_4_SW_data_16-June-2026_10-58-59,MVC,0.0,True,1,100,peak,0.00793749999999993,0.10793749999999994,0.8173127518090226,1.0,1.0,3.2875000000000614
C000000004,Z:\raw_data\C000000004\VIS_4_SW_data_16-June-2026_10-58-59,MVC,0.0,True,1,100,prior30*peak,0.006654999999999862,0.10665499999999986,0.8189444014582761,1.0,1.0,4.570000000000136
C000000004,Z:\raw_data\C000000004\VIS_4_SW_data_16-June-2026_10-58-59,MVC,0.0,True,1,100,prior45*peak,0.00837499999999991,0.10837499999999992,0.8167561461781858,1.0,1.0,2.850000000000082
C000000004,Z:\raw_data\C000000004\VIS_4_SW_data_16-June-2026_10-58-59,MVC,0.0,True,1,100,prior60*peak,0.008330000000000004,0.10833000000000001,0.8168133970430718,1.0,1.0,2.894999999999988
C000000004,Z:\raw_data\C000000004\VIS_4_SW_data_16-June-2026_10-58-59,MVC,0.0,True,1,100,prior90*peak,0.00793749999999993,0.10793749999999994,0.8173127518090226,1.0,1.0,3.2875000000000614
C000000004,Z:\raw_data\C000000004\VIS_4_SW_data_16-June-2026_10-58-59,MVC,0.0,True,1,120,phase,0.0016200001118704677,0.12162000011187046,,1.0,1.0,0.39500011187047074
C000000004,Z:\raw_data\C000000004\VIS_4_SW_data_16-June-2026_10-58-59,MVC,0.0,True,1,120,energy,0.0016200001118704677,0.12162000011187046,0.8433789630511077,1.0,1.0,0.39500011187047074
C000000004,Z:\raw_data\C000000004\VIS_4_SW_data_16-June-2026_10-58-59,MVC,0.0,True,1,120,prop,0.0016200001118704677,0.12162000011187046,0.8436815722697011,1.0,1.0,0.39500011187047074
C000000004,Z:\raw_data\C000000004\VIS_4_SW_data_16-June-2026_10-58-59,MVC,0.0,True,1,120,sem,0.0016200001118704677,0.12162000011187046,0.8481795317051263,1.0,1.0,0.39500011187047074
C000000004,Z:\raw_data\C000000004\VIS_4_SW_data_16-June-2026_10-58-59,MVC,0.0,True,1,120,sem*prop,0.0016200001118704677,0.12162000011187046,0.8436815722697011,1.0,1.0,0.39500011187047074
C000000004,Z:\raw_data\C000000004\VIS_4_SW_data_16-June-2026_10-58-59,MVC,0.0,True,1,120,prior*energy,0.0016200001118704677,0.12162000011187046,0.8322856848300755,1.0,1.0,0.39500011187047074
C000000004,Z:\raw_data\C000000004\VIS_4_SW_data_16-June-2026_10-58-59,MVC,0.0,True,1,120,prior*prop,0.0016200001118704677,0.12162000011187046,0.8310037573854282,1.0,1.0,0.39500011187047074
C000000004,Z:\raw_data\C000000004\VIS_4_SW_data_16-June-2026_10-58-59,MVC,0.0,True,1,120,prior*sem,0.0016200001118704677,0.12162000011187046,0.8293605235689719,1.0,1.0,0.39500011187047074
C000000004,Z:\raw_data\C000000004\VIS_4_SW_data_16-June-2026_10-58-59,MVC,0.0,True,1,120,prior*sem*prop,0.0016200001118704677,0.12162000011187046,0.8322856848300755,1.0,1.0,0.39500011187047074
C000000004,Z:\raw_data\C000000004\VIS_4_SW_data_16-June-2026_10-58-59,MVC,0.0,True,1,120,peak,0.0016200001118704677,0.12162000011187046,0.812784058915972,1.0,1.0,0.39500011187047074
C000000004,Z:\raw_data\C000000004\VIS_4_SW_data_16-June-2026_10-58-59,MVC,0.0,True,1,120,prior30*peak,0.0016200001118704677,0.12162000011187046,0.8130189896207153,1.0,1.0,0.39500011187047074
C000000004,Z:\raw_data\C000000004\VIS_4_SW_data_16-June-2026_10-58-59,MVC,0.0,True,1,120,prior45*peak,0.0016200001118704677,0.12162000011187046,0.812703916862697,1.0,1.0,0.39500011187047074
C000000004,Z:\raw_data\C000000004\VIS_4_SW_data_16-June-2026_10-58-59,MVC,0.0,True,1,120,prior60*peak,0.0016200001118704677,0.12162000011187046,0.8127121600453197,1.0,1.0,0.39500011187047074
C000000004,Z:\raw_data\C000000004\VIS_4_SW_data_16-June-2026_10-58-59,MVC,0.0,True,1,120,prior90*peak,0.0016200001118704677,0.12162000011187046,0.812784058915972,1.0,1.0,0.39500011187047074
C000000004,Z:\raw_data\C000000004\VIS_4_SW_data_16-June-2026_10-58-59,AVC,0.26810526315789474,False,0,100,phase,0.3102426358517492,0.41024263585174925,,,,
C000000004,Z:\raw_data\C000000004\VIS_4_SW_data_16-June-2026_10-58-59,AVC,0.26810526315789474,False,0,100,energy,0.39162000011187054,0.49162000011187057,0.2153824928648737,,,
C000000004,Z:\raw_data\C000000004\VIS_4_SW_data_16-June-2026_10-58-59,AVC,0.26810526315789474,False,0,100,prop,0.39162000011187054,0.49162000011187057,0.2153824928648737,,,
C000000004,Z:\raw_data\C000000004\VIS_4_SW_data_16-June-2026_10-58-59,AVC,0.26810526315789474,False,0,100,sem,0.30662000011187057,0.4066200001118706,0.31675018870813654,,,
C000000004,Z:\raw_data\C000000004\VIS_4_SW_data_16-June-2026_10-58-59,AVC,0.26810526315789474,False,0,100,sem*prop,0.42162000011187056,0.5216200001118706,0.25842521859056833,,,
C000000004,Z:\raw_data\C000000004\VIS_4_SW_data_16-June-2026_10-58-59,AVC,0.26810526315789474,False,0,100,prior*energy,0.33162000011187054,0.4316200001118705,0.26946615280877584,,,
C000000004,Z:\raw_data\C000000004\VIS_4_SW_data_16-June-2026_10-58-59,AVC,0.26810526315789474,False,0,100,prior*prop,0.32912000011187054,0.42912000011187057,0.27225789946435136,,,
C000000004,Z:\raw_data\C000000004\VIS_4_SW_data_16-June-2026_10-58-59,AVC,0.26810526315789474,False,0,100,prior*sem,0.30662000011187057,0.4066200001118706,0.31675018870813654,,,
C000000004,Z:\raw_data\C000000004\VIS_4_SW_data_16-June-2026_10-58-59,AVC,0.26810526315789474,False,0,100,prior*sem*prop,0.3091200001118706,0.40912000011187055,0.3102185775376872,,,
C000000004,Z:\raw_data\C000000004\VIS_4_SW_data_16-June-2026_10-58-59,AVC,0.26810526315789474,False,0,100,peak,0.3494425,0.44944249999999997,0.24735207585289673,,,
C000000004,Z:\raw_data\C000000004\VIS_4_SW_data_16-June-2026_10-58-59,AVC,0.26810526315789474,False,0,100,prior30*peak,0.33929000000000004,0.43929000000000007,0.259456660918492,,,
C000000004,Z:\raw_data\C000000004\VIS_4_SW_data_16-June-2026_10-58-59,AVC,0.26810526315789474,False,0,100,prior45*peak,0.33929000000000004,0.43929000000000007,0.259456660918492,,,
C000000004,Z:\raw_data\C000000004\VIS_4_SW_data_16-June-2026_10-58-59,AVC,0.26810526315789474,False,0,100,prior60*peak,0.34698999999999997,0.44699,0.25420974373599015,,,
C000000004,Z:\raw_data\C000000004\VIS_4_SW_data_16-June-2026_10-58-59,AVC,0.26810526315789474,False,0,100,prior90*peak,0.3469425,0.4469425,0.25433872903910903,,,
C000000004,Z:\raw_data\C000000004\VIS_4_SW_data_16-June-2026_10-58-59,AVC,0.26810526315789474,False,0,120,phase,0.3002426358517492,0.4202426358517492,,,,
C000000004,Z:\raw_data\C000000004\VIS_4_SW_data_16-June-2026_10-58-59,AVC,0.26810526315789474,False,0,120,energy,0.39162000011187054,0.5116200001118705,0.23187605721362828,,,
C000000004,Z:\raw_data\C000000004\VIS_4_SW_data_16-June-2026_10-58-59,AVC,0.26810526315789474,False,0,120,prop,0.39162000011187054,0.5116200001118705,0.23187605721362828,,,
C000000004,Z:\raw_data\C000000004\VIS_4_SW_data_16-June-2026_10-58-59,AVC,0.26810526315789474,False,0,120,sem,0.28662000011187055,0.40662000011187055,0.2772534161175579,,,
C000000004,Z:\raw_data\C000000004\VIS_4_SW_data_16-June-2026_10-58-59,AVC,0.26810526315789474,False,0,120,sem*prop,0.42162000011187056,0.5416200001118705,0.2630413348235324,,,
C000000004,Z:\raw_data\C000000004\VIS_4_SW_data_16-June-2026_10-58-59,AVC,0.26810526315789474,False,0,120,prior*energy,0.3116200001118705,0.4316200001118705,0.26045493705908507,,,
C000000004,Z:\raw_data\C000000004\VIS_4_SW_data_16-June-2026_10-58-59,AVC,0.26810526315789474,False,0,120,prior*prop,0.3116200001118705,0.4316200001118705,0.26045493705908507,,,
C000000004,Z:\raw_data\C000000004\VIS_4_SW_data_16-June-2026_10-58-59,AVC,0.26810526315789474,False,0,120,prior*sem,0.28912000011187056,0.40912000011187055,0.2768566445354013,,,
C000000004,Z:\raw_data\C000000004\VIS_4_SW_data_16-June-2026_10-58-59,AVC,0.26810526315789474,False,0,120,prior*sem*prop,0.3091200001118705,0.4291200001118705,0.2637774164004235,,,
C000000004,Z:\raw_data\C000000004\VIS_4_SW_data_16-June-2026_10-58-59,AVC,0.26810526315789474,False,0,120,peak,0.3394425,0.4594425,0.23999084105212629,,,
C000000004,Z:\raw_data\C000000004\VIS_4_SW_data_16-June-2026_10-58-59,AVC,0.26810526315789474,False,0,120,prior30*peak,0.32929,0.44929,0.2429721128996083,,,
C000000004,Z:\raw_data\C000000004\VIS_4_SW_data_16-June-2026_10-58-59,AVC,0.26810526315789474,False,0,120,prior45*peak,0.32929,0.44929,0.2429721128996083,,,
C000000004,Z:\raw_data\C000000004\VIS_4_SW_data_16-June-2026_10-58-59,AVC,0.26810526315789474,False,0,120,prior60*peak,0.33698999999999996,0.45698999999999995,0.23956094356064,,,
C000000004,Z:\raw_data\C000000004\VIS_4_SW_data_16-June-2026_10-58-59,AVC,0.26810526315789474,False,0,120,prior90*peak,0.3369425,0.4569425,0.23957270095784028,,,
C000000004,Z:\raw_data\C000000004\VIS_4_SW_data_16-June-2026_10-58-59,MVC,0.8240000000000001,True,1,100,phase,0.8144149999999906,0.9144149999999905,,1.0,1.0,3.4150000000093828
C000000004,Z:\raw_data\C000000004\VIS_4_SW_data_16-June-2026_10-58-59,MVC,0.8240000000000001,True,1,100,energy,0.8141200001118706,0.9141200001118706,0.7993209070388047,1.0,1.0,3.7099998881294782
C000000004,Z:\raw_data\C000000004\VIS_4_SW_data_16-June-2026_10-58-59,MVC,0.8240000000000001,True,1,100,prop,0.8416200001118705,0.9416200001118705,0.7882129700170899,0.8150997822569059,0.0,23.7900001118706
C000000004,Z:\raw_data\C000000004\VIS_4_SW_data_16-June-2026_10-58-59,MVC,0.8240000000000001,True,1,100,sem,0.8091200001118706,0.9091200001118706,0.806602009502693,0.9963933651342937,1.0,8.70999988812937
C000000004,Z:\raw_data\C000000004\VIS_4_SW_data_16-June-2026_10-58-59,MVC,0.8240000000000001,True,1,100,sem*prop,0.8391200001118706,0.9391200001118706,0.7910742858083454,0.8451550840121349,0.0,21.290000111870654
C000000004,Z:\raw_data\C000000004\VIS_4_SW_data_16-June-2026_10-58-59,MVC,0.8240000000000001,True,1,100,prior*energy,0.8141200001118706,0.9141200001118706,0.7993209070388047,1.0,1.0,3.7099998881294782
C000000004,Z:\raw_data\C000000004\VIS_4_SW_data_16-June-2026_10-58-59,MVC,0.8240000000000001,True,1,100,prior*prop,0.8166200001118706,0.9166200001118706,0.7985100651113536,1.0,1.0,1.2099998881293095
C000000004,Z:\raw_data\C000000004\VIS_4_SW_data_16-June-2026_10-58-59,MVC,0.8240000000000001,True,1,100,prior*sem,0.8116200001118706,0.9116200001118706,0.8033267233007885,1.0,1.0,6.209999888129425
C000000004,Z:\raw_data\C000000004\VIS_4_SW_data_16-June-2026_10-58-59,MVC,0.8240000000000001,True,1,100,prior*sem*prop,0.8166200001118706,0.9166200001118706,0.7985100651113536,1.0,1.0,1.2099998881293095
C000000004,Z:\raw_data\C000000004\VIS_4_SW_data_16-June-2026_10-58-59,MVC,0.8240000000000001,True,1,100,peak,0.8179375000000001,0.9179375000000001,0.7979721261135214,1.0,1.0,0.10750000000003812
C000000004,Z:\raw_data\C000000004\VIS_4_SW_data_16-June-2026_10-58-59,MVC,0.8240000000000001,True,1,100,prior30*peak,0.816655,0.916655,0.7984957745562543,1.0,1.0,1.1750000000000371
C000000004,Z:\raw_data\C000000004\VIS_4_SW_data_16-June-2026_10-58-59,MVC,0.8240000000000001,True,1,100,prior45*peak,0.8183750000000001,0.918375,0.7977934936038172,1.0,1.0,0.5450000000001287
C000000004,Z:\raw_data\C000000004\VIS_4_SW_data_16-June-2026_10-58-59,MVC,0.8240000000000001,True,1,100,prior60*peak,0.8183300000000001,0.9183300000000001,0.7978118672333868,1.0,1.0,0.500000000000056
C000000004,Z:\raw_data\C000000004\VIS_4_SW_data_16-June-2026_10-58-59,MVC,0.8240000000000001,True,1,100,prior90*peak,0.8179375000000001,0.9179375000000001,0.7979721261135214,1.0,1.0,0.10750000000003812
C000000004,Z:\raw_data\C000000004\VIS_4_SW_data_16-June-2026_10-58-59,MVC,0.8240000000000001,True,1,120,phase,0.8044149999999906,0.9244149999999905,,1.0,1.0,3.4150000000093828
C000000004,Z:\raw_data\C000000004\VIS_4_SW_data_16-June-2026_10-58-59,MVC,0.8240000000000001,True,1,120,energy,0.7666200001118706,0.8866200001118706,0.6832295034512318,0.7258956493372276,0.0,41.209999888129346
C000000004,Z:\raw_data\C000000004\VIS_4_SW_data_16-June-2026_10-58-59,MVC,0.8240000000000001,True,1,120,prop,0.7641200001118706,0.8841200001118706,0.6767820223871814,0.6958403475819986,0.0,43.70999988812929
C000000004,Z:\raw_data\C000000004\VIS_4_SW_data_16-June-2026_10-58-59,MVC,0.8240000000000001,True,1,120,sem,0.8291200001118706,0.9491200001118706,0.7894408099114651,0.9653762910330534,1.0,21.290000111870654
C000000004,Z:\raw_data\C000000004\VIS_4_SW_data_16-June-2026_10-58-59,MVC,0.8240000000000001,True,1,120,sem*prop,0.7641200001118706,0.8841200001118706,0.6767820223871814,0.6958403475819986,0.0,43.70999988812929
C000000004,Z:\raw_data\C000000004\VIS_4_SW_data_16-June-2026_10-58-59,MVC,0.8240000000000001,True,1,120,prior*energy,0.8041200001118707,0.9241200001118707,0.780589409879273,1.0,1.0,3.709999888129256
C000000004,Z:\raw_data\C000000004\VIS_4_SW_data_16-June-2026_10-58-59,MVC,0.8240000000000001,True,1,120,prior*prop,0.8116200001118707,0.9316200001118707,0.7844609915229498,1.0,1.0,3.790000111870806
C000000004,Z:\raw_data\C000000004\VIS_4_SW_data_16-June-2026_10-58-59,MVC,0.8240000000000001,True,1,120,prior*sem,0.8066200001118706,0.9266200001118706,0.7831851163262825,1.0,1.0,1.2099998881293095
C000000004,Z:\raw_data\C000000004\VIS_4_SW_data_16-June-2026_10-58-59,MVC,0.8240000000000001,True,1,120,prior*sem*prop,0.8116200001118707,0.9316200001118707,0.7844609915229498,1.0,1.0,3.790000111870806
C000000004,Z:\raw_data\C000000004\VIS_4_SW_data_16-June-2026_10-58-59,MVC,0.8240000000000001,True,1,120,peak,0.8079375000000002,0.9279375000000002,0.7840563779101697,1.0,1.0,0.10750000000026017
C000000004,Z:\raw_data\C000000004\VIS_4_SW_data_16-June-2026_10-58-59,MVC,0.8240000000000001,True,1,120,prior30*peak,0.8066550000000001,0.9266550000000001,0.7832082617232895,1.0,1.0,1.174999999999815
C000000004,Z:\raw_data\C000000004\VIS_4_SW_data_16-June-2026_10-58-59,MVC,0.8240000000000001,True,1,120,prior45*peak,0.8083750000000001,0.9283750000000001,0.784345696297507,1.0,1.0,0.5450000000001287
C000000004,Z:\raw_data\C000000004\VIS_4_SW_data_16-June-2026_10-58-59,MVC,0.8240000000000001,True,1,120,prior60*peak,0.8083300000000002,0.9283300000000002,0.7843159378348094,1.0,1.0,0.500000000000278
C000000004,Z:\raw_data\C000000004\VIS_4_SW_data_16-June-2026_10-58-59,MVC,0.8240000000000001,True,1,120,prior90*peak,0.8079375000000002,0.9279375000000002,0.7840563779101697,1.0,1.0,0.10750000000026017
C000000008,Z:\raw_data\C000000008\VIS-010_SW_data_03-July-2026_10-36-33,MVC,-4.999999888241291e-06,True,1,100,phase,0.0016200001118704677,0.10162000011187047,,1.0,1.0,5.299999888129528
C000000008,Z:\raw_data\C000000008\VIS-010_SW_data_03-July-2026_10-36-33,MVC,-4.999999888241291e-06,True,1,100,energy,0.0016200001118704677,0.10162000011187047,0.41130175631675875,1.0,1.0,5.299999888129528
C000000008,Z:\raw_data\C000000008\VIS-010_SW_data_03-July-2026_10-36-33,MVC,-4.999999888241291e-06,True,1,100,prop,0.03412000011187048,0.13412000011187047,0.375363901856554,0.7614678886253384,0.0,27.200000111870487
C000000008,Z:\raw_data\C000000008\VIS-010_SW_data_03-July-2026_10-36-33,MVC,-4.999999888241291e-06,True,1,100,sem,0.0016200001118704677,0.10162000011187047,0.4410978489055067,1.0,1.0,5.299999888129528
C000000008,Z:\raw_data\C000000008\VIS-010_SW_data_03-July-2026_10-36-33,MVC,-4.999999888241291e-06,True,1,100,sem*prop,0.0016200001118704677,0.10162000011187047,0.41130175631675875,1.0,1.0,5.299999888129528
C000000008,Z:\raw_data\C000000008\VIS-010_SW_data_03-July-2026_10-36-33,MVC,-4.999999888241291e-06,True,1,100,prior*energy,0.0016200001118704677,0.10162000011187047,0.38447391658442853,1.0,1.0,5.299999888129528
C000000008,Z:\raw_data\C000000008\VIS-010_SW_data_03-July-2026_10-36-33,MVC,-4.999999888241291e-06,True,1,100,prior*prop,0.0016200001118704677,0.10162000011187047,0.38410503161449205,1.0,1.0,5.299999888129528
C000000008,Z:\raw_data\C000000008\VIS-010_SW_data_03-July-2026_10-36-33,MVC,-4.999999888241291e-06,True,1,100,prior*sem,0.0016200001118704677,0.10162000011187047,0.38440943172259534,1.0,1.0,5.299999888129528
C000000008,Z:\raw_data\C000000008\VIS-010_SW_data_03-July-2026_10-36-33,MVC,-4.999999888241291e-06,True,1,100,prior*sem*prop,0.0016200001118704677,0.10162000011187047,0.4008932500798653,1.0,1.0,5.299999888129528
C000000008,Z:\raw_data\C000000008\VIS-010_SW_data_03-July-2026_10-36-33,MVC,-4.999999888241291e-06,True,1,100,peak,0.01833,0.11833,0.37710283278117457,0.942545871559633,0.0,11.410000000000004
C000000008,Z:\raw_data\C000000008\VIS-010_SW_data_03-July-2026_10-36-33,MVC,-4.999999888241291e-06,True,1,100,prior30*peak,0.018042499999999892,0.1180424999999999,0.37719701074968803,0.9458428899082582,0.0,11.122499999999896
C000000008,Z:\raw_data\C000000008\VIS-010_SW_data_03-July-2026_10-36-33,MVC,-4.999999888241291e-06,True,1,100,prior45*peak,0.019042499999999796,0.1190424999999998,0.3768694352070326,0.9343750000000023,0.0,12.1224999999998
C000000008,Z:\raw_data\C000000008\VIS-010_SW_data_03-July-2026_10-36-33,MVC,-4.999999888241291e-06,True,1,100,prior60*peak,0.01844999999999991,0.11844999999999992,0.3770635237160559,0.9411697247706432,0.0,11.529999999999916
C000000008,Z:\raw_data\C000000008\VIS-010_SW_data_03-July-2026_10-36-33,MVC,-4.999999888241291e-06,True,1,100,prior90*peak,0.01833,0.11833,0.37710283278117457,0.942545871559633,0.0,11.410000000000004
C000000008,Z:\raw_data\C000000008\VIS-010_SW_data_03-July-2026_10-36-33,MVC,-4.999999888241291e-06,True,1,120,phase,0.0016200001118704677,0.12162000011187046,,1.0,1.0,4.700000111870467
C000000008,Z:\raw_data\C000000008\VIS-010_SW_data_03-July-2026_10-36-33,MVC,-4.999999888241291e-06,True,1,120,energy,0.0016200001118704677,0.12162000011187046,0.41130175631675875,1.0,1.0,4.700000111870467
C000000008,Z:\raw_data\C000000008\VIS-010_SW_data_03-July-2026_10-36-33,MVC,-4.999999888241291e-06,True,1,120,prop,0.0016200001118704677,0.12162000011187046,0.41130175631675875,1.0,1.0,4.700000111870467
C000000008,Z:\raw_data\C000000008\VIS-010_SW_data_03-July-2026_10-36-33,MVC,-4.999999888241291e-06,True,1,120,sem,0.0016200001118704677,0.12162000011187046,0.4410978489055067,1.0,1.0,4.700000111870467
C000000008,Z:\raw_data\C000000008\VIS-010_SW_data_03-July-2026_10-36-33,MVC,-4.999999888241291e-06,True,1,120,sem*prop,0.0016200001118704677,0.12162000011187046,0.41130175631675875,1.0,1.0,4.700000111870467
C000000008,Z:\raw_data\C000000008\VIS-010_SW_data_03-July-2026_10-36-33,MVC,-4.999999888241291e-06,True,1,120,prior*energy,0.0016200001118704677,0.12162000011187046,0.3816280909650578,1.0,1.0,4.700000111870467
C000000008,Z:\raw_data\C000000008\VIS-010_SW_data_03-July-2026_10-36-33,MVC,-4.999999888241291e-06,True,1,120,prior*prop,0.0016200001118704677,0.12162000011187046,0.38084154200872733,1.0,1.0,4.700000111870467
C000000008,Z:\raw_data\C000000008\VIS-010_SW_data_03-July-2026_10-36-33,MVC,-4.999999888241291e-06,True,1,120,prior*sem,0.0016200001118704677,0.12162000011187046,0.38084154200872733,1.0,1.0,4.700000111870467
C000000008,Z:\raw_data\C000000008\VIS-010_SW_data_03-July-2026_10-36-33,MVC,-4.999999888241291e-06,True,1,120,prior*sem*prop,0.0016200001118704677,0.12162000011187046,0.38084154200872733,1.0,1.0,4.700000111870467
C000000008,Z:\raw_data\C000000008\VIS-010_SW_data_03-July-2026_10-36-33,MVC,-4.999999888241291e-06,True,1,120,peak,0.008330000000000004,0.12833,0.37270962581633127,1.0,1.0,11.410000000000004
C000000008,Z:\raw_data\C000000008\VIS-010_SW_data_03-July-2026_10-36-33,MVC,-4.999999888241291e-06,True,1,120,prior30*peak,0.008042499999999897,0.1280424999999999,0.37284493014035447,1.0,1.0,11.122499999999896
C000000008,Z:\raw_data\C000000008\VIS-010_SW_data_03-July-2026_10-36-33,MVC,-4.999999888241291e-06,True,1,120,prior45*peak,0.0090424999999998,0.12904249999999978,0.3723743064046218,1.0,1.0,12.122499999999786
C000000008,Z:\raw_data\C000000008\VIS-010_SW_data_03-July-2026_10-36-33,MVC,-4.999999888241291e-06,True,1,120,prior60*peak,0.008449999999999916,0.1284499999999999,0.3726531509680434,1.0,1.0,11.529999999999902
C000000008,Z:\raw_data\C000000008\VIS-010_SW_data_03-July-2026_10-36-33,MVC,-4.999999888241291e-06,True,1,120,prior90*peak,0.008330000000000004,0.12833,0.37270962581633127,1.0,1.0,11.410000000000004
C000000008,Z:\raw_data\C000000008\VIS-010_SW_data_03-July-2026_10-36-33,AVC,0.26701870639360764,True,1,100,phase,0.3090521581749241,0.40905215817492413,,1.0,1.0,0.2078418250759384
C000000008,Z:\raw_data\C000000008\VIS-010_SW_data_03-July-2026_10-36-33,AVC,0.26701870639360764,True,1,100,energy,0.32162000011187053,0.4216200001118705,0.7206287271506785,0.9152691955883657,0.0,12.360000111870495
C000000008,Z:\raw_data\C000000008\VIS-010_SW_data_03-July-2026_10-36-33,AVC,0.26701870639360764,True,1,100,prop,0.4566200001118706,0.5566200001118706,0.18910250189334082,0.0,0.0,147.36000011187056
C000000008,Z:\raw_data\C000000008\VIS-010_SW_data_03-July-2026_10-36-33,AVC,0.26701870639360764,True,1,100,sem,0.26912000011187054,0.3691200001118705,0.762512556428883,0.6087819959385539,0.0,40.139999888129495
C000000008,Z:\raw_data\C000000008\VIS-010_SW_data_03-July-2026_10-36-33,AVC,0.26701870639360764,True,1,100,sem*prop,0.33662000011187054,0.4366200001118705,0.702210445079139,0.7497793456324962,0.0,27.36000011187051
C000000008,Z:\raw_data\C000000008\VIS-010_SW_data_03-July-2026_10-36-33,AVC,0.26701870639360764,True,1,100,prior*energy,0.3141200001118705,0.41412000011187056,0.7266245568804557,0.9980141205663005,1.0,4.860000111870488
C000000008,Z:\raw_data\C000000008\VIS-010_SW_data_03-July-2026_10-36-33,AVC,0.26701870639360764,True,1,100,prior*prop,0.3141200001118705,0.41412000011187056,0.7266245568804557,0.9980141205663005,1.0,4.860000111870488
C000000008,Z:\raw_data\C000000008\VIS-010_SW_data_03-July-2026_10-36-33,AVC,0.26701870639360764,True,1,100,prior*sem,0.30662000011187057,0.4066200001118706,0.7343531424995906,1.0,1.0,2.639999888129463
C000000008,Z:\raw_data\C000000008\VIS-010_SW_data_03-July-2026_10-36-33,AVC,0.26701870639360764,True,1,100,prior*sem*prop,0.3116200001118706,0.4116200001118706,0.7293532927382789,1.0,1.0,2.3600001118705416
C000000008,Z:\raw_data\C000000008\VIS-010_SW_data_03-July-2026_10-36-33,AVC,0.26701870639360764,True,1,100,peak,0.311955,0.41195499999999996,0.7289876422554367,1.0,1.0,2.6949999999999474
C000000008,Z:\raw_data\C000000008\VIS-010_SW_data_03-July-2026_10-36-33,AVC,0.26701870639360764,True,1,100,prior30*peak,0.311955,0.41195499999999996,0.7289876422554367,1.0,1.0,2.6949999999999474
C000000008,Z:\raw_data\C000000008\VIS-010_SW_data_03-July-2026_10-36-33,AVC,0.26701870639360764,True,1,100,prior45*peak,0.311955,0.41195499999999996,0.7289876422554367,1.0,1.0,2.6949999999999474
C000000008,Z:\raw_data\C000000008\VIS-010_SW_data_03-July-2026_10-36-33,AVC,0.26701870639360764,True,1,100,prior60*peak,0.31202499999999994,0.412025,0.7289112376514176,1.0,1.0,2.7649999999999064
C000000008,Z:\raw_data\C000000008\VIS-010_SW_data_03-July-2026_10-36-33,AVC,0.26701870639360764,True,1,100,prior90*peak,0.311955,0.41195499999999996,0.7289876422554367,1.0,1.0,2.6949999999999474
C000000008,Z:\raw_data\C000000008\VIS-010_SW_data_03-July-2026_10-36-33,AVC,0.26701870639360764,True,1,120,phase,0.2990521581749241,0.4190521581749241,,1.0,1.0,0.2078418250759384
C000000008,Z:\raw_data\C000000008\VIS-010_SW_data_03-July-2026_10-36-33,AVC,0.26701870639360764,True,1,120,energy,0.3166200001118705,0.4366200001118705,0.6958648075151311,0.9704324789069889,1.0,17.360000111870498
C000000008,Z:\raw_data\C000000008\VIS-010_SW_data_03-July-2026_10-36-33,AVC,0.26701870639360764,True,1,120,prop,0.4466200001118706,0.5666200001118706,0.17932098850164957,0.0,0.0,147.36000011187056
C000000008,Z:\raw_data\C000000008\VIS-010_SW_data_03-July-2026_10-36-33,AVC,0.26701870639360764,True,1,120,sem,0.2541200001118705,0.3741200001118705,0.7497514279800969,0.6639452792571771,0.0,45.1399998881295
C000000008,Z:\raw_data\C000000008\VIS-010_SW_data_03-July-2026_10-36-33,AVC,0.26701870639360764,True,1,120,sem*prop,0.34412000011187055,0.46412000011187055,0.646902375675527,0.6670344206545614,0.0,44.86000011187053
C000000008,Z:\raw_data\C000000008\VIS-010_SW_data_03-July-2026_10-36-33,AVC,0.26701870639360764,True,1,120,prior*energy,0.30162000011187057,0.42162000011187056,0.7141124583375623,1.0,1.0,2.3600001118705416
C000000008,Z:\raw_data\C000000008\VIS-010_SW_data_03-July-2026_10-36-33,AVC,0.26701870639360764,True,1,120,prior*prop,0.3116200001118705,0.4316200001118705,0.7052762749653566,1.0,1.0,12.360000111870495
C000000008,Z:\raw_data\C000000008\VIS-010_SW_data_03-July-2026_10-36-33,AVC,0.26701870639360764,True,1,120,prior*sem,0.29662000011187056,0.41662000011187056,0.7186117357446365,1.0,1.0,2.639999888129463
C000000008,Z:\raw_data\C000000008\VIS-010_SW_data_03-July-2026_10-36-33,AVC,0.26701870639360764,True,1,120,prior*sem*prop,0.3116200001118705,0.4316200001118705,0.7052762749653566,1.0,1.0,12.360000111870495
C000000008,Z:\raw_data\C000000008\VIS-010_SW_data_03-July-2026_10-36-33,AVC,0.26701870639360764,True,1,120,peak,0.301955,0.42195499999999997,0.7138781405411343,1.0,1.0,2.6949999999999474
C000000008,Z:\raw_data\C000000008\VIS-010_SW_data_03-July-2026_10-36-33,AVC,0.26701870639360764,True,1,120,prior30*peak,0.301955,0.42195499999999997,0.7138781405411343,1.0,1.0,2.6949999999999474
C000000008,Z:\raw_data\C000000008\VIS-010_SW_data_03-July-2026_10-36-33,AVC,0.26701870639360764,True,1,120,prior45*peak,0.301955,0.42195499999999997,0.7138781405411343,1.0,1.0,2.6949999999999474
C000000008,Z:\raw_data\C000000008\VIS-010_SW_data_03-July-2026_10-36-33,AVC,0.26701870639360764,True,1,120,prior60*peak,0.30202499999999993,0.42202499999999993,0.7138291785971721,1.0,1.0,2.7649999999999064
C000000008,Z:\raw_data\C000000008\VIS-010_SW_data_03-July-2026_10-36-33,AVC,0.26701870639360764,True,1,120,prior90*peak,0.301955,0.42195499999999997,0.7138781405411343,1.0,1.0,2.6949999999999474
C000000008,Z:\raw_data\C000000008\VIS-010_SW_data_03-July-2026_10-36-33,MVC,0.8540709999999962,True,1,100,phase,0.8444859999999867,0.9444859999999867,,1.0,1.0,11.209000000013237
C000000008,Z:\raw_data\C000000008\VIS-010_SW_data_03-July-2026_10-36-33,MVC,0.8540709999999962,True,1,100,energy,0.8241200001118706,0.9241200001118706,0.5909876530644314,0.7451763155272192,0.0,31.574999888129508
C000000008,Z:\raw_data\C000000008\VIS-010_SW_data_03-July-2026_10-36-33,MVC,0.8540709999999962,True,1,100,prop,0.8916200001118706,0.9916200001118706,0.4121289315490359,0.687292081013033,0.0,35.92500011187061
C000000008,Z:\raw_data\C000000008\VIS-010_SW_data_03-July-2026_10-36-33,MVC,0.8540709999999962,True,1,100,sem,0.8041200001118706,0.9041200001118705,0.6363732643736281,0.47904191765629434,0.0,51.574999888129526
C000000008,Z:\raw_data\C000000008\VIS-010_SW_data_03-July-2026_10-36-33,MVC,0.8540709999999962,True,1,100,sem*prop,0.8266200001118706,0.9266200001118706,0.5865000129643421,0.7784431152610856,0.0,29.074999888129337
C000000008,Z:\raw_data\C000000008\VIS-010_SW_data_03-July-2026_10-36-33,MVC,0.8540709999999962,True,1,100,prior*energy,0.8516200001118706,0.9516200001118705,0.4569633920375768,1.0,1.0,4.074999888129427
C000000008,Z:\raw_data\C000000008\VIS-010_SW_data_03-July-2026_10-36-33,MVC,0.8540709999999962,True,1,100,prior*prop,0.8516200001118706,0.9516200001118705,0.4569633920375768,1.0,1.0,4.074999888129427
C000000008,Z:\raw_data\C000000008\VIS-010_SW_data_03-July-2026_10-36-33,MVC,0.8540709999999962,True,1,100,prior*sem,0.8416200001118705,0.9416200001118705,0.5190562465142616,0.9780439136642778,1.0,14.074999888129437
C000000008,Z:\raw_data\C000000008\VIS-010_SW_data_03-July-2026_10-36-33,MVC,0.8540709999999962,True,1,100,prior*sem*prop,0.8441200001118706,0.9441200001118706,0.5103741628209553,1.0,1.0,11.57499988812949
C000000008,Z:\raw_data\C000000008\VIS-010_SW_data_03-July-2026_10-36-33,MVC,0.8540709999999962,True,1,100,peak,0.8708300000000001,0.9708300000000001,0.4211022290082254,0.9639387890884884,1.0,15.135000000000009
C000000008,Z:\raw_data\C000000008\VIS-010_SW_data_03-July-2026_10-36-33,MVC,0.8540709999999962,True,1,100,prior30*peak,0.8580424999999999,0.9580424999999999,0.4480973602726519,1.0,1.0,2.347499999999836
C000000008,Z:\raw_data\C000000008\VIS-010_SW_data_03-July-2026_10-36-33,MVC,0.8540709999999962,True,1,100,prior45*peak,0.8715424999999999,0.9715424999999999,0.42134309319981095,0.9544577511643396,1.0,15.847499999999904
C000000008,Z:\raw_data\C000000008\VIS-010_SW_data_03-July-2026_10-36-33,MVC,0.8540709999999962,True,1,100,prior60*peak,0.8709500000000001,0.9709500000000001,0.4211427956089135,0.9623419827012627,1.0,15.25500000000013
C000000008,Z:\raw_data\C000000008\VIS-010_SW_data_03-July-2026_10-36-33,MVC,0.8540709999999962,True,1,100,prior90*peak,0.8708300000000001,0.9708300000000001,0.4211022290082254,0.9639387890884884,1.0,15.135000000000009
C000000008,Z:\raw_data\C000000008\VIS-010_SW_data_03-July-2026_10-36-33,MVC,0.8540709999999962,True,1,120,phase,0.8344859999999867,0.9544859999999867,,1.0,1.0,11.209000000013237
C000000008,Z:\raw_data\C000000008\VIS-010_SW_data_03-July-2026_10-36-33,MVC,0.8540709999999962,True,1,120,energy,0.7941200001118707,0.9141200001118707,0.6224496966300992,0.6121091165917583,0.0,51.574999888129305
C000000008,Z:\raw_data\C000000008\VIS-010_SW_data_03-July-2026_10-36-33,MVC,0.8540709999999962,True,1,120,prop,0.8784600245952606,0.9984600245952606,0.4121289315490359,0.8624081890184881,0.0,32.76502459526054
C000000008,Z:\raw_data\C000000008\VIS-010_SW_data_03-July-2026_10-36-33,MVC,0.8540709999999962,True,1,120,sem,0.8016200001118707,0.9216200001118707,0.6226429479720238,0.7119095157933558,0.0,44.07499988812924
C000000008,Z:\raw_data\C000000008\VIS-010_SW_data_03-July-2026_10-36-33,MVC,0.8540709999999962,True,1,120,sem*prop,0.7941200001118707,0.9141200001118707,0.6224496966300992,0.6121091165917583,0.0,51.574999888129305
C000000008,Z:\raw_data\C000000008\VIS-010_SW_data_03-July-2026_10-36-33,MVC,0.8540709999999962,True,1,120,prior*energy,0.8266200001118706,0.9466200001118706,0.5725296962984806,1.0,1.0,19.07499988812933
C000000008,Z:\raw_data\C000000008\VIS-010_SW_data_03-July-2026_10-36-33,MVC,0.8540709999999962,True,1,120,prior*prop,0.8341200001118707,0.9541200001118707,0.5299252583903372,1.0,1.0,11.574999888129266
C000000008,Z:\raw_data\C000000008\VIS-010_SW_data_03-July-2026_10-36-33,MVC,0.8540709999999962,True,1,120,prior*sem,0.8291200001118706,0.9491200001118706,0.5646397773138627,1.0,1.0,16.574999888129383
C000000008,Z:\raw_data\C000000008\VIS-010_SW_data_03-July-2026_10-36-33,MVC,0.8540709999999962,True,1,120,prior*sem*prop,0.8291200001118706,0.9491200001118706,0.5646397773138627,1.0,1.0,16.574999888129383
C000000008,Z:\raw_data\C000000008\VIS-010_SW_data_03-July-2026_10-36-33,MVC,0.8540709999999962,True,1,120,peak,0.8608300000000002,0.9808300000000002,0.4253715391778525,1.0,1.0,15.135000000000232
C000000008,Z:\raw_data\C000000008\VIS-010_SW_data_03-July-2026_10-36-33,MVC,0.8540709999999962,True,1,120,prior30*peak,0.8480425,0.9680425,0.4696493346475316,1.0,1.0,2.347500000000058
C000000008,Z:\raw_data\C000000008\VIS-010_SW_data_03-July-2026_10-36-33,MVC,0.8540709999999962,True,1,120,prior45*peak,0.8615424999999999,0.9815424999999999,0.42324506594187844,1.0,1.0,15.847499999999904
C000000008,Z:\raw_data\C000000008\VIS-010_SW_data_03-July-2026_10-36-33,MVC,0.8540709999999962,True,1,120,prior60*peak,0.8609500000000001,0.9809500000000001,0.42501339631705676,1.0,1.0,15.25500000000013
C000000008,Z:\raw_data\C000000008\VIS-010_SW_data_03-July-2026_10-36-33,MVC,0.8540709999999962,True,1,120,prior90*peak,0.8608300000000002,0.9808300000000002,0.4253715391778525,1.0,1.0,15.135000000000232
C000000010,Z:\raw_data\C000000010\vis-006_SW_data_30-June-2026_09-43-28,MVC,-5.000000004656613e-06,True,1,100,phase,0.0016200001118704677,0.10162000011187047,,1.0,1.0,6.170000111870467
C000000010,Z:\raw_data\C000000010\vis-006_SW_data_30-June-2026_09-43-28,MVC,-5.000000004656613e-06,True,1,100,energy,0.0016200001118704677,0.10162000011187047,0.6454929955488132,1.0,1.0,6.170000111870467
C000000010,Z:\raw_data\C000000010\vis-006_SW_data_30-June-2026_09-43-28,MVC,-5.000000004656613e-06,True,1,100,prop,0.0016200001118704677,0.10162000011187047,0.6507080907554531,1.0,1.0,6.170000111870467
C000000010,Z:\raw_data\C000000010\vis-006_SW_data_30-June-2026_09-43-28,MVC,-5.000000004656613e-06,True,1,100,sem,0.0016200001118704677,0.10162000011187047,0.6604835976628731,1.0,1.0,6.170000111870467
C000000010,Z:\raw_data\C000000010\vis-006_SW_data_30-June-2026_09-43-28,MVC,-5.000000004656613e-06,True,1,100,sem*prop,0.0016200001118704677,0.10162000011187047,0.6604835976628731,1.0,1.0,6.170000111870467
C000000010,Z:\raw_data\C000000010\vis-006_SW_data_30-June-2026_09-43-28,MVC,-5.000000004656613e-06,True,1,100,prior*energy,0.0016200001118704677,0.10162000011187047,0.6494588448300448,1.0,1.0,6.170000111870467
C000000010,Z:\raw_data\C000000010\vis-006_SW_data_30-June-2026_09-43-28,MVC,-5.000000004656613e-06,True,1,100,prior*prop,0.0016200001118704677,0.10162000011187047,0.6494588448300448,1.0,1.0,6.170000111870467
C000000010,Z:\raw_data\C000000010\vis-006_SW_data_30-June-2026_09-43-28,MVC,-5.000000004656613e-06,True,1,100,prior*sem,0.0016200001118704677,0.10162000011187047,0.6510867364199687,1.0,1.0,6.170000111870467
C000000010,Z:\raw_data\C000000010\vis-006_SW_data_30-June-2026_09-43-28,MVC,-5.000000004656613e-06,True,1,100,prior*sem*prop,0.0016200001118704677,0.10162000011187047,0.6494588448300448,1.0,1.0,6.170000111870467
C000000010,Z:\raw_data\C000000010\vis-006_SW_data_30-June-2026_09-43-28,MVC,-5.000000004656613e-06,True,1,100,peak,0.0016200001118704677,0.10162000011187047,0.650297125341736,1.0,1.0,6.170000111870467
C000000010,Z:\raw_data\C000000010\vis-006_SW_data_30-June-2026_09-43-28,MVC,-5.000000004656613e-06,True,1,100,prior30*peak,0.0016200001118704677,0.10162000011187047,0.6510002930685655,1.0,1.0,6.170000111870467
C000000010,Z:\raw_data\C000000010\vis-006_SW_data_30-June-2026_09-43-28,MVC,-5.000000004656613e-06,True,1,100,prior45*peak,0.0016200001118704677,0.10162000011187047,0.6510406539145587,1.0,1.0,6.170000111870467
C000000010,Z:\raw_data\C000000010\vis-006_SW_data_30-June-2026_09-43-28,MVC,-5.000000004656613e-06,True,1,100,prior60*peak,0.0016200001118704677,0.10162000011187047,0.6504665493600592,1.0,1.0,6.170000111870467
C000000010,Z:\raw_data\C000000010\vis-006_SW_data_30-June-2026_09-43-28,MVC,-5.000000004656613e-06,True,1,100,prior90*peak,0.0016200001118704677,0.10162000011187047,0.650297125341736,1.0,1.0,6.170000111870467
C000000010,Z:\raw_data\C000000010\vis-006_SW_data_30-June-2026_09-43-28,MVC,-5.000000004656613e-06,True,1,120,phase,0.0016200001118704677,0.12162000011187046,,1.0,1.0,16.17000011187046
C000000010,Z:\raw_data\C000000010\vis-006_SW_data_30-June-2026_09-43-28,MVC,-5.000000004656613e-06,True,1,120,energy,0.0016200001118704677,0.12162000011187046,0.6541422885428883,1.0,1.0,16.17000011187046
C000000010,Z:\raw_data\C000000010\vis-006_SW_data_30-June-2026_09-43-28,MVC,-5.000000004656613e-06,True,1,120,prop,0.0016200001118704677,0.12162000011187046,0.656573187909833,1.0,1.0,16.17000011187046
C000000010,Z:\raw_data\C000000010\vis-006_SW_data_30-June-2026_09-43-28,MVC,-5.000000004656613e-06,True,1,120,sem,0.0016200001118704677,0.12162000011187046,0.6570990941927914,1.0,1.0,16.17000011187046
C000000010,Z:\raw_data\C000000010\vis-006_SW_data_30-June-2026_09-43-28,MVC,-5.000000004656613e-06,True,1,120,sem*prop,0.0016200001118704677,0.12162000011187046,0.656573187909833,1.0,1.0,16.17000011187046
C000000010,Z:\raw_data\C000000010\vis-006_SW_data_30-June-2026_09-43-28,MVC,-5.000000004656613e-06,True,1,120,prior*energy,0.0016200001118704677,0.12162000011187046,0.6419348311121011,1.0,1.0,16.17000011187046
C000000010,Z:\raw_data\C000000010\vis-006_SW_data_30-June-2026_09-43-28,MVC,-5.000000004656613e-06,True,1,120,prior*prop,0.0016200001118704677,0.12162000011187046,0.6419348311121011,1.0,1.0,16.17000011187046
C000000010,Z:\raw_data\C000000010\vis-006_SW_data_30-June-2026_09-43-28,MVC,-5.000000004656613e-06,True,1,120,prior*sem,0.0016200001118704677,0.12162000011187046,0.6371458392186338,1.0,1.0,16.17000011187046
C000000010,Z:\raw_data\C000000010\vis-006_SW_data_30-June-2026_09-43-28,MVC,-5.000000004656613e-06,True,1,120,prior*sem*prop,0.0016200001118704677,0.12162000011187046,0.6419348311121011,1.0,1.0,16.17000011187046
C000000010,Z:\raw_data\C000000010\vis-006_SW_data_30-June-2026_09-43-28,MVC,-5.000000004656613e-06,True,1,120,peak,0.0016200001118704677,0.12162000011187046,0.6410775975225204,1.0,1.0,16.17000011187046
C000000010,Z:\raw_data\C000000010\vis-006_SW_data_30-June-2026_09-43-28,MVC,-5.000000004656613e-06,True,1,120,prior30*peak,0.0016200001118704677,0.12162000011187046,0.6389807177948418,1.0,1.0,16.17000011187046
C000000010,Z:\raw_data\C000000010\vis-006_SW_data_30-June-2026_09-43-28,MVC,-5.000000004656613e-06,True,1,120,prior45*peak,0.0016200001118704677,0.12162000011187046,0.6381240035371425,1.0,1.0,16.17000011187046
C000000010,Z:\raw_data\C000000010\vis-006_SW_data_30-June-2026_09-43-28,MVC,-5.000000004656613e-06,True,1,120,prior60*peak,0.0016200001118704677,0.12162000011187046,0.6409043429169762,1.0,1.0,16.17000011187046
C000000010,Z:\raw_data\C000000010\vis-006_SW_data_30-June-2026_09-43-28,MVC,-5.000000004656613e-06,True,1,120,prior90*peak,0.0016200001118704677,0.12162000011187046,0.6410775975225204,1.0,1.0,16.17000011187046
C000000010,Z:\raw_data\C000000010\vis-006_SW_data_30-June-2026_09-43-28,AVC,0.2516152590508133,True,1,100,phase,0.2936487108321298,0.3936487108321298,,1.0,1.0,0.981289167870214
C000000010,Z:\raw_data\C000000010\vis-006_SW_data_30-June-2026_09-43-28,AVC,0.2516152590508133,True,1,100,energy,0.43162000011187057,0.5316200001118706,0.15439653961190536,0.0,0.0,136.99000011187056
C000000010,Z:\raw_data\C000000010\vis-006_SW_data_30-June-2026_09-43-28,AVC,0.2516152590508133,True,1,100,prop,0.43162000011187057,0.5316200001118706,0.15439653961190536,0.0,0.0,136.99000011187056
C000000010,Z:\raw_data\C000000010\vis-006_SW_data_30-June-2026_09-43-28,AVC,0.2516152590508133,True,1,100,sem,0.3116200001118706,0.4116200001118706,0.3212319021549448,0.9918057194298188,1.0,16.99000011187057
C000000010,Z:\raw_data\C000000010\vis-006_SW_data_30-June-2026_09-43-28,AVC,0.2516152590508133,True,1,100,sem*prop,0.3141200001118705,0.41412000011187056,0.3206142786719432,0.9545589971413809,1.0,19.490000111870522
C000000010,Z:\raw_data\C000000010\vis-006_SW_data_30-June-2026_09-43-28,AVC,0.2516152590508133,True,1,100,prior*energy,0.3116200001118706,0.4116200001118706,0.3212319021549448,0.9918057194298188,1.0,16.99000011187057
C000000010,Z:\raw_data\C000000010\vis-006_SW_data_30-June-2026_09-43-28,AVC,0.2516152590508133,True,1,100,prior*prop,0.30412000011187057,0.40412000011187055,0.32037576532625606,1.0,1.0,9.490000111870566
C000000010,Z:\raw_data\C000000010\vis-006_SW_data_30-June-2026_09-43-28,AVC,0.2516152590508133,True,1,100,prior*sem,0.29662000011187056,0.3966200001118706,0.31936673342569577,1.0,1.0,1.9900001118705601
C000000010,Z:\raw_data\C000000010\vis-006_SW_data_30-June-2026_09-43-28,AVC,0.2516152590508133,True,1,100,prior*sem*prop,0.30412000011187057,0.40412000011187055,0.32037576532625606,1.0,1.0,9.490000111870566
C000000010,Z:\raw_data\C000000010\vis-006_SW_data_30-June-2026_09-43-28,AVC,0.2516152590508133,True,1,100,peak,0.29192999999999997,0.39193,0.3100152295634312,1.0,1.0,2.7000000000000357
C000000010,Z:\raw_data\C000000010\vis-006_SW_data_30-June-2026_09-43-28,AVC,0.2516152590508133,True,1,100,prior30*peak,0.291625,0.391625,0.3090973999130094,1.0,1.0,3.00499999999998
C000000010,Z:\raw_data\C000000010\vis-006_SW_data_30-June-2026_09-43-28,AVC,0.2516152590508133,True,1,100,prior45*peak,0.291625,0.391625,0.3090973999130094,1.0,1.0,3.00499999999998
C000000010,Z:\raw_data\C000000010\vis-006_SW_data_30-June-2026_09-43-28,AVC,0.2516152590508133,True,1,100,prior60*peak,0.291955,0.39195500000000005,0.31009046150199054,1.0,1.0,2.674999999999983
C000000010,Z:\raw_data\C000000010\vis-006_SW_data_30-June-2026_09-43-28,AVC,0.2516152590508133,True,1,100,prior90*peak,0.29192999999999997,0.39193,0.3100152295634312,1.0,1.0,2.7000000000000357
C000000010,Z:\raw_data\C000000010\vis-006_SW_data_30-June-2026_09-43-28,AVC,0.2516152590508133,True,1,120,phase,0.2836487108321298,0.4036487108321298,,1.0,1.0,0.981289167870214
C000000010,Z:\raw_data\C000000010\vis-006_SW_data_30-June-2026_09-43-28,AVC,0.2516152590508133,True,1,120,energy,0.38662000011187053,0.5066200001118706,0.17656914991593442,0.0,0.0,101.99000011187054
C000000010,Z:\raw_data\C000000010\vis-006_SW_data_30-June-2026_09-43-28,AVC,0.2516152590508133,True,1,120,prop,0.42162000011187056,0.5416200001118705,0.16167167897674506,0.0,0.0,136.99000011187056
C000000010,Z:\raw_data\C000000010\vis-006_SW_data_30-June-2026_09-43-28,AVC,0.2516152590508133,True,1,120,sem,0.29162000011187056,0.41162000011187055,0.3106052004889563,1.0,1.0,6.990000111870565
C000000010,Z:\raw_data\C000000010\vis-006_SW_data_30-June-2026_09-43-28,AVC,0.2516152590508133,True,1,120,sem*prop,0.33662000011187054,0.45662000011187054,0.24727258370662475,0.6193384965454332,0.0,51.99000011187055
C000000010,Z:\raw_data\C000000010\vis-006_SW_data_30-June-2026_09-43-28,AVC,0.2516152590508133,True,1,120,prior*energy,0.29162000011187056,0.41162000011187055,0.3106052004889563,1.0,1.0,6.990000111870565
C000000010,Z:\raw_data\C000000010\vis-006_SW_data_30-June-2026_09-43-28,AVC,0.2516152590508133,True,1,120,prior*prop,0.28912000011187056,0.40912000011187055,0.3094638370298289,1.0,1.0,4.490000111870563
C000000010,Z:\raw_data\C000000010\vis-006_SW_data_30-June-2026_09-43-28,AVC,0.2516152590508133,True,1,120,prior*sem,0.28412000011187055,0.40412000011187055,0.3097975527969148,1.0,1.0,0.5099998881294421
C000000010,Z:\raw_data\C000000010\vis-006_SW_data_30-June-2026_09-43-28,AVC,0.2516152590508133,True,1,120,prior*sem*prop,0.28912000011187056,0.40912000011187055,0.3094638370298289,1.0,1.0,4.490000111870563
C000000010,Z:\raw_data\C000000010\vis-006_SW_data_30-June-2026_09-43-28,AVC,0.2516152590508133,True,1,120,peak,0.28192999999999996,0.40192999999999995,0.3064483758659842,1.0,1.0,2.7000000000000357
C000000010,Z:\raw_data\C000000010\vis-006_SW_data_30-June-2026_09-43-28,AVC,0.2516152590508133,True,1,120,prior30*peak,0.281625,0.401625,0.3059819380067363,1.0,1.0,3.00499999999998
C000000010,Z:\raw_data\C000000010\vis-006_SW_data_30-June-2026_09-43-28,AVC,0.2516152590508133,True,1,120,prior45*peak,0.281625,0.401625,0.3059819380067363,1.0,1.0,3.00499999999998
C000000010,Z:\raw_data\C000000010\vis-006_SW_data_30-June-2026_09-43-28,AVC,0.2516152590508133,True,1,120,prior60*peak,0.281955,0.401955,0.30648660847739806,1.0,1.0,2.674999999999983
C000000010,Z:\raw_data\C000000010\vis-006_SW_data_30-June-2026_09-43-28,AVC,0.2516152590508133,True,1,120,prior90*peak,0.28192999999999996,0.40192999999999995,0.3064483758659842,1.0,1.0,2.7000000000000357
C000000010,Z:\raw_data\C000000010\vis-006_SW_data_30-June-2026_09-43-28,MVC,0.7265599999999395,True,1,100,phase,0.7194954999999281,0.8194954999999281,,1.0,1.0,9.515499999928178
C000000010,Z:\raw_data\C000000010\vis-006_SW_data_30-June-2026_09-43-28,MVC,0.7265599999999395,True,1,100,energy,0.6766200001118705,0.7766200001118705,0.46476486725142013,0.747914185218571,0.0,33.35999988812943
C000000010,Z:\raw_data\C000000010\vis-006_SW_data_30-June-2026_09-43-28,MVC,0.7265599999999395,True,1,100,prop,0.6766200001118705,0.7766200001118705,0.46476486725142013,0.747914185218571,0.0,33.35999988812943
C000000010,Z:\raw_data\C000000010\vis-006_SW_data_30-June-2026_09-43-28,MVC,0.7265599999999395,True,1,100,sem,0.7391200001118706,0.8391200001118706,0.59473927011804,0.8107866491080057,0.0,29.140000111870567
C000000010,Z:\raw_data\C000000010\vis-006_SW_data_30-June-2026_09-43-28,MVC,0.7265599999999395,True,1,100,sem*prop,0.6791200001118706,0.7791200001118705,0.4712998290201735,0.7851609075070104,0.0,30.859999888129487
C000000010,Z:\raw_data\C000000010\vis-006_SW_data_30-June-2026_09-43-28,MVC,0.7265599999999395,True,1,100,prior*energy,0.7066200001118705,0.8066200001118705,0.5266693065917777,1.0,1.0,3.3599998881294058
C000000010,Z:\raw_data\C000000010\vis-006_SW_data_30-June-2026_09-43-28,MVC,0.7265599999999395,True,1,100,prior*prop,0.7066200001118705,0.8066200001118705,0.5266693065917777,1.0,1.0,3.3599998881294058
C000000010,Z:\raw_data\C000000010\vis-006_SW_data_30-June-2026_09-43-28,MVC,0.7265599999999395,True,1,100,prior*sem,0.7216200001118706,0.8216200001118705,0.5535162367085112,1.0,1.0,11.640000111870496
C000000010,Z:\raw_data\C000000010\vis-006_SW_data_30-June-2026_09-43-28,MVC,0.7265599999999395,True,1,100,prior*sem*prop,0.7066200001118705,0.8066200001118705,0.5266693065917777,1.0,1.0,3.3599998881294058
C000000010,Z:\raw_data\C000000010\vis-006_SW_data_30-June-2026_09-43-28,MVC,0.7265599999999395,True,1,100,peak,0.7130424999999999,0.8130424999999999,0.5434174774147457,1.0,1.0,3.062499999999857
C000000010,Z:\raw_data\C000000010\vis-006_SW_data_30-June-2026_09-43-28,MVC,0.7265599999999395,True,1,100,prior30*peak,0.7127224999999999,0.8127224999999999,0.5427171148177915,1.0,1.0,2.742499999999981
C000000010,Z:\raw_data\C000000010\vis-006_SW_data_30-June-2026_09-43-28,MVC,0.7265599999999395,True,1,100,prior45*peak,0.713375,0.813375,0.5441451979256434,1.0,1.0,3.394999999999926
C000000010,Z:\raw_data\C000000010\vis-006_SW_data_30-June-2026_09-43-28,MVC,0.7265599999999395,True,1,100,prior60*peak,0.71333,0.81333,0.5440467094354469,1.0,1.0,3.350000000000075
C000000010,Z:\raw_data\C000000010\vis-006_SW_data_30-June-2026_09-43-28,MVC,0.7265599999999395,True,1,100,prior90*peak,0.7130424999999999,0.8130424999999999,0.5434174774147457,1.0,1.0,3.062499999999857
C000000010,Z:\raw_data\C000000010\vis-006_SW_data_30-June-2026_09-43-28,MVC,0.7265599999999395,True,1,120,phase,0.7094954999999281,0.8294954999999281,,1.0,1.0,9.515499999928178
C000000010,Z:\raw_data\C000000010\vis-006_SW_data_30-June-2026_09-43-28,MVC,0.7265599999999395,True,1,120,energy,0.6666200001118705,0.7866200001118705,0.4681835846222431,0.8969010743723255,0.0,33.35999988812943
C000000010,Z:\raw_data\C000000010\vis-006_SW_data_30-June-2026_09-43-28,MVC,0.7265599999999395,True,1,120,prop,0.6666200001118705,0.7866200001118705,0.4681835846222431,0.8969010743723255,0.0,33.35999988812943
C000000010,Z:\raw_data\C000000010\vis-006_SW_data_30-June-2026_09-43-28,MVC,0.7265599999999395,True,1,120,sem,0.7566200001118706,0.8766200001118706,0.5817224084342584,0.5500595930889363,0.0,56.64000011187065
C000000010,Z:\raw_data\C000000010\vis-006_SW_data_30-June-2026_09-43-28,MVC,0.7265599999999395,True,1,120,sem*prop,0.6741200001118706,0.7941200001118706,0.4748535466890334,1.0,1.0,25.85999988812937
C000000010,Z:\raw_data\C000000010\vis-006_SW_data_30-June-2026_09-43-28,MVC,0.7265599999999395,True,1,120,prior*energy,0.7041200001118706,0.8241200001118706,0.5030673137279804,1.0,1.0,4.140000111870656
C000000010,Z:\raw_data\C000000010\vis-006_SW_data_30-June-2026_09-43-28,MVC,0.7265599999999395,True,1,120,prior*prop,0.7041200001118706,0.8241200001118706,0.5030673137279804,1.0,1.0,4.140000111870656
C000000010,Z:\raw_data\C000000010\vis-006_SW_data_30-June-2026_09-43-28,MVC,0.7265599999999395,True,1,120,prior*sem,0.7116200001118707,0.8316200001118706,0.5208450116648563,1.0,1.0,11.64000011187072
C000000010,Z:\raw_data\C000000010\vis-006_SW_data_30-June-2026_09-43-28,MVC,0.7265599999999395,True,1,120,prior*sem*prop,0.7066200001118705,0.8266200001118705,0.5134259467040734,1.0,1.0,6.640000111870603
C000000010,Z:\raw_data\C000000010\vis-006_SW_data_30-June-2026_09-43-28,MVC,0.7265599999999395,True,1,120,peak,0.7030425,0.8230425,0.5010772400235748,1.0,1.0,3.062500000000079
C000000010,Z:\raw_data\C000000010\vis-006_SW_data_30-June-2026_09-43-28,MVC,0.7265599999999395,True,1,120,prior30*peak,0.7027224999999999,0.8227224999999999,0.5004862205161111,1.0,1.0,2.742499999999981
C000000010,Z:\raw_data\C000000010\vis-006_SW_data_30-June-2026_09-43-28,MVC,0.7265599999999395,True,1,120,prior45*peak,0.7033750000000001,0.8233750000000001,0.5016913462305488,1.0,1.0,3.395000000000148
C000000010,Z:\raw_data\C000000010\vis-006_SW_data_30-June-2026_09-43-28,MVC,0.7265599999999395,True,1,120,prior60*peak,0.70333,0.82333,0.5016082341123118,1.0,1.0,3.350000000000075
C000000010,Z:\raw_data\C000000010\vis-006_SW_data_30-June-2026_09-43-28,MVC,0.7265599999999395,True,1,120,prior90*peak,0.7030425,0.8230425,0.5010772400235748,1.0,1.0,3.062500000000079
C000000011,Z:\raw_data\C000000011\VIS-11_SW_data_07-July-2026_08-40-05,MVC,-5.999999993946403e-06,True,1,100,phase,0.0016200001118704677,0.10162000011187047,,1.0,1.0,3.885000111870471
C000000011,Z:\raw_data\C000000011\VIS-11_SW_data_07-July-2026_08-40-05,MVC,-5.999999993946403e-06,True,1,100,energy,0.0016200001118704677,0.10162000011187047,0.7052846877282,1.0,1.0,3.885000111870471
C000000011,Z:\raw_data\C000000011\VIS-11_SW_data_07-July-2026_08-40-05,MVC,-5.999999993946403e-06,True,1,100,prop,0.0016200001118704677,0.10162000011187047,0.7126136490828905,1.0,1.0,3.885000111870471
C000000011,Z:\raw_data\C000000011\VIS-11_SW_data_07-July-2026_08-40-05,MVC,-5.999999993946403e-06,True,1,100,sem,0.06662000011187048,0.1666200001118705,0.7520069272856115,0.2617635913728967,0.0,68.88500011187048
C000000011,Z:\raw_data\C000000011\VIS-11_SW_data_07-July-2026_08-40-05,MVC,-5.999999993946403e-06,True,1,100,sem*prop,0.0016200001118704677,0.10162000011187047,0.7126136490828905,1.0,1.0,3.885000111870471
C000000011,Z:\raw_data\C000000011\VIS-11_SW_data_07-July-2026_08-40-05,MVC,-5.999999993946403e-06,True,1,100,prior*energy,0.0016200001118704677,0.10162000011187047,0.7237701921986447,1.0,1.0,3.885000111870471
C000000011,Z:\raw_data\C000000011\VIS-11_SW_data_07-July-2026_08-40-05,MVC,-5.999999993946403e-06,True,1,100,prior*prop,0.0016200001118704677,0.10162000011187047,0.7344070920442237,1.0,1.0,3.885000111870471
C000000011,Z:\raw_data\C000000011\VIS-11_SW_data_07-July-2026_08-40-05,MVC,-5.999999993946403e-06,True,1,100,prior*sem,0.0016200001118704677,0.10162000011187047,0.7280285691394436,1.0,1.0,3.885000111870471
C000000011,Z:\raw_data\C000000011\VIS-11_SW_data_07-July-2026_08-40-05,MVC,-5.999999993946403e-06,True,1,100,prior*sem*prop,0.0016200001118704677,0.10162000011187047,0.7344070920442237,1.0,1.0,3.885000111870471
C000000011,Z:\raw_data\C000000011\VIS-11_SW_data_07-July-2026_08-40-05,MVC,-5.999999993946403e-06,True,1,100,peak,0.0016200001118704677,0.10162000011187047,0.7217414807714321,1.0,1.0,3.885000111870471
C000000011,Z:\raw_data\C000000011\VIS-11_SW_data_07-July-2026_08-40-05,MVC,-5.999999993946403e-06,True,1,100,prior30*peak,0.0016200001118704677,0.10162000011187047,0.7249030440228668,1.0,1.0,3.885000111870471
C000000011,Z:\raw_data\C000000011\VIS-11_SW_data_07-July-2026_08-40-05,MVC,-5.999999993946403e-06,True,1,100,prior45*peak,0.0016200001118704677,0.10162000011187047,0.7275725772461205,1.0,1.0,3.885000111870471
C000000011,Z:\raw_data\C000000011\VIS-11_SW_data_07-July-2026_08-40-05,MVC,-5.999999993946403e-06,True,1,100,prior60*peak,0.0016200001118704677,0.10162000011187047,0.7224457216361274,1.0,1.0,3.885000111870471
C000000011,Z:\raw_data\C000000011\VIS-11_SW_data_07-July-2026_08-40-05,MVC,-5.999999993946403e-06,True,1,100,prior90*peak,0.0016200001118704677,0.10162000011187047,0.7217414807714321,1.0,1.0,3.885000111870471
C000000011,Z:\raw_data\C000000011\VIS-11_SW_data_07-July-2026_08-40-05,MVC,-5.999999993946403e-06,True,1,120,phase,0.0016200001118704677,0.12162000011187046,,1.0,1.0,13.885000111870466
C000000011,Z:\raw_data\C000000011\VIS-11_SW_data_07-July-2026_08-40-05,MVC,-5.999999993946403e-06,True,1,120,energy,0.0016200001118704677,0.12162000011187046,0.7052846877282,1.0,1.0,13.885000111870466
C000000011,Z:\raw_data\C000000011\VIS-11_SW_data_07-July-2026_08-40-05,MVC,-5.999999993946403e-06,True,1,120,prop,0.0016200001118704677,0.12162000011187046,0.7080197476877957,1.0,1.0,13.885000111870466
C000000011,Z:\raw_data\C000000011\VIS-11_SW_data_07-July-2026_08-40-05,MVC,-5.999999993946403e-06,True,1,120,sem,0.0666200001118705,0.1866200001118705,0.7367284446985529,0.26176359137289645,0.0,78.8850001118705
C000000011,Z:\raw_data\C000000011\VIS-11_SW_data_07-July-2026_08-40-05,MVC,-5.999999993946403e-06,True,1,120,sem*prop,0.0016200001118704677,0.12162000011187046,0.7080197476877957,1.0,1.0,13.885000111870466
C000000011,Z:\raw_data\C000000011\VIS-11_SW_data_07-July-2026_08-40-05,MVC,-5.999999993946403e-06,True,1,120,prior*energy,0.0016200001118704677,0.12162000011187046,0.7229708304468689,1.0,1.0,13.885000111870466
C000000011,Z:\raw_data\C000000011\VIS-11_SW_data_07-July-2026_08-40-05,MVC,-5.999999993946403e-06,True,1,120,prior*prop,0.0016200001118704677,0.12162000011187046,0.7221961344210787,1.0,1.0,13.885000111870466
C000000011,Z:\raw_data\C000000011\VIS-11_SW_data_07-July-2026_08-40-05,MVC,-5.999999993946403e-06,True,1,120,prior*sem,0.0016200001118704677,0.12162000011187046,0.7257802421997894,1.0,1.0,13.885000111870466
C000000011,Z:\raw_data\C000000011\VIS-11_SW_data_07-July-2026_08-40-05,MVC,-5.999999993946403e-06,True,1,120,prior*sem*prop,0.0016200001118704677,0.12162000011187046,0.7221961344210787,1.0,1.0,13.885000111870466
C000000011,Z:\raw_data\C000000011\VIS-11_SW_data_07-July-2026_08-40-05,MVC,-5.999999993946403e-06,True,1,120,peak,0.0016200001118704677,0.12162000011187046,0.7329543899355755,1.0,1.0,13.885000111870466
C000000011,Z:\raw_data\C000000011\VIS-11_SW_data_07-July-2026_08-40-05,MVC,-5.999999993946403e-06,True,1,120,prior30*peak,0.0016200001118704677,0.12162000011187046,0.7310771493683824,1.0,1.0,13.885000111870466
C000000011,Z:\raw_data\C000000011\VIS-11_SW_data_07-July-2026_08-40-05,MVC,-5.999999993946403e-06,True,1,120,prior45*peak,0.0016200001118704677,0.12162000011187046,0.7293611636175976,1.0,1.0,13.885000111870466
C000000011,Z:\raw_data\C000000011\VIS-11_SW_data_07-July-2026_08-40-05,MVC,-5.999999993946403e-06,True,1,120,prior60*peak,0.0016200001118704677,0.12162000011187046,0.7325369845363073,1.0,1.0,13.885000111870466
C000000011,Z:\raw_data\C000000011\VIS-11_SW_data_07-July-2026_08-40-05,MVC,-5.999999993946403e-06,True,1,120,prior90*peak,0.0016200001118704677,0.12162000011187046,0.7329543899355755,1.0,1.0,13.885000111870466
C000000011,Z:\raw_data\C000000011\VIS-11_SW_data_07-July-2026_08-40-05,AVC,0.2735571886877509,True,1,100,phase,0.31579848229414337,0.4157984822941434,,0.7366303102837536,0.0,29.938482294143366
C000000011,Z:\raw_data\C000000011\VIS-11_SW_data_07-July-2026_08-40-05,AVC,0.2735571886877509,True,1,100,energy,0.29662000011187056,0.3966200001118706,0.9243787709050186,0.9628450092961718,1.0,10.76000011187056
C000000011,Z:\raw_data\C000000011\VIS-11_SW_data_07-July-2026_08-40-05,AVC,0.2735571886877509,True,1,100,prop,0.32162000011187053,0.4216200001118705,0.9147652942606306,0.6679641411668963,0.0,35.760000111870525
C000000011,Z:\raw_data\C000000011\VIS-11_SW_data_07-July-2026_08-40-05,AVC,0.2735571886877509,True,1,100,sem,0.2316200001118705,0.33162000011187054,0.9510157649643469,0.44998820608481416,0.0,54.239999888129496
C000000011,Z:\raw_data\C000000011\VIS-11_SW_data_07-July-2026_08-40-05,AVC,0.2735571886877509,True,1,100,sem*prop,0.32162000011187053,0.4216200001118705,0.9147652942606306,0.6679641411668963,0.0,35.760000111870525
C000000011,Z:\raw_data\C000000011\VIS-11_SW_data_07-July-2026_08-40-05,AVC,0.2735571886877509,True,1,100,prior*energy,0.3141200001118705,0.41412000011187056,0.9193077892288215,0.7564284016056791,0.0,28.26000011187052
C000000011,Z:\raw_data\C000000011\VIS-11_SW_data_07-July-2026_08-40-05,AVC,0.2735571886877509,True,1,100,prior*prop,0.3141200001118705,0.41412000011187056,0.9193077892288215,0.7564284016056791,0.0,28.26000011187052
C000000011,Z:\raw_data\C000000011\VIS-11_SW_data_07-July-2026_08-40-05,AVC,0.2735571886877509,True,1,100,prior*sem,0.3141200001118705,0.41412000011187056,0.9193077892288215,0.7564284016056791,0.0,28.26000011187052
C000000011,Z:\raw_data\C000000011\VIS-11_SW_data_07-July-2026_08-40-05,AVC,0.2735571886877509,True,1,100,prior*sem*prop,0.3141200001118705,0.41412000011187056,0.9193077892288215,0.7564284016056791,0.0,28.26000011187052
C000000011,Z:\raw_data\C000000011\VIS-11_SW_data_07-July-2026_08-40-05,AVC,0.2735571886877509,True,1,100,peak,0.286955,0.38695500000000005,0.9248773876098749,1.0,1.0,1.0950000000000126
C000000011,Z:\raw_data\C000000011\VIS-11_SW_data_07-July-2026_08-40-05,AVC,0.2735571886877509,True,1,100,prior30*peak,0.289455,0.389455,0.924921900803625,1.0,1.0,3.595000000000015
C000000011,Z:\raw_data\C000000011\VIS-11_SW_data_07-July-2026_08-40-05,AVC,0.2735571886877509,True,1,100,prior45*peak,0.286955,0.38695500000000005,0.9248773876098749,1.0,1.0,1.0950000000000126
C000000011,Z:\raw_data\C000000011\VIS-11_SW_data_07-July-2026_08-40-05,AVC,0.2735571886877509,True,1,100,prior60*peak,0.287025,0.38702499999999995,0.9248787259012322,1.0,1.0,1.1649999999999716
C000000011,Z:\raw_data\C000000011\VIS-11_SW_data_07-July-2026_08-40-05,AVC,0.2735571886877509,True,1,100,prior90*peak,0.286955,0.38695500000000005,0.9248773876098749,1.0,1.0,1.0950000000000126
C000000011,Z:\raw_data\C000000011\VIS-11_SW_data_07-July-2026_08-40-05,AVC,0.2735571886877509,True,1,120,phase,0.30579848229414336,0.42579848229414335,,0.854582657535464,0.0,29.938482294143366
C000000011,Z:\raw_data\C000000011\VIS-11_SW_data_07-July-2026_08-40-05,AVC,0.2735571886877509,True,1,120,energy,0.29162000011187056,0.41162000011187055,0.9188844277313437,1.0,1.0,15.760000111870564
C000000011,Z:\raw_data\C000000011\VIS-11_SW_data_07-July-2026_08-40-05,AVC,0.2735571886877509,True,1,120,prop,0.33912000011187055,0.45912000011187054,0.8801141924853899,0.461547533476403,0.0,63.26000011187055
C000000011,Z:\raw_data\C000000011\VIS-11_SW_data_07-July-2026_08-40-05,AVC,0.2735571886877509,True,1,120,sem,0.21412000011187055,0.33412000011187054,0.9455326102447756,0.4794762928977418,0.0,61.73999988812945
C000000011,Z:\raw_data\C000000011\VIS-11_SW_data_07-July-2026_08-40-05,AVC,0.2735571886877509,True,1,120,sem*prop,0.32412000011187053,0.4441200001118705,0.8919730941976333,0.6384760543539687,0.0,48.26000011187054
C000000011,Z:\raw_data\C000000011\VIS-11_SW_data_07-July-2026_08-40-05,AVC,0.2735571886877509,True,1,120,prior*energy,0.30162000011187057,0.42162000011187056,0.9147447139156689,0.9038688356703165,0.0,25.760000111870575
C000000011,Z:\raw_data\C000000011\VIS-11_SW_data_07-July-2026_08-40-05,AVC,0.2735571886877509,True,1,120,prior*prop,0.3166200001118705,0.4366200001118705,0.9035709640955758,0.7269403147927516,0.0,40.76000011187053
C000000011,Z:\raw_data\C000000011\VIS-11_SW_data_07-July-2026_08-40-05,AVC,0.2735571886877509,True,1,120,prior*sem,0.3041200001118705,0.4241200001118705,0.9137518213298005,0.8743807488573896,0.0,28.26000011187052
C000000011,Z:\raw_data\C000000011\VIS-11_SW_data_07-July-2026_08-40-05,AVC,0.2735571886877509,True,1,120,prior*sem*prop,0.3166200001118705,0.4366200001118705,0.9035709640955758,0.7269403147927516,0.0,40.76000011187053
C000000011,Z:\raw_data\C000000011\VIS-11_SW_data_07-July-2026_08-40-05,AVC,0.2735571886877509,True,1,120,peak,0.276955,0.396955,0.9228738599278109,1.0,1.0,1.0950000000000126
C000000011,Z:\raw_data\C000000011\VIS-11_SW_data_07-July-2026_08-40-05,AVC,0.2735571886877509,True,1,120,prior30*peak,0.279455,0.399455,0.9225989213894528,1.0,1.0,3.595000000000015
C000000011,Z:\raw_data\C000000011\VIS-11_SW_data_07-July-2026_08-40-05,AVC,0.2735571886877509,True,1,120,prior45*peak,0.276955,0.396955,0.9228738599278109,1.0,1.0,1.0950000000000126
C000000011,Z:\raw_data\C000000011\VIS-11_SW_data_07-July-2026_08-40-05,AVC,0.2735571886877509,True,1,120,prior60*peak,0.27702499999999997,0.39702499999999996,0.9228656819317564,1.0,1.0,1.1649999999999716
C000000011,Z:\raw_data\C000000011\VIS-11_SW_data_07-July-2026_08-40-05,AVC,0.2735571886877509,True,1,120,prior90*peak,0.276955,0.396955,0.9228738599278109,1.0,1.0,1.0950000000000126
C000000011,Z:\raw_data\C000000011\VIS-11_SW_data_07-July-2026_08-40-05,MVC,0.873570000000007,True,1,100,phase,0.8665054999999957,0.9665054999999957,,0.9024425145564426,0.0,9.220499999995745
C000000011,Z:\raw_data\C000000011\VIS-11_SW_data_07-July-2026_08-40-05,MVC,0.873570000000007,True,1,100,energy,0.8691200001118706,0.9691200001118706,0.7637123612059104,0.8766406778656806,0.0,11.835000111870663
C000000011,Z:\raw_data\C000000011\VIS-11_SW_data_07-July-2026_08-40-05,MVC,0.873570000000007,True,1,100,prop,0.8516200001118706,0.9516200001118705,0.7488418130273633,0.9375308409342797,0.0,5.664999888129407
C000000011,Z:\raw_data\C000000011\VIS-11_SW_data_07-July-2026_08-40-05,MVC,0.873570000000007,True,1,100,sem,0.9041200001118707,1.0041200001118706,0.7753095885449369,0.5312345789808482,0.0,46.835000111870585
C000000011,Z:\raw_data\C000000011\VIS-11_SW_data_07-July-2026_08-40-05,MVC,0.873570000000007,True,1,100,sem*prop,0.8516200001118706,0.9516200001118705,0.7488418130273633,0.9375308409342797,0.0,5.664999888129407
C000000011,Z:\raw_data\C000000011\VIS-11_SW_data_07-July-2026_08-40-05,MVC,0.873570000000007,True,1,100,prior*energy,0.8691200001118706,0.9691200001118706,0.7637123612059104,0.8766406778656806,0.0,11.835000111870663
C000000011,Z:\raw_data\C000000011\VIS-11_SW_data_07-July-2026_08-40-05,MVC,0.873570000000007,True,1,100,prior*prop,0.8691200001118706,0.9691200001118706,0.7637123612059104,0.8766406778656806,0.0,11.835000111870663
C000000011,Z:\raw_data\C000000011\VIS-11_SW_data_07-July-2026_08-40-05,MVC,0.873570000000007,True,1,100,prior*sem,0.8666200001118706,0.9666200001118705,0.7627469798921039,0.9013125420717406,0.0,9.335000111870496
C000000011,Z:\raw_data\C000000011\VIS-11_SW_data_07-July-2026_08-40-05,MVC,0.873570000000007,True,1,100,prior*sem*prop,0.8691200001118706,0.9691200001118706,0.7637123612059104,0.8766406778656806,0.0,11.835000111870663
C000000011,Z:\raw_data\C000000011\VIS-11_SW_data_07-July-2026_08-40-05,MVC,0.873570000000007,True,1,100,peak,0.8452249999999999,0.9452249999999999,0.7455503445284778,0.8744202111911565,0.0,12.06000000000007
C000000011,Z:\raw_data\C000000011\VIS-11_SW_data_07-July-2026_08-40-05,MVC,0.873570000000007,True,1,100,prior30*peak,0.8516549999999999,0.9516549999999999,0.7488618618230581,0.9378762459291419,0.0,5.630000000000135
C000000011,Z:\raw_data\C000000011\VIS-11_SW_data_07-July-2026_08-40-05,MVC,0.873570000000007,True,1,100,prior45*peak,0.8455425,0.9455425,0.7455543140485618,0.8775535379453269,0.0,11.7425000000001
C000000011,Z:\raw_data\C000000011\VIS-11_SW_data_07-July-2026_08-40-05,MVC,0.873570000000007,True,1,100,prior60*peak,0.8455425,0.9455425,0.7455543140485618,0.8775535379453269,0.0,11.7425000000001
C000000011,Z:\raw_data\C000000011\VIS-11_SW_data_07-July-2026_08-40-05,MVC,0.873570000000007,True,1,100,prior90*peak,0.8452249999999999,0.9452249999999999,0.7455503445284778,0.8744202111911565,0.0,12.06000000000007
C000000011,Z:\raw_data\C000000011\VIS-11_SW_data_07-July-2026_08-40-05,MVC,0.873570000000007,True,1,120,phase,0.8565054999999957,0.9765054999999957,,1.0,1.0,9.220499999995745
C000000011,Z:\raw_data\C000000011\VIS-11_SW_data_07-July-2026_08-40-05,MVC,0.873570000000007,True,1,120,energy,0.8516200001118706,0.9716200001118706,0.7483172867096634,1.0,1.0,4.335000111870602
C000000011,Z:\raw_data\C000000011\VIS-11_SW_data_07-July-2026_08-40-05,MVC,0.873570000000007,True,1,120,prop,0.8441200001118707,0.9641200001118707,0.7496277217412187,1.0,1.0,3.1649998881292385
C000000011,Z:\raw_data\C000000011\VIS-11_SW_data_07-July-2026_08-40-05,MVC,0.873570000000007,True,1,120,sem,0.9066200001118707,1.0266200001118708,0.769211153426511,0.5065627147747882,0.0,59.33500011187076
C000000011,Z:\raw_data\C000000011\VIS-11_SW_data_07-July-2026_08-40-05,MVC,0.873570000000007,True,1,120,sem*prop,0.8441200001118707,0.9641200001118707,0.7496277217412187,1.0,1.0,3.1649998881292385
C000000011,Z:\raw_data\C000000011\VIS-11_SW_data_07-July-2026_08-40-05,MVC,0.873570000000007,True,1,120,prior*energy,0.8541200001118707,0.9741200001118707,0.7475587663246928,1.0,1.0,6.83500011187077
C000000011,Z:\raw_data\C000000011\VIS-11_SW_data_07-July-2026_08-40-05,MVC,0.873570000000007,True,1,120,prior*prop,0.8541200001118707,0.9741200001118707,0.7475587663246928,1.0,1.0,6.83500011187077
C000000011,Z:\raw_data\C000000011\VIS-11_SW_data_07-July-2026_08-40-05,MVC,0.873570000000007,True,1,120,prior*sem,0.8566200001118707,0.9766200001118707,0.7475035739933148,0.9999999988959772,1.0,9.335000111870716
C000000011,Z:\raw_data\C000000011\VIS-11_SW_data_07-July-2026_08-40-05,MVC,0.873570000000007,True,1,120,prior*sem*prop,0.8516200001118706,0.9716200001118706,0.7483172867096634,1.0,1.0,4.335000111870602
C000000011,Z:\raw_data\C000000011\VIS-11_SW_data_07-July-2026_08-40-05,MVC,0.873570000000007,True,1,120,peak,0.8352249999999999,0.9552249999999999,0.7462961938609131,0.9731076680153944,1.0,12.06000000000007
C000000011,Z:\raw_data\C000000011\VIS-11_SW_data_07-July-2026_08-40-05,MVC,0.873570000000007,True,1,120,prior30*peak,0.841655,0.961655,0.7489597226399075,1.0,1.0,5.629999999999913
C000000011,Z:\raw_data\C000000011\VIS-11_SW_data_07-July-2026_08-40-05,MVC,0.873570000000007,True,1,120,prior45*peak,0.8355425000000001,0.9555425000000001,0.7465025309435602,0.9762409947695658,1.0,11.742499999999879
C000000011,Z:\raw_data\C000000011\VIS-11_SW_data_07-July-2026_08-40-05,MVC,0.873570000000007,True,1,120,prior60*peak,0.8355425000000001,0.9555425000000001,0.7465025309435602,0.9762409947695658,1.0,11.742499999999879
C000000011,Z:\raw_data\C000000011\VIS-11_SW_data_07-July-2026_08-40-05,MVC,0.873570000000007,True,1,120,prior90*peak,0.8352249999999999,0.9552249999999999,0.7462961938609131,0.9731076680153944,1.0,12.06000000000007
C000000013,Z:\raw_data\C000000013\VIS-016_SW_data_10-July-2026_10-11-11,MVC,-5.000000121071935e-06,True,1,100,phase,0.0016200001118704677,0.10162000011187047,,1.0,1.0,0.4400001118704741
C000000013,Z:\raw_data\C000000013\VIS-016_SW_data_10-July-2026_10-11-11,MVC,-5.000000121071935e-06,True,1,100,energy,0.0016200001118704677,0.10162000011187047,0.8457315537939958,1.0,1.0,0.4400001118704741
C000000013,Z:\raw_data\C000000013\VIS-016_SW_data_10-July-2026_10-11-11,MVC,-5.000000121071935e-06,True,1,100,prop,0.0016200001118704677,0.10162000011187047,0.8457315537939958,1.0,1.0,0.4400001118704741
C000000013,Z:\raw_data\C000000013\VIS-016_SW_data_10-July-2026_10-11-11,MVC,-5.000000121071935e-06,True,1,100,sem,0.04412000011187048,0.14412000011187048,0.853574287669306,0.5736798151547643,0.0,42.94000011187048
C000000013,Z:\raw_data\C000000013\VIS-016_SW_data_10-July-2026_10-11-11,MVC,-5.000000121071935e-06,True,1,100,sem*prop,0.0016200001118704677,0.10162000011187047,0.8457315537939958,1.0,1.0,0.4400001118704741
C000000013,Z:\raw_data\C000000013\VIS-016_SW_data_10-July-2026_10-11-11,MVC,-5.000000121071935e-06,True,1,100,prior*energy,0.0016200001118704677,0.10162000011187047,0.8373238902918817,1.0,1.0,0.4400001118704741
C000000013,Z:\raw_data\C000000013\VIS-016_SW_data_10-July-2026_10-11-11,MVC,-5.000000121071935e-06,True,1,100,prior*prop,0.0016200001118704677,0.10162000011187047,0.8380197826923005,1.0,1.0,0.4400001118704741
C000000013,Z:\raw_data\C000000013\VIS-016_SW_data_10-July-2026_10-11-11,MVC,-5.000000121071935e-06,True,1,100,prior*sem,0.0016200001118704677,0.10162000011187047,0.8368748672314095,1.0,1.0,0.4400001118704741
C000000013,Z:\raw_data\C000000013\VIS-016_SW_data_10-July-2026_10-11-11,MVC,-5.000000121071935e-06,True,1,100,prior*sem*prop,0.0016200001118704677,0.10162000011187047,0.8380197826923005,1.0,1.0,0.4400001118704741
C000000013,Z:\raw_data\C000000013\VIS-016_SW_data_10-July-2026_10-11-11,MVC,-5.000000121071935e-06,True,1,100,peak,0.0016200001118704677,0.10162000011187047,0.8376238199476022,1.0,1.0,0.4400001118704741
C000000013,Z:\raw_data\C000000013\VIS-016_SW_data_10-July-2026_10-11-11,MVC,-5.000000121071935e-06,True,1,100,prior30*peak,0.0016200001118704677,0.10162000011187047,0.8377128941748557,1.0,1.0,0.4400001118704741
C000000013,Z:\raw_data\C000000013\VIS-016_SW_data_10-July-2026_10-11-11,MVC,-5.000000121071935e-06,True,1,100,prior45*peak,0.0016200001118704677,0.10162000011187047,0.8375312662583464,1.0,1.0,0.4400001118704741
C000000013,Z:\raw_data\C000000013\VIS-016_SW_data_10-July-2026_10-11-11,MVC,-5.000000121071935e-06,True,1,100,prior60*peak,0.0016200001118704677,0.10162000011187047,0.837543792321554,1.0,1.0,0.4400001118704741
C000000013,Z:\raw_data\C000000013\VIS-016_SW_data_10-July-2026_10-11-11,MVC,-5.000000121071935e-06,True,1,100,prior90*peak,0.0016200001118704677,0.10162000011187047,0.8376238199476022,1.0,1.0,0.4400001118704741
C000000013,Z:\raw_data\C000000013\VIS-016_SW_data_10-July-2026_10-11-11,MVC,-5.000000121071935e-06,True,1,120,phase,0.0016200001118704677,0.12162000011187046,,1.0,1.0,10.44000011187047
C000000013,Z:\raw_data\C000000013\VIS-016_SW_data_10-July-2026_10-11-11,MVC,-5.000000121071935e-06,True,1,120,energy,0.0016200001118704677,0.12162000011187046,0.8431480495219046,1.0,1.0,10.44000011187047
C000000013,Z:\raw_data\C000000013\VIS-016_SW_data_10-July-2026_10-11-11,MVC,-5.000000121071935e-06,True,1,120,prop,0.0016200001118704677,0.12162000011187046,0.8431480495219046,1.0,1.0,10.44000011187047
C000000013,Z:\raw_data\C000000013\VIS-016_SW_data_10-July-2026_10-11-11,MVC,-5.000000121071935e-06,True,1,120,sem,0.04412000011187049,0.1641200001118705,0.8471168465381389,0.5736798151547642,0.0,52.9400001118705
C000000013,Z:\raw_data\C000000013\VIS-016_SW_data_10-July-2026_10-11-11,MVC,-5.000000121071935e-06,True,1,120,sem*prop,0.0016200001118704677,0.12162000011187046,0.8431480495219046,1.0,1.0,10.44000011187047
C000000013,Z:\raw_data\C000000013\VIS-016_SW_data_10-July-2026_10-11-11,MVC,-5.000000121071935e-06,True,1,120,prior*energy,0.0016200001118704677,0.12162000011187046,0.8364166820787338,1.0,1.0,10.44000011187047
C000000013,Z:\raw_data\C000000013\VIS-016_SW_data_10-July-2026_10-11-11,MVC,-5.000000121071935e-06,True,1,120,prior*prop,0.0016200001118704677,0.12162000011187046,0.8360297427128494,1.0,1.0,10.44000011187047
C000000013,Z:\raw_data\C000000013\VIS-016_SW_data_10-July-2026_10-11-11,MVC,-5.000000121071935e-06,True,1,120,prior*sem,0.0016200001118704677,0.12162000011187046,0.8353277833576337,1.0,1.0,10.44000011187047
C000000013,Z:\raw_data\C000000013\VIS-016_SW_data_10-July-2026_10-11-11,MVC,-5.000000121071935e-06,True,1,120,prior*sem*prop,0.0016200001118704677,0.12162000011187046,0.8360297427128494,1.0,1.0,10.44000011187047
C000000013,Z:\raw_data\C000000013\VIS-016_SW_data_10-July-2026_10-11-11,MVC,-5.000000121071935e-06,True,1,120,peak,0.0016200001118704677,0.12162000011187046,0.8361965135968604,1.0,1.0,10.44000011187047
C000000013,Z:\raw_data\C000000013\VIS-016_SW_data_10-July-2026_10-11-11,MVC,-5.000000121071935e-06,True,1,120,prior30*peak,0.0016200001118704677,0.12162000011187046,0.8362460418356936,1.0,1.0,10.44000011187047
C000000013,Z:\raw_data\C000000013\VIS-016_SW_data_10-July-2026_10-11-11,MVC,-5.000000121071935e-06,True,1,120,prior45*peak,0.0016200001118704677,0.12162000011187046,0.8361450506611977,1.0,1.0,10.44000011187047
C000000013,Z:\raw_data\C000000013\VIS-016_SW_data_10-July-2026_10-11-11,MVC,-5.000000121071935e-06,True,1,120,prior60*peak,0.0016200001118704677,0.12162000011187046,0.8361520155697837,1.0,1.0,10.44000011187047
C000000013,Z:\raw_data\C000000013\VIS-016_SW_data_10-July-2026_10-11-11,MVC,-5.000000121071935e-06,True,1,120,prior90*peak,0.0016200001118704677,0.12162000011187046,0.8361965135968604,1.0,1.0,10.44000011187047
C000000013,Z:\raw_data\C000000013\VIS-016_SW_data_10-July-2026_10-11-11,AVC,0.2452355520908504,True,1,100,phase,0.28747684569724286,0.38747684569724283,,0.9676124367390776,1.0,17.12684569724282
C000000013,Z:\raw_data\C000000013\VIS-016_SW_data_10-July-2026_10-11-11,AVC,0.2452355520908504,True,1,100,energy,0.4341200001118706,0.5341200001118706,0.6207641003757538,0.0,0.0,163.77000011187053
C000000013,Z:\raw_data\C000000013\VIS-016_SW_data_10-July-2026_10-11-11,AVC,0.2452355520908504,True,1,100,prop,0.43162000011187057,0.5316200001118706,0.6190059147395622,0.0,0.0,161.27000011187053
C000000013,Z:\raw_data\C000000013\VIS-016_SW_data_10-July-2026_10-11-11,AVC,0.2452355520908504,True,1,100,sem,0.4341200001118706,0.5341200001118706,0.6207641003757538,0.0,0.0,163.77000011187053
C000000013,Z:\raw_data\C000000013\VIS-016_SW_data_10-July-2026_10-11-11,AVC,0.2452355520908504,True,1,100,sem*prop,0.43162000011187057,0.5316200001118706,0.6190059147395622,0.0,0.0,161.27000011187053
C000000013,Z:\raw_data\C000000013\VIS-016_SW_data_10-July-2026_10-11-11,AVC,0.2452355520908504,True,1,100,prior*energy,0.28912000011187056,0.38912000011187053,0.5623296552590691,0.9442389742265925,0.0,18.770000111870523
C000000013,Z:\raw_data\C000000013\VIS-016_SW_data_10-July-2026_10-11-11,AVC,0.2452355520908504,True,1,100,prior*prop,0.29662000011187056,0.3966200001118706,0.5580818389662123,0.8375533412251699,0.0,26.27000011187053
C000000013,Z:\raw_data\C000000013\VIS-016_SW_data_10-July-2026_10-11-11,AVC,0.2452355520908504,True,1,100,prior*sem,0.28412000011187055,0.38412000011187053,0.5680178932876279,1.0,1.0,13.770000111870518
C000000013,Z:\raw_data\C000000013\VIS-016_SW_data_10-July-2026_10-11-11,AVC,0.2452355520908504,True,1,100,prior*sem*prop,0.28912000011187056,0.38912000011187053,0.5623296552590691,0.9442389742265925,0.0,18.770000111870523
C000000013,Z:\raw_data\C000000013\VIS-016_SW_data_10-July-2026_10-11-11,AVC,0.2452355520908504,True,1,100,peak,0.274455,0.374455,0.5683310936619808,1.0,1.0,4.10499999999997
C000000013,Z:\raw_data\C000000013\VIS-016_SW_data_10-July-2026_10-11-11,AVC,0.2452355520908504,True,1,100,prior30*peak,0.274455,0.374455,0.5683310936619808,1.0,1.0,4.10499999999997
C000000013,Z:\raw_data\C000000013\VIS-016_SW_data_10-July-2026_10-11-11,AVC,0.2452355520908504,True,1,100,prior45*peak,0.274455,0.374455,0.5683310936619808,1.0,1.0,4.10499999999997
C000000013,Z:\raw_data\C000000013\VIS-016_SW_data_10-July-2026_10-11-11,AVC,0.2452355520908504,True,1,100,prior60*peak,0.27452499999999996,0.374525,0.5683148442511983,1.0,1.0,4.174999999999929
C000000013,Z:\raw_data\C000000013\VIS-016_SW_data_10-July-2026_10-11-11,AVC,0.2452355520908504,True,1,100,prior90*peak,0.274455,0.374455,0.5683310936619808,1.0,1.0,4.10499999999997
C000000013,Z:\raw_data\C000000013\VIS-016_SW_data_10-July-2026_10-11-11,AVC,0.2452355520908504,True,1,120,phase,0.27747684569724285,0.39747684569724284,,1.0,1.0,17.12684569724282
C000000013,Z:\raw_data\C000000013\VIS-016_SW_data_10-July-2026_10-11-11,AVC,0.2452355520908504,True,1,120,energy,0.42412000011187057,0.5441200001118706,0.6075096909069041,0.0,0.0,163.77000011187053
C000000013,Z:\raw_data\C000000013\VIS-016_SW_data_10-July-2026_10-11-11,AVC,0.2452355520908504,True,1,120,prop,0.42412000011187057,0.5441200001118706,0.6075096909069041,0.0,0.0,163.77000011187053
C000000013,Z:\raw_data\C000000013\VIS-016_SW_data_10-July-2026_10-11-11,AVC,0.2452355520908504,True,1,120,sem,0.41912000011187056,0.5391200001118706,0.6080673794521543,0.0,0.0,158.77000011187053
C000000013,Z:\raw_data\C000000013\VIS-016_SW_data_10-July-2026_10-11-11,AVC,0.2452355520908504,True,1,120,sem*prop,0.42412000011187057,0.5441200001118706,0.6075096909069041,0.0,0.0,163.77000011187053
C000000013,Z:\raw_data\C000000013\VIS-016_SW_data_10-July-2026_10-11-11,AVC,0.2452355520908504,True,1,120,prior*energy,0.28162000011187055,0.40162000011187055,0.5510161162591295,1.0,1.0,21.270000111870523
C000000013,Z:\raw_data\C000000013\VIS-016_SW_data_10-July-2026_10-11-11,AVC,0.2452355520908504,True,1,120,prior*prop,0.28912000011187056,0.40912000011187055,0.5386914658441528,0.9442389742265925,0.0,28.77000011187053
C000000013,Z:\raw_data\C000000013\VIS-016_SW_data_10-July-2026_10-11-11,AVC,0.2452355520908504,True,1,120,prior*sem,0.27662000011187055,0.39662000011187054,0.5522995115904669,1.0,1.0,16.27000011187052
C000000013,Z:\raw_data\C000000013\VIS-016_SW_data_10-July-2026_10-11-11,AVC,0.2452355520908504,True,1,120,prior*sem*prop,0.28162000011187055,0.40162000011187055,0.5510161162591295,1.0,1.0,21.270000111870523
C000000013,Z:\raw_data\C000000013\VIS-016_SW_data_10-July-2026_10-11-11,AVC,0.2452355520908504,True,1,120,peak,0.264455,0.384455,0.5601994866369296,1.0,1.0,4.10499999999997
C000000013,Z:\raw_data\C000000013\VIS-016_SW_data_10-July-2026_10-11-11,AVC,0.2452355520908504,True,1,120,prior30*peak,0.264455,0.384455,0.5601994866369296,1.0,1.0,4.10499999999997
C000000013,Z:\raw_data\C000000013\VIS-016_SW_data_10-July-2026_10-11-11,AVC,0.2452355520908504,True,1,120,prior45*peak,0.264455,0.384455,0.5601994866369296,1.0,1.0,4.10499999999997
C000000013,Z:\raw_data\C000000013\VIS-016_SW_data_10-July-2026_10-11-11,AVC,0.2452355520908504,True,1,120,prior60*peak,0.26452499999999995,0.38452499999999995,0.5601485789182863,1.0,1.0,4.174999999999929
C000000013,Z:\raw_data\C000000013\VIS-016_SW_data_10-July-2026_10-11-11,AVC,0.2452355520908504,True,1,120,prior90*peak,0.264455,0.384455,0.5601994866369296,1.0,1.0,4.10499999999997
C000000013,Z:\raw_data\C000000013\VIS-016_SW_data_10-July-2026_10-11-11,MVC,0.6835570000000298,True,1,100,phase,0.6764925000000186,0.7764925000000186,,0.7880626355745854,0.0,28.75250000001861
C000000013,Z:\raw_data\C000000013\VIS-016_SW_data_10-July-2026_10-11-11,MVC,0.6835570000000298,True,1,100,energy,0.6466200001118706,0.7466200001118706,0.6201515275343806,1.0,1.0,1.119999888129497
C000000013,Z:\raw_data\C000000013\VIS-016_SW_data_10-July-2026_10-11-11,MVC,0.6835570000000298,True,1,100,prop,0.6466200001118706,0.7466200001118706,0.6201515275343806,1.0,1.0,1.119999888129497
C000000013,Z:\raw_data\C000000013\VIS-016_SW_data_10-July-2026_10-11-11,MVC,0.6835570000000298,True,1,100,sem,0.6891200001118706,0.7891200001118706,0.6294290512172604,0.616865508244705,0.0,41.38000011187049
C000000013,Z:\raw_data\C000000013\VIS-016_SW_data_10-July-2026_10-11-11,MVC,0.6835570000000298,True,1,100,sem*prop,0.6466200001118706,0.7466200001118706,0.6201515275343806,1.0,1.0,1.119999888129497
C000000013,Z:\raw_data\C000000013\VIS-016_SW_data_10-July-2026_10-11-11,MVC,0.6835570000000298,True,1,100,prior*energy,0.6716200001118706,0.7716200001118706,0.6247258563233342,0.854121473537546,0.0,23.880000111870636
C000000013,Z:\raw_data\C000000013\VIS-016_SW_data_10-July-2026_10-11-11,MVC,0.6835570000000298,True,1,100,prior*prop,0.6716200001118706,0.7716200001118706,0.6247258563233342,0.854121473537546,0.0,23.880000111870636
C000000013,Z:\raw_data\C000000013\VIS-016_SW_data_10-July-2026_10-11-11,MVC,0.6835570000000298,True,1,100,prior*sem,0.6766200001118705,0.7766200001118705,0.6259183302484806,0.7863340548824499,0.0,28.88000011187053
C000000013,Z:\raw_data\C000000013\VIS-016_SW_data_10-July-2026_10-11-11,MVC,0.6835570000000298,True,1,100,prior*sem*prop,0.6716200001118706,0.7716200001118706,0.6247258563233342,0.854121473537546,0.0,23.880000111870636
C000000013,Z:\raw_data\C000000013\VIS-016_SW_data_10-July-2026_10-11-11,MVC,0.6835570000000298,True,1,100,peak,0.6605424999999999,0.7605424999999999,0.6200905468387989,1.0,1.0,12.802499999999828
C000000013,Z:\raw_data\C000000013\VIS-016_SW_data_10-July-2026_10-11-11,MVC,0.6835570000000298,True,1,100,prior30*peak,0.6652224999999998,0.7652224999999998,0.622185712559572,0.9408554772234298,0.0,17.482499999999845
C000000013,Z:\raw_data\C000000013\VIS-016_SW_data_10-July-2026_10-11-11,MVC,0.6835570000000298,True,1,100,prior45*peak,0.665875,0.765875,0.6227257886676649,0.9320092190889373,0.0,18.135000000000012
C000000013,Z:\raw_data\C000000013\VIS-016_SW_data_10-July-2026_10-11-11,MVC,0.6835570000000298,True,1,100,prior60*peak,0.6633300000000001,0.7633300000000001,0.6209666252733215,0.9665130151843807,1.0,15.589999999999993
C000000013,Z:\raw_data\C000000013\VIS-016_SW_data_10-July-2026_10-11-11,MVC,0.6835570000000298,True,1,100,prior90*peak,0.6630425,0.7630425,0.6208550661949082,0.9704107917570503,1.0,15.302499999999997
C000000013,Z:\raw_data\C000000013\VIS-016_SW_data_10-July-2026_10-11-11,MVC,0.6835570000000298,True,1,120,phase,0.6664925000000186,0.7864925000000186,,0.9236374728847807,0.0,28.75250000001861
C000000013,Z:\raw_data\C000000013\VIS-016_SW_data_10-July-2026_10-11-11,MVC,0.6835570000000298,True,1,120,energy,0.6266200001118707,0.7466200001118707,0.6138994636404745,1.0,1.0,11.119999888129284
C000000013,Z:\raw_data\C000000013\VIS-016_SW_data_10-July-2026_10-11-11,MVC,0.6835570000000298,True,1,120,prop,0.6266200001118707,0.7466200001118707,0.6138994636404745,1.0,1.0,11.119999888129284
C000000013,Z:\raw_data\C000000013\VIS-016_SW_data_10-July-2026_10-11-11,MVC,0.6835570000000298,True,1,120,sem,0.6891200001118707,0.8091200001118707,0.6247332986942388,0.6168655082447035,0.0,51.380000111870714
C000000013,Z:\raw_data\C000000013\VIS-016_SW_data_10-July-2026_10-11-11,MVC,0.6835570000000298,True,1,120,sem*prop,0.6266200001118707,0.7466200001118707,0.6138994636404745,1.0,1.0,11.119999888129284
C000000013,Z:\raw_data\C000000013\VIS-016_SW_data_10-July-2026_10-11-11,MVC,0.6835570000000298,True,1,120,prior*energy,0.6666200001118705,0.7866200001118705,0.6206332351953338,0.9219088921926452,0.0,28.88000011187053
C000000013,Z:\raw_data\C000000013\VIS-016_SW_data_10-July-2026_10-11-11,MVC,0.6835570000000298,True,1,120,prior*prop,0.6666200001118705,0.7866200001118705,0.6206332351953338,0.9219088921926452,0.0,28.88000011187053
C000000013,Z:\raw_data\C000000013\VIS-016_SW_data_10-July-2026_10-11-11,MVC,0.6835570000000298,True,1,120,prior*sem,0.6666200001118705,0.7866200001118705,0.6206332351953338,0.9219088921926452,0.0,28.88000011187053
C000000013,Z:\raw_data\C000000013\VIS-016_SW_data_10-July-2026_10-11-11,MVC,0.6835570000000298,True,1,120,prior*sem*prop,0.6666200001118705,0.7866200001118705,0.6206332351953338,0.9219088921926452,0.0,28.88000011187053
C000000013,Z:\raw_data\C000000013\VIS-016_SW_data_10-July-2026_10-11-11,MVC,0.6835570000000298,True,1,120,peak,0.6505425,0.7705425,0.6191909177250072,1.0,1.0,12.80250000000005
C000000013,Z:\raw_data\C000000013\VIS-016_SW_data_10-July-2026_10-11-11,MVC,0.6835570000000298,True,1,120,prior30*peak,0.6552224999999998,0.7752224999999998,0.6172806110755397,1.0,1.0,17.482499999999845
C000000013,Z:\raw_data\C000000013\VIS-016_SW_data_10-July-2026_10-11-11,MVC,0.6835570000000298,True,1,120,prior45*peak,0.655875,0.775875,0.6169435499794172,1.0,1.0,18.135000000000012
C000000013,Z:\raw_data\C000000013\VIS-016_SW_data_10-July-2026_10-11-11,MVC,0.6835570000000298,True,1,120,prior60*peak,0.6533300000000002,0.7733300000000002,0.6182374771046665,1.0,1.0,15.590000000000215
C000000013,Z:\raw_data\C000000013\VIS-016_SW_data_10-July-2026_10-11-11,MVC,0.6835570000000298,True,1,120,prior90*peak,0.6530425,0.7730425,0.6183784427245143,1.0,1.0,15.302499999999997
C000000013,Z:\raw_data\C000000013\VIS-016_SW_data_10-July-2026_10-11-11,AVC,0.9287975520910013,False,0,100,phase,0.9710388456973937,1.0710388456973938,,,,
C000000013,Z:\raw_data\C000000013\VIS-016_SW_data_10-July-2026_10-11-11,AVC,0.9287975520910013,False,0,100,energy,1.0993400454521178,1.199340045452118,0.3495502488910881,,,
C000000013,Z:\raw_data\C000000013\VIS-016_SW_data_10-July-2026_10-11-11,AVC,0.9287975520910013,False,0,100,prop,1.0993400454521178,1.199340045452118,0.3495502488910881,,,
C000000013,Z:\raw_data\C000000013\VIS-016_SW_data_10-July-2026_10-11-11,AVC,0.9287975520910013,False,0,100,sem,1.0993400454521178,1.199340045452118,0.3529991921195412,,,
C000000013,Z:\raw_data\C000000013\VIS-016_SW_data_10-July-2026_10-11-11,AVC,0.9287975520910013,False,0,100,sem*prop,1.0993400454521178,1.199340045452118,0.3522608643457222,,,
C000000013,Z:\raw_data\C000000013\VIS-016_SW_data_10-July-2026_10-11-11,AVC,0.9287975520910013,False,0,100,prior*energy,1.0266200001118706,1.1266200001118707,0.22864986905196275,,,
C000000013,Z:\raw_data\C000000013\VIS-016_SW_data_10-July-2026_10-11-11,AVC,0.9287975520910013,False,0,100,prior*prop,1.0266200001118706,1.1266200001118707,0.22864986905196275,,,
C000000013,Z:\raw_data\C000000013\VIS-016_SW_data_10-July-2026_10-11-11,AVC,0.9287975520910013,False,0,100,prior*sem,0.9741200001118706,1.0741200001118707,0.26796193031120963,,,
C000000013,Z:\raw_data\C000000013\VIS-016_SW_data_10-July-2026_10-11-11,AVC,0.9287975520910013,False,0,100,prior*sem*prop,1.0166200001118706,1.1166200001118707,0.2877537930755762,,,
C000000013,Z:\raw_data\C000000013\VIS-016_SW_data_10-July-2026_10-11-11,AVC,0.9287975520910013,False,0,100,peak,1.0993400454521178,1.199340045452118,0.3455956055132823,,,
C000000013,Z:\raw_data\C000000013\VIS-016_SW_data_10-July-2026_10-11-11,AVC,0.9287975520910013,False,0,100,prior30*peak,0.9719550000000001,1.0719550000000002,0.2659705989015007,,,
C000000013,Z:\raw_data\C000000013\VIS-016_SW_data_10-July-2026_10-11-11,AVC,0.9287975520910013,False,0,100,prior45*peak,1.056955,1.1569550000000002,0.19215181097417447,,,
C000000013,Z:\raw_data\C000000013\VIS-016_SW_data_10-July-2026_10-11-11,AVC,0.9287975520910013,False,0,100,prior60*peak,1.064525,1.164525,0.21048842871206763,,,
C000000013,Z:\raw_data\C000000013\VIS-016_SW_data_10-July-2026_10-11-11,AVC,0.9287975520910013,False,0,100,prior90*peak,1.066955,1.1669550000000002,0.20837451815799762,,,
C000000013,Z:\raw_data\C000000013\VIS-016_SW_data_10-July-2026_10-11-11,AVC,0.9287975520910013,False,0,120,phase,0.9610388456973937,1.0810388456973938,,,,
C000000013,Z:\raw_data\C000000013\VIS-016_SW_data_10-July-2026_10-11-11,AVC,0.9287975520910013,False,0,120,energy,1.0793400454521178,1.199340045452118,0.3478514300282094,,,
C000000013,Z:\raw_data\C000000013\VIS-016_SW_data_10-July-2026_10-11-11,AVC,0.9287975520910013,False,0,120,prop,1.0793400454521178,1.199340045452118,0.3478514300282094,,,
C000000013,Z:\raw_data\C000000013\VIS-016_SW_data_10-July-2026_10-11-11,AVC,0.9287975520910013,False,0,120,sem,1.0793400454521178,1.199340045452118,0.3478514300282094,,,
C000000013,Z:\raw_data\C000000013\VIS-016_SW_data_10-July-2026_10-11-11,AVC,0.9287975520910013,False,0,120,sem*prop,1.0793400454521178,1.199340045452118,0.3478514300282094,,,
C000000013,Z:\raw_data\C000000013\VIS-016_SW_data_10-July-2026_10-11-11,AVC,0.9287975520910013,False,0,120,prior*energy,1.0091200001118705,1.1291200001118704,0.22336172253304568,,,
C000000013,Z:\raw_data\C000000013\VIS-016_SW_data_10-July-2026_10-11-11,AVC,0.9287975520910013,False,0,120,prior*prop,1.0091200001118705,1.1291200001118704,0.22336172253304568,,,
C000000013,Z:\raw_data\C000000013\VIS-016_SW_data_10-July-2026_10-11-11,AVC,0.9287975520910013,False,0,120,prior*sem,0.9866200001118706,1.1066200001118704,0.3439584371812601,,,
C000000013,Z:\raw_data\C000000013\VIS-016_SW_data_10-July-2026_10-11-11,AVC,0.9287975520910013,False,0,120,prior*sem*prop,1.0066200001118706,1.1266200001118705,0.23098916518311163,,,
C000000013,Z:\raw_data\C000000013\VIS-016_SW_data_10-July-2026_10-11-11,AVC,0.9287975520910013,False,0,120,peak,1.0793400454521178,1.199340045452118,0.3439208226435093,,,
C000000013,Z:\raw_data\C000000013\VIS-016_SW_data_10-July-2026_10-11-11,AVC,0.9287975520910013,False,0,120,prior30*peak,0.9619550000000001,1.0819550000000002,0.23776563871923076,,,
C000000013,Z:\raw_data\C000000013\VIS-016_SW_data_10-July-2026_10-11-11,AVC,0.9287975520910013,False,0,120,prior45*peak,1.046955,1.1669550000000002,0.21011372756349103,,,
C000000013,Z:\raw_data\C000000013\VIS-016_SW_data_10-July-2026_10-11-11,AVC,0.9287975520910013,False,0,120,prior60*peak,1.054525,1.174525,0.3122553393923366,,,
C000000013,Z:\raw_data\C000000013\VIS-016_SW_data_10-July-2026_10-11-11,AVC,0.9287975520910013,False,0,120,prior90*peak,1.056955,1.176955,0.338622360692279,,,
C000000015,Z:\raw_data\C000000015\VIS-017_SW_data_10-July-2026_10-53-28,MVC,-4.999999888241291e-06,True,1,100,phase,0.0016200001118704677,0.10162000011187047,,1.0,1.0,6.98500011187047
C000000015,Z:\raw_data\C000000015\VIS-017_SW_data_10-July-2026_10-53-28,MVC,-4.999999888241291e-06,True,1,100,energy,0.0016200001118704677,0.10162000011187047,0.8306297626070062,1.0,1.0,6.98500011187047
C000000015,Z:\raw_data\C000000015\VIS-017_SW_data_10-July-2026_10-53-28,MVC,-4.999999888241291e-06,True,1,100,prop,0.0016200001118704677,0.10162000011187047,0.8306297626070062,1.0,1.0,6.98500011187047
C000000015,Z:\raw_data\C000000015\VIS-017_SW_data_10-July-2026_10-53-28,MVC,-4.999999888241291e-06,True,1,100,sem,0.0016200001118704677,0.10162000011187047,0.8307959564584851,1.0,1.0,6.98500011187047
C000000015,Z:\raw_data\C000000015\VIS-017_SW_data_10-July-2026_10-53-28,MVC,-4.999999888241291e-06,True,1,100,sem*prop,0.0016200001118704677,0.10162000011187047,0.8306297626070062,1.0,1.0,6.98500011187047
C000000015,Z:\raw_data\C000000015\VIS-017_SW_data_10-July-2026_10-53-28,MVC,-4.999999888241291e-06,True,1,100,prior*energy,0.0016200001118704677,0.10162000011187047,0.816472459045448,1.0,1.0,6.98500011187047
C000000015,Z:\raw_data\C000000015\VIS-017_SW_data_10-July-2026_10-53-28,MVC,-4.999999888241291e-06,True,1,100,prior*prop,0.0016200001118704677,0.10162000011187047,0.81416183816905,1.0,1.0,6.98500011187047
C000000015,Z:\raw_data\C000000015\VIS-017_SW_data_10-July-2026_10-53-28,MVC,-4.999999888241291e-06,True,1,100,prior*sem,0.0016200001118704677,0.10162000011187047,0.8122970439086534,1.0,1.0,6.98500011187047
C000000015,Z:\raw_data\C000000015\VIS-017_SW_data_10-July-2026_10-53-28,MVC,-4.999999888241291e-06,True,1,100,prior*sem*prop,0.0016200001118704677,0.10162000011187047,0.81416183816905,1.0,1.0,6.98500011187047
C000000015,Z:\raw_data\C000000015\VIS-017_SW_data_10-July-2026_10-53-28,MVC,-4.999999888241291e-06,True,1,100,peak,0.0016200001118704677,0.10162000011187047,0.8125433470866592,1.0,1.0,6.98500011187047
C000000015,Z:\raw_data\C000000015\VIS-017_SW_data_10-July-2026_10-53-28,MVC,-4.999999888241291e-06,True,1,100,prior30*peak,0.0016200001118704677,0.10162000011187047,0.8119922076623566,1.0,1.0,6.98500011187047
C000000015,Z:\raw_data\C000000015\VIS-017_SW_data_10-July-2026_10-53-28,MVC,-4.999999888241291e-06,True,1,100,prior45*peak,0.0016200001118704677,0.10162000011187047,0.8124673417055138,1.0,1.0,6.98500011187047
C000000015,Z:\raw_data\C000000015\VIS-017_SW_data_10-July-2026_10-53-28,MVC,-4.999999888241291e-06,True,1,100,prior60*peak,0.0016200001118704677,0.10162000011187047,0.8124776281480749,1.0,1.0,6.98500011187047
C000000015,Z:\raw_data\C000000015\VIS-017_SW_data_10-July-2026_10-53-28,MVC,-4.999999888241291e-06,True,1,100,prior90*peak,0.0016200001118704677,0.10162000011187047,0.8125433470866592,1.0,1.0,6.98500011187047
C000000015,Z:\raw_data\C000000015\VIS-017_SW_data_10-July-2026_10-53-28,MVC,-4.999999888241291e-06,True,1,120,phase,0.0016200001118704677,0.12162000011187046,,1.0,1.0,16.985000111870466
C000000015,Z:\raw_data\C000000015\VIS-017_SW_data_10-July-2026_10-53-28,MVC,-4.999999888241291e-06,True,1,120,energy,0.0016200001118704677,0.12162000011187046,0.8306297626070062,1.0,1.0,16.985000111870466
C000000015,Z:\raw_data\C000000015\VIS-017_SW_data_10-July-2026_10-53-28,MVC,-4.999999888241291e-06,True,1,120,prop,0.0016200001118704677,0.12162000011187046,0.8306297626070062,1.0,1.0,16.985000111870466
C000000015,Z:\raw_data\C000000015\VIS-017_SW_data_10-July-2026_10-53-28,MVC,-4.999999888241291e-06,True,1,120,sem,0.0016200001118704677,0.12162000011187046,0.8306297626070062,1.0,1.0,16.985000111870466
C000000015,Z:\raw_data\C000000015\VIS-017_SW_data_10-July-2026_10-53-28,MVC,-4.999999888241291e-06,True,1,120,sem*prop,0.0016200001118704677,0.12162000011187046,0.8306297626070062,1.0,1.0,16.985000111870466
C000000015,Z:\raw_data\C000000015\VIS-017_SW_data_10-July-2026_10-53-28,MVC,-4.999999888241291e-06,True,1,120,prior*energy,0.0016200001118704677,0.12162000011187046,0.8116058051847792,1.0,1.0,16.985000111870466
C000000015,Z:\raw_data\C000000015\VIS-017_SW_data_10-July-2026_10-53-28,MVC,-4.999999888241291e-06,True,1,120,prior*prop,0.0016200001118704677,0.12162000011187046,0.8112620696784417,1.0,1.0,16.985000111870466
C000000015,Z:\raw_data\C000000015\VIS-017_SW_data_10-July-2026_10-53-28,MVC,-4.999999888241291e-06,True,1,120,prior*sem,0.0016200001118704677,0.12162000011187046,0.8100726922034415,1.0,1.0,16.985000111870466
C000000015,Z:\raw_data\C000000015\VIS-017_SW_data_10-July-2026_10-53-28,MVC,-4.999999888241291e-06,True,1,120,prior*sem*prop,0.0016200001118704677,0.12162000011187046,0.8112620696784417,1.0,1.0,16.985000111870466
C000000015,Z:\raw_data\C000000015\VIS-017_SW_data_10-July-2026_10-53-28,MVC,-4.999999888241291e-06,True,1,120,peak,0.0016200001118704677,0.12162000011187046,0.8104837297282418,1.0,1.0,16.985000111870466
C000000015,Z:\raw_data\C000000015\VIS-017_SW_data_10-July-2026_10-53-28,MVC,-4.999999888241291e-06,True,1,120,prior30*peak,0.0016200001118704677,0.12162000011187046,0.8095577731303568,1.0,1.0,16.985000111870466
C000000015,Z:\raw_data\C000000015\VIS-017_SW_data_10-July-2026_10-53-28,MVC,-4.999999888241291e-06,True,1,120,prior45*peak,0.0016200001118704677,0.12162000011187046,0.8103568898555676,1.0,1.0,16.985000111870466
C000000015,Z:\raw_data\C000000015\VIS-017_SW_data_10-July-2026_10-53-28,MVC,-4.999999888241291e-06,True,1,120,prior60*peak,0.0016200001118704677,0.12162000011187046,0.8103740561541249,1.0,1.0,16.985000111870466
C000000015,Z:\raw_data\C000000015\VIS-017_SW_data_10-July-2026_10-53-28,MVC,-4.999999888241291e-06,True,1,120,prior90*peak,0.0016200001118704677,0.12162000011187046,0.8104837297282418,1.0,1.0,16.985000111870466
C000000015,Z:\raw_data\C000000015\VIS-017_SW_data_10-July-2026_10-53-28,AVC,0.23646659480635424,True,1,100,phase,0.2755152989741891,0.3755152989741891,,1.0,1.0,9.309701025810913
C000000015,Z:\raw_data\C000000015\VIS-017_SW_data_10-July-2026_10-53-28,AVC,0.23646659480635424,True,1,100,energy,0.3141200001118705,0.41412000011187056,0.5203649608839939,0.7944815799762405,0.0,29.29500011187053
C000000015,Z:\raw_data\C000000015\VIS-017_SW_data_10-July-2026_10-53-28,AVC,0.23646659480635424,True,1,100,prop,0.2566200001118705,0.35662000011187056,0.42776202273209035,0.8099843565903937,0.0,28.204999888129468
C000000015,Z:\raw_data\C000000015\VIS-017_SW_data_10-July-2026_10-53-28,AVC,0.23646659480635424,True,1,100,sem,0.3841200001118706,0.4841200001118706,0.6636068670790518,0.0,0.0,99.29500011187059
C000000015,Z:\raw_data\C000000015\VIS-017_SW_data_10-July-2026_10-53-28,AVC,0.23646659480635424,True,1,100,sem*prop,0.30412000011187057,0.40412000011187055,0.5234014572163265,0.9367088591683889,0.0,19.295000111870575
C000000015,Z:\raw_data\C000000015\VIS-017_SW_data_10-July-2026_10-53-28,AVC,0.23646659480635424,True,1,100,prior*energy,0.28912000011187056,0.38912000011187053,0.5058717235513327,1.0,1.0,4.295000111870562
C000000015,Z:\raw_data\C000000015\VIS-017_SW_data_10-July-2026_10-53-28,AVC,0.23646659480635424,True,1,100,prior*prop,0.27412000011187054,0.3741200001118705,0.47939169611416227,1.0,1.0,10.704999888129452
C000000015,Z:\raw_data\C000000015\VIS-017_SW_data_10-July-2026_10-53-28,AVC,0.23646659480635424,True,1,100,prior*sem,0.28162000011187055,0.3816200001118706,0.4979181283069764,1.0,1.0,3.204999888129445
C000000015,Z:\raw_data\C000000015\VIS-017_SW_data_10-July-2026_10-53-28,AVC,0.23646659480635424,True,1,100,prior*sem*prop,0.28162000011187055,0.3816200001118706,0.4979181283069764,1.0,1.0,3.204999888129445
C000000015,Z:\raw_data\C000000015\VIS-017_SW_data_10-July-2026_10-53-28,AVC,0.23646659480635424,True,1,100,peak,0.2792775,0.37927750000000005,0.49479943704952356,1.0,1.0,5.5474999999999834
C000000015,Z:\raw_data\C000000015\VIS-017_SW_data_10-July-2026_10-53-28,AVC,0.23646659480635424,True,1,100,prior30*peak,0.27899999999999997,0.379,0.4941991930834379,1.0,1.0,5.825000000000024
C000000015,Z:\raw_data\C000000015\VIS-017_SW_data_10-July-2026_10-53-28,AVC,0.23646659480635424,True,1,100,prior45*peak,0.27899999999999997,0.379,0.4941991930834379,1.0,1.0,5.825000000000024
C000000015,Z:\raw_data\C000000015\VIS-017_SW_data_10-July-2026_10-53-28,AVC,0.23646659480635424,True,1,100,prior60*peak,0.27929,0.37929,0.4948160789444462,1.0,1.0,5.535000000000013
C000000015,Z:\raw_data\C000000015\VIS-017_SW_data_10-July-2026_10-53-28,AVC,0.23646659480635424,True,1,100,prior90*peak,0.2792775,0.37927750000000005,0.49479943704952356,1.0,1.0,5.5474999999999834
C000000015,Z:\raw_data\C000000015\VIS-017_SW_data_10-July-2026_10-53-28,AVC,0.23646659480635424,True,1,120,phase,0.2655152989741891,0.38551529897418907,,1.0,1.0,9.309701025810913
C000000015,Z:\raw_data\C000000015\VIS-017_SW_data_10-July-2026_10-53-28,AVC,0.23646659480635424,True,1,120,energy,0.3166200001118705,0.4366200001118705,0.5116429639503725,0.7589247601782031,0.0,41.795000111870536
C000000015,Z:\raw_data\C000000015\VIS-017_SW_data_10-July-2026_10-53-28,AVC,0.23646659480635424,True,1,120,prop,0.2391200001118705,0.3591200001118705,0.4137750748217759,0.8455411763884302,0.0,35.70499988812947
C000000015,Z:\raw_data\C000000015\VIS-017_SW_data_10-July-2026_10-53-28,AVC,0.23646659480635424,True,1,120,sem,0.3766200001118706,0.4966200001118706,0.6421801035273758,0.0,0.0,101.79500011187059
C000000015,Z:\raw_data\C000000015\VIS-017_SW_data_10-July-2026_10-53-28,AVC,0.23646659480635424,True,1,120,sem*prop,0.28162000011187055,0.40162000011187055,0.512192270204643,1.0,1.0,6.795000111870564
C000000015,Z:\raw_data\C000000015\VIS-017_SW_data_10-July-2026_10-53-28,AVC,0.23646659480635424,True,1,120,prior*energy,0.27412000011187054,0.39412000011187054,0.5018740475294726,1.0,1.0,0.7049998881294428
C000000015,Z:\raw_data\C000000015\VIS-017_SW_data_10-July-2026_10-53-28,AVC,0.23646659480635424,True,1,120,prior*prop,0.26662000011187054,0.38662000011187053,0.4839972917025023,1.0,1.0,8.20499988812945
C000000015,Z:\raw_data\C000000015\VIS-017_SW_data_10-July-2026_10-53-28,AVC,0.23646659480635424,True,1,120,prior*sem,0.27162000011187054,0.39162000011187054,0.49853608167177715,1.0,1.0,3.204999888129445
C000000015,Z:\raw_data\C000000015\VIS-017_SW_data_10-July-2026_10-53-28,AVC,0.23646659480635424,True,1,120,prior*sem*prop,0.26912000011187054,0.38912000011187053,0.4936807619917869,1.0,1.0,5.704999888129447
C000000015,Z:\raw_data\C000000015\VIS-017_SW_data_10-July-2026_10-53-28,AVC,0.23646659480635424,True,1,120,peak,0.2692775,0.3892775,0.4939866469143594,1.0,1.0,5.5474999999999834
C000000015,Z:\raw_data\C000000015\VIS-017_SW_data_10-July-2026_10-53-28,AVC,0.23646659480635424,True,1,120,prior30*peak,0.26899999999999996,0.38899999999999996,0.4932159549845831,1.0,1.0,5.825000000000024
C000000015,Z:\raw_data\C000000015\VIS-017_SW_data_10-July-2026_10-53-28,AVC,0.23646659480635424,True,1,120,prior45*peak,0.26899999999999996,0.38899999999999996,0.4932159549845831,1.0,1.0,5.825000000000024
C000000015,Z:\raw_data\C000000015\VIS-017_SW_data_10-July-2026_10-53-28,AVC,0.23646659480635424,True,1,120,prior60*peak,0.26929,0.38928999999999997,0.49401092351275927,1.0,1.0,5.535000000000013
C000000015,Z:\raw_data\C000000015\VIS-017_SW_data_10-July-2026_10-53-28,AVC,0.23646659480635424,True,1,120,prior90*peak,0.2692775,0.3892775,0.4939866469143594,1.0,1.0,5.5474999999999834
C000000015,Z:\raw_data\C000000015\VIS-017_SW_data_10-July-2026_10-53-28,MVC,0.6405529999993742,True,1,100,phase,0.6334884999993629,0.7334884999993628,,0.9659355210205778,1.0,9.533499999362816
C000000015,Z:\raw_data\C000000015\VIS-017_SW_data_10-July-2026_10-53-28,MVC,0.6405529999993742,True,1,100,energy,0.6066200001118706,0.7066200001118705,0.7594636530481035,0.8761082338730054,0.0,17.334999888129587
C000000015,Z:\raw_data\C000000015\VIS-017_SW_data_10-July-2026_10-53-28,MVC,0.6405529999993742,True,1,100,prop,0.6066200001118706,0.7066200001118705,0.7594636530481035,0.8761082338730054,0.0,17.334999888129587
C000000015,Z:\raw_data\C000000015\VIS-017_SW_data_10-July-2026_10-53-28,MVC,0.6405529999993742,True,1,100,sem,0.5941200001118705,0.6941200001118705,0.7632423616642893,0.7321819241435861,0.0,29.834999888129545
C000000015,Z:\raw_data\C000000015\VIS-017_SW_data_10-July-2026_10-53-28,MVC,0.6405529999993742,True,1,100,sem*prop,0.6066200001118706,0.7066200001118705,0.7594636530481035,0.8761082338730054,0.0,17.334999888129587
C000000015,Z:\raw_data\C000000015\VIS-017_SW_data_10-July-2026_10-53-28,MVC,0.6405529999993742,True,1,100,prior*energy,0.6291200001118705,0.7291200001118705,0.7499184497492456,1.0,1.0,5.165000111870377
C000000015,Z:\raw_data\C000000015\VIS-017_SW_data_10-July-2026_10-53-28,MVC,0.6405529999993742,True,1,100,prior*prop,0.6291200001118705,0.7291200001118705,0.7499184497492456,1.0,1.0,5.165000111870377
C000000015,Z:\raw_data\C000000015\VIS-017_SW_data_10-July-2026_10-53-28,MVC,0.6405529999993742,True,1,100,prior*sem,0.6316200001118706,0.7316200001118706,0.7489603463988453,0.9874496245035055,1.0,7.665000111870546
C000000015,Z:\raw_data\C000000015\VIS-017_SW_data_10-July-2026_10-53-28,MVC,0.6405529999993742,True,1,100,prior*sem*prop,0.6291200001118705,0.7291200001118705,0.7499184497492456,1.0,1.0,5.165000111870377
C000000015,Z:\raw_data\C000000015\VIS-017_SW_data_10-July-2026_10-53-28,MVC,0.6405529999993742,True,1,100,peak,0.6255424999999999,0.7255424999999999,0.7486301616509994,1.0,1.0,1.587499999999853
C000000015,Z:\raw_data\C000000015\VIS-017_SW_data_10-July-2026_10-53-28,MVC,0.6405529999993742,True,1,100,prior30*peak,0.6327224999999999,0.7327224999999998,0.748345986339819,0.9747553252734621,1.0,8.767499999999817
C000000015,Z:\raw_data\C000000015\VIS-017_SW_data_10-July-2026_10-53-28,MVC,0.6405529999993742,True,1,100,prior45*peak,0.633375,0.733375,0.7479823854516637,0.9672423719055845,1.0,9.419999999999984
C000000015,Z:\raw_data\C000000015\VIS-017_SW_data_10-July-2026_10-53-28,MVC,0.6405529999993742,True,1,100,prior60*peak,0.6333300000000001,0.73333,0.7480074613749848,0.96776050662061,1.0,9.374999999999911
C000000015,Z:\raw_data\C000000015\VIS-017_SW_data_10-July-2026_10-53-28,MVC,0.6405529999993742,True,1,100,prior90*peak,0.6255424999999999,0.7255424999999999,0.7486301616509994,1.0,1.0,1.587499999999853
C000000015,Z:\raw_data\C000000015\VIS-017_SW_data_10-July-2026_10-53-28,MVC,0.6405529999993742,True,1,120,phase,0.6234884999993628,0.7434884999993628,,1.0,1.0,9.533499999362816
C000000015,Z:\raw_data\C000000015\VIS-017_SW_data_10-July-2026_10-53-28,MVC,0.6405529999993742,True,1,120,energy,0.5866200001118707,0.7066200001118706,0.7456153031080337,0.8761082338730066,0.0,27.334999888129374
C000000015,Z:\raw_data\C000000015\VIS-017_SW_data_10-July-2026_10-53-28,MVC,0.6405529999993742,True,1,120,prop,0.5816200001118705,0.7016200001118705,0.7440079567330932,0.8185377099812379,0.0,32.33499988812949
C000000015,Z:\raw_data\C000000015\VIS-017_SW_data_10-July-2026_10-53-28,MVC,0.6405529999993742,True,1,120,sem,0.6916200001118706,0.8116200001118706,0.7542561716965682,0.29660333780229575,0.0,77.66500011187061
C000000015,Z:\raw_data\C000000015\VIS-017_SW_data_10-July-2026_10-53-28,MVC,0.6405529999993742,True,1,120,sem*prop,0.6016200001118706,0.7216200001118706,0.7527943868170557,1.0,1.0,12.334999888129472
C000000015,Z:\raw_data\C000000015\VIS-017_SW_data_10-July-2026_10-53-28,MVC,0.6405529999993742,True,1,120,prior*energy,0.6191200001118706,0.7391200001118706,0.7418541664811572,1.0,1.0,5.165000111870599
C000000015,Z:\raw_data\C000000015\VIS-017_SW_data_10-July-2026_10-53-28,MVC,0.6405529999993742,True,1,120,prior*prop,0.6216200001118706,0.7416200001118706,0.7419728947407586,1.0,1.0,7.665000111870546
C000000015,Z:\raw_data\C000000015\VIS-017_SW_data_10-July-2026_10-53-28,MVC,0.6405529999993742,True,1,120,prior*sem,0.6241200001118705,0.7441200001118705,0.7422390921167609,1.0,1.0,10.165000111870492
C000000015,Z:\raw_data\C000000015\VIS-017_SW_data_10-July-2026_10-53-28,MVC,0.6405529999993742,True,1,120,prior*sem*prop,0.6216200001118706,0.7416200001118706,0.7419728947407586,1.0,1.0,7.665000111870546
C000000015,Z:\raw_data\C000000015\VIS-017_SW_data_10-July-2026_10-53-28,MVC,0.6405529999993742,True,1,120,peak,0.6155424999999999,0.7355424999999999,0.7433630404345579,1.0,1.0,1.587499999999853
C000000015,Z:\raw_data\C000000015\VIS-017_SW_data_10-July-2026_10-53-28,MVC,0.6405529999993742,True,1,120,prior30*peak,0.6227224999999998,0.7427224999999998,0.7420902877716637,1.0,1.0,8.767499999999817
C000000015,Z:\raw_data\C000000015\VIS-017_SW_data_10-July-2026_10-53-28,MVC,0.6405529999993742,True,1,120,prior45*peak,0.623375,0.743375,0.7421597652868003,1.0,1.0,9.419999999999984
C000000015,Z:\raw_data\C000000015\VIS-017_SW_data_10-July-2026_10-53-28,MVC,0.6405529999993742,True,1,120,prior60*peak,0.6233300000000002,0.7433300000000002,0.7421549737340323,1.0,1.0,9.375000000000133
C000000015,Z:\raw_data\C000000015\VIS-017_SW_data_10-July-2026_10-53-28,MVC,0.6405529999993742,True,1,120,prior90*peak,0.6155424999999999,0.7355424999999999,0.7433630404345579,1.0,1.0,1.587499999999853
C000000015,Z:\raw_data\C000000015\VIS-017_SW_data_10-July-2026_10-53-28,AVC,0.8770245948056167,True,1,100,phase,0.9160732989734515,1.0160732989734516,,0.896102972689399,0.0,16.69170102654849
C000000015,Z:\raw_data\C000000015\VIS-017_SW_data_10-July-2026_10-53-28,AVC,0.8770245948056167,True,1,100,energy,0.9491200001118706,1.0491200001118706,0.5095816990086753,0.9001070268537211,0.0,16.35500011187052
C000000015,Z:\raw_data\C000000015\VIS-017_SW_data_10-July-2026_10-53-28,AVC,0.8770245948056167,True,1,100,prop,0.9491200001118706,1.0491200001118706,0.5095816990086753,0.9001070268537211,0.0,16.35500011187052
C000000015,Z:\raw_data\C000000015\VIS-017_SW_data_10-July-2026_10-53-28,AVC,0.8770245948056167,True,1,100,sem,0.9991200001118705,1.0991200001118706,0.6711972410227851,0.3055060041399629,0.0,66.35500011187057
C000000015,Z:\raw_data\C000000015\VIS-017_SW_data_10-July-2026_10-53-28,AVC,0.8770245948056167,True,1,100,sem*prop,0.9491200001118706,1.0491200001118706,0.5095816990086753,0.9001070268537211,0.0,16.35500011187052
C000000015,Z:\raw_data\C000000015\VIS-017_SW_data_10-July-2026_10-53-28,AVC,0.8770245948056167,True,1,100,prior*energy,0.9241200001118706,1.0241200001118707,0.512280117747768,0.9917945072169182,1.0,8.64499988812939
C000000015,Z:\raw_data\C000000015\VIS-017_SW_data_10-July-2026_10-53-28,AVC,0.8770245948056167,True,1,100,prior*prop,0.9166200001118706,1.0166200001118706,0.5122092303448667,0.9026043538098536,0.0,16.14499988812945
C000000015,Z:\raw_data\C000000015\VIS-017_SW_data_10-July-2026_10-53-28,AVC,0.8770245948056167,True,1,100,prior*sem,0.9166200001118706,1.0166200001118706,0.5122092303448667,0.9026043538098536,0.0,16.14499988812945
C000000015,Z:\raw_data\C000000015\VIS-017_SW_data_10-July-2026_10-53-28,AVC,0.8770245948056167,True,1,100,prior*sem*prop,0.9166200001118706,1.0166200001118706,0.5122092303448667,0.9026043538098536,0.0,16.14499988812945
C000000015,Z:\raw_data\C000000015\VIS-017_SW_data_10-July-2026_10-53-28,AVC,0.8770245948056167,True,1,100,peak,0.9317775,1.0317775,0.5153428361157891,1.0,1.0,0.98750000000003
C000000015,Z:\raw_data\C000000015\VIS-017_SW_data_10-July-2026_10-53-28,AVC,0.8770245948056167,True,1,100,prior30*peak,0.9315,1.0315,0.5153198951400897,1.0,1.0,1.2649999999999606
C000000015,Z:\raw_data\C000000015\VIS-017_SW_data_10-July-2026_10-53-28,AVC,0.8770245948056167,True,1,100,prior45*peak,0.9315,1.0315,0.5153198951400897,1.0,1.0,1.2649999999999606
C000000015,Z:\raw_data\C000000015\VIS-017_SW_data_10-July-2026_10-53-28,AVC,0.8770245948056167,True,1,100,prior60*peak,0.93179,1.03179,0.5153421965859888,1.0,1.0,0.9750000000000592
C000000015,Z:\raw_data\C000000015\VIS-017_SW_data_10-July-2026_10-53-28,AVC,0.8770245948056167,True,1,100,prior90*peak,0.9317775,1.0317775,0.5153428361157891,1.0,1.0,0.98750000000003
C000000015,Z:\raw_data\C000000015\VIS-017_SW_data_10-July-2026_10-53-28,AVC,0.8770245948056167,True,1,120,phase,0.9060732989734515,1.0260732989734516,,1.0,1.0,16.69170102654849
C000000015,Z:\raw_data\C000000015\VIS-017_SW_data_10-July-2026_10-53-28,AVC,0.8770245948056167,True,1,120,energy,0.9491200001118707,1.0691200001118708,0.5002448486881517,0.9001070268537198,0.0,26.35500011187075
C000000015,Z:\raw_data\C000000015\VIS-017_SW_data_10-July-2026_10-53-28,AVC,0.8770245948056167,True,1,120,prop,0.9491200001118707,1.0691200001118708,0.5002448486881517,0.9001070268537198,0.0,26.35500011187075
C000000015,Z:\raw_data\C000000015\VIS-017_SW_data_10-July-2026_10-53-28,AVC,0.8770245948056167,True,1,120,sem,0.9991200001118705,1.1191200001118706,0.6632089127284463,0.3055060041399629,0.0,76.35500011187058
C000000015,Z:\raw_data\C000000015\VIS-017_SW_data_10-July-2026_10-53-28,AVC,0.8770245948056167,True,1,120,sem*prop,0.9491200001118707,1.0691200001118708,0.5002448486881517,0.9001070268537198,0.0,26.35500011187075
C000000015,Z:\raw_data\C000000015\VIS-017_SW_data_10-July-2026_10-53-28,AVC,0.8770245948056167,True,1,120,prior*energy,0.9091200001118707,1.0291200001118708,0.5122636661178029,1.0,1.0,13.644999888129284
C000000015,Z:\raw_data\C000000015\VIS-017_SW_data_10-July-2026_10-53-28,AVC,0.8770245948056167,True,1,120,prior*prop,0.9091200001118707,1.0291200001118708,0.5122636661178029,1.0,1.0,13.644999888129284
C000000015,Z:\raw_data\C000000015\VIS-017_SW_data_10-July-2026_10-53-28,AVC,0.8770245948056167,True,1,120,prior*sem,0.9091200001118707,1.0291200001118708,0.5122636661178029,1.0,1.0,13.644999888129284
C000000015,Z:\raw_data\C000000015\VIS-017_SW_data_10-July-2026_10-53-28,AVC,0.8770245948056167,True,1,120,prior*sem*prop,0.9091200001118707,1.0291200001118708,0.5122636661178029,1.0,1.0,13.644999888129284
C000000015,Z:\raw_data\C000000015\VIS-017_SW_data_10-July-2026_10-53-28,AVC,0.8770245948056167,True,1,120,peak,0.9217775000000001,1.0417775000000002,0.5110379690640428,1.0,1.0,0.987499999999808
C000000015,Z:\raw_data\C000000015\VIS-017_SW_data_10-July-2026_10-53-28,AVC,0.8770245948056167,True,1,120,prior30*peak,0.9215,1.0415,0.5111228760896609,1.0,1.0,1.2649999999999606
C000000015,Z:\raw_data\C000000015\VIS-017_SW_data_10-July-2026_10-53-28,AVC,0.8770245948056167,True,1,120,prior45*peak,0.9215,1.0415,0.5111228760896609,1.0,1.0,1.2649999999999606
C000000015,Z:\raw_data\C000000015\VIS-017_SW_data_10-July-2026_10-53-28,AVC,0.8770245948056167,True,1,120,prior60*peak,0.9217900000000001,1.0417900000000002,0.5110348743534515,1.0,1.0,0.9749999999998371
C000000015,Z:\raw_data\C000000015\VIS-017_SW_data_10-July-2026_10-53-28,AVC,0.8770245948056167,True,1,120,prior90*peak,0.9217775000000001,1.0417775000000002,0.5110379690640428,1.0,1.0,0.987499999999808
C000000016,Z:\raw_data\C000000016\VIS-015_SW_data_10-July-2026_09-24-32,MVC,-4.999999888241291e-06,True,1,100,phase,0.0016200001118704677,0.10162000011187047,,1.0,1.0,2.5050001118704714
C000000016,Z:\raw_data\C000000016\VIS-015_SW_data_10-July-2026_09-24-32,MVC,-4.999999888241291e-06,True,1,100,energy,0.0016200001118704677,0.10162000011187047,0.9039713928309687,1.0,1.0,2.5050001118704714
C000000016,Z:\raw_data\C000000016\VIS-015_SW_data_10-July-2026_09-24-32,MVC,-4.999999888241291e-06,True,1,100,prop,0.0016200001118704677,0.10162000011187047,0.8987834764384198,1.0,1.0,2.5050001118704714
C000000016,Z:\raw_data\C000000016\VIS-015_SW_data_10-July-2026_09-24-32,MVC,-4.999999888241291e-06,True,1,100,sem,0.0016200001118704677,0.10162000011187047,0.9039713928309687,1.0,1.0,2.5050001118704714
C000000016,Z:\raw_data\C000000016\VIS-015_SW_data_10-July-2026_09-24-32,MVC,-4.999999888241291e-06,True,1,100,sem*prop,0.0016200001118704677,0.10162000011187047,0.8987834764384198,1.0,1.0,2.5050001118704714
C000000016,Z:\raw_data\C000000016\VIS-015_SW_data_10-July-2026_09-24-32,MVC,-4.999999888241291e-06,True,1,100,prior*energy,0.0016200001118704677,0.10162000011187047,0.8094405668944269,1.0,1.0,2.5050001118704714
C000000016,Z:\raw_data\C000000016\VIS-015_SW_data_10-July-2026_09-24-32,MVC,-4.999999888241291e-06,True,1,100,prior*prop,0.0016200001118704677,0.10162000011187047,0.8115707250225158,1.0,1.0,2.5050001118704714
C000000016,Z:\raw_data\C000000016\VIS-015_SW_data_10-July-2026_09-24-32,MVC,-4.999999888241291e-06,True,1,100,prior*sem,0.0016200001118704677,0.10162000011187047,0.8087562340085983,1.0,1.0,2.5050001118704714
C000000016,Z:\raw_data\C000000016\VIS-015_SW_data_10-July-2026_09-24-32,MVC,-4.999999888241291e-06,True,1,100,prior*sem*prop,0.0016200001118704677,0.10162000011187047,0.8115707250225158,1.0,1.0,2.5050001118704714
C000000016,Z:\raw_data\C000000016\VIS-015_SW_data_10-July-2026_09-24-32,MVC,-4.999999888241291e-06,True,1,100,peak,0.0016200001118704677,0.10162000011187047,0.8081433386300975,1.0,1.0,2.5050001118704714
C000000016,Z:\raw_data\C000000016\VIS-015_SW_data_10-July-2026_09-24-32,MVC,-4.999999888241291e-06,True,1,100,prior30*peak,0.0016200001118704677,0.10162000011187047,0.8086948367996423,1.0,1.0,2.5050001118704714
C000000016,Z:\raw_data\C000000016\VIS-015_SW_data_10-July-2026_09-24-32,MVC,-4.999999888241291e-06,True,1,100,prior45*peak,0.0016200001118704677,0.10162000011187047,0.8080000783633993,1.0,1.0,2.5050001118704714
C000000016,Z:\raw_data\C000000016\VIS-015_SW_data_10-July-2026_09-24-32,MVC,-4.999999888241291e-06,True,1,100,prior60*peak,0.0016200001118704677,0.10162000011187047,0.8080194669709223,1.0,1.0,2.5050001118704714
C000000016,Z:\raw_data\C000000016\VIS-015_SW_data_10-July-2026_09-24-32,MVC,-4.999999888241291e-06,True,1,100,prior90*peak,0.0016200001118704677,0.10162000011187047,0.8081433386300975,1.0,1.0,2.5050001118704714
C000000016,Z:\raw_data\C000000016\VIS-015_SW_data_10-July-2026_09-24-32,MVC,-4.999999888241291e-06,True,1,120,phase,0.0016200001118704677,0.12162000011187046,,1.0,1.0,12.505000111870466
C000000016,Z:\raw_data\C000000016\VIS-015_SW_data_10-July-2026_09-24-32,MVC,-4.999999888241291e-06,True,1,120,energy,0.0016200001118704677,0.12162000011187046,0.8165338524303649,1.0,1.0,12.505000111870466
C000000016,Z:\raw_data\C000000016\VIS-015_SW_data_10-July-2026_09-24-32,MVC,-4.999999888241291e-06,True,1,120,prop,0.0016200001118704677,0.12162000011187046,0.8180179719060601,1.0,1.0,12.505000111870466
C000000016,Z:\raw_data\C000000016\VIS-015_SW_data_10-July-2026_09-24-32,MVC,-4.999999888241291e-06,True,1,120,sem,0.0016200001118704677,0.12162000011187046,0.8180179719060601,1.0,1.0,12.505000111870466
C000000016,Z:\raw_data\C000000016\VIS-015_SW_data_10-July-2026_09-24-32,MVC,-4.999999888241291e-06,True,1,120,sem*prop,0.0016200001118704677,0.12162000011187046,0.8180179719060601,1.0,1.0,12.505000111870466
C000000016,Z:\raw_data\C000000016\VIS-015_SW_data_10-July-2026_09-24-32,MVC,-4.999999888241291e-06,True,1,120,prior*energy,0.0016200001118704677,0.12162000011187046,0.807679089146206,1.0,1.0,12.505000111870466
C000000016,Z:\raw_data\C000000016\VIS-015_SW_data_10-July-2026_09-24-32,MVC,-4.999999888241291e-06,True,1,120,prior*prop,0.0016200001118704677,0.12162000011187046,0.807679089146206,1.0,1.0,12.505000111870466
C000000016,Z:\raw_data\C000000016\VIS-015_SW_data_10-July-2026_09-24-32,MVC,-4.999999888241291e-06,True,1,120,prior*sem,0.0016200001118704677,0.12162000011187046,0.8050390863869695,1.0,1.0,12.505000111870466
C000000016,Z:\raw_data\C000000016\VIS-015_SW_data_10-July-2026_09-24-32,MVC,-4.999999888241291e-06,True,1,120,prior*sem*prop,0.0016200001118704677,0.12162000011187046,0.8087562340085983,1.0,1.0,12.505000111870466
C000000016,Z:\raw_data\C000000016\VIS-015_SW_data_10-July-2026_09-24-32,MVC,-4.999999888241291e-06,True,1,120,peak,0.0016200001118704677,0.12162000011187046,0.8047684241022389,1.0,1.0,12.505000111870466
C000000016,Z:\raw_data\C000000016\VIS-015_SW_data_10-July-2026_09-24-32,MVC,-4.999999888241291e-06,True,1,120,prior30*peak,0.0016200001118704677,0.12162000011187046,0.8050119726095859,1.0,1.0,12.505000111870466
C000000016,Z:\raw_data\C000000016\VIS-015_SW_data_10-July-2026_09-24-32,MVC,-4.999999888241291e-06,True,1,120,prior45*peak,0.0016200001118704677,0.12162000011187046,0.8047051585720101,1.0,1.0,12.505000111870466
C000000016,Z:\raw_data\C000000016\VIS-015_SW_data_10-July-2026_09-24-32,MVC,-4.999999888241291e-06,True,1,120,prior60*peak,0.0016200001118704677,0.12162000011187046,0.8047137208242215,1.0,1.0,12.505000111870466
C000000016,Z:\raw_data\C000000016\VIS-015_SW_data_10-July-2026_09-24-32,MVC,-4.999999888241291e-06,True,1,120,prior90*peak,0.0016200001118704677,0.12162000011187046,0.8047684241022389,1.0,1.0,12.505000111870466
C000000016,Z:\raw_data\C000000016\VIS-015_SW_data_10-July-2026_09-24-32,AVC,0.27881163405665926,True,1,100,phase,0.32084508583797583,0.42084508583797586,,1.0,1.0,13.609914162024172
C000000016,Z:\raw_data\C000000016\VIS-015_SW_data_10-July-2026_09-24-32,AVC,0.27881163405665926,True,1,100,energy,0.33662000011187054,0.4366200001118705,0.7559161275944976,1.0,1.0,2.165000111870541
C000000016,Z:\raw_data\C000000016\VIS-015_SW_data_10-July-2026_09-24-32,AVC,0.27881163405665926,True,1,100,prop,0.34412000011187055,0.4441200001118706,0.7569413563316376,1.0,1.0,9.665000111870548
C000000016,Z:\raw_data\C000000016\VIS-015_SW_data_10-July-2026_09-24-32,AVC,0.27881163405665926,True,1,100,sem,0.39412000011187054,0.4941200001118705,0.7884207961761784,0.35978528780109503,0.0,59.66500011187053
C000000016,Z:\raw_data\C000000016\VIS-015_SW_data_10-July-2026_09-24-32,AVC,0.27881163405665926,True,1,100,sem*prop,0.34412000011187055,0.4441200001118706,0.7569413563316376,1.0,1.0,9.665000111870548
C000000016,Z:\raw_data\C000000016\VIS-015_SW_data_10-July-2026_09-24-32,AVC,0.27881163405665926,True,1,100,prior*energy,0.32912000011187054,0.42912000011187057,0.7557305473925398,1.0,1.0,5.334999888129466
C000000016,Z:\raw_data\C000000016\VIS-015_SW_data_10-July-2026_09-24-32,AVC,0.27881163405665926,True,1,100,prior*prop,0.32162000011187053,0.4216200001118705,0.7543110459253147,1.0,1.0,12.834999888129472
C000000016,Z:\raw_data\C000000016\VIS-015_SW_data_10-July-2026_09-24-32,AVC,0.27881163405665926,True,1,100,prior*sem,0.32162000011187053,0.4216200001118705,0.7543110459253147,1.0,1.0,12.834999888129472
C000000016,Z:\raw_data\C000000016\VIS-015_SW_data_10-July-2026_09-24-32,AVC,0.27881163405665926,True,1,100,prior*sem*prop,0.32162000011187053,0.4216200001118705,0.7543110459253147,1.0,1.0,12.834999888129472
C000000016,Z:\raw_data\C000000016\VIS-015_SW_data_10-July-2026_09-24-32,AVC,0.27881163405665926,True,1,100,peak,0.33442999999999995,0.43443,0.756100306544215,1.0,1.0,0.025000000000052758
C000000016,Z:\raw_data\C000000016\VIS-015_SW_data_10-July-2026_09-24-32,AVC,0.27881163405665926,True,1,100,prior30*peak,0.334125,0.434125,0.7561259570359019,1.0,1.0,0.32999999999999696
C000000016,Z:\raw_data\C000000016\VIS-015_SW_data_10-July-2026_09-24-32,AVC,0.27881163405665926,True,1,100,prior45*peak,0.334125,0.434125,0.7561259570359019,1.0,1.0,0.32999999999999696
C000000016,Z:\raw_data\C000000016\VIS-015_SW_data_10-July-2026_09-24-32,AVC,0.27881163405665926,True,1,100,prior60*peak,0.33452499999999996,0.43452499999999994,0.7560923170468044,1.0,1.0,0.06999999999995898
C000000016,Z:\raw_data\C000000016\VIS-015_SW_data_10-July-2026_09-24-32,AVC,0.27881163405665926,True,1,100,prior90*peak,0.33442999999999995,0.43443,0.756100306544215,1.0,1.0,0.025000000000052758
C000000016,Z:\raw_data\C000000016\VIS-015_SW_data_10-July-2026_09-24-32,AVC,0.27881163405665926,True,1,120,phase,0.3108450858379758,0.4308450858379758,,1.0,1.0,13.609914162024172
C000000016,Z:\raw_data\C000000016\VIS-015_SW_data_10-July-2026_09-24-32,AVC,0.27881163405665926,True,1,120,energy,0.34912000011187055,0.46912000011187055,0.7569494791586562,1.0,1.0,24.66500011187056
C000000016,Z:\raw_data\C000000016\VIS-015_SW_data_10-July-2026_09-24-32,AVC,0.27881163405665926,True,1,120,prop,0.34412000011187055,0.46412000011187055,0.7577474996360763,1.0,1.0,19.665000111870555
C000000016,Z:\raw_data\C000000016\VIS-015_SW_data_10-July-2026_09-24-32,AVC,0.27881163405665926,True,1,120,sem,0.33162000011187054,0.45162000011187053,0.7583139584118376,1.0,1.0,7.165000111870546
C000000016,Z:\raw_data\C000000016\VIS-015_SW_data_10-July-2026_09-24-32,AVC,0.27881163405665926,True,1,120,sem*prop,0.33162000011187054,0.45162000011187053,0.7583139584118376,1.0,1.0,7.165000111870546
C000000016,Z:\raw_data\C000000016\VIS-015_SW_data_10-July-2026_09-24-32,AVC,0.27881163405665926,True,1,120,prior*energy,0.3141200001118705,0.4341200001118705,0.7540219926046625,1.0,1.0,10.33499988812947
C000000016,Z:\raw_data\C000000016\VIS-015_SW_data_10-July-2026_09-24-32,AVC,0.27881163405665926,True,1,120,prior*prop,0.3116200001118705,0.4316200001118705,0.7534906485972199,1.0,1.0,12.834999888129472
C000000016,Z:\raw_data\C000000016\VIS-015_SW_data_10-July-2026_09-24-32,AVC,0.27881163405665926,True,1,120,prior*sem,0.3116200001118705,0.4316200001118705,0.7534906485972199,1.0,1.0,12.834999888129472
C000000016,Z:\raw_data\C000000016\VIS-015_SW_data_10-July-2026_09-24-32,AVC,0.27881163405665926,True,1,120,prior*sem*prop,0.3116200001118705,0.4316200001118705,0.7534906485972199,1.0,1.0,12.834999888129472
C000000016,Z:\raw_data\C000000016\VIS-015_SW_data_10-July-2026_09-24-32,AVC,0.27881163405665926,True,1,120,peak,0.32442999999999994,0.44442999999999994,0.7553560667186786,1.0,1.0,0.025000000000052758
C000000016,Z:\raw_data\C000000016\VIS-015_SW_data_10-July-2026_09-24-32,AVC,0.27881163405665926,True,1,120,prior30*peak,0.324125,0.444125,0.7552041285823348,1.0,1.0,0.32999999999999696
C000000016,Z:\raw_data\C000000016\VIS-015_SW_data_10-July-2026_09-24-32,AVC,0.27881163405665926,True,1,120,prior45*peak,0.324125,0.444125,0.7552041285823348,1.0,1.0,0.32999999999999696
C000000016,Z:\raw_data\C000000016\VIS-015_SW_data_10-July-2026_09-24-32,AVC,0.27881163405665926,True,1,120,prior60*peak,0.32452499999999995,0.44452499999999995,0.755403391711966,1.0,1.0,0.06999999999995898
C000000016,Z:\raw_data\C000000016\VIS-015_SW_data_10-July-2026_09-24-32,AVC,0.27881163405665926,True,1,120,prior90*peak,0.32442999999999994,0.44442999999999994,0.7553560667186786,1.0,1.0,0.025000000000052758
C000000016,Z:\raw_data\C000000016\VIS-015_SW_data_10-July-2026_09-24-32,MVC,0.8955740000000224,True,1,100,phase,0.8868835000000241,0.9868835000000241,,1.0,1.0,0.7314999999757932
C000000016,Z:\raw_data\C000000016\VIS-015_SW_data_10-July-2026_09-24-32,MVC,0.8955740000000224,True,1,100,energy,0.8466200001118706,0.9466200001118705,0.8317931559011562,0.6097769122500372,0.0,40.99499988812949
C000000016,Z:\raw_data\C000000016\VIS-015_SW_data_10-July-2026_09-24-32,MVC,0.8955740000000224,True,1,100,prop,0.8691200001118706,0.9691200001118706,0.8074616942126864,0.884066806191279,0.0,18.494999888129303
C000000016,Z:\raw_data\C000000016\VIS-015_SW_data_10-July-2026_09-24-32,MVC,0.8955740000000224,True,1,100,sem,0.9041200001118707,1.0041200001118706,0.8376651906281763,0.9083262207500828,0.0,16.505000111870615
C000000016,Z:\raw_data\C000000016\VIS-015_SW_data_10-July-2026_09-24-32,MVC,0.8955740000000224,True,1,100,sem*prop,0.8766200001118706,0.9766200001118706,0.8181248699527276,0.9754967708383586,1.0,10.994999888129463
C000000016,Z:\raw_data\C000000016\VIS-015_SW_data_10-July-2026_09-24-32,MVC,0.8955740000000224,True,1,100,prior*energy,0.8841200001118706,0.9841200001118706,0.8191183069501172,1.0,1.0,3.494999888129402
C000000016,Z:\raw_data\C000000016\VIS-015_SW_data_10-July-2026_09-24-32,MVC,0.8955740000000224,True,1,100,prior*prop,0.8841200001118706,0.9841200001118706,0.8191183069501172,1.0,1.0,3.494999888129402
C000000016,Z:\raw_data\C000000016\VIS-015_SW_data_10-July-2026_09-24-32,MVC,0.8955740000000224,True,1,100,prior*sem,0.8866200001118706,0.9866200001118706,0.819166721493109,1.0,1.0,0.9949998881294553
C000000016,Z:\raw_data\C000000016\VIS-015_SW_data_10-July-2026_09-24-32,MVC,0.8955740000000224,True,1,100,prior*sem*prop,0.8841200001118706,0.9841200001118706,0.8191183069501172,1.0,1.0,3.494999888129402
C000000016,Z:\raw_data\C000000016\VIS-015_SW_data_10-July-2026_09-24-32,MVC,0.8955740000000224,True,1,100,peak,0.8880425,0.9880424999999999,0.8203238562038958,1.0,1.0,0.42749999999991406
C000000016,Z:\raw_data\C000000016\VIS-015_SW_data_10-July-2026_09-24-32,MVC,0.8955740000000224,True,1,100,prior30*peak,0.8867624999999999,0.9867624999999999,0.819282638245169,1.0,1.0,0.8525000000000338
C000000016,Z:\raw_data\C000000016\VIS-015_SW_data_10-July-2026_09-24-32,MVC,0.8955740000000224,True,1,100,prior45*peak,0.888375,0.988375,0.8205943288377058,1.0,1.0,0.7599999999999829
C000000016,Z:\raw_data\C000000016\VIS-015_SW_data_10-July-2026_09-24-32,MVC,0.8955740000000224,True,1,100,prior60*peak,0.8883300000000001,0.98833,0.8205577235188443,1.0,1.0,0.7150000000001322
C000000016,Z:\raw_data\C000000016\VIS-015_SW_data_10-July-2026_09-24-32,MVC,0.8955740000000224,True,1,100,prior90*peak,0.8880425,0.9880424999999999,0.8203238562038958,1.0,1.0,0.42749999999991406
C000000016,Z:\raw_data\C000000016\VIS-015_SW_data_10-July-2026_09-24-32,MVC,0.8955740000000224,True,1,120,phase,0.8768835000000241,0.9968835000000241,,1.0,1.0,0.7314999999757932
C000000016,Z:\raw_data\C000000016\VIS-015_SW_data_10-July-2026_09-24-32,MVC,0.8955740000000224,True,1,120,energy,0.8391200001118706,0.9591200001118706,0.8186283318349242,0.7621601866618385,0.0,38.49499988812932
C000000016,Z:\raw_data\C000000016\VIS-015_SW_data_10-July-2026_09-24-32,MVC,0.8955740000000224,True,1,120,prop,0.8391200001118706,0.9591200001118706,0.8186283318349242,0.7621601866618385,0.0,38.49499988812932
C000000016,Z:\raw_data\C000000016\VIS-015_SW_data_10-July-2026_09-24-32,MVC,0.8955740000000224,True,1,120,sem,0.9066200001118707,1.0266200001118708,0.8359969193084428,0.8778495658677221,0.0,29.005000111870793
C000000016,Z:\raw_data\C000000016\VIS-015_SW_data_10-July-2026_09-24-32,MVC,0.8955740000000224,True,1,120,sem*prop,0.8391200001118706,0.9591200001118706,0.8186283318349242,0.7621601866618385,0.0,38.49499988812932
C000000016,Z:\raw_data\C000000016\VIS-015_SW_data_10-July-2026_09-24-32,MVC,0.8955740000000224,True,1,120,prior*energy,0.8716200001118706,0.9916200001118706,0.80951192097621,1.0,1.0,5.994999888129349
C000000016,Z:\raw_data\C000000016\VIS-015_SW_data_10-July-2026_09-24-32,MVC,0.8955740000000224,True,1,120,prior*prop,0.8741200001118707,0.9941200001118707,0.8138619676694242,1.0,1.0,3.49499988812918
C000000016,Z:\raw_data\C000000016\VIS-015_SW_data_10-July-2026_09-24-32,MVC,0.8955740000000224,True,1,120,prior*sem,0.8766200001118707,0.9966200001118707,0.8163349546484427,1.0,1.0,0.9949998881292332
C000000016,Z:\raw_data\C000000016\VIS-015_SW_data_10-July-2026_09-24-32,MVC,0.8955740000000224,True,1,120,prior*sem*prop,0.8766200001118707,0.9966200001118707,0.8163349546484427,1.0,1.0,0.9949998881292332
C000000016,Z:\raw_data\C000000016\VIS-015_SW_data_10-July-2026_09-24-32,MVC,0.8955740000000224,True,1,120,peak,0.8780425000000001,0.9980425,0.8169479426078528,1.0,1.0,0.4275000000001361
C000000016,Z:\raw_data\C000000016\VIS-015_SW_data_10-July-2026_09-24-32,MVC,0.8955740000000224,True,1,120,prior30*peak,0.8767624999999999,0.9967624999999999,0.816396361131754,1.0,1.0,0.8525000000000338
C000000016,Z:\raw_data\C000000016\VIS-015_SW_data_10-July-2026_09-24-32,MVC,0.8955740000000224,True,1,120,prior45*peak,0.8783750000000001,0.9983750000000001,0.81709122451473,1.0,1.0,0.760000000000205
C000000016,Z:\raw_data\C000000016\VIS-015_SW_data_10-July-2026_09-24-32,MVC,0.8955740000000224,True,1,120,prior60*peak,0.87833,0.99833,0.817071832978461,1.0,1.0,0.7150000000001322
C000000016,Z:\raw_data\C000000016\VIS-015_SW_data_10-July-2026_09-24-32,MVC,0.8955740000000224,True,1,120,prior90*peak,0.8780425000000001,0.9980425,0.8169479426078528,1.0,1.0,0.4275000000001361
C000000018,Z:\raw_data\C000000018\VIS-012_SW_data_07-July-2026_09-21-31,MVC,-4.999999888241291e-06,True,1,100,phase,0.0016200001118704677,0.10162000011187047,,1.0,1.0,16.640000111870474
C000000018,Z:\raw_data\C000000018\VIS-012_SW_data_07-July-2026_09-21-31,MVC,-4.999999888241291e-06,True,1,100,energy,0.0016200001118704677,0.10162000011187047,0.5800357630016619,1.0,1.0,16.640000111870474
C000000018,Z:\raw_data\C000000018\VIS-012_SW_data_07-July-2026_09-21-31,MVC,-4.999999888241291e-06,True,1,100,prop,0.0016200001118704677,0.10162000011187047,0.5800357630016619,1.0,1.0,16.640000111870474
C000000018,Z:\raw_data\C000000018\VIS-012_SW_data_07-July-2026_09-21-31,MVC,-4.999999888241291e-06,True,1,100,sem,0.0016200001118704677,0.10162000011187047,0.5805365163885732,1.0,1.0,16.640000111870474
C000000018,Z:\raw_data\C000000018\VIS-012_SW_data_07-July-2026_09-21-31,MVC,-4.999999888241291e-06,True,1,100,sem*prop,0.0016200001118704677,0.10162000011187047,0.5800357630016619,1.0,1.0,16.640000111870474
C000000018,Z:\raw_data\C000000018\VIS-012_SW_data_07-July-2026_09-21-31,MVC,-4.999999888241291e-06,True,1,100,prior*energy,0.0016200001118704677,0.10162000011187047,0.5705191833200887,1.0,1.0,16.640000111870474
C000000018,Z:\raw_data\C000000018\VIS-012_SW_data_07-July-2026_09-21-31,MVC,-4.999999888241291e-06,True,1,100,prior*prop,0.0016200001118704677,0.10162000011187047,0.5705191833200887,1.0,1.0,16.640000111870474
C000000018,Z:\raw_data\C000000018\VIS-012_SW_data_07-July-2026_09-21-31,MVC,-4.999999888241291e-06,True,1,100,prior*sem,0.0016200001118704677,0.10162000011187047,0.5631896421567135,1.0,1.0,16.640000111870474
C000000018,Z:\raw_data\C000000018\VIS-012_SW_data_07-July-2026_09-21-31,MVC,-4.999999888241291e-06,True,1,100,prior*sem*prop,0.0016200001118704677,0.10162000011187047,0.5705191833200887,1.0,1.0,16.640000111870474
C000000018,Z:\raw_data\C000000018\VIS-012_SW_data_07-July-2026_09-21-31,MVC,-4.999999888241291e-06,True,1,100,peak,0.0016200001118704677,0.10162000011187047,0.5681319023279308,1.0,1.0,16.640000111870474
C000000018,Z:\raw_data\C000000018\VIS-012_SW_data_07-July-2026_09-21-31,MVC,-4.999999888241291e-06,True,1,100,prior30*peak,0.0016200001118704677,0.10162000011187047,0.5686689357040777,1.0,1.0,16.640000111870474
C000000018,Z:\raw_data\C000000018\VIS-012_SW_data_07-July-2026_09-21-31,MVC,-4.999999888241291e-06,True,1,100,prior45*peak,0.0016200001118704677,0.10162000011187047,0.5666550605435272,1.0,1.0,16.640000111870474
C000000018,Z:\raw_data\C000000018\VIS-012_SW_data_07-July-2026_09-21-31,MVC,-4.999999888241291e-06,True,1,100,prior60*peak,0.0016200001118704677,0.10162000011187047,0.5676494114040488,1.0,1.0,16.640000111870474
C000000018,Z:\raw_data\C000000018\VIS-012_SW_data_07-July-2026_09-21-31,MVC,-4.999999888241291e-06,True,1,100,prior90*peak,0.0016200001118704677,0.10162000011187047,0.5681319023279308,1.0,1.0,16.640000111870474
C000000018,Z:\raw_data\C000000018\VIS-012_SW_data_07-July-2026_09-21-31,MVC,-4.999999888241291e-06,True,1,120,phase,0.0016200001118704677,0.12162000011187046,,1.0,1.0,26.640000111870467
C000000018,Z:\raw_data\C000000018\VIS-012_SW_data_07-July-2026_09-21-31,MVC,-4.999999888241291e-06,True,1,120,energy,0.0016200001118704677,0.12162000011187046,0.5763496645918533,1.0,1.0,26.640000111870467
C000000018,Z:\raw_data\C000000018\VIS-012_SW_data_07-July-2026_09-21-31,MVC,-4.999999888241291e-06,True,1,120,prop,0.0016200001118704677,0.12162000011187046,0.5763496645918533,1.0,1.0,26.640000111870467
C000000018,Z:\raw_data\C000000018\VIS-012_SW_data_07-July-2026_09-21-31,MVC,-4.999999888241291e-06,True,1,120,sem,0.0016200001118704677,0.12162000011187046,0.577944978686787,1.0,1.0,26.640000111870467
C000000018,Z:\raw_data\C000000018\VIS-012_SW_data_07-July-2026_09-21-31,MVC,-4.999999888241291e-06,True,1,120,sem*prop,0.0016200001118704677,0.12162000011187046,0.5763496645918533,1.0,1.0,26.640000111870467
C000000018,Z:\raw_data\C000000018\VIS-012_SW_data_07-July-2026_09-21-31,MVC,-4.999999888241291e-06,True,1,120,prior*energy,0.0016200001118704677,0.12162000011187046,0.5601526460145898,1.0,1.0,26.640000111870467
C000000018,Z:\raw_data\C000000018\VIS-012_SW_data_07-July-2026_09-21-31,MVC,-4.999999888241291e-06,True,1,120,prior*prop,0.0016200001118704677,0.12162000011187046,0.5601526460145898,1.0,1.0,26.640000111870467
C000000018,Z:\raw_data\C000000018\VIS-012_SW_data_07-July-2026_09-21-31,MVC,-4.999999888241291e-06,True,1,120,prior*sem,0.0016200001118704677,0.12162000011187046,0.560629000399495,1.0,1.0,26.640000111870467
C000000018,Z:\raw_data\C000000018\VIS-012_SW_data_07-July-2026_09-21-31,MVC,-4.999999888241291e-06,True,1,120,prior*sem*prop,0.0016200001118704677,0.12162000011187046,0.5601526460145898,1.0,1.0,26.640000111870467
C000000018,Z:\raw_data\C000000018\VIS-012_SW_data_07-July-2026_09-21-31,MVC,-4.999999888241291e-06,True,1,120,peak,0.0016200001118704677,0.12162000011187046,0.5600058803970454,1.0,1.0,26.640000111870467
C000000018,Z:\raw_data\C000000018\VIS-012_SW_data_07-July-2026_09-21-31,MVC,-4.999999888241291e-06,True,1,120,prior30*peak,0.0016200001118704677,0.12162000011187046,0.5600388962151879,1.0,1.0,26.640000111870467
C000000018,Z:\raw_data\C000000018\VIS-012_SW_data_07-July-2026_09-21-31,MVC,-4.999999888241291e-06,True,1,120,prior45*peak,0.0016200001118704677,0.12162000011187046,0.5599150868971535,1.0,1.0,26.640000111870467
C000000018,Z:\raw_data\C000000018\VIS-012_SW_data_07-July-2026_09-21-31,MVC,-4.999999888241291e-06,True,1,120,prior60*peak,0.0016200001118704677,0.12162000011187046,0.5599762177479329,1.0,1.0,26.640000111870467
C000000018,Z:\raw_data\C000000018\VIS-012_SW_data_07-July-2026_09-21-31,MVC,-4.999999888241291e-06,True,1,120,prior90*peak,0.0016200001118704677,0.12162000011187046,0.5600058803970454,1.0,1.0,26.640000111870467
C000000018,Z:\raw_data\C000000018\VIS-012_SW_data_07-July-2026_09-21-31,AVC,0.24588204344586667,True,1,100,phase,0.28801941613972115,0.38801941613972113,,1.0,1.0,3.3505838602788662
C000000018,Z:\raw_data\C000000018\VIS-012_SW_data_07-July-2026_09-21-31,AVC,0.24588204344586667,True,1,100,energy,0.32162000011187053,0.4216200001118705,0.46863830134875784,0.7836828481489438,0.0,30.250000111870513
C000000018,Z:\raw_data\C000000018\VIS-012_SW_data_07-July-2026_09-21-31,AVC,0.24588204344586667,True,1,100,prop,0.32162000011187053,0.4216200001118705,0.46863830134875784,0.7836828481489438,0.0,30.250000111870513
C000000018,Z:\raw_data\C000000018\VIS-012_SW_data_07-July-2026_09-21-31,AVC,0.24588204344586667,True,1,100,sem,0.34912000011187055,0.4491200001118706,0.5121996106824881,0.3886814117800841,0.0,57.750000111870534
C000000018,Z:\raw_data\C000000018\VIS-012_SW_data_07-July-2026_09-21-31,AVC,0.24588204344586667,True,1,100,sem*prop,0.3091200001118706,0.40912000011187055,0.47812984635041694,0.9632289555893339,1.0,17.750000111870555
C000000018,Z:\raw_data\C000000018\VIS-012_SW_data_07-July-2026_09-21-31,AVC,0.24588204344586667,True,1,100,prior*energy,0.29662000011187056,0.3966200001118706,0.4848287548191026,1.0,1.0,5.250000111870545
C000000018,Z:\raw_data\C000000018\VIS-012_SW_data_07-July-2026_09-21-31,AVC,0.24588204344586667,True,1,100,prior*prop,0.29662000011187056,0.3966200001118706,0.4848287548191026,1.0,1.0,5.250000111870545
C000000018,Z:\raw_data\C000000018\VIS-012_SW_data_07-July-2026_09-21-31,AVC,0.24588204344586667,True,1,100,prior*sem,0.28662000011187055,0.3866200001118706,0.4821176412476981,1.0,1.0,4.749999888129464
C000000018,Z:\raw_data\C000000018\VIS-012_SW_data_07-July-2026_09-21-31,AVC,0.24588204344586667,True,1,100,prior*sem*prop,0.29662000011187056,0.3966200001118706,0.4848287548191026,1.0,1.0,5.250000111870545
C000000018,Z:\raw_data\C000000018\VIS-012_SW_data_07-July-2026_09-21-31,AVC,0.24588204344586667,True,1,100,peak,0.29449,0.39449,0.4849387479343207,1.0,1.0,3.119999999999956
C000000018,Z:\raw_data\C000000018\VIS-012_SW_data_07-July-2026_09-21-31,AVC,0.24588204344586667,True,1,100,prior30*peak,0.29449,0.39449,0.4849387479343207,1.0,1.0,3.119999999999956
C000000018,Z:\raw_data\C000000018\VIS-012_SW_data_07-July-2026_09-21-31,AVC,0.24588204344586667,True,1,100,prior45*peak,0.29449,0.39449,0.4849387479343207,1.0,1.0,3.119999999999956
C000000018,Z:\raw_data\C000000018\VIS-012_SW_data_07-July-2026_09-21-31,AVC,0.24588204344586667,True,1,100,prior60*peak,0.29489499999999996,0.394895,0.48491783375153963,1.0,1.0,3.524999999999945
C000000018,Z:\raw_data\C000000018\VIS-012_SW_data_07-July-2026_09-21-31,AVC,0.24588204344586667,True,1,100,prior90*peak,0.29449,0.39449,0.4849387479343207,1.0,1.0,3.119999999999956
C000000018,Z:\raw_data\C000000018\VIS-012_SW_data_07-July-2026_09-21-31,AVC,0.24588204344586667,True,1,120,phase,0.27801941613972114,0.39801941613972114,,1.0,1.0,3.3505838602788662
C000000018,Z:\raw_data\C000000018\VIS-012_SW_data_07-July-2026_09-21-31,AVC,0.24588204344586667,True,1,120,energy,0.32162000011187053,0.4416200001118705,0.4414805120452086,0.7836828481489438,0.0,40.25000011187052
C000000018,Z:\raw_data\C000000018\VIS-012_SW_data_07-July-2026_09-21-31,AVC,0.24588204344586667,True,1,120,prop,0.32162000011187053,0.4416200001118705,0.4414805120452086,0.7836828481489438,0.0,40.25000011187052
C000000018,Z:\raw_data\C000000018\VIS-012_SW_data_07-July-2026_09-21-31,AVC,0.24588204344586667,True,1,120,sem,0.28412000011187055,0.40412000011187055,0.465898604198953,1.0,1.0,2.750000111870543
C000000018,Z:\raw_data\C000000018\VIS-012_SW_data_07-July-2026_09-21-31,AVC,0.24588204344586667,True,1,120,sem*prop,0.32162000011187053,0.4416200001118705,0.4414805120452086,0.7836828481489438,0.0,40.25000011187052
C000000018,Z:\raw_data\C000000018\VIS-012_SW_data_07-July-2026_09-21-31,AVC,0.24588204344586667,True,1,120,prior*energy,0.28912000011187056,0.40912000011187055,0.46351150408562086,1.0,1.0,7.7500001118705475
C000000018,Z:\raw_data\C000000018\VIS-012_SW_data_07-July-2026_09-21-31,AVC,0.24588204344586667,True,1,120,prior*prop,0.28912000011187056,0.40912000011187055,0.46351150408562086,1.0,1.0,7.7500001118705475
C000000018,Z:\raw_data\C000000018\VIS-012_SW_data_07-July-2026_09-21-31,AVC,0.24588204344586667,True,1,120,prior*sem,0.28162000011187055,0.40162000011187055,0.46483884800513636,1.0,1.0,0.25000011187054083
C000000018,Z:\raw_data\C000000018\VIS-012_SW_data_07-July-2026_09-21-31,AVC,0.24588204344586667,True,1,120,prior*sem*prop,0.28912000011187056,0.40912000011187055,0.46351150408562086,1.0,1.0,7.7500001118705475
C000000018,Z:\raw_data\C000000018\VIS-012_SW_data_07-July-2026_09-21-31,AVC,0.24588204344586667,True,1,120,peak,0.28448999999999997,0.40448999999999996,0.4656240400642211,1.0,1.0,3.119999999999956
C000000018,Z:\raw_data\C000000018\VIS-012_SW_data_07-July-2026_09-21-31,AVC,0.24588204344586667,True,1,120,prior30*peak,0.28448999999999997,0.40448999999999996,0.4656240400642211,1.0,1.0,3.119999999999956
C000000018,Z:\raw_data\C000000018\VIS-012_SW_data_07-July-2026_09-21-31,AVC,0.24588204344586667,True,1,120,prior45*peak,0.28448999999999997,0.40448999999999996,0.4656240400642211,1.0,1.0,3.119999999999956
C000000018,Z:\raw_data\C000000018\VIS-012_SW_data_07-July-2026_09-21-31,AVC,0.24588204344586667,True,1,120,prior60*peak,0.28489499999999995,0.40489499999999995,0.46532350355560587,1.0,1.0,3.524999999999945
C000000018,Z:\raw_data\C000000018\VIS-012_SW_data_07-July-2026_09-21-31,AVC,0.24588204344586667,True,1,120,prior90*peak,0.28448999999999997,0.40448999999999996,0.4656240400642211,1.0,1.0,3.119999999999956
C000000018,Z:\raw_data\C000000018\VIS-012_SW_data_07-July-2026_09-21-31,MVC,0.709058999999892,True,1,100,phase,0.703293999999836,0.803293999999836,,1.0,1.0,7.2989999998360755
C000000018,Z:\raw_data\C000000018\VIS-012_SW_data_07-July-2026_09-21-31,MVC,0.709058999999892,True,1,100,energy,0.7016200001118705,0.8016200001118705,0.5989380549970929,1.0,1.0,5.625000111870504
C000000018,Z:\raw_data\C000000018\VIS-012_SW_data_07-July-2026_09-21-31,MVC,0.709058999999892,True,1,100,prop,0.6591200001118706,0.7591200001118705,0.528465630053004,0.6685068700971956,0.0,36.87499988812948
C000000018,Z:\raw_data\C000000018\VIS-012_SW_data_07-July-2026_09-21-31,MVC,0.709058999999892,True,1,100,sem,0.7441200001118706,0.8441200001118706,0.6273169774788584,0.5240724083724398,0.0,48.125000111870705
C000000018,Z:\raw_data\C000000018\VIS-012_SW_data_07-July-2026_09-21-31,MVC,0.709058999999892,True,1,100,sem*prop,0.6941200001118706,0.7941200001118706,0.6013633868431968,1.0,1.0,1.8749998881293362
C000000018,Z:\raw_data\C000000018\VIS-012_SW_data_07-July-2026_09-21-31,MVC,0.709058999999892,True,1,100,prior*energy,0.7016200001118705,0.8016200001118705,0.5989380549970929,1.0,1.0,5.625000111870504
C000000018,Z:\raw_data\C000000018\VIS-012_SW_data_07-July-2026_09-21-31,MVC,0.709058999999892,True,1,100,prior*prop,0.7016200001118705,0.8016200001118705,0.5989380549970929,1.0,1.0,5.625000111870504
C000000018,Z:\raw_data\C000000018\VIS-012_SW_data_07-July-2026_09-21-31,MVC,0.709058999999892,True,1,100,prior*sem,0.7016200001118705,0.8016200001118705,0.5989380549970929,1.0,1.0,5.625000111870504
C000000018,Z:\raw_data\C000000018\VIS-012_SW_data_07-July-2026_09-21-31,MVC,0.709058999999892,True,1,100,prior*sem*prop,0.7016200001118705,0.8016200001118705,0.5989380549970929,1.0,1.0,5.625000111870504
C000000018,Z:\raw_data\C000000018\VIS-012_SW_data_07-July-2026_09-21-31,MVC,0.709058999999892,True,1,100,peak,0.6955425,0.7955424999999999,0.6013589692730436,1.0,1.0,0.4524999999999668
C000000018,Z:\raw_data\C000000018\VIS-012_SW_data_07-July-2026_09-21-31,MVC,0.709058999999892,True,1,100,prior30*peak,0.6952224999999999,0.7952224999999998,0.6013599630323125,1.0,1.0,0.7725000000000648
C000000018,Z:\raw_data\C000000018\VIS-012_SW_data_07-July-2026_09-21-31,MVC,0.709058999999892,True,1,100,prior45*peak,0.6964224999999999,0.7964224999999999,0.6013562364350536,1.0,1.0,0.4275000000000251
C000000018,Z:\raw_data\C000000018\VIS-012_SW_data_07-July-2026_09-21-31,MVC,0.709058999999892,True,1,100,prior60*peak,0.6958300000000001,0.79583,0.6013580764424502,1.0,1.0,0.16499999999997073
C000000018,Z:\raw_data\C000000018\VIS-012_SW_data_07-July-2026_09-21-31,MVC,0.709058999999892,True,1,100,prior90*peak,0.6955425,0.7955424999999999,0.6013589692730436,1.0,1.0,0.4524999999999668
C000000018,Z:\raw_data\C000000018\VIS-012_SW_data_07-July-2026_09-21-31,MVC,0.709058999999892,True,1,120,phase,0.693293999999836,0.813293999999836,,1.0,1.0,7.2989999998360755
C000000018,Z:\raw_data\C000000018\VIS-012_SW_data_07-July-2026_09-21-31,MVC,0.709058999999892,True,1,120,energy,0.6516200001118706,0.7716200001118706,0.5192621322408946,0.828989602155227,0.0,34.37499988812931
C000000018,Z:\raw_data\C000000018\VIS-012_SW_data_07-July-2026_09-21-31,MVC,0.709058999999892,True,1,120,prop,0.6491200001118707,0.7691200001118706,0.5247712014101124,0.7968930557436216,0.0,36.87499988812925
C000000018,Z:\raw_data\C000000018\VIS-012_SW_data_07-July-2026_09-21-31,MVC,0.709058999999892,True,1,120,sem,0.7441200001118706,0.8641200001118706,0.61918986798919,0.5240724083724398,0.0,58.12500011187072
C000000018,Z:\raw_data\C000000018\VIS-012_SW_data_07-July-2026_09-21-31,MVC,0.709058999999892,True,1,120,sem*prop,0.6491200001118707,0.7691200001118706,0.5247712014101124,0.7968930557436216,0.0,36.87499988812925
C000000018,Z:\raw_data\C000000018\VIS-012_SW_data_07-July-2026_09-21-31,MVC,0.709058999999892,True,1,120,prior*energy,0.6916200001118706,0.8116200001118706,0.5967306321939908,1.0,1.0,5.625000111870726
C000000018,Z:\raw_data\C000000018\VIS-012_SW_data_07-July-2026_09-21-31,MVC,0.709058999999892,True,1,120,prior*prop,0.6916200001118706,0.8116200001118706,0.5967306321939908,1.0,1.0,5.625000111870726
C000000018,Z:\raw_data\C000000018\VIS-012_SW_data_07-July-2026_09-21-31,MVC,0.709058999999892,True,1,120,prior*sem,0.6941200001118706,0.8141200001118706,0.5980350699743217,1.0,1.0,8.125000111870673
C000000018,Z:\raw_data\C000000018\VIS-012_SW_data_07-July-2026_09-21-31,MVC,0.709058999999892,True,1,120,prior*sem*prop,0.6916200001118706,0.8116200001118706,0.5967306321939908,1.0,1.0,5.625000111870726
C000000018,Z:\raw_data\C000000018\VIS-012_SW_data_07-July-2026_09-21-31,MVC,0.709058999999892,True,1,120,peak,0.6855424999999999,0.8055424999999999,0.5911711877469357,1.0,1.0,0.4524999999999668
C000000018,Z:\raw_data\C000000018\VIS-012_SW_data_07-July-2026_09-21-31,MVC,0.709058999999892,True,1,120,prior30*peak,0.6852224999999998,0.8052224999999998,0.590880456058068,1.0,1.0,0.7725000000000648
C000000018,Z:\raw_data\C000000018\VIS-012_SW_data_07-July-2026_09-21-31,MVC,0.709058999999892,True,1,120,prior45*peak,0.6864224999999999,0.8064224999999999,0.5919706998913211,1.0,1.0,0.4275000000000251
C000000018,Z:\raw_data\C000000018\VIS-012_SW_data_07-July-2026_09-21-31,MVC,0.709058999999892,True,1,120,prior60*peak,0.6858300000000002,0.8058300000000002,0.5914323919986526,1.0,1.0,0.16499999999974868
C000000018,Z:\raw_data\C000000018\VIS-012_SW_data_07-July-2026_09-21-31,MVC,0.709058999999892,True,1,120,prior90*peak,0.6855424999999999,0.8055424999999999,0.5911711877469357,1.0,1.0,0.4524999999999668
C000000018,Z:\raw_data\C000000018\VIS-012_SW_data_07-July-2026_09-21-31,AVC,0.9549460434456468,True,1,100,phase,0.9970834161395012,1.0970834161395013,,1.0,1.0,6.0734161395012976
C000000018,Z:\raw_data\C000000018\VIS-012_SW_data_07-July-2026_09-21-31,AVC,0.9549460434456468,True,1,100,energy,1.0316200001118707,1.1316200001118708,0.4182960471309869,0.612589926716179,0.0,40.61000011187077
C000000018,Z:\raw_data\C000000018\VIS-012_SW_data_07-July-2026_09-21-31,AVC,0.9549460434456468,True,1,100,prop,1.0316200001118707,1.1316200001118708,0.4182960471309869,0.612589926716179,0.0,40.61000011187077
C000000018,Z:\raw_data\C000000018\VIS-012_SW_data_07-July-2026_09-21-31,AVC,0.9549460434456468,True,1,100,sem,1.0591200001118706,1.1591200001118707,0.47355009854117214,0.2828537156850057,0.0,68.11000011187063
C000000018,Z:\raw_data\C000000018\VIS-012_SW_data_07-July-2026_09-21-31,AVC,0.9549460434456468,True,1,100,sem*prop,1.0316200001118707,1.1316200001118708,0.4182960471309869,0.612589926716179,0.0,40.61000011187077
C000000018,Z:\raw_data\C000000018\VIS-012_SW_data_07-July-2026_09-21-31,AVC,0.9549460434456468,True,1,100,prior*energy,1.0116200001118707,1.1116200001118708,0.4226692864573733,0.8523980801933974,0.0,20.610000111870754
C000000018,Z:\raw_data\C000000018\VIS-012_SW_data_07-July-2026_09-21-31,AVC,0.9549460434456468,True,1,100,prior*prop,1.0041200001118706,1.1041200001118707,0.41802464410118606,0.9423261377473549,0.0,13.11000011187069
C000000018,Z:\raw_data\C000000018\VIS-012_SW_data_07-July-2026_09-21-31,AVC,0.9549460434456468,True,1,100,prior*sem,0.9941200001118706,1.0941200001118707,0.4302715389096887,1.0,1.0,3.110000111870681
C000000018,Z:\raw_data\C000000018\VIS-012_SW_data_07-July-2026_09-21-31,AVC,0.9549460434456468,True,1,100,prior*sem*prop,0.9966200001118706,1.0966200001118707,0.4272337736177974,1.0,1.0,5.610000111870628
C000000018,Z:\raw_data\C000000018\VIS-012_SW_data_07-July-2026_09-21-31,AVC,0.9549460434456468,True,1,100,peak,0.9919900000000001,1.0919900000000002,0.43039631751786217,1.0,1.0,0.9800000000002029
C000000018,Z:\raw_data\C000000018\VIS-012_SW_data_07-July-2026_09-21-31,AVC,0.9549460434456468,True,1,100,prior30*peak,0.9919900000000001,1.0919900000000002,0.43039631751786217,1.0,1.0,0.9800000000002029
C000000018,Z:\raw_data\C000000018\VIS-012_SW_data_07-July-2026_09-21-31,AVC,0.9549460434456468,True,1,100,prior45*peak,0.9919900000000001,1.0919900000000002,0.43039631751786217,1.0,1.0,0.9800000000002029
C000000018,Z:\raw_data\C000000018\VIS-012_SW_data_07-July-2026_09-21-31,AVC,0.9549460434456468,True,1,100,prior60*peak,0.9923949999999999,1.092395,0.4303725920091035,1.0,1.0,1.3849999999999696
C000000018,Z:\raw_data\C000000018\VIS-012_SW_data_07-July-2026_09-21-31,AVC,0.9549460434456468,True,1,100,prior90*peak,0.9919900000000001,1.0919900000000002,0.43039631751786217,1.0,1.0,0.9800000000002029
C000000018,Z:\raw_data\C000000018\VIS-012_SW_data_07-July-2026_09-21-31,AVC,0.9549460434456468,True,1,120,phase,0.9870834161395012,1.1070834161395013,,1.0,1.0,6.0734161395012976
C000000018,Z:\raw_data\C000000018\VIS-012_SW_data_07-July-2026_09-21-31,AVC,0.9549460434456468,True,1,120,energy,1.0316200001118707,1.1516200001118708,0.39779797314209386,0.612589926716179,0.0,50.610000111870775
C000000018,Z:\raw_data\C000000018\VIS-012_SW_data_07-July-2026_09-21-31,AVC,0.9549460434456468,True,1,120,prop,1.0266200001118706,1.1466200001118705,0.40294224045576493,0.6725419650854849,0.0,45.61000011187044
C000000018,Z:\raw_data\C000000018\VIS-012_SW_data_07-July-2026_09-21-31,AVC,0.9549460434456468,True,1,120,sem,1.0591200001118706,1.1791200001118707,0.43900306054599614,0.2828537156850057,0.0,78.11000011187063
C000000018,Z:\raw_data\C000000018\VIS-012_SW_data_07-July-2026_09-21-31,AVC,0.9549460434456468,True,1,120,sem*prop,1.0266200001118706,1.1466200001118705,0.40294224045576493,0.6725419650854849,0.0,45.61000011187044
C000000018,Z:\raw_data\C000000018\VIS-012_SW_data_07-July-2026_09-21-31,AVC,0.9549460434456468,True,1,120,prior*energy,0.9916200001118707,1.1116200001118708,0.4101310210979826,1.0,1.0,10.610000111870743
C000000018,Z:\raw_data\C000000018\VIS-012_SW_data_07-July-2026_09-21-31,AVC,0.9549460434456468,True,1,120,prior*prop,0.9916200001118707,1.1116200001118708,0.4101310210979826,1.0,1.0,10.610000111870743
C000000018,Z:\raw_data\C000000018\VIS-012_SW_data_07-July-2026_09-21-31,AVC,0.9549460434456468,True,1,120,prior*sem,0.9916200001118707,1.1116200001118708,0.4101310210979826,1.0,1.0,10.610000111870743
C000000018,Z:\raw_data\C000000018\VIS-012_SW_data_07-July-2026_09-21-31,AVC,0.9549460434456468,True,1,120,prior*sem*prop,0.9916200001118707,1.1116200001118708,0.4101310210979826,1.0,1.0,10.610000111870743
C000000018,Z:\raw_data\C000000018\VIS-012_SW_data_07-July-2026_09-21-31,AVC,0.9549460434456468,True,1,120,peak,0.9819900000000001,1.1019900000000002,0.405841592710063,1.0,1.0,0.9800000000002029
C000000018,Z:\raw_data\C000000018\VIS-012_SW_data_07-July-2026_09-21-31,AVC,0.9549460434456468,True,1,120,prior30*peak,0.9819900000000001,1.1019900000000002,0.405841592710063,1.0,1.0,0.9800000000002029
C000000018,Z:\raw_data\C000000018\VIS-012_SW_data_07-July-2026_09-21-31,AVC,0.9549460434456468,True,1,120,prior45*peak,0.9819900000000001,1.1019900000000002,0.405841592710063,1.0,1.0,0.9800000000002029
C000000018,Z:\raw_data\C000000018\VIS-012_SW_data_07-July-2026_09-21-31,AVC,0.9549460434456468,True,1,120,prior60*peak,0.9823949999999999,1.102395,0.40589239190923576,1.0,1.0,1.3849999999999696
C000000018,Z:\raw_data\C000000018\VIS-012_SW_data_07-July-2026_09-21-31,AVC,0.9549460434456468,True,1,120,prior90*peak,0.9819900000000001,1.1019900000000002,0.405841592710063,1.0,1.0,0.9800000000002029
C000000019,Z:\raw_data\C000000019\VIS-027_SW_data_21-July-2026_11-19-20,MVC,-4.999999888241291e-06,True,1,100,phase,0.0016200001118704677,0.10162000011187047,,0.9121682423737121,0.0,13.34999988812953
C000000019,Z:\raw_data\C000000019\VIS-027_SW_data_21-July-2026_11-19-20,MVC,-4.999999888241291e-06,True,1,100,energy,0.019120000111870483,0.11912000011187049,0.8716909498402455,1.0,1.0,4.150000111870486
C000000019,Z:\raw_data\C000000019\VIS-027_SW_data_21-July-2026_11-19-20,MVC,-4.999999888241291e-06,True,1,100,prop,0.0016200001118704677,0.10162000011187047,0.887874897127262,0.9121682423737121,0.0,13.34999988812953
C000000019,Z:\raw_data\C000000019\VIS-027_SW_data_21-July-2026_11-19-20,MVC,-4.999999888241291e-06,True,1,100,sem,0.0016200001118704677,0.10162000011187047,0.9003396946017703,0.9121682423737121,0.0,13.34999988812953
C000000019,Z:\raw_data\C000000019\VIS-027_SW_data_21-July-2026_11-19-20,MVC,-4.999999888241291e-06,True,1,100,sem*prop,0.0016200001118704677,0.10162000011187047,0.887874897127262,0.9121682423737121,0.0,13.34999988812953
C000000019,Z:\raw_data\C000000019\VIS-027_SW_data_21-July-2026_11-19-20,MVC,-4.999999888241291e-06,True,1,100,prior*energy,0.0016200001118704677,0.10162000011187047,0.8795473650662973,0.9121682423737121,0.0,13.34999988812953
C000000019,Z:\raw_data\C000000019\VIS-027_SW_data_21-July-2026_11-19-20,MVC,-4.999999888241291e-06,True,1,100,prior*prop,0.0016200001118704677,0.10162000011187047,0.8773052953753948,0.9121682423737121,0.0,13.34999988812953
C000000019,Z:\raw_data\C000000019\VIS-027_SW_data_21-July-2026_11-19-20,MVC,-4.999999888241291e-06,True,1,100,prior*sem,0.0016200001118704677,0.10162000011187047,0.8789697249489092,0.9121682423737121,0.0,13.34999988812953
C000000019,Z:\raw_data\C000000019\VIS-027_SW_data_21-July-2026_11-19-20,MVC,-4.999999888241291e-06,True,1,100,prior*sem*prop,0.0016200001118704677,0.10162000011187047,0.8773052953753948,0.9121682423737121,0.0,13.34999988812953
C000000019,Z:\raw_data\C000000019\VIS-027_SW_data_21-July-2026_11-19-20,MVC,-4.999999888241291e-06,True,1,100,peak,0.012829999999999786,0.11282999999999979,0.8717338103235407,1.0,1.0,2.140000000000211
C000000019,Z:\raw_data\C000000019\VIS-027_SW_data_21-July-2026_11-19-20,MVC,-4.999999888241291e-06,True,1,100,prior30*peak,0.01261499999999982,0.11261499999999983,0.8717538034167619,1.0,1.0,2.3550000000001763
C000000019,Z:\raw_data\C000000019\VIS-027_SW_data_21-July-2026_11-19-20,MVC,-4.999999888241291e-06,True,1,100,prior45*peak,0.013255000000000003,0.11325500000000001,0.8716942890927545,1.0,1.0,1.7149999999999943
C000000019,Z:\raw_data\C000000019\VIS-027_SW_data_21-July-2026_11-19-20,MVC,-4.999999888241291e-06,True,1,100,prior60*peak,0.013255000000000003,0.11325500000000001,0.8716942890927545,1.0,1.0,1.7149999999999943
C000000019,Z:\raw_data\C000000019\VIS-027_SW_data_21-July-2026_11-19-20,MVC,-4.999999888241291e-06,True,1,100,prior90*peak,0.012829999999999786,0.11282999999999979,0.8717338103235407,1.0,1.0,2.140000000000211
C000000019,Z:\raw_data\C000000019\VIS-027_SW_data_21-July-2026_11-19-20,MVC,-4.999999888241291e-06,True,1,120,phase,0.0016200001118704677,0.12162000011187046,,1.0,1.0,3.3499998881295348
C000000019,Z:\raw_data\C000000019\VIS-027_SW_data_21-July-2026_11-19-20,MVC,-4.999999888241291e-06,True,1,120,energy,0.0016200001118704677,0.12162000011187046,0.8795473650662973,1.0,1.0,3.3499998881295348
C000000019,Z:\raw_data\C000000019\VIS-027_SW_data_21-July-2026_11-19-20,MVC,-4.999999888241291e-06,True,1,120,prop,0.0016200001118704677,0.12162000011187046,0.887874897127262,1.0,1.0,3.3499998881295348
C000000019,Z:\raw_data\C000000019\VIS-027_SW_data_21-July-2026_11-19-20,MVC,-4.999999888241291e-06,True,1,120,sem,0.0016200001118704677,0.12162000011187046,0.8928648570716339,1.0,1.0,3.3499998881295348
C000000019,Z:\raw_data\C000000019\VIS-027_SW_data_21-July-2026_11-19-20,MVC,-4.999999888241291e-06,True,1,120,sem*prop,0.0016200001118704677,0.12162000011187046,0.887874897127262,1.0,1.0,3.3499998881295348
C000000019,Z:\raw_data\C000000019\VIS-027_SW_data_21-July-2026_11-19-20,MVC,-4.999999888241291e-06,True,1,120,prior*energy,0.0016200001118704677,0.12162000011187046,0.8799437969953288,1.0,1.0,3.3499998881295348
C000000019,Z:\raw_data\C000000019\VIS-027_SW_data_21-July-2026_11-19-20,MVC,-4.999999888241291e-06,True,1,120,prior*prop,0.0016200001118704677,0.12162000011187046,0.8803857458145998,1.0,1.0,3.3499998881295348
C000000019,Z:\raw_data\C000000019\VIS-027_SW_data_21-July-2026_11-19-20,MVC,-4.999999888241291e-06,True,1,120,prior*sem,0.0016200001118704677,0.12162000011187046,0.8782395224663111,1.0,1.0,3.3499998881295348
C000000019,Z:\raw_data\C000000019\VIS-027_SW_data_21-July-2026_11-19-20,MVC,-4.999999888241291e-06,True,1,120,prior*sem*prop,0.0016200001118704677,0.12162000011187046,0.8803857458145998,1.0,1.0,3.3499998881295348
C000000019,Z:\raw_data\C000000019\VIS-027_SW_data_21-July-2026_11-19-20,MVC,-4.999999888241291e-06,True,1,120,peak,0.002829999999999791,0.12282999999999979,0.8720224280314778,1.0,1.0,2.140000000000211
C000000019,Z:\raw_data\C000000019\VIS-027_SW_data_21-July-2026_11-19-20,MVC,-4.999999888241291e-06,True,1,120,prior30*peak,0.002614999999999826,0.12261499999999982,0.8720008273034767,1.0,1.0,2.3550000000001763
C000000019,Z:\raw_data\C000000019\VIS-027_SW_data_21-July-2026_11-19-20,MVC,-4.999999888241291e-06,True,1,120,prior45*peak,0.003255000000000008,0.123255,0.8720651271449682,1.0,1.0,1.7149999999999943
C000000019,Z:\raw_data\C000000019\VIS-027_SW_data_21-July-2026_11-19-20,MVC,-4.999999888241291e-06,True,1,120,prior60*peak,0.003255000000000008,0.123255,0.8720651271449682,1.0,1.0,1.7149999999999943
C000000019,Z:\raw_data\C000000019\VIS-027_SW_data_21-July-2026_11-19-20,MVC,-4.999999888241291e-06,True,1,120,prior90*peak,0.002829999999999791,0.12282999999999979,0.8720224280314778,1.0,1.0,2.140000000000211
C000000019,Z:\raw_data\C000000019\VIS-027_SW_data_21-July-2026_11-19-20,AVC,0.32364825409866643,True,1,100,phase,0.365681705879983,0.46568170587998303,,0.6984144186853767,0.0,36.323294120017
C000000019,Z:\raw_data\C000000019\VIS-027_SW_data_21-July-2026_11-19-20,AVC,0.32364825409866643,True,1,100,energy,0.27412000011187054,0.3741200001118705,0.24120570007092493,0.0,0.0,127.88499988812946
C000000019,Z:\raw_data\C000000019\VIS-027_SW_data_21-July-2026_11-19-20,AVC,0.32364825409866643,True,1,100,prop,0.27412000011187054,0.3741200001118705,0.24120570007092493,0.0,0.0,127.88499988812946
C000000019,Z:\raw_data\C000000019\VIS-027_SW_data_21-July-2026_11-19-20,AVC,0.32364825409866643,True,1,100,sem,0.39412000011187054,0.4941200001118705,0.5020518173498857,1.0,1.0,7.884999888129462
C000000019,Z:\raw_data\C000000019\VIS-027_SW_data_21-July-2026_11-19-20,AVC,0.32364825409866643,True,1,100,sem*prop,0.42412000011187057,0.5241200001118705,0.473148174330122,0.9045408369088852,0.0,22.115000111870565
C000000019,Z:\raw_data\C000000019\VIS-027_SW_data_21-July-2026_11-19-20,AVC,0.32364825409866643,True,1,100,prior*energy,0.3716200001118706,0.47162000011187055,0.4703223121321986,0.7845640521089589,0.0,30.38499988812943
C000000019,Z:\raw_data\C000000019\VIS-027_SW_data_21-July-2026_11-19-20,AVC,0.32364825409866643,True,1,100,prior*prop,0.3716200001118706,0.47162000011187055,0.4703223121321986,0.7845640521089589,0.0,30.38499988812943
C000000019,Z:\raw_data\C000000019\VIS-027_SW_data_21-July-2026_11-19-20,AVC,0.32364825409866643,True,1,100,prior*sem,0.36162000011187057,0.46162000011187054,0.4765513266891679,0.6394893386315179,0.0,40.384999888129435
C000000019,Z:\raw_data\C000000019\VIS-027_SW_data_21-July-2026_11-19-20,AVC,0.32364825409866643,True,1,100,prior*sem*prop,0.3866200001118706,0.48662000011187057,0.4959554863212819,1.0,1.0,15.384999888129414
C000000019,Z:\raw_data\C000000019\VIS-027_SW_data_21-July-2026_11-19-20,AVC,0.32364825409866643,True,1,100,peak,0.39942999999999995,0.49942999999999993,0.4882370980244995,1.0,1.0,2.5750000000000495
C000000019,Z:\raw_data\C000000019\VIS-027_SW_data_21-July-2026_11-19-20,AVC,0.32364825409866643,True,1,100,prior30*peak,0.394125,0.49412500000000004,0.5020431166006178,1.0,1.0,7.879999999999998
C000000019,Z:\raw_data\C000000019\VIS-027_SW_data_21-July-2026_11-19-20,AVC,0.32364825409866643,True,1,100,prior45*peak,0.396625,0.496625,0.4976829769013368,1.0,1.0,5.3799999999999955
C000000019,Z:\raw_data\C000000019\VIS-027_SW_data_21-July-2026_11-19-20,AVC,0.32364825409866643,True,1,100,prior60*peak,0.396955,0.49695500000000004,0.4964706303131447,1.0,1.0,5.049999999999999
C000000019,Z:\raw_data\C000000019\VIS-027_SW_data_21-July-2026_11-19-20,AVC,0.32364825409866643,True,1,100,prior90*peak,0.39692999999999995,0.49693,0.4965624747516443,1.0,1.0,5.075000000000052
C000000019,Z:\raw_data\C000000019\VIS-027_SW_data_21-July-2026_11-19-20,AVC,0.32364825409866643,True,1,120,phase,0.355681705879983,0.475681705879983,,0.843489132162817,0.0,36.323294120017
C000000019,Z:\raw_data\C000000019\VIS-027_SW_data_21-July-2026_11-19-20,AVC,0.32364825409866643,True,1,120,energy,0.26412000011187053,0.38412000011187053,0.24195929645430073,0.0,0.0,127.88499988812946
C000000019,Z:\raw_data\C000000019\VIS-027_SW_data_21-July-2026_11-19-20,AVC,0.32364825409866643,True,1,120,prop,0.26412000011187053,0.38412000011187053,0.24195929645430073,0.0,0.0,127.88499988812946
C000000019,Z:\raw_data\C000000019\VIS-027_SW_data_21-July-2026_11-19-20,AVC,0.32364825409866643,True,1,120,sem,0.3716200001118706,0.49162000011187057,0.4908026971166268,1.0,1.0,20.384999888129418
C000000019,Z:\raw_data\C000000019\VIS-027_SW_data_21-July-2026_11-19-20,AVC,0.32364825409866643,True,1,120,sem*prop,0.42412000011187057,0.5441200001118706,0.44886436648000183,0.9045408369088852,0.0,32.11500011187057
C000000019,Z:\raw_data\C000000019\VIS-027_SW_data_21-July-2026_11-19-20,AVC,0.32364825409866643,True,1,120,prior*energy,0.35912000011187056,0.47912000011187056,0.45794436270947136,0.8933700872170397,0.0,32.88499988812943
C000000019,Z:\raw_data\C000000019\VIS-027_SW_data_21-July-2026_11-19-20,AVC,0.32364825409866643,True,1,120,prior*prop,0.36412000011187057,0.48412000011187056,0.47304393216699264,0.9659074439557602,1.0,27.884999888129425
C000000019,Z:\raw_data\C000000019\VIS-027_SW_data_21-July-2026_11-19-20,AVC,0.32364825409866643,True,1,120,prior*sem,0.36662000011187057,0.48662000011187057,0.485086419617764,1.0,1.0,25.38499988812942
C000000019,Z:\raw_data\C000000019\VIS-027_SW_data_21-July-2026_11-19-20,AVC,0.32364825409866643,True,1,120,prior*sem*prop,0.36912000011187057,0.48912000011187057,0.48941973146336964,1.0,1.0,22.88499988812942
C000000019,Z:\raw_data\C000000019\VIS-027_SW_data_21-July-2026_11-19-20,AVC,0.32364825409866643,True,1,120,peak,0.38942999999999994,0.5094299999999999,0.4774898106874619,1.0,1.0,2.5750000000000495
C000000019,Z:\raw_data\C000000019\VIS-027_SW_data_21-July-2026_11-19-20,AVC,0.32364825409866643,True,1,120,prior30*peak,0.384125,0.5041249999999999,0.4753249621010398,1.0,1.0,7.879999999999998
C000000019,Z:\raw_data\C000000019\VIS-027_SW_data_21-July-2026_11-19-20,AVC,0.32364825409866643,True,1,120,prior45*peak,0.386625,0.506625,0.4754822392118321,1.0,1.0,5.3799999999999955
C000000019,Z:\raw_data\C000000019\VIS-027_SW_data_21-July-2026_11-19-20,AVC,0.32364825409866643,True,1,120,prior60*peak,0.386955,0.506955,0.4757573708875032,1.0,1.0,5.049999999999999
C000000019,Z:\raw_data\C000000019\VIS-027_SW_data_21-July-2026_11-19-20,AVC,0.32364825409866643,True,1,120,prior90*peak,0.38692999999999994,0.5069299999999999,0.4757365275787402,1.0,1.0,5.075000000000052
C000000020,Z:\raw_data\C000000020\VIS-026_SW_data_21-July-2026_10-42-10,MVC,-5.000000004656613e-06,True,1,100,phase,0.0016200001118704677,0.10162000011187047,,0.8249843468155967,0.0,18.85999988812953
C000000020,Z:\raw_data\C000000020\VIS-026_SW_data_21-July-2026_10-42-10,MVC,-5.000000004656613e-06,True,1,100,energy,0.0016200001118704677,0.10162000011187047,0.6926710125232375,0.8249843468155967,0.0,18.85999988812953
C000000020,Z:\raw_data\C000000020\VIS-026_SW_data_21-July-2026_10-42-10,MVC,-5.000000004656613e-06,True,1,100,prop,0.0016200001118704677,0.10162000011187047,0.7051658305861498,0.8249843468155967,0.0,18.85999988812953
C000000020,Z:\raw_data\C000000020\VIS-026_SW_data_21-July-2026_10-42-10,MVC,-5.000000004656613e-06,True,1,100,sem,0.06912000011187049,0.1691200001118705,0.7651348284854933,0.5141932778974068,0.0,48.640000111870485
C000000020,Z:\raw_data\C000000020\VIS-026_SW_data_21-July-2026_10-42-10,MVC,-5.000000004656613e-06,True,1,100,sem*prop,0.0016200001118704677,0.10162000011187047,0.7051658305861498,0.8249843468155967,0.0,18.85999988812953
C000000020,Z:\raw_data\C000000020\VIS-026_SW_data_21-July-2026_10-42-10,MVC,-5.000000004656613e-06,True,1,100,prior*energy,0.0016200001118704677,0.10162000011187047,0.690672512916959,0.8249843468155967,0.0,18.85999988812953
C000000020,Z:\raw_data\C000000020\VIS-026_SW_data_21-July-2026_10-42-10,MVC,-5.000000004656613e-06,True,1,100,prior*prop,0.0016200001118704677,0.10162000011187047,0.6998501128682314,0.8249843468155967,0.0,18.85999988812953
C000000020,Z:\raw_data\C000000020\VIS-026_SW_data_21-July-2026_10-42-10,MVC,-5.000000004656613e-06,True,1,100,prior*sem,0.0016200001118704677,0.10162000011187047,0.6899449713726943,0.8249843468155967,0.0,18.85999988812953
C000000020,Z:\raw_data\C000000020\VIS-026_SW_data_21-July-2026_10-42-10,MVC,-5.000000004656613e-06,True,1,100,prior*sem*prop,0.0016200001118704677,0.10162000011187047,0.6998501128682314,0.8249843468155967,0.0,18.85999988812953
C000000020,Z:\raw_data\C000000020\VIS-026_SW_data_21-July-2026_10-42-10,MVC,-5.000000004656613e-06,True,1,100,peak,0.01032999999999979,0.11032999999999979,0.6813050450483069,0.915883949071173,0.0,10.150000000000215
C000000020,Z:\raw_data\C000000020\VIS-026_SW_data_21-July-2026_10-42-10,MVC,-5.000000004656613e-06,True,1,100,prior30*peak,0.007614999999999823,0.10761499999999982,0.6818548432047106,0.8875495721143793,0.0,12.865000000000181
C000000020,Z:\raw_data\C000000020\VIS-026_SW_data_21-July-2026_10-42-10,MVC,-5.000000004656613e-06,True,1,100,prior45*peak,0.010755,0.110755,0.6812146583086498,0.9203193487789608,0.0,9.724999999999998
C000000020,Z:\raw_data\C000000020\VIS-026_SW_data_21-July-2026_10-42-10,MVC,-5.000000004656613e-06,True,1,100,prior60*peak,0.010755,0.110755,0.6812146583086498,0.9203193487789608,0.0,9.724999999999998
C000000020,Z:\raw_data\C000000020\VIS-026_SW_data_21-July-2026_10-42-10,MVC,-5.000000004656613e-06,True,1,100,prior90*peak,0.01032999999999979,0.11032999999999979,0.6813050450483069,0.915883949071173,0.0,10.150000000000215
C000000020,Z:\raw_data\C000000020\VIS-026_SW_data_21-July-2026_10-42-10,MVC,-5.000000004656613e-06,True,1,120,phase,0.0016200001118704677,0.12162000011187046,,1.0,1.0,8.859999888129536
C000000020,Z:\raw_data\C000000020\VIS-026_SW_data_21-July-2026_10-42-10,MVC,-5.000000004656613e-06,True,1,120,energy,0.0016200001118704677,0.12162000011187046,0.6926710125232375,1.0,1.0,8.859999888129536
C000000020,Z:\raw_data\C000000020\VIS-026_SW_data_21-July-2026_10-42-10,MVC,-5.000000004656613e-06,True,1,120,prop,0.0016200001118704677,0.12162000011187046,0.7051658305861498,1.0,1.0,8.859999888129536
C000000020,Z:\raw_data\C000000020\VIS-026_SW_data_21-July-2026_10-42-10,MVC,-5.000000004656613e-06,True,1,120,sem,0.0691200001118705,0.1891200001118705,0.7550161701801584,0.5141932778974067,0.0,58.6400001118705
C000000020,Z:\raw_data\C000000020\VIS-026_SW_data_21-July-2026_10-42-10,MVC,-5.000000004656613e-06,True,1,120,sem*prop,0.0016200001118704677,0.12162000011187046,0.7051658305861498,1.0,1.0,8.859999888129536
C000000020,Z:\raw_data\C000000020\VIS-026_SW_data_21-July-2026_10-42-10,MVC,-5.000000004656613e-06,True,1,120,prior*energy,0.0016200001118704677,0.12162000011187046,0.6866113014846975,1.0,1.0,8.859999888129536
C000000020,Z:\raw_data\C000000020\VIS-026_SW_data_21-July-2026_10-42-10,MVC,-5.000000004656613e-06,True,1,120,prior*prop,0.0016200001118704677,0.12162000011187046,0.6884212212441254,1.0,1.0,8.859999888129536
C000000020,Z:\raw_data\C000000020\VIS-026_SW_data_21-July-2026_10-42-10,MVC,-5.000000004656613e-06,True,1,120,prior*sem,0.0016200001118704677,0.12162000011187046,0.6841010269756256,1.0,1.0,8.859999888129536
C000000020,Z:\raw_data\C000000020\VIS-026_SW_data_21-July-2026_10-42-10,MVC,-5.000000004656613e-06,True,1,120,prior*sem*prop,0.0016200001118704677,0.12162000011187046,0.6884212212441254,1.0,1.0,8.859999888129536
C000000020,Z:\raw_data\C000000020\VIS-026_SW_data_21-July-2026_10-42-10,MVC,-5.000000004656613e-06,True,1,120,peak,0.0016200001118704677,0.12162000011187046,0.679045832657718,1.0,1.0,8.859999888129536
C000000020,Z:\raw_data\C000000020\VIS-026_SW_data_21-July-2026_10-42-10,MVC,-5.000000004656613e-06,True,1,120,prior30*peak,0.0016200001118704677,0.12162000011187046,0.6795702825337098,1.0,1.0,8.859999888129536
C000000020,Z:\raw_data\C000000020\VIS-026_SW_data_21-July-2026_10-42-10,MVC,-5.000000004656613e-06,True,1,120,prior45*peak,0.0016200001118704677,0.12162000011187046,0.6789352977299408,1.0,1.0,8.859999888129536
C000000020,Z:\raw_data\C000000020\VIS-026_SW_data_21-July-2026_10-42-10,MVC,-5.000000004656613e-06,True,1,120,prior60*peak,0.0016200001118704677,0.12162000011187046,0.6789352977299408,1.0,1.0,8.859999888129536
C000000020,Z:\raw_data\C000000020\VIS-026_SW_data_21-July-2026_10-42-10,MVC,-5.000000004656613e-06,True,1,120,prior90*peak,0.0016200001118704677,0.12162000011187046,0.679045832657718,1.0,1.0,8.859999888129536
C000000020,Z:\raw_data\C000000020\VIS-026_SW_data_21-July-2026_10-42-10,AVC,0.32889363002296923,True,1,100,phase,0.3711349236293617,0.4711349236293617,,0.9563115318674067,1.0,9.109923629361694
C000000020,Z:\raw_data\C000000020\VIS-026_SW_data_21-July-2026_10-42-10,AVC,0.32889363002296923,True,1,100,energy,0.39162000011187054,0.49162000011187057,0.6926359615523416,0.727708959805038,0.0,29.59500011187055
C000000020,Z:\raw_data\C000000020\VIS-026_SW_data_21-July-2026_10-42-10,AVC,0.32889363002296923,True,1,100,prop,0.40412000011187055,0.5041200001118705,0.6840177603294412,0.5882155996889795,0.0,42.09500011187056
C000000020,Z:\raw_data\C000000020\VIS-026_SW_data_21-July-2026_10-42-10,AVC,0.32889363002296923,True,1,100,sem,0.3166200001118705,0.4166200001118705,0.7921583168544923,0.5512777604270784,0.0,45.40499988812946
C000000020,Z:\raw_data\C000000020\VIS-026_SW_data_21-July-2026_10-42-10,AVC,0.32889363002296923,True,1,100,sem*prop,0.39912000011187054,0.4991200001118705,0.6866003195081881,0.644012943735403,0.0,37.095000111870554
C000000020,Z:\raw_data\C000000020\VIS-026_SW_data_21-July-2026_10-42-10,AVC,0.32889363002296923,True,1,100,prior*energy,0.36912000011187057,0.4691200001118706,0.7295858615238727,0.9787970080139429,1.0,7.095000111870586
C000000020,Z:\raw_data\C000000020\VIS-026_SW_data_21-July-2026_10-42-10,AVC,0.32889363002296923,True,1,100,prior*prop,0.3866200001118706,0.48662000011187057,0.7010713006609143,0.7835063038514609,0.0,24.5950001118706
C000000020,Z:\raw_data\C000000020\VIS-026_SW_data_21-July-2026_10-42-10,AVC,0.32889363002296923,True,1,100,prior*sem,0.36412000011187057,0.4641200001118706,0.7402458800505649,1.0,1.0,2.095000111870582
C000000020,Z:\raw_data\C000000020\VIS-026_SW_data_21-July-2026_10-42-10,AVC,0.32889363002296923,True,1,100,prior*sem*prop,0.3766200001118706,0.47662000011187056,0.7160024451538939,0.8951009919443077,0.0,14.595000111870593
C000000020,Z:\raw_data\C000000020\VIS-026_SW_data_21-July-2026_10-42-10,AVC,0.32889363002296923,True,1,100,peak,0.36193,0.46192999999999995,0.7425804851402114,1.0,1.0,0.09500000000001174
C000000020,Z:\raw_data\C000000020\VIS-026_SW_data_21-July-2026_10-42-10,AVC,0.32889363002296923,True,1,100,prior30*peak,0.36162500000000003,0.46162500000000006,0.7429056241885988,1.0,1.0,0.39999999999995595
C000000020,Z:\raw_data\C000000020\VIS-026_SW_data_21-July-2026_10-42-10,AVC,0.32889363002296923,True,1,100,prior45*peak,0.36162500000000003,0.46162500000000006,0.7429056241885988,1.0,1.0,0.39999999999995595
C000000020,Z:\raw_data\C000000020\VIS-026_SW_data_21-July-2026_10-42-10,AVC,0.32889363002296923,True,1,100,prior60*peak,0.361955,0.461955,0.7425538343985402,1.0,1.0,0.06999999999995898
C000000020,Z:\raw_data\C000000020\VIS-026_SW_data_21-July-2026_10-42-10,AVC,0.32889363002296923,True,1,100,prior90*peak,0.36193,0.46192999999999995,0.7425804851402114,1.0,1.0,0.09500000000001174
C000000020,Z:\raw_data\C000000020\VIS-026_SW_data_21-July-2026_10-42-10,AVC,0.32889363002296923,True,1,120,phase,0.36113492362936167,0.48113492362936167,,1.0,1.0,9.109923629361694
C000000020,Z:\raw_data\C000000020\VIS-026_SW_data_21-July-2026_10-42-10,AVC,0.32889363002296923,True,1,120,energy,0.39662000011187054,0.5166200001118706,0.670396584894031,0.6719116157586147,0.0,44.59500011187056
C000000020,Z:\raw_data\C000000020\VIS-026_SW_data_21-July-2026_10-42-10,AVC,0.32889363002296923,True,1,120,prop,0.39912000011187054,0.5191200001118705,0.667678771520764,0.644012943735403,0.0,47.09500011187057
C000000020,Z:\raw_data\C000000020\VIS-026_SW_data_21-July-2026_10-42-10,AVC,0.32889363002296923,True,1,120,sem,0.29662000011187056,0.41662000011187056,0.7803563271678936,0.5512777604270791,0.0,55.40499988812941
C000000020,Z:\raw_data\C000000020\VIS-026_SW_data_21-July-2026_10-42-10,AVC,0.32889363002296923,True,1,120,sem*prop,0.39162000011187054,0.5116200001118705,0.6744175303878699,0.727708959805038,0.0,39.59500011187056
C000000020,Z:\raw_data\C000000020\VIS-026_SW_data_21-July-2026_10-42-10,AVC,0.32889363002296923,True,1,120,prior*energy,0.36412000011187057,0.48412000011187056,0.6995883761635998,1.0,1.0,12.09500011187059
C000000020,Z:\raw_data\C000000020\VIS-026_SW_data_21-July-2026_10-42-10,AVC,0.32889363002296923,True,1,120,prior*prop,0.3716200001118706,0.49162000011187057,0.6906792706777609,0.9508983359907311,1.0,19.595000111870597
C000000020,Z:\raw_data\C000000020\VIS-026_SW_data_21-July-2026_10-42-10,AVC,0.32889363002296923,True,1,120,prior*sem,0.35662000011187056,0.47662000011187056,0.709403136204444,1.0,1.0,4.5950001118705845
C000000020,Z:\raw_data\C000000020\VIS-026_SW_data_21-July-2026_10-42-10,AVC,0.32889363002296923,True,1,120,prior*sem*prop,0.36912000011187057,0.48912000011187057,0.6945822361620464,0.9787970080139429,1.0,17.095000111870597
C000000020,Z:\raw_data\C000000020\VIS-026_SW_data_21-July-2026_10-42-10,AVC,0.32889363002296923,True,1,120,peak,0.35192999999999997,0.47192999999999996,0.7177621814940783,1.0,1.0,0.09500000000001174
C000000020,Z:\raw_data\C000000020\VIS-026_SW_data_21-July-2026_10-42-10,AVC,0.32889363002296923,True,1,120,prior30*peak,0.351625,0.471625,0.7186940561228733,1.0,1.0,0.39999999999995595
C000000020,Z:\raw_data\C000000020\VIS-026_SW_data_21-July-2026_10-42-10,AVC,0.32889363002296923,True,1,120,prior45*peak,0.351625,0.471625,0.7186940561228733,1.0,1.0,0.39999999999995595
C000000020,Z:\raw_data\C000000020\VIS-026_SW_data_21-July-2026_10-42-10,AVC,0.32889363002296923,True,1,120,prior60*peak,0.351955,0.471955,0.7176857983277836,1.0,1.0,0.06999999999995898
C000000020,Z:\raw_data\C000000020\VIS-026_SW_data_21-July-2026_10-42-10,AVC,0.32889363002296923,True,1,120,prior90*peak,0.35192999999999997,0.47192999999999996,0.7177621814940783,1.0,1.0,0.09500000000001174
C000000021,Z:\raw_data\C000000021\VIS-024_SW_data_17-July-2026_09-35-47,MVC,-5.000000353902578e-06,True,1,100,phase,0.0016200001118704677,0.10162000011187047,,0.8035076335592775,0.0,21.964999888129526
C000000021,Z:\raw_data\C000000021\VIS-024_SW_data_17-July-2026_09-35-47,MVC,-5.000000353902578e-06,True,1,100,energy,0.0016200001118704677,0.10162000011187047,0.7842783479003278,0.8035076335592775,0.0,21.964999888129526
C000000021,Z:\raw_data\C000000021\VIS-024_SW_data_17-July-2026_09-35-47,MVC,-5.000000353902578e-06,True,1,100,prop,0.0016200001118704677,0.10162000011187047,0.7884630507275379,0.8035076335592775,0.0,21.964999888129526
C000000021,Z:\raw_data\C000000021\VIS-024_SW_data_17-July-2026_09-35-47,MVC,-5.000000353902578e-06,True,1,100,sem,0.0016200001118704677,0.10162000011187047,0.7944482520328401,0.8035076335592775,0.0,21.964999888129526
C000000021,Z:\raw_data\C000000021\VIS-024_SW_data_17-July-2026_09-35-47,MVC,-5.000000353902578e-06,True,1,100,sem*prop,0.0016200001118704677,0.10162000011187047,0.7884630507275379,0.8035076335592775,0.0,21.964999888129526
C000000021,Z:\raw_data\C000000021\VIS-024_SW_data_17-July-2026_09-35-47,MVC,-5.000000353902578e-06,True,1,100,prior*energy,0.0016200001118704677,0.10162000011187047,0.7842783479003278,0.8035076335592775,0.0,21.964999888129526
C000000021,Z:\raw_data\C000000021\VIS-024_SW_data_17-July-2026_09-35-47,MVC,-5.000000353902578e-06,True,1,100,prior*prop,0.0016200001118704677,0.10162000011187047,0.7850942037250359,0.8035076335592775,0.0,21.964999888129526
C000000021,Z:\raw_data\C000000021\VIS-024_SW_data_17-July-2026_09-35-47,MVC,-5.000000353902578e-06,True,1,100,prior*sem,0.0016200001118704677,0.10162000011187047,0.7842783479003278,0.8035076335592775,0.0,21.964999888129526
C000000021,Z:\raw_data\C000000021\VIS-024_SW_data_17-July-2026_09-35-47,MVC,-5.000000353902578e-06,True,1,100,prior*sem*prop,0.0016200001118704677,0.10162000011187047,0.7865746413371532,0.8035076335592775,0.0,21.964999888129526
C000000021,Z:\raw_data\C000000021\VIS-024_SW_data_17-July-2026_09-35-47,MVC,-5.000000353902578e-06,True,1,100,peak,0.0255424999999999,0.1255424999999999,0.7761712013224571,1.0,1.0,1.9574999999999037
C000000021,Z:\raw_data\C000000021\VIS-024_SW_data_17-July-2026_09-35-47,MVC,-5.000000353902578e-06,True,1,100,prior30*peak,0.016654999999999864,0.11665499999999987,0.7750308220364304,0.9662769297390912,1.0,6.93000000000013
C000000021,Z:\raw_data\C000000021\VIS-024_SW_data_17-July-2026_09-35-47,MVC,-5.000000353902578e-06,True,1,100,prior45*peak,0.020542499999999894,0.1205424999999999,0.7745424020447486,1.0,1.0,3.042500000000101
C000000021,Z:\raw_data\C000000021\VIS-024_SW_data_17-July-2026_09-35-47,MVC,-5.000000353902578e-06,True,1,100,prior60*peak,0.025830000000000006,0.12583,0.776164585591973,1.0,1.0,2.2450000000000108
C000000021,Z:\raw_data\C000000021\VIS-024_SW_data_17-July-2026_09-35-47,MVC,-5.000000353902578e-06,True,1,100,prior90*peak,0.0255424999999999,0.1255424999999999,0.7761712013224571,1.0,1.0,1.9574999999999037
C000000021,Z:\raw_data\C000000021\VIS-024_SW_data_17-July-2026_09-35-47,MVC,-5.000000353902578e-06,True,1,120,phase,0.0016200001118704677,0.12162000011187046,,1.0,1.0,11.964999888129531
C000000021,Z:\raw_data\C000000021\VIS-024_SW_data_17-July-2026_09-35-47,MVC,-5.000000353902578e-06,True,1,120,energy,0.0016200001118704677,0.12162000011187046,0.7842783479003278,1.0,1.0,11.964999888129531
C000000021,Z:\raw_data\C000000021\VIS-024_SW_data_17-July-2026_09-35-47,MVC,-5.000000353902578e-06,True,1,120,prop,0.0016200001118704677,0.12162000011187046,0.7884630507275379,1.0,1.0,11.964999888129531
C000000021,Z:\raw_data\C000000021\VIS-024_SW_data_17-July-2026_09-35-47,MVC,-5.000000353902578e-06,True,1,120,sem,0.0016200001118704677,0.12162000011187046,0.7944482520328401,1.0,1.0,11.964999888129531
C000000021,Z:\raw_data\C000000021\VIS-024_SW_data_17-July-2026_09-35-47,MVC,-5.000000353902578e-06,True,1,120,sem*prop,0.0016200001118704677,0.12162000011187046,0.7884630507275379,1.0,1.0,11.964999888129531
C000000021,Z:\raw_data\C000000021\VIS-024_SW_data_17-July-2026_09-35-47,MVC,-5.000000353902578e-06,True,1,120,prior*energy,0.0016200001118704677,0.12162000011187046,0.7830275449586624,1.0,1.0,11.964999888129531
C000000021,Z:\raw_data\C000000021\VIS-024_SW_data_17-July-2026_09-35-47,MVC,-5.000000353902578e-06,True,1,120,prior*prop,0.0016200001118704677,0.12162000011187046,0.7830275449586624,1.0,1.0,11.964999888129531
C000000021,Z:\raw_data\C000000021\VIS-024_SW_data_17-July-2026_09-35-47,MVC,-5.000000353902578e-06,True,1,120,prior*sem,0.0016200001118704677,0.12162000011187046,0.7823760853192085,1.0,1.0,11.964999888129531
C000000021,Z:\raw_data\C000000021\VIS-024_SW_data_17-July-2026_09-35-47,MVC,-5.000000353902578e-06,True,1,120,prior*sem*prop,0.0016200001118704677,0.12162000011187046,0.7830275449586624,1.0,1.0,11.964999888129531
C000000021,Z:\raw_data\C000000021\VIS-024_SW_data_17-July-2026_09-35-47,MVC,-5.000000353902578e-06,True,1,120,peak,0.015542499999999904,0.1355424999999999,0.7689215640445964,1.0,1.0,1.9574999999999037
C000000021,Z:\raw_data\C000000021\VIS-024_SW_data_17-July-2026_09-35-47,MVC,-5.000000353902578e-06,True,1,120,prior30*peak,0.006654999999999869,0.12665499999999985,0.77230476707722,1.0,1.0,6.9300000000001445
C000000021,Z:\raw_data\C000000021\VIS-024_SW_data_17-July-2026_09-35-47,MVC,-5.000000353902578e-06,True,1,120,prior45*peak,0.0105424999999999,0.1305424999999999,0.7713042718700246,1.0,1.0,3.042500000000101
C000000021,Z:\raw_data\C000000021\VIS-024_SW_data_17-July-2026_09-35-47,MVC,-5.000000353902578e-06,True,1,120,prior60*peak,0.01583000000000001,0.13583,0.7688460926592056,1.0,1.0,2.2450000000000108
C000000021,Z:\raw_data\C000000021\VIS-024_SW_data_17-July-2026_09-35-47,MVC,-5.000000353902578e-06,True,1,120,prior90*peak,0.015542499999999904,0.1355424999999999,0.7689215640445964,1.0,1.0,1.9574999999999037
C000000021,Z:\raw_data\C000000021\VIS-024_SW_data_17-July-2026_09-35-47,AVC,0.2752000954313074,True,1,100,phase,0.3172335472126239,0.41723354721262396,,0.7560378186368233,0.0,26.526452787376087
C000000021,Z:\raw_data\C000000021\VIS-024_SW_data_17-July-2026_09-35-47,AVC,0.2752000954313074,True,1,100,energy,0.34412000011187055,0.4441200001118706,0.8906698485593557,1.0,1.0,0.3600001118705398
C000000021,Z:\raw_data\C000000021\VIS-024_SW_data_17-July-2026_09-35-47,AVC,0.2752000954313074,True,1,100,prop,0.36912000011187057,0.4691200001118706,0.8868653759106859,0.7687609062841343,0.0,25.360000111870562
C000000021,Z:\raw_data\C000000021\VIS-024_SW_data_17-July-2026_09-35-47,AVC,0.2752000954313074,True,1,100,sem,0.33412000011187054,0.4341200001118706,0.892230685144587,0.9402268773109793,0.0,9.63999988812947
C000000021,Z:\raw_data\C000000021\VIS-024_SW_data_17-July-2026_09-35-47,AVC,0.2752000954313074,True,1,100,sem*prop,0.33662000011187054,0.4366200001118705,0.8911912081550933,0.9674956382184831,1.0,7.139999888129466
C000000021,Z:\raw_data\C000000021\VIS-024_SW_data_17-July-2026_09-35-47,AVC,0.2752000954313074,True,1,100,prior*energy,0.32162000011187053,0.4216200001118705,0.8911599167566938,0.8038830727734567,0.0,22.13999988812948
C000000021,Z:\raw_data\C000000021\VIS-024_SW_data_17-July-2026_09-35-47,AVC,0.2752000954313074,True,1,100,prior*prop,0.32162000011187053,0.4216200001118705,0.8911599167566938,0.8038830727734567,0.0,22.13999988812948
C000000021,Z:\raw_data\C000000021\VIS-024_SW_data_17-July-2026_09-35-47,AVC,0.2752000954313074,True,1,100,prior*sem,0.3166200001118705,0.4166200001118705,0.8917182195740828,0.7493455509584479,0.0,27.139999888129484
C000000021,Z:\raw_data\C000000021\VIS-024_SW_data_17-July-2026_09-35-47,AVC,0.2752000954313074,True,1,100,prior*sem*prop,0.32162000011187053,0.4216200001118705,0.8911599167566938,0.8038830727734567,0.0,22.13999988812948
C000000021,Z:\raw_data\C000000021\VIS-024_SW_data_17-July-2026_09-35-47,AVC,0.2752000954313074,True,1,100,peak,0.34192999999999996,0.44192999999999993,0.8907494036644099,1.0,1.0,1.8300000000000538
C000000021,Z:\raw_data\C000000021\VIS-024_SW_data_17-July-2026_09-35-47,AVC,0.2752000954313074,True,1,100,prior30*peak,0.339125,0.439125,0.890664771634619,0.9948189354275742,1.0,4.635
C000000021,Z:\raw_data\C000000021\VIS-024_SW_data_17-July-2026_09-35-47,AVC,0.2752000954313074,True,1,100,prior45*peak,0.341625,0.44162500000000005,0.8907604832561002,1.0,1.0,2.134999999999998
C000000021,Z:\raw_data\C000000021\VIS-024_SW_data_17-July-2026_09-35-47,AVC,0.2752000954313074,True,1,100,prior60*peak,0.341955,0.441955,0.8907484955011565,1.0,1.0,1.805000000000001
C000000021,Z:\raw_data\C000000021\VIS-024_SW_data_17-July-2026_09-35-47,AVC,0.2752000954313074,True,1,100,prior90*peak,0.34192999999999996,0.44192999999999993,0.8907494036644099,1.0,1.0,1.8300000000000538
C000000021,Z:\raw_data\C000000021\VIS-024_SW_data_17-July-2026_09-35-47,AVC,0.2752000954313074,True,1,120,phase,0.3072335472126239,0.4272335472126239,,0.8651128622668403,0.0,26.526452787376087
C000000021,Z:\raw_data\C000000021\VIS-024_SW_data_17-July-2026_09-35-47,AVC,0.2752000954313074,True,1,120,energy,0.33412000011187054,0.45412000011187054,0.8877018623701823,1.0,1.0,0.3600001118705398
C000000021,Z:\raw_data\C000000021\VIS-024_SW_data_17-July-2026_09-35-47,AVC,0.2752000954313074,True,1,120,prop,0.36412000011187057,0.48412000011187056,0.8818531240438896,0.8232984280991431,0.0,30.360000111870566
C000000021,Z:\raw_data\C000000021\VIS-024_SW_data_17-July-2026_09-35-47,AVC,0.2752000954313074,True,1,120,sem,0.33412000011187054,0.45412000011187054,0.8877018623701823,1.0,1.0,0.3600001118705398
C000000021,Z:\raw_data\C000000021\VIS-024_SW_data_17-July-2026_09-35-47,AVC,0.2752000954313074,True,1,120,sem*prop,0.36412000011187057,0.48412000011187056,0.8818531240438896,0.8232984280991431,0.0,30.360000111870566
C000000021,Z:\raw_data\C000000021\VIS-024_SW_data_17-July-2026_09-35-47,AVC,0.2752000954313074,True,1,120,prior*energy,0.3066200001118705,0.4266200001118705,0.8840162597375224,0.8584205945884655,0.0,27.139999888129484
C000000021,Z:\raw_data\C000000021\VIS-024_SW_data_17-July-2026_09-35-47,AVC,0.2752000954313074,True,1,120,prior*prop,0.3066200001118705,0.4266200001118705,0.8840162597375224,0.8584205945884655,0.0,27.139999888129484
C000000021,Z:\raw_data\C000000021\VIS-024_SW_data_17-July-2026_09-35-47,AVC,0.2752000954313074,True,1,120,prior*sem,0.3091200001118705,0.4291200001118705,0.8849116692027647,0.8856893554959699,0.0,24.63999988812948
C000000021,Z:\raw_data\C000000021\VIS-024_SW_data_17-July-2026_09-35-47,AVC,0.2752000954313074,True,1,120,prior*sem*prop,0.3066200001118705,0.4266200001118705,0.8840162597375224,0.8584205945884655,0.0,27.139999888129484
C000000021,Z:\raw_data\C000000021\VIS-024_SW_data_17-July-2026_09-35-47,AVC,0.2752000954313074,True,1,120,peak,0.33192999999999995,0.45192999999999994,0.8874616485633475,1.0,1.0,1.8300000000000538
C000000021,Z:\raw_data\C000000021\VIS-024_SW_data_17-July-2026_09-35-47,AVC,0.2752000954313074,True,1,120,prior30*peak,0.329125,0.449125,0.887290543639906,1.0,1.0,4.635
C000000021,Z:\raw_data\C000000021\VIS-024_SW_data_17-July-2026_09-35-47,AVC,0.2752000954313074,True,1,120,prior45*peak,0.331625,0.451625,0.8874281941307712,1.0,1.0,2.134999999999998
C000000021,Z:\raw_data\C000000021\VIS-024_SW_data_17-July-2026_09-35-47,AVC,0.2752000954313074,True,1,120,prior60*peak,0.331955,0.451955,0.8874643907299521,1.0,1.0,1.805000000000001
C000000021,Z:\raw_data\C000000021\VIS-024_SW_data_17-July-2026_09-35-47,AVC,0.2752000954313074,True,1,120,prior90*peak,0.33192999999999995,0.45192999999999994,0.8874616485633475,1.0,1.0,1.8300000000000538
C000000021,Z:\raw_data\C000000021\VIS-024_SW_data_17-July-2026_09-35-47,MVC,0.718558999999892,True,1,100,phase,0.7089739999998825,0.8089739999998825,,0.0,0.0,146.5910000001174
C000000021,Z:\raw_data\C000000021\VIS-024_SW_data_17-July-2026_09-35-47,MVC,0.718558999999892,True,1,100,energy,0.8166200001118706,0.9166200001118706,0.8216232347351358,0.6252975191190141,0.0,38.944999888129274
C000000021,Z:\raw_data\C000000021\VIS-024_SW_data_17-July-2026_09-35-47,MVC,0.718558999999892,True,1,100,prop,0.8166200001118706,0.9166200001118706,0.8216232347351358,0.6252975191190141,0.0,38.944999888129274
C000000021,Z:\raw_data\C000000021\VIS-024_SW_data_17-July-2026_09-35-47,MVC,0.718558999999892,True,1,100,sem,0.8116200001118706,0.9116200001118706,0.8239232837499304,0.5686274522483351,0.0,43.94499988812939
C000000021,Z:\raw_data\C000000021\VIS-024_SW_data_17-July-2026_09-35-47,MVC,0.718558999999892,True,1,100,sem*prop,0.8166200001118706,0.9166200001118706,0.8216232347351358,0.6252975191190141,0.0,38.944999888129274
C000000021,Z:\raw_data\C000000021\VIS-024_SW_data_17-July-2026_09-35-47,MVC,0.718558999999892,True,1,100,prior*energy,0.7216200001118706,0.8216200001118705,0.6781946293455285,0.0,0.0,133.94499988812947
C000000021,Z:\raw_data\C000000021\VIS-024_SW_data_17-July-2026_09-35-47,MVC,0.718558999999892,True,1,100,prior*prop,0.7241200001118706,0.8241200001118706,0.6721292654504054,0.0,0.0,131.4449998881293
C000000021,Z:\raw_data\C000000021\VIS-024_SW_data_17-July-2026_09-35-47,MVC,0.718558999999892,True,1,100,prior*sem,0.7091200001118706,0.8091200001118706,0.6897823048238675,0.0,0.0,146.44499988812942
C000000021,Z:\raw_data\C000000021\VIS-024_SW_data_17-July-2026_09-35-47,MVC,0.718558999999892,True,1,100,prior*sem*prop,0.7216200001118706,0.8216200001118705,0.6781946293455285,0.0,0.0,133.94499988812947
C000000021,Z:\raw_data\C000000021\VIS-024_SW_data_17-July-2026_09-35-47,MVC,0.718558999999892,True,1,100,peak,0.8230425,0.9230425,0.821322582292025,0.698090218746458,0.0,32.52250000000001
C000000021,Z:\raw_data\C000000021\VIS-024_SW_data_17-July-2026_09-35-47,MVC,0.718558999999892,True,1,100,prior30*peak,0.746655,0.8466549999999999,0.6383885080314249,0.0,0.0,108.91000000000007
C000000021,Z:\raw_data\C000000021\VIS-024_SW_data_17-July-2026_09-35-47,MVC,0.718558999999892,True,1,100,prior45*peak,0.7480424999999999,0.8480424999999999,0.6321693482234523,0.0,0.0,107.52249999999997
C000000021,Z:\raw_data\C000000021\VIS-024_SW_data_17-July-2026_09-35-47,MVC,0.718558999999892,True,1,100,prior60*peak,0.74833,0.84833,0.6308806934884664,0.0,0.0,107.23499999999997
C000000021,Z:\raw_data\C000000021\VIS-024_SW_data_17-July-2026_09-35-47,MVC,0.718558999999892,True,1,100,prior90*peak,0.8230425,0.9230425,0.821322582292025,0.698090218746458,0.0,32.52250000000001
C000000021,Z:\raw_data\C000000021\VIS-024_SW_data_17-July-2026_09-35-47,MVC,0.718558999999892,True,1,120,phase,0.6989739999998825,0.8189739999998825,,0.0,0.0,146.5910000001174
C000000021,Z:\raw_data\C000000021\VIS-024_SW_data_17-July-2026_09-35-47,MVC,0.718558999999892,True,1,120,energy,0.8066200001118706,0.9266200001118706,0.8192387800462784,0.7386376528603721,0.0,38.944999888129274
C000000021,Z:\raw_data\C000000021\VIS-024_SW_data_17-July-2026_09-35-47,MVC,0.718558999999892,True,1,120,prop,0.8041200001118707,0.9241200001118707,0.8192826941412554,0.7103026194250333,0.0,41.44499988812922
C000000021,Z:\raw_data\C000000021\VIS-024_SW_data_17-July-2026_09-35-47,MVC,0.718558999999892,True,1,120,sem,0.7916200001118707,0.9116200001118707,0.8216759358428288,0.5686274522483363,0.0,53.944999888129175
C000000021,Z:\raw_data\C000000021\VIS-024_SW_data_17-July-2026_09-35-47,MVC,0.718558999999892,True,1,120,sem*prop,0.8041200001118707,0.9241200001118707,0.8192826941412554,0.7103026194250333,0.0,41.44499988812922
C000000021,Z:\raw_data\C000000021\VIS-024_SW_data_17-July-2026_09-35-47,MVC,0.718558999999892,True,1,120,prior*energy,0.7041200001118706,0.8241200001118706,0.6609745376522197,0.0,0.0,141.4449998881293
C000000021,Z:\raw_data\C000000021\VIS-024_SW_data_17-July-2026_09-35-47,MVC,0.718558999999892,True,1,120,prior*prop,0.7066200001118705,0.8266200001118705,0.6558365244862752,0.0,0.0,138.94499988812936
C000000021,Z:\raw_data\C000000021\VIS-024_SW_data_17-July-2026_09-35-47,MVC,0.718558999999892,True,1,120,prior*sem,0.6966200001118705,0.8166200001118705,0.6743055603995126,0.0,0.0,148.94499988812936
C000000021,Z:\raw_data\C000000021\VIS-024_SW_data_17-July-2026_09-35-47,MVC,0.718558999999892,True,1,120,prior*sem*prop,0.7041200001118706,0.8241200001118706,0.6609745376522197,0.0,0.0,141.4449998881293
C000000021,Z:\raw_data\C000000021\VIS-024_SW_data_17-July-2026_09-35-47,MVC,0.718558999999892,True,1,120,peak,0.8130425000000001,0.9330425000000001,0.8197282838788857,0.8114303524878174,0.0,32.52249999999979
C000000021,Z:\raw_data\C000000021\VIS-024_SW_data_17-July-2026_09-35-47,MVC,0.718558999999892,True,1,120,prior30*peak,0.7366550000000001,0.856655,0.6707606112149688,0.0,0.0,108.90999999999984
C000000021,Z:\raw_data\C000000021\VIS-024_SW_data_17-July-2026_09-35-47,MVC,0.718558999999892,True,1,120,prior45*peak,0.7380424999999999,0.8580424999999999,0.6815349468428468,0.0,0.0,107.52249999999997
C000000021,Z:\raw_data\C000000021\VIS-024_SW_data_17-July-2026_09-35-47,MVC,0.718558999999892,True,1,120,prior60*peak,0.7383300000000002,0.8583300000000001,0.6837674668378133,0.0,0.0,107.23499999999974
C000000021,Z:\raw_data\C000000021\VIS-024_SW_data_17-July-2026_09-35-47,MVC,0.718558999999892,True,1,120,prior90*peak,0.8130425000000001,0.9330425000000001,0.8197282838788857,0.8114303524878174,0.0,32.52249999999979
C000000021,Z:\raw_data\C000000021\VIS-024_SW_data_17-July-2026_09-35-47,AVC,0.9937640954315533,False,0,100,phase,1.0357975472128698,1.1357975472128699,,,,
C000000021,Z:\raw_data\C000000021\VIS-024_SW_data_17-July-2026_09-35-47,AVC,0.9937640954315533,False,0,100,energy,1.0993400454521178,1.199340045452118,0.37739697234084163,,,
C000000021,Z:\raw_data\C000000021\VIS-024_SW_data_17-July-2026_09-35-47,AVC,0.9937640954315533,False,0,100,prop,1.0041200001118706,1.1041200001118707,0.21451322152552021,,,
C000000021,Z:\raw_data\C000000021\VIS-024_SW_data_17-July-2026_09-35-47,AVC,0.9937640954315533,False,0,100,sem,0.9441200001118706,1.0441200001118707,0.5852309283710936,,,
C000000021,Z:\raw_data\C000000021\VIS-024_SW_data_17-July-2026_09-35-47,AVC,0.9937640954315533,False,0,100,sem*prop,0.9441200001118706,1.0441200001118707,0.5852309283710936,,,
C000000021,Z:\raw_data\C000000021\VIS-024_SW_data_17-July-2026_09-35-47,AVC,0.9937640954315533,False,0,100,prior*energy,1.0366200001118706,1.1366200001118707,0.19003186597787902,,,
C000000021,Z:\raw_data\C000000021\VIS-024_SW_data_17-July-2026_09-35-47,AVC,0.9937640954315533,False,0,100,prior*prop,1.0341200001118707,1.1341200001118708,0.18777179201477173,,,
C000000021,Z:\raw_data\C000000021\VIS-024_SW_data_17-July-2026_09-35-47,AVC,0.9937640954315533,False,0,100,prior*sem,1.0741200001118707,1.1741200001118708,0.2910797709523181,,,
C000000021,Z:\raw_data\C000000021\VIS-024_SW_data_17-July-2026_09-35-47,AVC,0.9937640954315533,False,0,100,prior*sem*prop,1.0191200001118705,1.1191200001118706,0.20157434315412218,,,
C000000021,Z:\raw_data\C000000021\VIS-024_SW_data_17-July-2026_09-35-47,AVC,0.9937640954315533,False,0,100,peak,1.0993400454521178,1.199340045452118,0.370634829790283,,,
C000000021,Z:\raw_data\C000000021\VIS-024_SW_data_17-July-2026_09-35-47,AVC,0.9937640954315533,False,0,100,prior30*peak,1.0316250000000002,1.1316250000000003,0.18588544728449977,,,
C000000021,Z:\raw_data\C000000021\VIS-024_SW_data_17-July-2026_09-35-47,AVC,0.9937640954315533,False,0,100,prior45*peak,1.0116250000000002,1.1116250000000003,0.2042057170417159,,,
C000000021,Z:\raw_data\C000000021\VIS-024_SW_data_17-July-2026_09-35-47,AVC,0.9937640954315533,False,0,100,prior60*peak,1.004455,1.1044550000000002,0.21394188008390913,,,
C000000021,Z:\raw_data\C000000021\VIS-024_SW_data_17-July-2026_09-35-47,AVC,0.9937640954315533,False,0,100,prior90*peak,1.00443,1.10443,0.2139845175191636,,,
C000000021,Z:\raw_data\C000000021\VIS-024_SW_data_17-July-2026_09-35-47,AVC,0.9937640954315533,False,0,120,phase,1.0257975472128698,1.1457975472128696,,,,
C000000021,Z:\raw_data\C000000021\VIS-024_SW_data_17-July-2026_09-35-47,AVC,0.9937640954315533,False,0,120,energy,0.9341200001118706,1.0541200001118707,0.781990540620986,,,
C000000021,Z:\raw_data\C000000021\VIS-024_SW_data_17-July-2026_09-35-47,AVC,0.9937640954315533,False,0,120,prop,1.0091200001118705,1.1291200001118704,0.20821429979800352,,,
C000000021,Z:\raw_data\C000000021\VIS-024_SW_data_17-July-2026_09-35-47,AVC,0.9937640954315533,False,0,120,sem,0.9341200001118706,1.0541200001118707,0.781990540620986,,,
C000000021,Z:\raw_data\C000000021\VIS-024_SW_data_17-July-2026_09-35-47,AVC,0.9937640954315533,False,0,120,sem*prop,0.9391200001118707,1.0591200001118706,0.7169369157161263,,,
C000000021,Z:\raw_data\C000000021\VIS-024_SW_data_17-July-2026_09-35-47,AVC,0.9937640954315533,False,0,120,prior*energy,1.0241200001118707,1.1441200001118705,0.18135713790665017,,,
C000000021,Z:\raw_data\C000000021\VIS-024_SW_data_17-July-2026_09-35-47,AVC,0.9937640954315533,False,0,120,prior*prop,1.0166200001118706,1.1366200001118707,0.20223084699474966,,,
C000000021,Z:\raw_data\C000000021\VIS-024_SW_data_17-July-2026_09-35-47,AVC,0.9937640954315533,False,0,120,prior*sem,1.0566200001118706,1.1766200001118707,0.28118892117006694,,,
C000000021,Z:\raw_data\C000000021\VIS-024_SW_data_17-July-2026_09-35-47,AVC,0.9937640954315533,False,0,120,prior*sem*prop,1.0091200001118705,1.1291200001118704,0.20821429979800352,,,
C000000021,Z:\raw_data\C000000021\VIS-024_SW_data_17-July-2026_09-35-47,AVC,0.9937640954315533,False,0,120,peak,1.0793400454521178,1.199340045452118,0.3407477385595486,,,
C000000021,Z:\raw_data\C000000021\VIS-024_SW_data_17-July-2026_09-35-47,AVC,0.9937640954315533,False,0,120,prior30*peak,1.0216250000000002,1.1416250000000003,0.19224466960067282,,,
C000000021,Z:\raw_data\C000000021\VIS-024_SW_data_17-July-2026_09-35-47,AVC,0.9937640954315533,False,0,120,prior45*peak,1.0016250000000002,1.1216250000000003,0.21779713381242308,,,
C000000021,Z:\raw_data\C000000021\VIS-024_SW_data_17-July-2026_09-35-47,AVC,0.9937640954315533,False,0,120,prior60*peak,0.9944550000000001,1.114455,0.22032294782297804,,,
C000000021,Z:\raw_data\C000000021\VIS-024_SW_data_17-July-2026_09-35-47,AVC,0.9937640954315533,False,0,120,prior90*peak,0.9944299999999999,1.11443,0.22035095781575167,,,
C000000022,Z:\raw_data\C000000022\VIS-023_SW_data_17-July-2026_08-48-06,MVC,-5.999999935738743e-06,True,1,100,phase,0.0016200001118704677,0.10162000011187047,,1.0,1.0,14.225000111870473
C000000022,Z:\raw_data\C000000022\VIS-023_SW_data_17-July-2026_08-48-06,MVC,-5.999999935738743e-06,True,1,100,energy,0.0016200001118704677,0.10162000011187047,0.9273438618160881,1.0,1.0,14.225000111870473
C000000022,Z:\raw_data\C000000022\VIS-023_SW_data_17-July-2026_08-48-06,MVC,-5.999999935738743e-06,True,1,100,prop,0.0016200001118704677,0.10162000011187047,0.9273438618160881,1.0,1.0,14.225000111870473
C000000022,Z:\raw_data\C000000022\VIS-023_SW_data_17-July-2026_08-48-06,MVC,-5.999999935738743e-06,True,1,100,sem,0.0016200001118704677,0.10162000011187047,0.9273438618160881,1.0,1.0,14.225000111870473
C000000022,Z:\raw_data\C000000022\VIS-023_SW_data_17-July-2026_08-48-06,MVC,-5.999999935738743e-06,True,1,100,sem*prop,0.0016200001118704677,0.10162000011187047,0.9273438618160881,1.0,1.0,14.225000111870473
C000000022,Z:\raw_data\C000000022\VIS-023_SW_data_17-July-2026_08-48-06,MVC,-5.999999935738743e-06,True,1,100,prior*energy,0.0016200001118704677,0.10162000011187047,0.8988419375917833,1.0,1.0,14.225000111870473
C000000022,Z:\raw_data\C000000022\VIS-023_SW_data_17-July-2026_08-48-06,MVC,-5.999999935738743e-06,True,1,100,prior*prop,0.0016200001118704677,0.10162000011187047,0.8940730986669742,1.0,1.0,14.225000111870473
C000000022,Z:\raw_data\C000000022\VIS-023_SW_data_17-July-2026_08-48-06,MVC,-5.999999935738743e-06,True,1,100,prior*sem,0.0016200001118704677,0.10162000011187047,0.8915234516830641,1.0,1.0,14.225000111870473
C000000022,Z:\raw_data\C000000022\VIS-023_SW_data_17-July-2026_08-48-06,MVC,-5.999999935738743e-06,True,1,100,prior*sem*prop,0.0016200001118704677,0.10162000011187047,0.8940730986669742,1.0,1.0,14.225000111870473
C000000022,Z:\raw_data\C000000022\VIS-023_SW_data_17-July-2026_08-48-06,MVC,-5.999999935738743e-06,True,1,100,peak,0.0016200001118704677,0.10162000011187047,0.9186828535587486,1.0,1.0,14.225000111870473
C000000022,Z:\raw_data\C000000022\VIS-023_SW_data_17-July-2026_08-48-06,MVC,-5.999999935738743e-06,True,1,100,prior30*peak,0.0016200001118704677,0.10162000011187047,0.8910586044338422,1.0,1.0,14.225000111870473
C000000022,Z:\raw_data\C000000022\VIS-023_SW_data_17-July-2026_08-48-06,MVC,-5.999999935738743e-06,True,1,100,prior45*peak,0.0016200001118704677,0.10162000011187047,0.9148778199891289,1.0,1.0,14.225000111870473
C000000022,Z:\raw_data\C000000022\VIS-023_SW_data_17-July-2026_08-48-06,MVC,-5.999999935738743e-06,True,1,100,prior60*peak,0.0016200001118704677,0.10162000011187047,0.9148778199891289,1.0,1.0,14.225000111870473
C000000022,Z:\raw_data\C000000022\VIS-023_SW_data_17-July-2026_08-48-06,MVC,-5.999999935738743e-06,True,1,100,prior90*peak,0.0016200001118704677,0.10162000011187047,0.9186828535587486,1.0,1.0,14.225000111870473
C000000022,Z:\raw_data\C000000022\VIS-023_SW_data_17-July-2026_08-48-06,MVC,-5.999999935738743e-06,True,1,120,phase,0.0016200001118704677,0.12162000011187046,,1.0,1.0,24.225000111870468
C000000022,Z:\raw_data\C000000022\VIS-023_SW_data_17-July-2026_08-48-06,MVC,-5.999999935738743e-06,True,1,120,energy,0.0016200001118704677,0.12162000011187046,0.9215341396858249,1.0,1.0,24.225000111870468
C000000022,Z:\raw_data\C000000022\VIS-023_SW_data_17-July-2026_08-48-06,MVC,-5.999999935738743e-06,True,1,120,prop,0.0016200001118704677,0.12162000011187046,0.9215341396858249,1.0,1.0,24.225000111870468
C000000022,Z:\raw_data\C000000022\VIS-023_SW_data_17-July-2026_08-48-06,MVC,-5.999999935738743e-06,True,1,120,sem,0.0016200001118704677,0.12162000011187046,0.9215341396858249,1.0,1.0,24.225000111870468
C000000022,Z:\raw_data\C000000022\VIS-023_SW_data_17-July-2026_08-48-06,MVC,-5.999999935738743e-06,True,1,120,sem*prop,0.0016200001118704677,0.12162000011187046,0.9215341396858249,1.0,1.0,24.225000111870468
C000000022,Z:\raw_data\C000000022\VIS-023_SW_data_17-July-2026_08-48-06,MVC,-5.999999935738743e-06,True,1,120,prior*energy,0.0016200001118704677,0.12162000011187046,0.8907064968750164,1.0,1.0,24.225000111870468
C000000022,Z:\raw_data\C000000022\VIS-023_SW_data_17-July-2026_08-48-06,MVC,-5.999999935738743e-06,True,1,120,prior*prop,0.0016200001118704677,0.12162000011187046,0.8810163465237679,1.0,1.0,24.225000111870468
C000000022,Z:\raw_data\C000000022\VIS-023_SW_data_17-July-2026_08-48-06,MVC,-5.999999935738743e-06,True,1,120,prior*sem,0.0016200001118704677,0.12162000011187046,0.8810163465237679,1.0,1.0,24.225000111870468
C000000022,Z:\raw_data\C000000022\VIS-023_SW_data_17-July-2026_08-48-06,MVC,-5.999999935738743e-06,True,1,120,prior*sem*prop,0.0016200001118704677,0.12162000011187046,0.8810163465237679,1.0,1.0,24.225000111870468
C000000022,Z:\raw_data\C000000022\VIS-023_SW_data_17-July-2026_08-48-06,MVC,-5.999999935738743e-06,True,1,120,peak,0.0016200001118704677,0.12162000011187046,0.9085780872264978,1.0,1.0,24.225000111870468
C000000022,Z:\raw_data\C000000022\VIS-023_SW_data_17-July-2026_08-48-06,MVC,-5.999999935738743e-06,True,1,120,prior30*peak,0.0016200001118704677,0.12162000011187046,0.8789203504549322,1.0,1.0,24.225000111870468
C000000022,Z:\raw_data\C000000022\VIS-023_SW_data_17-July-2026_08-48-06,MVC,-5.999999935738743e-06,True,1,120,prior45*peak,0.0016200001118704677,0.12162000011187046,0.9063184364379067,1.0,1.0,24.225000111870468
C000000022,Z:\raw_data\C000000022\VIS-023_SW_data_17-July-2026_08-48-06,MVC,-5.999999935738743e-06,True,1,120,prior60*peak,0.0016200001118704677,0.12162000011187046,0.9063184364379067,1.0,1.0,24.225000111870468
C000000022,Z:\raw_data\C000000022\VIS-023_SW_data_17-July-2026_08-48-06,MVC,-5.999999935738743e-06,True,1,120,prior90*peak,0.0016200001118704677,0.12162000011187046,0.9085780872264978,1.0,1.0,24.225000111870468
C000000022,Z:\raw_data\C000000022\VIS-023_SW_data_17-July-2026_08-48-06,AVC,0.28600597675315376,True,1,100,phase,0.3282472703595462,0.42824727035954624,,0.7601408457899681,0.0,27.227270359546196
C000000022,Z:\raw_data\C000000022\VIS-023_SW_data_17-July-2026_08-48-06,AVC,0.28600597675315376,True,1,100,energy,0.32912000011187054,0.42912000011187057,0.8443469837710239,0.7501713489619543,0.0,28.10000011187053
C000000022,Z:\raw_data\C000000022\VIS-023_SW_data_17-July-2026_08-48-06,AVC,0.28600597675315376,True,1,100,prop,0.34662000011187055,0.44662000011187053,0.8081329364972799,0.5502627357565621,0.0,45.60000011187054
C000000022,Z:\raw_data\C000000022\VIS-023_SW_data_17-July-2026_08-48-06,AVC,0.28600597675315376,True,1,100,sem,0.27662000011187055,0.3766200001118706,0.9030484397802906,0.79243774402411,0.0,24.399999888129464
C000000022,Z:\raw_data\C000000022\VIS-023_SW_data_17-July-2026_08-48-06,AVC,0.28600597675315376,True,1,100,sem*prop,0.34662000011187055,0.44662000011187053,0.8081329364972799,0.5502627357565621,0.0,45.60000011187054
C000000022,Z:\raw_data\C000000022\VIS-023_SW_data_17-July-2026_08-48-06,AVC,0.28600597675315376,True,1,100,prior*energy,0.32912000011187054,0.42912000011187057,0.8443469837710239,0.7501713489619543,0.0,28.10000011187053
C000000022,Z:\raw_data\C000000022\VIS-023_SW_data_17-July-2026_08-48-06,AVC,0.28600597675315376,True,1,100,prior*prop,0.33662000011187054,0.4366200001118705,0.8295664702013107,0.6644962290167862,0.0,35.600000111870536
C000000022,Z:\raw_data\C000000022\VIS-023_SW_data_17-July-2026_08-48-06,AVC,0.28600597675315376,True,1,100,prior*sem,0.32412000011187053,0.42412000011187057,0.8558625385890978,0.8072880955920663,0.0,23.10000011187052
C000000022,Z:\raw_data\C000000022\VIS-023_SW_data_17-July-2026_08-48-06,AVC,0.28600597675315376,True,1,100,prior*sem*prop,0.33162000011187054,0.4316200001118705,0.8408619411852737,0.7216129756468982,0.0,30.60000011187053
C000000022,Z:\raw_data\C000000022\VIS-023_SW_data_17-July-2026_08-48-06,AVC,0.28600597675315376,True,1,100,peak,0.30195500000000003,0.40195500000000006,0.8927008197512477,1.0,1.0,0.9350000000000191
C000000022,Z:\raw_data\C000000022\VIS-023_SW_data_17-July-2026_08-48-06,AVC,0.28600597675315376,True,1,100,prior30*peak,0.30695500000000003,0.40695500000000007,0.8878880234069331,1.0,1.0,5.935000000000024
C000000022,Z:\raw_data\C000000022\VIS-023_SW_data_17-July-2026_08-48-06,AVC,0.28600597675315376,True,1,100,prior45*peak,0.30445500000000003,0.404455,0.889928203549269,1.0,1.0,3.4350000000000214
C000000022,Z:\raw_data\C000000022\VIS-023_SW_data_17-July-2026_08-48-06,AVC,0.28600597675315376,True,1,100,prior60*peak,0.304525,0.404525,0.8898700357771782,1.0,1.0,3.5049999999999804
C000000022,Z:\raw_data\C000000022\VIS-023_SW_data_17-July-2026_08-48-06,AVC,0.28600597675315376,True,1,100,prior90*peak,0.30445500000000003,0.404455,0.889928203549269,1.0,1.0,3.4350000000000214
C000000022,Z:\raw_data\C000000022\VIS-023_SW_data_17-July-2026_08-48-06,AVC,0.28600597675315376,True,1,120,phase,0.3182472703595462,0.4382472703595462,,0.8743743390501921,0.0,27.227270359546196
C000000022,Z:\raw_data\C000000022\VIS-023_SW_data_17-July-2026_08-48-06,AVC,0.28600597675315376,True,1,120,energy,0.33412000011187054,0.45412000011187054,0.7949064169720007,0.6930546023318422,0.0,43.10000011187054
C000000022,Z:\raw_data\C000000022\VIS-023_SW_data_17-July-2026_08-48-06,AVC,0.28600597675315376,True,1,120,prop,0.34662000011187055,0.46662000011187055,0.7735860524184944,0.5502627357565621,0.0,55.60000011187055
C000000022,Z:\raw_data\C000000022\VIS-023_SW_data_17-July-2026_08-48-06,AVC,0.28600597675315376,True,1,120,sem,0.2316200001118705,0.3516200001118705,0.8928823739025934,0.5068540108735493,0.0,59.39999988812949
C000000022,Z:\raw_data\C000000022\VIS-023_SW_data_17-July-2026_08-48-06,AVC,0.28600597675315376,True,1,120,sem*prop,0.34662000011187055,0.46662000011187055,0.7735860524184944,0.5502627357565621,0.0,55.60000011187055
C000000022,Z:\raw_data\C000000022\VIS-023_SW_data_17-July-2026_08-48-06,AVC,0.28600597675315376,True,1,120,prior*energy,0.32162000011187053,0.4416200001118705,0.8200484148073087,0.8358464689071223,0.0,30.60000011187053
C000000022,Z:\raw_data\C000000022\VIS-023_SW_data_17-July-2026_08-48-06,AVC,0.28600597675315376,True,1,120,prior*prop,0.32662000011187053,0.44662000011187053,0.8071578202136797,0.7787297222770102,0.0,35.600000111870536
C000000022,Z:\raw_data\C000000022\VIS-023_SW_data_17-July-2026_08-48-06,AVC,0.28600597675315376,True,1,120,prior*sem,0.3141200001118705,0.4341200001118705,0.8369527252286199,0.9215215888522903,0.0,23.10000011187052
C000000022,Z:\raw_data\C000000022\VIS-023_SW_data_17-July-2026_08-48-06,AVC,0.28600597675315376,True,1,120,prior*sem*prop,0.32162000011187053,0.4416200001118705,0.8200484148073087,0.8358464689071223,0.0,30.60000011187053
C000000022,Z:\raw_data\C000000022\VIS-023_SW_data_17-July-2026_08-48-06,AVC,0.28600597675315376,True,1,120,peak,0.291955,0.411955,0.877187129127592,1.0,1.0,0.9350000000000191
C000000022,Z:\raw_data\C000000022\VIS-023_SW_data_17-July-2026_08-48-06,AVC,0.28600597675315376,True,1,120,prior30*peak,0.296955,0.416955,0.8669283987230875,1.0,1.0,5.935000000000024
C000000022,Z:\raw_data\C000000022\VIS-023_SW_data_17-July-2026_08-48-06,AVC,0.28600597675315376,True,1,120,prior45*peak,0.294455,0.414455,0.8723168717632596,1.0,1.0,3.4350000000000214
C000000022,Z:\raw_data\C000000022\VIS-023_SW_data_17-July-2026_08-48-06,AVC,0.28600597675315376,True,1,120,prior60*peak,0.294525,0.414525,0.8721693983240572,1.0,1.0,3.5049999999999804
C000000022,Z:\raw_data\C000000022\VIS-023_SW_data_17-July-2026_08-48-06,AVC,0.28600597675315376,True,1,120,prior90*peak,0.294455,0.414455,0.8723168717632596,1.0,1.0,3.4350000000000214
C000000022,Z:\raw_data\C000000022\VIS-023_SW_data_17-July-2026_08-48-06,MVC,0.9400760000000009,True,1,100,phase,0.9343109999999449,1.034310999999945,,0.7030957276679811,0.0,32.22099999994488
C000000022,Z:\raw_data\C000000022\VIS-023_SW_data_17-July-2026_08-48-06,MVC,0.9400760000000009,True,1,100,energy,0.9016200001118706,1.0016200001118707,0.9237437230845963,1.0,1.0,0.46999988812934657
C000000022,Z:\raw_data\C000000022\VIS-023_SW_data_17-July-2026_08-48-06,MVC,0.9400760000000009,True,1,100,prop,0.9216200001118706,1.0216200001118707,0.9209540242260396,0.8480694526859651,0.0,19.53000011187067
C000000022,Z:\raw_data\C000000022\VIS-023_SW_data_17-July-2026_08-48-06,MVC,0.9400760000000009,True,1,100,sem,0.8916200001118706,0.9916200001118706,0.9288329156879014,0.951565000135602,1.0,10.469999888129355
C000000022,Z:\raw_data\C000000022\VIS-023_SW_data_17-July-2026_08-48-06,MVC,0.9400760000000009,True,1,100,sem*prop,0.9216200001118706,1.0216200001118707,0.9209540242260396,0.8480694526859651,0.0,19.53000011187067
C000000022,Z:\raw_data\C000000022\VIS-023_SW_data_17-July-2026_08-48-06,MVC,0.9400760000000009,True,1,100,prior*energy,0.9266200001118706,1.0266200001118706,0.9204890717869111,0.7909527060558531,0.0,24.530000111870564
C000000022,Z:\raw_data\C000000022\VIS-023_SW_data_17-July-2026_08-48-06,MVC,0.9400760000000009,True,1,100,prior*prop,0.9266200001118706,1.0266200001118706,0.9204890717869111,0.7909527060558531,0.0,24.530000111870564
C000000022,Z:\raw_data\C000000022\VIS-023_SW_data_17-July-2026_08-48-06,MVC,0.9400760000000009,True,1,100,prior*sem,0.9341200001118706,1.0341200001118707,0.9176346139789746,0.7052775861106857,0.0,32.03000011187063
C000000022,Z:\raw_data\C000000022\VIS-023_SW_data_17-July-2026_08-48-06,MVC,0.9400760000000009,True,1,100,prior*sem*prop,0.9266200001118706,1.0266200001118706,0.9204890717869111,0.7909527060558531,0.0,24.530000111870564
C000000022,Z:\raw_data\C000000022\VIS-023_SW_data_17-July-2026_08-48-06,MVC,0.9400760000000009,True,1,100,peak,0.900225,1.0002250000000001,0.9243185106366697,1.0,1.0,1.8649999999998945
C000000022,Z:\raw_data\C000000022\VIS-023_SW_data_17-July-2026_08-48-06,MVC,0.9400760000000009,True,1,100,prior30*peak,0.9130425,1.0130425,0.9219229564158837,0.9460532328078597,0.0,10.952500000000033
C000000022,Z:\raw_data\C000000022\VIS-023_SW_data_17-July-2026_08-48-06,MVC,0.9400760000000009,True,1,100,prior45*peak,0.9005425,1.0005425000000001,0.924187689824377,1.0,1.0,1.547499999999924
C000000022,Z:\raw_data\C000000022\VIS-023_SW_data_17-July-2026_08-48-06,MVC,0.9400760000000009,True,1,100,prior60*peak,0.9005425,1.0005425000000001,0.924187689824377,1.0,1.0,1.547499999999924
C000000022,Z:\raw_data\C000000022\VIS-023_SW_data_17-July-2026_08-48-06,MVC,0.9400760000000009,True,1,100,prior90*peak,0.900225,1.0002250000000001,0.9243185106366697,1.0,1.0,1.8649999999998945
C000000022,Z:\raw_data\C000000022\VIS-023_SW_data_17-July-2026_08-48-06,MVC,0.9400760000000009,True,1,120,phase,0.924310999999945,1.044310999999945,,0.8173292209282039,0.0,32.220999999944986
C000000022,Z:\raw_data\C000000022\VIS-023_SW_data_17-July-2026_08-48-06,MVC,0.9400760000000009,True,1,120,energy,0.9016200001118706,1.0216200001118705,0.9181233906441394,1.0,1.0,9.530000111870551
C000000022,Z:\raw_data\C000000022\VIS-023_SW_data_17-July-2026_08-48-06,MVC,0.9400760000000009,True,1,120,prop,0.9041200001118705,1.0241200001118704,0.9181910255283654,1.0,1.0,12.030000111870498
C000000022,Z:\raw_data\C000000022\VIS-023_SW_data_17-July-2026_08-48-06,MVC,0.9400760000000009,True,1,120,sem,0.8816200001118706,1.0016200001118705,0.9219134748757931,1.0,1.0,10.469999888129466
C000000022,Z:\raw_data\C000000022\VIS-023_SW_data_17-July-2026_08-48-06,MVC,0.9400760000000009,True,1,120,sem*prop,0.9041200001118705,1.0241200001118704,0.9181910255283654,1.0,1.0,12.030000111870498
C000000022,Z:\raw_data\C000000022\VIS-023_SW_data_17-July-2026_08-48-06,MVC,0.9400760000000009,True,1,120,prior*energy,0.9241200001118706,1.0441200001118704,0.9138778616406202,0.8195110793709098,0.0,32.030000111870514
C000000022,Z:\raw_data\C000000022\VIS-023_SW_data_17-July-2026_08-48-06,MVC,0.9400760000000009,True,1,120,prior*prop,0.9216200001118706,1.0416200001118705,0.9142899746456044,0.8480694526859651,0.0,29.53000011187057
C000000022,Z:\raw_data\C000000022\VIS-023_SW_data_17-July-2026_08-48-06,MVC,0.9400760000000009,True,1,120,prior*sem,0.9241200001118706,1.0441200001118704,0.9138778616406202,0.8195110793709098,0.0,32.030000111870514
C000000022,Z:\raw_data\C000000022\VIS-023_SW_data_17-July-2026_08-48-06,MVC,0.9400760000000009,True,1,120,prior*sem*prop,0.9216200001118706,1.0416200001118705,0.9142899746456044,0.8480694526859651,0.0,29.53000011187057
C000000022,Z:\raw_data\C000000022\VIS-023_SW_data_17-July-2026_08-48-06,MVC,0.9400760000000009,True,1,120,peak,0.890225,1.0102250000000002,0.9190473474135646,1.0,1.0,1.8649999999998945
C000000022,Z:\raw_data\C000000022\VIS-023_SW_data_17-July-2026_08-48-06,MVC,0.9400760000000009,True,1,120,prior30*peak,0.9030425,1.0230424999999999,0.9181618748902375,1.0,1.0,10.95249999999992
C000000022,Z:\raw_data\C000000022\VIS-023_SW_data_17-July-2026_08-48-06,MVC,0.9400760000000009,True,1,120,prior45*peak,0.8905425,1.0105425000000001,0.9189775242094186,1.0,1.0,1.547499999999924
C000000022,Z:\raw_data\C000000022\VIS-023_SW_data_17-July-2026_08-48-06,MVC,0.9400760000000009,True,1,120,prior60*peak,0.8905425,1.0105425000000001,0.9189775242094186,1.0,1.0,1.547499999999924
C000000022,Z:\raw_data\C000000022\VIS-023_SW_data_17-July-2026_08-48-06,MVC,0.9400760000000009,True,1,120,prior90*peak,0.890225,1.0102250000000002,0.9190473474135646,1.0,1.0,1.8649999999998945
C000000023,Z:\raw_data\C000000023\VIS-022_SW_data_14-July-2026_11-41-10,MVC,-5.000000353902578e-06,True,2,100,phase,0.0016200001118704677,0.10162000011187047,,1.0,1.0,8.365000111870476
C000000023,Z:\raw_data\C000000023\VIS-022_SW_data_14-July-2026_11-41-10,MVC,-5.000000353902578e-06,True,2,100,energy,0.03412000011187048,0.13412000011187047,0.8829071211033216,0.7153414549318526,0.0,34.264999888129516
C000000023,Z:\raw_data\C000000023\VIS-022_SW_data_14-July-2026_11-41-10,MVC,-5.000000353902578e-06,True,2,100,prop,0.029120000111870478,0.12912000011187047,0.8883620485169365,0.689858964246199,0.0,35.865000111870486
C000000023,Z:\raw_data\C000000023\VIS-022_SW_data_14-July-2026_11-41-10,MVC,-5.000000353902578e-06,True,2,100,sem,0.0016200001118704746,0.10162000011187047,0.924899583963227,1.0,1.0,8.365000111870476
C000000023,Z:\raw_data\C000000023\VIS-022_SW_data_14-July-2026_11-41-10,MVC,-5.000000353902578e-06,True,2,100,sem*prop,0.029120000111870478,0.12912000011187047,0.8883620485169365,0.689858964246199,0.0,35.865000111870486
C000000023,Z:\raw_data\C000000023\VIS-022_SW_data_14-July-2026_11-41-10,MVC,-5.000000353902578e-06,True,2,100,prior*energy,0.01662000011187048,0.11662000011187049,0.9061061240212361,0.857756882312015,0.0,23.36500011187049
C000000023,Z:\raw_data\C000000023\VIS-022_SW_data_14-July-2026_11-41-10,MVC,-5.000000353902578e-06,True,2,100,prior*prop,0.019120000111870483,0.11912000011187049,0.9023532877643016,0.8241772986988517,0.0,25.86500011187049
C000000023,Z:\raw_data\C000000023\VIS-022_SW_data_14-July-2026_11-41-10,MVC,-5.000000353902578e-06,True,2,100,prior*sem,0.0016200001118704677,0.10162000011187047,0.9197899873069921,1.0,1.0,8.365000111870476
C000000023,Z:\raw_data\C000000023\VIS-022_SW_data_14-July-2026_11-41-10,MVC,-5.000000353902578e-06,True,2,100,prior*sem*prop,0.019120000111870483,0.11912000011187049,0.9023532877643016,0.8241772986988517,0.0,25.86500011187049
C000000023,Z:\raw_data\C000000023\VIS-022_SW_data_14-July-2026_11-41-10,MVC,-5.000000353902578e-06,True,2,100,peak,0.06833000000000002,0.16833000000000004,0.8721822790172649,1.0,1.0,0.054999999999985616
C000000023,Z:\raw_data\C000000023\VIS-022_SW_data_14-July-2026_11-41-10,MVC,-5.000000353902578e-06,True,2,100,prior30*peak,0.010222499999999808,0.1102224999999998,0.9173728186644173,0.9436870382807279,0.0,16.96749999999981
C000000023,Z:\raw_data\C000000023\VIS-022_SW_data_14-July-2026_11-41-10,MVC,-5.000000353902578e-06,True,2,100,prior45*peak,0.0133749999999999,0.1133749999999999,0.913631346972121,0.9013431833445278,0.0,20.11999999999991
C000000023,Z:\raw_data\C000000023\VIS-022_SW_data_14-July-2026_11-41-10,MVC,-5.000000353902578e-06,True,2,100,prior60*peak,0.06594999999999993,0.16594999999999993,0.8741080939046558,1.0,1.0,2.435000000000076
C000000023,Z:\raw_data\C000000023\VIS-022_SW_data_14-July-2026_11-41-10,MVC,-5.000000353902578e-06,True,2,100,prior90*peak,0.06583000000000001,0.16583000000000003,0.874191874139476,1.0,1.0,2.5549999999999877
C000000023,Z:\raw_data\C000000023\VIS-022_SW_data_14-July-2026_11-41-10,MVC,-5.000000353902578e-06,True,2,120,phase,0.0016200001118704677,0.12162000011187046,,1.0,1.0,18.365000111870472
C000000023,Z:\raw_data\C000000023\VIS-022_SW_data_14-July-2026_11-41-10,MVC,-5.000000353902578e-06,True,2,120,energy,0.019120000111870483,0.13912000011187048,0.8782594422402431,0.8241772986988517,0.0,35.865000111870486
C000000023,Z:\raw_data\C000000023\VIS-022_SW_data_14-July-2026_11-41-10,MVC,-5.000000353902578e-06,True,2,120,prop,0.014120000111870479,0.13412000011187047,0.8805097996742699,0.8913364659251781,0.0,30.865000111870483
C000000023,Z:\raw_data\C000000023\VIS-022_SW_data_14-July-2026_11-41-10,MVC,-5.000000353902578e-06,True,2,120,sem,0.0016200001118704677,0.12162000011187046,0.924899583963227,1.0,1.0,18.365000111870472
C000000023,Z:\raw_data\C000000023\VIS-022_SW_data_14-July-2026_11-41-10,MVC,-5.000000353902578e-06,True,2,120,sem*prop,0.011620000111870477,0.13162000011187047,0.8844322828739298,0.9249160495383414,0.0,28.36500011187048
C000000023,Z:\raw_data\C000000023\VIS-022_SW_data_14-July-2026_11-41-10,MVC,-5.000000353902578e-06,True,2,120,prior*energy,0.0016200001118704677,0.12162000011187046,0.9061061240212361,1.0,1.0,18.365000111870472
C000000023,Z:\raw_data\C000000023\VIS-022_SW_data_14-July-2026_11-41-10,MVC,-5.000000353902578e-06,True,2,120,prior*prop,0.0016200001118704815,0.12162000011187048,0.8988838894529798,1.0,1.0,18.365000111870483
C000000023,Z:\raw_data\C000000023\VIS-022_SW_data_14-July-2026_11-41-10,MVC,-5.000000353902578e-06,True,2,120,prior*sem,0.0016200001118704677,0.12162000011187046,0.924899583963227,1.0,1.0,18.365000111870472
C000000023,Z:\raw_data\C000000023\VIS-022_SW_data_14-July-2026_11-41-10,MVC,-5.000000353902578e-06,True,2,120,prior*sem*prop,0.0016200001118704815,0.12162000011187048,0.8988838894529798,1.0,1.0,18.365000111870483
C000000023,Z:\raw_data\C000000023\VIS-022_SW_data_14-July-2026_11-41-10,MVC,-5.000000353902578e-06,True,2,120,peak,0.05833000000000002,0.17833000000000002,0.8705407067350732,1.0,1.0,0.054999999999985616
C000000023,Z:\raw_data\C000000023\VIS-022_SW_data_14-July-2026_11-41-10,MVC,-5.000000353902578e-06,True,2,120,prior30*peak,0.0016200001118704677,0.12162000011187046,0.9008232832642582,1.0,1.0,18.365000111870472
C000000023,Z:\raw_data\C000000023\VIS-022_SW_data_14-July-2026_11-41-10,MVC,-5.000000353902578e-06,True,2,120,prior45*peak,0.003374999999999906,0.1233749999999999,0.895729434683733,1.0,1.0,20.11999999999991
C000000023,Z:\raw_data\C000000023\VIS-022_SW_data_14-July-2026_11-41-10,MVC,-5.000000353902578e-06,True,2,120,prior60*peak,0.05594999999999993,0.17594999999999994,0.8708845165458428,1.0,1.0,2.4350000000000622
C000000023,Z:\raw_data\C000000023\VIS-022_SW_data_14-July-2026_11-41-10,MVC,-5.000000353902578e-06,True,2,120,prior90*peak,0.05583000000000002,0.17583000000000001,0.8709010128339424,1.0,1.0,2.5549999999999877
C000000023,Z:\raw_data\C000000023\VIS-022_SW_data_14-July-2026_11-41-10,AVC,0.27178582381936417,True,1,100,phase,0.31381927560068074,0.41381927560068077,,0.03211496892073557,0.0,86.12072439931929
C000000023,Z:\raw_data\C000000023\VIS-022_SW_data_14-July-2026_11-41-10,AVC,0.27178582381936417,True,1,100,energy,0.40912000011187055,0.5091200001118705,0.8918881684766797,1.0,1.0,9.180000111870534
C000000023,Z:\raw_data\C000000023\VIS-022_SW_data_14-July-2026_11-41-10,AVC,0.27178582381936417,True,1,100,prop,0.41662000011187056,0.5166200001118706,0.8905412485280843,0.9316062161674796,0.0,16.68000011187054
C000000023,Z:\raw_data\C000000023\VIS-022_SW_data_14-July-2026_11-41-10,AVC,0.27178582381936417,True,1,100,sem,0.40412000011187055,0.5041200001118705,0.8923442623063516,1.0,1.0,4.18000011187053
C000000023,Z:\raw_data\C000000023\VIS-022_SW_data_14-July-2026_11-41-10,AVC,0.27178582381936417,True,1,100,sem*prop,0.41662000011187056,0.5166200001118706,0.8905412485280843,0.9316062161674796,0.0,16.68000011187054
C000000023,Z:\raw_data\C000000023\VIS-022_SW_data_14-July-2026_11-41-10,AVC,0.27178582381936417,True,1,100,prior*energy,0.35912000011187056,0.4591200001118706,0.8819777407295553,0.6189119185475469,0.0,40.81999988812945
C000000023,Z:\raw_data\C000000023\VIS-022_SW_data_14-July-2026_11-41-10,AVC,0.27178582381936417,True,1,100,prior*prop,0.35912000011187056,0.4591200001118706,0.8819777407295553,0.6189119185475469,0.0,40.81999988812945
C000000023,Z:\raw_data\C000000023\VIS-022_SW_data_14-July-2026_11-41-10,AVC,0.27178582381936417,True,1,100,prior*sem,0.32662000011187053,0.4266200001118705,0.8595922431243805,0.19792746258899652,0.0,73.31999988812949
C000000023,Z:\raw_data\C000000023\VIS-022_SW_data_14-July-2026_11-41-10,AVC,0.27178582381936417,True,1,100,prior*sem*prop,0.35912000011187056,0.4591200001118706,0.8819777407295553,0.6189119185475469,0.0,40.81999988812945
C000000023,Z:\raw_data\C000000023\VIS-022_SW_data_14-July-2026_11-41-10,AVC,0.27178582381936417,True,1,100,peak,0.39692999999999995,0.49693,0.8910040948278102,1.0,1.0,3.010000000000068
C000000023,Z:\raw_data\C000000023\VIS-022_SW_data_14-July-2026_11-41-10,AVC,0.27178582381936417,True,1,100,prior30*peak,0.38412500000000005,0.484125,0.8908663300545044,0.9428108808290162,0.0,15.814999999999968
C000000023,Z:\raw_data\C000000023\VIS-022_SW_data_14-July-2026_11-41-10,AVC,0.27178582381936417,True,1,100,prior45*peak,0.394125,0.49412500000000004,0.8908152530585843,1.0,1.0,5.815000000000015
C000000023,Z:\raw_data\C000000023\VIS-022_SW_data_14-July-2026_11-41-10,AVC,0.27178582381936417,True,1,100,prior60*peak,0.396955,0.49695500000000004,0.8910109942312305,1.0,1.0,2.9850000000000154
C000000023,Z:\raw_data\C000000023\VIS-022_SW_data_14-July-2026_11-41-10,AVC,0.27178582381936417,True,1,100,prior90*peak,0.39692999999999995,0.49693,0.8910040948278102,1.0,1.0,3.010000000000068
C000000023,Z:\raw_data\C000000023\VIS-022_SW_data_14-July-2026_11-41-10,AVC,0.27178582381936417,True,1,120,phase,0.3038192756006807,0.4238192756006807,,0.16164864767721165,0.0,86.12072439931929
C000000023,Z:\raw_data\C000000023\VIS-022_SW_data_14-July-2026_11-41-10,AVC,0.27178582381936417,True,1,120,energy,0.41162000011187055,0.5316200001118705,0.8799946300463513,0.996373055545718,1.0,21.680000111870545
C000000023,Z:\raw_data\C000000023\VIS-022_SW_data_14-July-2026_11-41-10,AVC,0.27178582381936417,True,1,120,prop,0.4391200001118706,0.5591200001118706,0.859862330169696,0.6401554389654067,0.0,49.18000011187057
C000000023,Z:\raw_data\C000000023\VIS-022_SW_data_14-July-2026_11-41-10,AVC,0.27178582381936417,True,1,120,sem,0.38912000011187053,0.5091200001118705,0.8897986885655528,1.0,1.0,0.8199998881294746
C000000023,Z:\raw_data\C000000023\VIS-022_SW_data_14-July-2026_11-41-10,AVC,0.27178582381936417,True,1,120,sem*prop,0.42412000011187057,0.5441200001118706,0.8719481170909809,0.834455957100122,0.0,34.180000111870555
C000000023,Z:\raw_data\C000000023\VIS-022_SW_data_14-July-2026_11-41-10,AVC,0.27178582381936417,True,1,120,prior*energy,0.34162000011187055,0.46162000011187054,0.87588164271532,0.6512953382366654,0.0,48.31999988812946
C000000023,Z:\raw_data\C000000023\VIS-022_SW_data_14-July-2026_11-41-10,AVC,0.27178582381936417,True,1,120,prior*prop,0.34162000011187055,0.46162000011187054,0.87588164271532,0.6512953382366654,0.0,48.31999988812946
C000000023,Z:\raw_data\C000000023\VIS-022_SW_data_14-July-2026_11-41-10,AVC,0.27178582381936417,True,1,120,prior*sem,0.3116200001118705,0.4316200001118705,0.8660213440709661,0.2626943019672349,0.0,78.31999988812949
C000000023,Z:\raw_data\C000000023\VIS-022_SW_data_14-July-2026_11-41-10,AVC,0.27178582381936417,True,1,120,prior*sem*prop,0.34162000011187055,0.46162000011187054,0.87588164271532,0.6512953382366654,0.0,48.31999988812946
C000000023,Z:\raw_data\C000000023\VIS-022_SW_data_14-July-2026_11-41-10,AVC,0.27178582381936417,True,1,120,peak,0.38692999999999994,0.5069299999999999,0.8894190050292455,1.0,1.0,3.010000000000068
C000000023,Z:\raw_data\C000000023\VIS-022_SW_data_14-July-2026_11-41-10,AVC,0.27178582381936417,True,1,120,prior30*peak,0.37412500000000004,0.49412500000000004,0.887001759127921,1.0,1.0,15.814999999999968
C000000023,Z:\raw_data\C000000023\VIS-022_SW_data_14-July-2026_11-41-10,AVC,0.27178582381936417,True,1,120,prior45*peak,0.384125,0.5041249999999999,0.8892995720060899,1.0,1.0,5.815000000000015
C000000023,Z:\raw_data\C000000023\VIS-022_SW_data_14-July-2026_11-41-10,AVC,0.27178582381936417,True,1,120,prior60*peak,0.386955,0.506955,0.8894233393159683,1.0,1.0,2.9850000000000154
C000000023,Z:\raw_data\C000000023\VIS-022_SW_data_14-July-2026_11-41-10,AVC,0.27178582381936417,True,1,120,prior90*peak,0.38692999999999994,0.5069299999999999,0.8894190050292455,1.0,1.0,3.010000000000068
C000000023,Z:\raw_data\C000000023\VIS-022_SW_data_14-July-2026_11-41-10,MVC,0.8605709999999963,True,1,100,phase,0.8535064999999851,0.953506499999985,,1.0,1.0,4.146499999985176
C000000023,Z:\raw_data\C000000023\VIS-022_SW_data_14-July-2026_11-41-10,MVC,0.8605709999999963,True,1,100,energy,0.8291200001118706,0.9291200001118706,0.8754309849588461,0.8997850632975631,0.0,20.2399998881293
C000000023,Z:\raw_data\C000000023\VIS-022_SW_data_14-July-2026_11-41-10,MVC,0.8605709999999963,True,1,100,prop,0.8291200001118706,0.9291200001118706,0.8754309849588461,0.8997850632975631,0.0,20.2399998881293
C000000023,Z:\raw_data\C000000023\VIS-022_SW_data_14-July-2026_11-41-10,MVC,0.8605709999999963,True,1,100,sem,0.8116200001118706,0.9116200001118706,0.8781288632707319,0.6646964012878912,0.0,37.739999888129375
C000000023,Z:\raw_data\C000000023\VIS-022_SW_data_14-July-2026_11-41-10,MVC,0.8605709999999963,True,1,100,sem*prop,0.8291200001118706,0.9291200001118706,0.8754309849588461,0.8997850632975631,0.0,20.2399998881293
C000000023,Z:\raw_data\C000000023\VIS-022_SW_data_14-July-2026_11-41-10,MVC,0.8605709999999963,True,1,100,prior*energy,0.8516200001118706,0.9516200001118705,0.8759221036722681,1.0,1.0,2.2600001118706636
C000000023,Z:\raw_data\C000000023\VIS-022_SW_data_14-July-2026_11-41-10,MVC,0.8605709999999963,True,1,100,prior*prop,0.8516200001118706,0.9516200001118705,0.8759221036722681,1.0,1.0,2.2600001118706636
C000000023,Z:\raw_data\C000000023\VIS-022_SW_data_14-July-2026_11-41-10,MVC,0.8605709999999963,True,1,100,prior*sem,0.8541200001118706,0.9541200001118706,0.8754039272980354,1.0,1.0,4.76000011187061
C000000023,Z:\raw_data\C000000023\VIS-022_SW_data_14-July-2026_11-41-10,MVC,0.8605709999999963,True,1,100,prior*sem*prop,0.8516200001118706,0.9516200001118705,0.8759221036722681,1.0,1.0,2.2600001118706636
C000000023,Z:\raw_data\C000000023\VIS-022_SW_data_14-July-2026_11-41-10,MVC,0.8605709999999963,True,1,100,peak,0.8558300000000001,0.9558300000000001,0.875495588021467,1.0,1.0,6.470000000000198
C000000023,Z:\raw_data\C000000023\VIS-022_SW_data_14-July-2026_11-41-10,MVC,0.8605709999999963,True,1,100,prior30*peak,0.8552225,0.9552225,0.8754630243412754,1.0,1.0,5.862500000000104
C000000023,Z:\raw_data\C000000023\VIS-022_SW_data_14-July-2026_11-41-10,MVC,0.8605709999999963,True,1,100,prior45*peak,0.855875,0.955875,0.8754980001459256,1.0,1.0,6.5150000000000485
C000000023,Z:\raw_data\C000000023\VIS-022_SW_data_14-July-2026_11-41-10,MVC,0.8605709999999963,True,1,100,prior60*peak,0.8559500000000001,0.9559500000000001,0.8755020203533567,1.0,1.0,6.590000000000096
C000000023,Z:\raw_data\C000000023\VIS-022_SW_data_14-July-2026_11-41-10,MVC,0.8605709999999963,True,1,100,prior90*peak,0.8558300000000001,0.9558300000000001,0.875495588021467,1.0,1.0,6.470000000000198
C000000023,Z:\raw_data\C000000023\VIS-022_SW_data_14-July-2026_11-41-10,MVC,0.8605709999999963,True,1,120,phase,0.8435064999999851,0.963506499999985,,1.0,1.0,4.146499999985176
C000000023,Z:\raw_data\C000000023\VIS-022_SW_data_14-July-2026_11-41-10,MVC,0.8605709999999963,True,1,120,energy,0.8091200001118706,0.9291200001118706,0.8694641882546698,0.8997850632975631,0.0,30.23999988812931
C000000023,Z:\raw_data\C000000023\VIS-022_SW_data_14-July-2026_11-41-10,MVC,0.8605709999999963,True,1,120,prop,0.8041200001118707,0.9241200001118707,0.8697131323619415,0.8326168741519439,0.0,35.239999888129205
C000000023,Z:\raw_data\C000000023\VIS-022_SW_data_14-July-2026_11-41-10,MVC,0.8605709999999963,True,1,120,sem,0.8666200001118707,0.9866200001118707,0.8752777445699574,0.9398173010226939,0.0,27.260000111870795
C000000023,Z:\raw_data\C000000023\VIS-022_SW_data_14-July-2026_11-41-10,MVC,0.8605709999999963,True,1,120,sem*prop,0.8041200001118707,0.9241200001118707,0.8697131323619415,0.8326168741519439,0.0,35.239999888129205
C000000023,Z:\raw_data\C000000023\VIS-022_SW_data_14-July-2026_11-41-10,MVC,0.8605709999999963,True,1,120,prior*energy,0.8391200001118706,0.9591200001118706,0.8745895938421567,1.0,1.0,0.23999988812928308
C000000023,Z:\raw_data\C000000023\VIS-022_SW_data_14-July-2026_11-41-10,MVC,0.8605709999999963,True,1,120,prior*prop,0.8416200001118705,0.9616200001118705,0.8748758610728995,1.0,1.0,2.2600001118706636
C000000023,Z:\raw_data\C000000023\VIS-022_SW_data_14-July-2026_11-41-10,MVC,0.8605709999999963,True,1,120,prior*sem,0.8441200001118707,0.9641200001118707,0.8750983257916273,1.0,1.0,4.760000111870832
C000000023,Z:\raw_data\C000000023\VIS-022_SW_data_14-July-2026_11-41-10,MVC,0.8605709999999963,True,1,120,prior*sem*prop,0.8416200001118705,0.9616200001118705,0.8748758610728995,1.0,1.0,2.2600001118706636
C000000023,Z:\raw_data\C000000023\VIS-022_SW_data_14-July-2026_11-41-10,MVC,0.8605709999999963,True,1,120,peak,0.8458300000000001,0.9658300000000001,0.8749689857580059,1.0,1.0,6.470000000000198
C000000023,Z:\raw_data\C000000023\VIS-022_SW_data_14-July-2026_11-41-10,MVC,0.8605709999999963,True,1,120,prior30*peak,0.8452225,0.9652225,0.8750149355097986,1.0,1.0,5.862500000000104
C000000023,Z:\raw_data\C000000023\VIS-022_SW_data_14-July-2026_11-41-10,MVC,0.8605709999999963,True,1,120,prior45*peak,0.8458750000000002,0.9658750000000002,0.8749655820726879,1.0,1.0,6.515000000000271
C000000023,Z:\raw_data\C000000023\VIS-022_SW_data_14-July-2026_11-41-10,MVC,0.8605709999999963,True,1,120,prior60*peak,0.8459500000000002,0.9659500000000002,0.8749599092638246,1.0,1.0,6.590000000000318
C000000023,Z:\raw_data\C000000023\VIS-022_SW_data_14-July-2026_11-41-10,MVC,0.8605709999999963,True,1,120,prior90*peak,0.8458300000000001,0.9658300000000001,0.8749689857580059,1.0,1.0,6.470000000000198
C000000025,Z:\raw_data\C000000025\VIS-025_SW_data_21-July-2026_09-53-09,MVC,-6.000000052154064e-06,True,1,100,phase,0.0016200001118704677,0.10162000011187047,,1.0,1.0,1.8150001118704684
C000000025,Z:\raw_data\C000000025\VIS-025_SW_data_21-July-2026_09-53-09,MVC,-6.000000052154064e-06,True,1,100,energy,0.0016200001118704677,0.10162000011187047,0.8676875543102244,1.0,1.0,1.8150001118704684
C000000025,Z:\raw_data\C000000025\VIS-025_SW_data_21-July-2026_09-53-09,MVC,-6.000000052154064e-06,True,1,100,prop,0.0016200001118704677,0.10162000011187047,0.8825757411083008,1.0,1.0,1.8150001118704684
C000000025,Z:\raw_data\C000000025\VIS-025_SW_data_21-July-2026_09-53-09,MVC,-6.000000052154064e-06,True,1,100,sem,0.0016200001118704677,0.10162000011187047,0.8825757411083008,1.0,1.0,1.8150001118704684
C000000025,Z:\raw_data\C000000025\VIS-025_SW_data_21-July-2026_09-53-09,MVC,-6.000000052154064e-06,True,1,100,sem*prop,0.0016200001118704677,0.10162000011187047,0.8825757411083008,1.0,1.0,1.8150001118704684
C000000025,Z:\raw_data\C000000025\VIS-025_SW_data_21-July-2026_09-53-09,MVC,-6.000000052154064e-06,True,1,100,prior*energy,0.0016200001118704677,0.10162000011187047,0.8607895460009941,1.0,1.0,1.8150001118704684
C000000025,Z:\raw_data\C000000025\VIS-025_SW_data_21-July-2026_09-53-09,MVC,-6.000000052154064e-06,True,1,100,prior*prop,0.0016200001118704677,0.10162000011187047,0.8607895460009941,1.0,1.0,1.8150001118704684
C000000025,Z:\raw_data\C000000025\VIS-025_SW_data_21-July-2026_09-53-09,MVC,-6.000000052154064e-06,True,1,100,prior*sem,0.0016200001118704677,0.10162000011187047,0.861657553838062,1.0,1.0,1.8150001118704684
C000000025,Z:\raw_data\C000000025\VIS-025_SW_data_21-July-2026_09-53-09,MVC,-6.000000052154064e-06,True,1,100,prior*sem*prop,0.0016200001118704677,0.10162000011187047,0.8607895460009941,1.0,1.0,1.8150001118704684
C000000025,Z:\raw_data\C000000025\VIS-025_SW_data_21-July-2026_09-53-09,MVC,-6.000000052154064e-06,True,1,100,peak,0.0016200001118704677,0.10162000011187047,0.8615342817406453,1.0,1.0,1.8150001118704684
C000000025,Z:\raw_data\C000000025\VIS-025_SW_data_21-July-2026_09-53-09,MVC,-6.000000052154064e-06,True,1,100,prior30*peak,0.0016200001118704677,0.10162000011187047,0.8614976719336126,1.0,1.0,1.8150001118704684
C000000025,Z:\raw_data\C000000025\VIS-025_SW_data_21-July-2026_09-53-09,MVC,-6.000000052154064e-06,True,1,100,prior45*peak,0.0016200001118704677,0.10162000011187047,0.8615723216182652,1.0,1.0,1.8150001118704684
C000000025,Z:\raw_data\C000000025\VIS-025_SW_data_21-July-2026_09-53-09,MVC,-6.000000052154064e-06,True,1,100,prior60*peak,0.0016200001118704677,0.10162000011187047,0.8615671733641513,1.0,1.0,1.8150001118704684
C000000025,Z:\raw_data\C000000025\VIS-025_SW_data_21-July-2026_09-53-09,MVC,-6.000000052154064e-06,True,1,100,prior90*peak,0.0016200001118704677,0.10162000011187047,0.8615342817406453,1.0,1.0,1.8150001118704684
C000000025,Z:\raw_data\C000000025\VIS-025_SW_data_21-July-2026_09-53-09,MVC,-6.000000052154064e-06,True,1,120,phase,0.0016200001118704677,0.12162000011187046,,1.0,1.0,11.815000111870463
C000000025,Z:\raw_data\C000000025\VIS-025_SW_data_21-July-2026_09-53-09,MVC,-6.000000052154064e-06,True,1,120,energy,0.0016200001118704677,0.12162000011187046,0.8696737217115751,1.0,1.0,11.815000111870463
C000000025,Z:\raw_data\C000000025\VIS-025_SW_data_21-July-2026_09-53-09,MVC,-6.000000052154064e-06,True,1,120,prop,0.0016200001118704677,0.12162000011187046,0.8716291769651783,1.0,1.0,11.815000111870463
C000000025,Z:\raw_data\C000000025\VIS-025_SW_data_21-July-2026_09-53-09,MVC,-6.000000052154064e-06,True,1,120,sem,0.0016200001118704677,0.12162000011187046,0.8770257563462601,1.0,1.0,11.815000111870463
C000000025,Z:\raw_data\C000000025\VIS-025_SW_data_21-July-2026_09-53-09,MVC,-6.000000052154064e-06,True,1,120,sem*prop,0.0016200001118704677,0.12162000011187046,0.8716291769651783,1.0,1.0,11.815000111870463
C000000025,Z:\raw_data\C000000025\VIS-025_SW_data_21-July-2026_09-53-09,MVC,-6.000000052154064e-06,True,1,120,prior*energy,0.0016200001118704677,0.12162000011187046,0.8567869873174827,1.0,1.0,11.815000111870463
C000000025,Z:\raw_data\C000000025\VIS-025_SW_data_21-July-2026_09-53-09,MVC,-6.000000052154064e-06,True,1,120,prior*prop,0.0016200001118704677,0.12162000011187046,0.8567869873174827,1.0,1.0,11.815000111870463
C000000025,Z:\raw_data\C000000025\VIS-025_SW_data_21-July-2026_09-53-09,MVC,-6.000000052154064e-06,True,1,120,prior*sem,0.0016200001118704677,0.12162000011187046,0.8553909536269901,1.0,1.0,11.815000111870463
C000000025,Z:\raw_data\C000000025\VIS-025_SW_data_21-July-2026_09-53-09,MVC,-6.000000052154064e-06,True,1,120,prior*sem*prop,0.0016200001118704677,0.12162000011187046,0.8586690642659666,1.0,1.0,11.815000111870463
C000000025,Z:\raw_data\C000000025\VIS-025_SW_data_21-July-2026_09-53-09,MVC,-6.000000052154064e-06,True,1,120,peak,0.0016200001118704677,0.12162000011187046,0.8559926442100625,1.0,1.0,11.815000111870463
C000000025,Z:\raw_data\C000000025\VIS-025_SW_data_21-July-2026_09-53-09,MVC,-6.000000052154064e-06,True,1,120,prior30*peak,0.0016200001118704677,0.12162000011187046,0.8561713365224456,1.0,1.0,11.815000111870463
C000000025,Z:\raw_data\C000000025\VIS-025_SW_data_21-July-2026_09-53-09,MVC,-6.000000052154064e-06,True,1,120,prior45*peak,0.0016200001118704677,0.12162000011187046,0.8558069717292269,1.0,1.0,11.815000111870463
C000000025,Z:\raw_data\C000000025\VIS-025_SW_data_21-July-2026_09-53-09,MVC,-6.000000052154064e-06,True,1,120,prior60*peak,0.0016200001118704677,0.12162000011187046,0.8558321003356558,1.0,1.0,11.815000111870463
C000000025,Z:\raw_data\C000000025\VIS-025_SW_data_21-July-2026_09-53-09,MVC,-6.000000052154064e-06,True,1,120,prior90*peak,0.0016200001118704677,0.12162000011187046,0.8559926442100625,1.0,1.0,11.815000111870463
C000000025,Z:\raw_data\C000000025\VIS-025_SW_data_21-July-2026_09-53-09,AVC,0.26691654821868344,True,1,100,phase,0.30915784182507594,0.409157841825076,,1.0,1.0,0.2078418250759384
C000000025,Z:\raw_data\C000000025\VIS-025_SW_data_21-July-2026_09-53-09,AVC,0.26691654821868344,True,1,100,energy,0.33662000011187054,0.4366200001118705,0.6714438013680892,0.8056391991257794,0.0,27.67000011187054
C000000025,Z:\raw_data\C000000025\VIS-025_SW_data_21-July-2026_09-53-09,AVC,0.26691654821868344,True,1,100,prop,0.33912000011187055,0.4391200001118706,0.6676397897745602,0.7714207485372221,0.0,30.170000111870543
C000000025,Z:\raw_data\C000000025\VIS-025_SW_data_21-July-2026_09-53-09,AVC,0.26691654821868344,True,1,100,sem,0.2541200001118705,0.3541200001118705,0.7430415260980979,0.4338899549941214,0.0,54.82999988812948
C000000025,Z:\raw_data\C000000025\VIS-025_SW_data_21-July-2026_09-53-09,AVC,0.26691654821868344,True,1,100,sem*prop,0.33662000011187054,0.4366200001118705,0.6714438013680892,0.8056391991257794,0.0,27.67000011187054
C000000025,Z:\raw_data\C000000025\VIS-025_SW_data_21-July-2026_09-53-09,AVC,0.26691654821868344,True,1,100,prior*energy,0.3116200001118706,0.4116200001118706,0.6893114074520108,1.0,1.0,2.670000111870574
C000000025,Z:\raw_data\C000000025\VIS-025_SW_data_21-July-2026_09-53-09,AVC,0.26691654821868344,True,1,100,prior*prop,0.32162000011187053,0.4216200001118705,0.6846331064330088,1.0,1.0,12.670000111870527
C000000025,Z:\raw_data\C000000025\VIS-025_SW_data_21-July-2026_09-53-09,AVC,0.26691654821868344,True,1,100,prior*sem,0.30162000011187057,0.4016200001118706,0.7076460675780787,1.0,1.0,7.329999888129435
C000000025,Z:\raw_data\C000000025\VIS-025_SW_data_21-July-2026_09-53-09,AVC,0.26691654821868344,True,1,100,prior*sem*prop,0.32162000011187053,0.4216200001118705,0.6846331064330088,1.0,1.0,12.670000111870527
C000000025,Z:\raw_data\C000000025\VIS-025_SW_data_21-July-2026_09-53-09,AVC,0.26691654821868344,True,1,100,peak,0.30443,0.40442999999999996,0.7003113014701433,1.0,1.0,4.520000000000024
C000000025,Z:\raw_data\C000000025\VIS-025_SW_data_21-July-2026_09-53-09,AVC,0.26691654821868344,True,1,100,prior30*peak,0.30412500000000003,0.40412500000000007,0.7006482131933547,1.0,1.0,4.824999999999968
C000000025,Z:\raw_data\C000000025\VIS-025_SW_data_21-July-2026_09-53-09,AVC,0.26691654821868344,True,1,100,prior45*peak,0.30412500000000003,0.40412500000000007,0.7006482131933547,1.0,1.0,4.824999999999968
C000000025,Z:\raw_data\C000000025\VIS-025_SW_data_21-July-2026_09-53-09,AVC,0.26691654821868344,True,1,100,prior60*peak,0.30445500000000003,0.404455,0.700283685755126,1.0,1.0,4.494999999999971
C000000025,Z:\raw_data\C000000025\VIS-025_SW_data_21-July-2026_09-53-09,AVC,0.26691654821868344,True,1,100,prior90*peak,0.30443,0.40442999999999996,0.7003113014701433,1.0,1.0,4.520000000000024
C000000025,Z:\raw_data\C000000025\VIS-025_SW_data_21-July-2026_09-53-09,AVC,0.26691654821868344,True,1,120,phase,0.29915784182507593,0.4191578418250759,,1.0,1.0,0.2078418250759384
C000000025,Z:\raw_data\C000000025\VIS-025_SW_data_21-July-2026_09-53-09,AVC,0.26691654821868344,True,1,120,energy,0.33662000011187054,0.45662000011187054,0.6442375754953851,0.8056391991257794,0.0,37.67000011187055
C000000025,Z:\raw_data\C000000025\VIS-025_SW_data_21-July-2026_09-53-09,AVC,0.26691654821868344,True,1,120,prop,0.33912000011187055,0.45912000011187054,0.6396329214236307,0.7714207485372221,0.0,40.17000011187055
C000000025,Z:\raw_data\C000000025\VIS-025_SW_data_21-July-2026_09-53-09,AVC,0.26691654821868344,True,1,120,sem,0.2566200001118705,0.3766200001118705,0.7291060982722108,0.7418560102911378,0.0,42.329999888129464
C000000025,Z:\raw_data\C000000025\VIS-025_SW_data_21-July-2026_09-53-09,AVC,0.26691654821868344,True,1,120,sem*prop,0.33912000011187055,0.45912000011187054,0.6396329214236307,0.7714207485372221,0.0,40.17000011187055
C000000025,Z:\raw_data\C000000025\VIS-025_SW_data_21-July-2026_09-53-09,AVC,0.26691654821868344,True,1,120,prior*energy,0.3041200001118705,0.4241200001118705,0.676996070277307,1.0,1.0,5.170000111870521
C000000025,Z:\raw_data\C000000025\VIS-025_SW_data_21-July-2026_09-53-09,AVC,0.26691654821868344,True,1,120,prior*prop,0.3091200001118705,0.4291200001118705,0.6726338340514348,1.0,1.0,10.170000111870525
C000000025,Z:\raw_data\C000000025\VIS-025_SW_data_21-July-2026_09-53-09,AVC,0.26691654821868344,True,1,120,prior*sem,0.29662000011187056,0.41662000011187056,0.6847074211096742,1.0,1.0,2.3299998881294304
C000000025,Z:\raw_data\C000000025\VIS-025_SW_data_21-July-2026_09-53-09,AVC,0.26691654821868344,True,1,120,prior*sem*prop,0.3066200001118705,0.4266200001118705,0.674275123870988,1.0,1.0,7.670000111870523
C000000025,Z:\raw_data\C000000025\VIS-025_SW_data_21-July-2026_09-53-09,AVC,0.26691654821868344,True,1,120,peak,0.29442999999999997,0.41442999999999997,0.6833885388734848,1.0,1.0,4.520000000000024
C000000025,Z:\raw_data\C000000025\VIS-025_SW_data_21-July-2026_09-53-09,AVC,0.26691654821868344,True,1,120,prior30*peak,0.294125,0.414125,0.6832048589367318,1.0,1.0,4.824999999999968
C000000025,Z:\raw_data\C000000025\VIS-025_SW_data_21-July-2026_09-53-09,AVC,0.26691654821868344,True,1,120,prior45*peak,0.294125,0.414125,0.6832048589367318,1.0,1.0,4.824999999999968
C000000025,Z:\raw_data\C000000025\VIS-025_SW_data_21-July-2026_09-53-09,AVC,0.26691654821868344,True,1,120,prior60*peak,0.294455,0.414455,0.6834035946060056,1.0,1.0,4.494999999999971
C000000025,Z:\raw_data\C000000025\VIS-025_SW_data_21-July-2026_09-53-09,AVC,0.26691654821868344,True,1,120,prior90*peak,0.29442999999999997,0.41442999999999997,0.6833885388734848,1.0,1.0,4.520000000000024
C000000025,Z:\raw_data\C000000025\VIS-025_SW_data_21-July-2026_09-53-09,MVC,0.8350669999998063,True,1,100,phase,0.828002499999795,0.928002499999795,,1.0,1.0,5.527499999795071
C000000025,Z:\raw_data\C000000025\VIS-025_SW_data_21-July-2026_09-53-09,MVC,0.8350669999998063,True,1,100,energy,0.8241200001118706,0.9241200001118706,0.8630353665978157,1.0,1.0,1.6450001118705204
C000000025,Z:\raw_data\C000000025\VIS-025_SW_data_21-July-2026_09-53-09,MVC,0.8350669999998063,True,1,100,prop,0.7866200001118706,0.8866200001118706,0.7101054059147099,0.7052081838367996,0.0,35.85499988812935
C000000025,Z:\raw_data\C000000025\VIS-025_SW_data_21-July-2026_09-53-09,MVC,0.8350669999998063,True,1,100,sem,0.8416200001118705,0.9416200001118705,0.8894833689033815,0.9476280268116855,0.0,19.14500011187059
C000000025,Z:\raw_data\C000000025\VIS-025_SW_data_21-July-2026_09-53-09,MVC,0.8350669999998063,True,1,100,sem*prop,0.7866200001118706,0.8866200001118706,0.7101054059147099,0.7052081838367996,0.0,35.85499988812935
C000000025,Z:\raw_data\C000000025\VIS-025_SW_data_21-July-2026_09-53-09,MVC,0.8350669999998063,True,1,100,prior*energy,0.8266200001118706,0.9266200001118706,0.8687203317218558,1.0,1.0,4.145000111870689
C000000025,Z:\raw_data\C000000025\VIS-025_SW_data_21-July-2026_09-53-09,MVC,0.8350669999998063,True,1,100,prior*prop,0.8291200001118706,0.9291200001118706,0.8762701129672419,1.0,1.0,6.645000111870636
C000000025,Z:\raw_data\C000000025\VIS-025_SW_data_21-July-2026_09-53-09,MVC,0.8350669999998063,True,1,100,prior*sem,0.8291200001118706,0.9291200001118706,0.8762701129672419,1.0,1.0,6.645000111870636
C000000025,Z:\raw_data\C000000025\VIS-025_SW_data_21-July-2026_09-53-09,MVC,0.8350669999998063,True,1,100,prior*sem*prop,0.8291200001118706,0.9291200001118706,0.8762701129672419,1.0,1.0,6.645000111870636
C000000025,Z:\raw_data\C000000025\VIS-025_SW_data_21-July-2026_09-53-09,MVC,0.8350669999998063,True,1,100,peak,0.8280425,0.9280425,0.8730161569126411,1.0,1.0,5.5675000000000585
C000000025,Z:\raw_data\C000000025\VIS-025_SW_data_21-July-2026_09-53-09,MVC,0.8350669999998063,True,1,100,prior30*peak,0.8277224999999999,0.9277224999999999,0.8720497849132314,1.0,1.0,5.2474999999999605
C000000025,Z:\raw_data\C000000025\VIS-025_SW_data_21-July-2026_09-53-09,MVC,0.8350669999998063,True,1,100,prior45*peak,0.8283750000000001,0.9283750000000001,0.8740202778182776,1.0,1.0,5.900000000000127
C000000025,Z:\raw_data\C000000025\VIS-025_SW_data_21-July-2026_09-53-09,MVC,0.8350669999998063,True,1,100,prior60*peak,0.8283300000000001,0.9283300000000001,0.8738843817558608,1.0,1.0,5.855000000000055
C000000025,Z:\raw_data\C000000025\VIS-025_SW_data_21-July-2026_09-53-09,MVC,0.8350669999998063,True,1,100,prior90*peak,0.8280425,0.9280425,0.8730161569126411,1.0,1.0,5.5675000000000585
C000000025,Z:\raw_data\C000000025\VIS-025_SW_data_21-July-2026_09-53-09,MVC,0.8350669999998063,True,1,120,phase,0.818002499999795,0.938002499999795,,1.0,1.0,5.527499999795071
C000000025,Z:\raw_data\C000000025\VIS-025_SW_data_21-July-2026_09-53-09,MVC,0.8350669999998063,True,1,120,energy,0.8241200001118707,0.9441200001118707,0.8570885457345335,1.0,1.0,11.64500011187075
C000000025,Z:\raw_data\C000000025\VIS-025_SW_data_21-July-2026_09-53-09,MVC,0.8350669999998063,True,1,120,prop,0.7791200001118705,0.8991200001118705,0.7026902099669949,0.8865515756836003,0.0,33.3549998881294
C000000025,Z:\raw_data\C000000025\VIS-025_SW_data_21-July-2026_09-53-09,MVC,0.8350669999998063,True,1,120,sem,0.8416200001118705,0.9616200001118705,0.8815409557428867,0.9476280268116855,0.0,29.1450001118706
C000000025,Z:\raw_data\C000000025\VIS-025_SW_data_21-July-2026_09-53-09,MVC,0.8350669999998063,True,1,120,sem*prop,0.7791200001118705,0.8991200001118705,0.7026902099669949,0.8865515756836003,0.0,33.3549998881294
C000000025,Z:\raw_data\C000000025\VIS-025_SW_data_21-July-2026_09-53-09,MVC,0.8350669999998063,True,1,120,prior*energy,0.8216200001118705,0.9416200001118705,0.8530060831662555,1.0,1.0,9.145000111870583
C000000025,Z:\raw_data\C000000025\VIS-025_SW_data_21-July-2026_09-53-09,MVC,0.8350669999998063,True,1,120,prior*prop,0.8091200001118706,0.9291200001118706,0.8325414567324176,1.0,1.0,3.354999888129373
C000000025,Z:\raw_data\C000000025\VIS-025_SW_data_21-July-2026_09-53-09,MVC,0.8350669999998063,True,1,120,prior*sem,0.8191200001118706,0.9391200001118706,0.8516458622861715,1.0,1.0,6.645000111870636
C000000025,Z:\raw_data\C000000025\VIS-025_SW_data_21-July-2026_09-53-09,MVC,0.8350669999998063,True,1,120,prior*sem*prop,0.8166200001118706,0.9366200001118706,0.8501396365306679,1.0,1.0,4.145000111870689
C000000025,Z:\raw_data\C000000025\VIS-025_SW_data_21-July-2026_09-53-09,MVC,0.8350669999998063,True,1,120,peak,0.8180425,0.9380425,0.8509966789181485,1.0,1.0,5.5675000000000585
C000000025,Z:\raw_data\C000000025\VIS-025_SW_data_21-July-2026_09-53-09,MVC,0.8350669999998063,True,1,120,prior30*peak,0.8177224999999999,0.9377224999999999,0.850803882021444,1.0,1.0,5.2474999999999605
C000000025,Z:\raw_data\C000000025\VIS-025_SW_data_21-July-2026_09-53-09,MVC,0.8350669999998063,True,1,120,prior45*peak,0.8183750000000001,0.9383750000000001,0.8511970069436305,1.0,1.0,5.900000000000127
C000000025,Z:\raw_data\C000000025\VIS-025_SW_data_21-July-2026_09-53-09,MVC,0.8350669999998063,True,1,120,prior60*peak,0.8183300000000002,0.9383300000000002,0.8511698948800315,1.0,1.0,5.855000000000277
C000000025,Z:\raw_data\C000000025\VIS-025_SW_data_21-July-2026_09-53-09,MVC,0.8350669999998063,True,1,120,prior90*peak,0.8180425,0.9380425,0.8509966789181485,1.0,1.0,5.5675000000000585
C000000026,Z:\raw_data\C000000026\VIS-020_SW_data_14-July-2026_10-03-40,MVC,-5.000000121071935e-06,True,1,100,phase,0.0016200001118704677,0.10162000011187047,,1.0,1.0,14.225000111870466
C000000026,Z:\raw_data\C000000026\VIS-020_SW_data_14-July-2026_10-03-40,MVC,-5.000000121071935e-06,True,1,100,energy,0.0016200001118704677,0.10162000011187047,0.5766997935389673,1.0,1.0,14.225000111870466
C000000026,Z:\raw_data\C000000026\VIS-020_SW_data_14-July-2026_10-03-40,MVC,-5.000000121071935e-06,True,1,100,prop,0.0016200001118704677,0.10162000011187047,0.5766997935389673,1.0,1.0,14.225000111870466
C000000026,Z:\raw_data\C000000026\VIS-020_SW_data_14-July-2026_10-03-40,MVC,-5.000000121071935e-06,True,1,100,sem,0.0016200001118704677,0.10162000011187047,0.5766997935389673,1.0,1.0,14.225000111870466
C000000026,Z:\raw_data\C000000026\VIS-020_SW_data_14-July-2026_10-03-40,MVC,-5.000000121071935e-06,True,1,100,sem*prop,0.0016200001118704677,0.10162000011187047,0.5766997935389673,1.0,1.0,14.225000111870466
C000000026,Z:\raw_data\C000000026\VIS-020_SW_data_14-July-2026_10-03-40,MVC,-5.000000121071935e-06,True,1,100,prior*energy,0.0016200001118704677,0.10162000011187047,0.5518635743958512,1.0,1.0,14.225000111870466
C000000026,Z:\raw_data\C000000026\VIS-020_SW_data_14-July-2026_10-03-40,MVC,-5.000000121071935e-06,True,1,100,prior*prop,0.0016200001118704677,0.10162000011187047,0.5518635743958512,1.0,1.0,14.225000111870466
C000000026,Z:\raw_data\C000000026\VIS-020_SW_data_14-July-2026_10-03-40,MVC,-5.000000121071935e-06,True,1,100,prior*sem,0.0016200001118704677,0.10162000011187047,0.5624127321702341,1.0,1.0,14.225000111870466
C000000026,Z:\raw_data\C000000026\VIS-020_SW_data_14-July-2026_10-03-40,MVC,-5.000000121071935e-06,True,1,100,prior*sem*prop,0.0016200001118704677,0.10162000011187047,0.5543942738315781,1.0,1.0,14.225000111870466
C000000026,Z:\raw_data\C000000026\VIS-020_SW_data_14-July-2026_10-03-40,MVC,-5.000000121071935e-06,True,1,100,peak,0.0016200001118704677,0.10162000011187047,0.5551807749519837,1.0,1.0,14.225000111870466
C000000026,Z:\raw_data\C000000026\VIS-020_SW_data_14-July-2026_10-03-40,MVC,-5.000000121071935e-06,True,1,100,prior30*peak,0.0016200001118704677,0.10162000011187047,0.5530018238758997,1.0,1.0,14.225000111870466
C000000026,Z:\raw_data\C000000026\VIS-020_SW_data_14-July-2026_10-03-40,MVC,-5.000000121071935e-06,True,1,100,prior45*peak,0.0016200001118704677,0.10162000011187047,0.5535122669721132,1.0,1.0,14.225000111870466
C000000026,Z:\raw_data\C000000026\VIS-020_SW_data_14-July-2026_10-03-40,MVC,-5.000000121071935e-06,True,1,100,prior60*peak,0.0016200001118704677,0.10162000011187047,0.5549709196864244,1.0,1.0,14.225000111870466
C000000026,Z:\raw_data\C000000026\VIS-020_SW_data_14-July-2026_10-03-40,MVC,-5.000000121071935e-06,True,1,100,prior90*peak,0.0016200001118704677,0.10162000011187047,0.5551807749519837,1.0,1.0,14.225000111870466
C000000026,Z:\raw_data\C000000026\VIS-020_SW_data_14-July-2026_10-03-40,MVC,-5.000000121071935e-06,True,1,120,phase,0.0016200001118704677,0.12162000011187046,,1.0,1.0,24.22500011187046
C000000026,Z:\raw_data\C000000026\VIS-020_SW_data_14-July-2026_10-03-40,MVC,-5.000000121071935e-06,True,1,120,energy,0.0016200001118704677,0.12162000011187046,0.5607518367674924,1.0,1.0,24.22500011187046
C000000026,Z:\raw_data\C000000026\VIS-020_SW_data_14-July-2026_10-03-40,MVC,-5.000000121071935e-06,True,1,120,prop,0.0016200001118704677,0.12162000011187046,0.5607518367674924,1.0,1.0,24.22500011187046
C000000026,Z:\raw_data\C000000026\VIS-020_SW_data_14-July-2026_10-03-40,MVC,-5.000000121071935e-06,True,1,120,sem,0.0016200001118704677,0.12162000011187046,0.5685944648576705,1.0,1.0,24.22500011187046
C000000026,Z:\raw_data\C000000026\VIS-020_SW_data_14-July-2026_10-03-40,MVC,-5.000000121071935e-06,True,1,120,sem*prop,0.0016200001118704677,0.12162000011187046,0.5607518367674924,1.0,1.0,24.22500011187046
C000000026,Z:\raw_data\C000000026\VIS-020_SW_data_14-July-2026_10-03-40,MVC,-5.000000121071935e-06,True,1,120,prior*energy,0.0016200001118704677,0.12162000011187046,0.5624127321702341,1.0,1.0,24.22500011187046
C000000026,Z:\raw_data\C000000026\VIS-020_SW_data_14-July-2026_10-03-40,MVC,-5.000000121071935e-06,True,1,120,prior*prop,0.0016200001118704677,0.12162000011187046,0.5624127321702341,1.0,1.0,24.22500011187046
C000000026,Z:\raw_data\C000000026\VIS-020_SW_data_14-July-2026_10-03-40,MVC,-5.000000121071935e-06,True,1,120,prior*sem,0.0016200001118704677,0.12162000011187046,0.5684371971104532,1.0,1.0,24.22500011187046
C000000026,Z:\raw_data\C000000026\VIS-020_SW_data_14-July-2026_10-03-40,MVC,-5.000000121071935e-06,True,1,120,prior*sem*prop,0.0016200001118704677,0.12162000011187046,0.5624127321702341,1.0,1.0,24.22500011187046
C000000026,Z:\raw_data\C000000026\VIS-020_SW_data_14-July-2026_10-03-40,MVC,-5.000000121071935e-06,True,1,120,peak,0.0016200001118704677,0.12162000011187046,0.5561612883164804,1.0,1.0,24.22500011187046
C000000026,Z:\raw_data\C000000026\VIS-020_SW_data_14-July-2026_10-03-40,MVC,-5.000000121071935e-06,True,1,120,prior30*peak,0.0016200001118704677,0.12162000011187046,0.5674733910440003,1.0,1.0,24.22500011187046
C000000026,Z:\raw_data\C000000026\VIS-020_SW_data_14-July-2026_10-03-40,MVC,-5.000000121071935e-06,True,1,120,prior45*peak,0.0016200001118704677,0.12162000011187046,0.5685138306702421,1.0,1.0,24.22500011187046
C000000026,Z:\raw_data\C000000026\VIS-020_SW_data_14-July-2026_10-03-40,MVC,-5.000000121071935e-06,True,1,120,prior60*peak,0.0016200001118704677,0.12162000011187046,0.5566886840063581,1.0,1.0,24.22500011187046
C000000026,Z:\raw_data\C000000026\VIS-020_SW_data_14-July-2026_10-03-40,MVC,-5.000000121071935e-06,True,1,120,prior90*peak,0.0016200001118704677,0.12162000011187046,0.5561612883164804,1.0,1.0,24.22500011187046
C000000026,Z:\raw_data\C000000026\VIS-020_SW_data_14-July-2026_10-03-40,AVC,0.27492908610506855,True,1,100,phase,0.31717037971146106,0.4171703797114611,,1.0,1.0,13.045379711461024
C000000026,Z:\raw_data\C000000026\VIS-020_SW_data_14-July-2026_10-03-40,AVC,0.27492908610506855,True,1,100,energy,0.3141200001118705,0.41412000011187056,0.880760059245091,1.0,1.0,9.995000111870489
C000000026,Z:\raw_data\C000000026\VIS-020_SW_data_14-July-2026_10-03-40,AVC,0.27492908610506855,True,1,100,prop,0.4491200001118706,0.5491200001118706,0.4562825711704943,0.0,0.0,144.99500011187055
C000000026,Z:\raw_data\C000000026\VIS-020_SW_data_14-July-2026_10-03-40,AVC,0.27492908610506855,True,1,100,sem,0.24662000011187052,0.34662000011187055,0.9140844161221324,0.386580022848278,0.0,57.50499988812952
C000000026,Z:\raw_data\C000000026\VIS-020_SW_data_14-July-2026_10-03-40,AVC,0.27492908610506855,True,1,100,sem*prop,0.4491200001118706,0.5491200001118706,0.4562825711704943,0.0,0.0,144.99500011187055
C000000026,Z:\raw_data\C000000026\VIS-020_SW_data_14-July-2026_10-03-40,AVC,0.27492908610506855,True,1,100,prior*energy,0.3141200001118705,0.41412000011187056,0.880760059245091,1.0,1.0,9.995000111870489
C000000026,Z:\raw_data\C000000026\VIS-020_SW_data_14-July-2026_10-03-40,AVC,0.27492908610506855,True,1,100,prior*prop,0.32162000011187053,0.4216200001118705,0.872139735483386,0.9912346968132003,1.0,17.495000111870496
C000000026,Z:\raw_data\C000000026\VIS-020_SW_data_14-July-2026_10-03-40,AVC,0.27492908610506855,True,1,100,prior*sem,0.3141200001118705,0.41412000011187056,0.880760059245091,1.0,1.0,9.995000111870489
C000000026,Z:\raw_data\C000000026\VIS-020_SW_data_14-July-2026_10-03-40,AVC,0.27492908610506855,True,1,100,prior*sem*prop,0.32162000011187053,0.4216200001118705,0.872139735483386,0.9912346968132003,1.0,17.495000111870496
C000000026,Z:\raw_data\C000000026\VIS-020_SW_data_14-July-2026_10-03-40,AVC,0.27492908610506855,True,1,100,peak,0.30445500000000003,0.404455,0.8880324768215785,1.0,1.0,0.32999999999999696
C000000026,Z:\raw_data\C000000026\VIS-020_SW_data_14-July-2026_10-03-40,AVC,0.27492908610506855,True,1,100,prior30*peak,0.30445500000000003,0.404455,0.8880324768215785,1.0,1.0,0.32999999999999696
C000000026,Z:\raw_data\C000000026\VIS-020_SW_data_14-July-2026_10-03-40,AVC,0.27492908610506855,True,1,100,prior45*peak,0.30445500000000003,0.404455,0.8880324768215785,1.0,1.0,0.32999999999999696
C000000026,Z:\raw_data\C000000026\VIS-020_SW_data_14-July-2026_10-03-40,AVC,0.27492908610506855,True,1,100,prior60*peak,0.304525,0.404525,0.8879695554596778,1.0,1.0,0.39999999999995595
C000000026,Z:\raw_data\C000000026\VIS-020_SW_data_14-July-2026_10-03-40,AVC,0.27492908610506855,True,1,100,prior90*peak,0.30445500000000003,0.404455,0.8880324768215785,1.0,1.0,0.32999999999999696
C000000026,Z:\raw_data\C000000026\VIS-020_SW_data_14-July-2026_10-03-40,AVC,0.27492908610506855,True,1,120,phase,0.30717037971146105,0.42717037971146105,,1.0,1.0,13.045379711461024
C000000026,Z:\raw_data\C000000026\VIS-020_SW_data_14-July-2026_10-03-40,AVC,0.27492908610506855,True,1,120,energy,0.3166200001118705,0.4366200001118705,0.849559922927523,1.0,1.0,22.4950001118705
C000000026,Z:\raw_data\C000000026\VIS-020_SW_data_14-July-2026_10-03-40,AVC,0.27492908610506855,True,1,120,prop,0.4441200001118705,0.5641200001118705,0.4506701815880825,0.0,0.0,149.9950001118705
C000000026,Z:\raw_data\C000000026\VIS-020_SW_data_14-July-2026_10-03-40,AVC,0.27492908610506855,True,1,120,sem,0.2266200001118705,0.3466200001118705,0.8974926943439481,0.3865800228482772,0.0,67.50499988812952
C000000026,Z:\raw_data\C000000026\VIS-020_SW_data_14-July-2026_10-03-40,AVC,0.27492908610506855,True,1,120,sem*prop,0.35412000011187056,0.47412000011187055,0.7348869467917051,0.5000755612532785,0.0,59.99500011187053
C000000026,Z:\raw_data\C000000026\VIS-020_SW_data_14-July-2026_10-03-40,AVC,0.27492908610506855,True,1,120,prior*energy,0.3116200001118705,0.4316200001118705,0.8631460584067079,1.0,1.0,17.495000111870496
C000000026,Z:\raw_data\C000000026\VIS-020_SW_data_14-July-2026_10-03-40,AVC,0.27492908610506855,True,1,120,prior*prop,0.3166200001118705,0.4366200001118705,0.849559922927523,1.0,1.0,22.4950001118705
C000000026,Z:\raw_data\C000000026\VIS-020_SW_data_14-July-2026_10-03-40,AVC,0.27492908610506855,True,1,120,prior*sem,0.3066200001118705,0.4266200001118705,0.8670424144627937,1.0,1.0,12.49500011187049
C000000026,Z:\raw_data\C000000026\VIS-020_SW_data_14-July-2026_10-03-40,AVC,0.27492908610506855,True,1,120,prior*sem*prop,0.3141200001118705,0.4341200001118705,0.859190932469555,1.0,1.0,19.995000111870496
C000000026,Z:\raw_data\C000000026\VIS-020_SW_data_14-July-2026_10-03-40,AVC,0.27492908610506855,True,1,120,peak,0.294455,0.414455,0.8761687286784743,1.0,1.0,0.32999999999999696
C000000026,Z:\raw_data\C000000026\VIS-020_SW_data_14-July-2026_10-03-40,AVC,0.27492908610506855,True,1,120,prior30*peak,0.294455,0.414455,0.8761687286784743,1.0,1.0,0.32999999999999696
C000000026,Z:\raw_data\C000000026\VIS-020_SW_data_14-July-2026_10-03-40,AVC,0.27492908610506855,True,1,120,prior45*peak,0.294455,0.414455,0.8761687286784743,1.0,1.0,0.32999999999999696
C000000026,Z:\raw_data\C000000026\VIS-020_SW_data_14-July-2026_10-03-40,AVC,0.27492908610506855,True,1,120,prior60*peak,0.294525,0.414525,0.8761034362104465,1.0,1.0,0.39999999999995595
C000000026,Z:\raw_data\C000000026\VIS-020_SW_data_14-July-2026_10-03-40,AVC,0.27492908610506855,True,1,120,prior90*peak,0.294455,0.414455,0.8761687286784743,1.0,1.0,0.32999999999999696
C000000026,Z:\raw_data\C000000026\VIS-020_SW_data_14-July-2026_10-03-40,MVC,0.8950749999999534,True,1,100,phase,0.8893099999998975,0.9893099999998974,,0.9631286266936966,1.0,11.689999999897505
C000000026,Z:\raw_data\C000000026\VIS-020_SW_data_14-July-2026_10-03-40,MVC,0.8950749999999534,True,1,100,energy,0.8616200001118706,0.9616200001118705,0.6617776470815436,0.9110251464200989,0.0,15.999999888129391
C000000026,Z:\raw_data\C000000026\VIS-020_SW_data_14-July-2026_10-03-40,MVC,0.8950749999999534,True,1,100,prop,0.8616200001118706,0.9616200001118705,0.6617776470815436,0.9110251464200989,0.0,15.999999888129391
C000000026,Z:\raw_data\C000000026\VIS-020_SW_data_14-July-2026_10-03-40,MVC,0.8950749999999534,True,1,100,sem,0.8491200001118706,0.9491200001118706,0.6872665080471962,0.7599129607334455,0.0,28.499999888129345
C000000026,Z:\raw_data\C000000026\VIS-020_SW_data_14-July-2026_10-03-40,MVC,0.8950749999999534,True,1,100,sem*prop,0.8691200001118706,0.9691200001118706,0.6731765585774419,1.0,1.0,8.499999888129327
C000000026,Z:\raw_data\C000000026\VIS-020_SW_data_14-July-2026_10-03-40,MVC,0.8950749999999534,True,1,100,prior*energy,0.8841200001118706,0.9841200001118706,0.6643535940985851,1.0,1.0,6.500000111870574
C000000026,Z:\raw_data\C000000026\VIS-020_SW_data_14-July-2026_10-03-40,MVC,0.8950749999999534,True,1,100,prior*prop,0.8841200001118706,0.9841200001118706,0.6643535940985851,1.0,1.0,6.500000111870574
C000000026,Z:\raw_data\C000000026\VIS-020_SW_data_14-July-2026_10-03-40,MVC,0.8950749999999534,True,1,100,prior*sem,0.8891200001118706,0.9891200001118706,0.662527102753479,0.9654255305624927,1.0,11.50000011187069
C000000026,Z:\raw_data\C000000026\VIS-020_SW_data_14-July-2026_10-03-40,MVC,0.8950749999999534,True,1,100,prior*sem*prop,0.8841200001118706,0.9841200001118706,0.6643535940985851,1.0,1.0,6.500000111870574
C000000026,Z:\raw_data\C000000026\VIS-020_SW_data_14-July-2026_10-03-40,MVC,0.8950749999999534,True,1,100,peak,0.8780425,0.9780424999999999,0.6724844803360873,1.0,1.0,0.4224999999998813
C000000026,Z:\raw_data\C000000026\VIS-020_SW_data_14-July-2026_10-03-40,MVC,0.8950749999999534,True,1,100,prior30*peak,0.8830425,0.9830424999999999,0.6656119496634612,1.0,1.0,5.422499999999997
C000000026,Z:\raw_data\C000000026\VIS-020_SW_data_14-July-2026_10-03-40,MVC,0.8950749999999534,True,1,100,prior45*peak,0.8790425,0.9790424999999999,0.6714160658113896,1.0,1.0,1.4224999999999932
C000000026,Z:\raw_data\C000000026\VIS-020_SW_data_14-July-2026_10-03-40,MVC,0.8950749999999534,True,1,100,prior60*peak,0.87833,0.97833,0.6721773111602366,1.0,1.0,0.7100000000000994
C000000026,Z:\raw_data\C000000026\VIS-020_SW_data_14-July-2026_10-03-40,MVC,0.8950749999999534,True,1,100,prior90*peak,0.8780425,0.9780424999999999,0.6724844803360873,1.0,1.0,0.4224999999998813
C000000026,Z:\raw_data\C000000026\VIS-020_SW_data_14-July-2026_10-03-40,MVC,0.8950749999999534,True,1,120,phase,0.8793099999998975,0.9993099999998974,,1.0,1.0,11.689999999897505
C000000026,Z:\raw_data\C000000026\VIS-020_SW_data_14-July-2026_10-03-40,MVC,0.8950749999999534,True,1,120,energy,0.8391200001118706,0.9591200001118706,0.633846367716475,0.8808027092827687,0.0,28.499999888129345
C000000026,Z:\raw_data\C000000026\VIS-020_SW_data_14-July-2026_10-03-40,MVC,0.8950749999999534,True,1,120,prop,0.8416200001118705,0.9616200001118705,0.6448867413512072,0.9110251464200989,0.0,25.9999998881294
C000000026,Z:\raw_data\C000000026\VIS-020_SW_data_14-July-2026_10-03-40,MVC,0.8950749999999534,True,1,120,sem,0.8741200001118707,0.9941200001118707,0.6706440055817082,1.0,1.0,6.500000111870796
C000000026,Z:\raw_data\C000000026\VIS-020_SW_data_14-July-2026_10-03-40,MVC,0.8950749999999534,True,1,120,sem*prop,0.8491200001118706,0.9691200001118706,0.661557135680618,1.0,1.0,18.499999888129338
C000000026,Z:\raw_data\C000000026\VIS-020_SW_data_14-July-2026_10-03-40,MVC,0.8950749999999534,True,1,120,prior*energy,0.8791200001118706,0.9991200001118706,0.6639480985243845,1.0,1.0,11.50000011187069
C000000026,Z:\raw_data\C000000026\VIS-020_SW_data_14-July-2026_10-03-40,MVC,0.8950749999999534,True,1,120,prior*prop,0.8791200001118706,0.9991200001118706,0.6639480985243845,1.0,1.0,11.50000011187069
C000000026,Z:\raw_data\C000000026\VIS-020_SW_data_14-July-2026_10-03-40,MVC,0.8950749999999534,True,1,120,prior*sem,0.8766200001118707,0.9966200001118707,0.6689228358131117,1.0,1.0,9.000000111870744
C000000026,Z:\raw_data\C000000026\VIS-020_SW_data_14-July-2026_10-03-40,MVC,0.8950749999999534,True,1,120,prior*sem*prop,0.8766200001118707,0.9966200001118707,0.6689228358131117,1.0,1.0,9.000000111870744
C000000026,Z:\raw_data\C000000026\VIS-020_SW_data_14-July-2026_10-03-40,MVC,0.8950749999999534,True,1,120,peak,0.8680425,0.9880425,0.664955663248191,1.0,1.0,0.42250000000010335
C000000026,Z:\raw_data\C000000026\VIS-020_SW_data_14-July-2026_10-03-40,MVC,0.8950749999999534,True,1,120,prior30*peak,0.8730424999999999,0.9930424999999999,0.6704411284286994,1.0,1.0,5.422499999999997
C000000026,Z:\raw_data\C000000026\VIS-020_SW_data_14-July-2026_10-03-40,MVC,0.8950749999999534,True,1,120,prior45*peak,0.8690424999999999,0.9890424999999999,0.6664912665566761,1.0,1.0,1.4224999999999932
C000000026,Z:\raw_data\C000000026\VIS-020_SW_data_14-July-2026_10-03-40,MVC,0.8950749999999534,True,1,120,prior60*peak,0.86833,0.98833,0.6653971491993806,1.0,1.0,0.7100000000000994
C000000026,Z:\raw_data\C000000026\VIS-020_SW_data_14-July-2026_10-03-40,MVC,0.8950749999999534,True,1,120,prior90*peak,0.8680425,0.9880425,0.664955663248191,1.0,1.0,0.42250000000010335
C000000027,Z:\raw_data\C000000027\VIS-019_SW_data_14-July-2026_09-20-26,MVC,-4.999999888241291e-06,True,1,100,phase,0.0016200001118704677,0.10162000011187047,,1.0,1.0,21.11500011187047
C000000027,Z:\raw_data\C000000027\VIS-019_SW_data_14-July-2026_09-20-26,MVC,-4.999999888241291e-06,True,1,100,energy,0.0016200001118704677,0.10162000011187047,0.9302012075902044,1.0,1.0,21.11500011187047
C000000027,Z:\raw_data\C000000027\VIS-019_SW_data_14-July-2026_09-20-26,MVC,-4.999999888241291e-06,True,1,100,prop,0.0016200001118704677,0.10162000011187047,0.9302012075902044,1.0,1.0,21.11500011187047
C000000027,Z:\raw_data\C000000027\VIS-019_SW_data_14-July-2026_09-20-26,MVC,-4.999999888241291e-06,True,1,100,sem,0.0016200001118704677,0.10162000011187047,0.9302012075902044,1.0,1.0,21.11500011187047
C000000027,Z:\raw_data\C000000027\VIS-019_SW_data_14-July-2026_09-20-26,MVC,-4.999999888241291e-06,True,1,100,sem*prop,0.0016200001118704677,0.10162000011187047,0.9302012075902044,1.0,1.0,21.11500011187047
C000000027,Z:\raw_data\C000000027\VIS-019_SW_data_14-July-2026_09-20-26,MVC,-4.999999888241291e-06,True,1,100,prior*energy,0.0016200001118704677,0.10162000011187047,0.9122327427198131,1.0,1.0,21.11500011187047
C000000027,Z:\raw_data\C000000027\VIS-019_SW_data_14-July-2026_09-20-26,MVC,-4.999999888241291e-06,True,1,100,prior*prop,0.0016200001118704677,0.10162000011187047,0.9122327427198131,1.0,1.0,21.11500011187047
C000000027,Z:\raw_data\C000000027\VIS-019_SW_data_14-July-2026_09-20-26,MVC,-4.999999888241291e-06,True,1,100,prior*sem,0.0016200001118704677,0.10162000011187047,0.9099854602452775,1.0,1.0,21.11500011187047
C000000027,Z:\raw_data\C000000027\VIS-019_SW_data_14-July-2026_09-20-26,MVC,-4.999999888241291e-06,True,1,100,prior*sem*prop,0.0016200001118704677,0.10162000011187047,0.9122327427198131,1.0,1.0,21.11500011187047
C000000027,Z:\raw_data\C000000027\VIS-019_SW_data_14-July-2026_09-20-26,MVC,-4.999999888241291e-06,True,1,100,peak,0.0016200001118704677,0.10162000011187047,0.911480477612045,1.0,1.0,21.11500011187047
C000000027,Z:\raw_data\C000000027\VIS-019_SW_data_14-July-2026_09-20-26,MVC,-4.999999888241291e-06,True,1,100,prior30*peak,0.0016200001118704677,0.10162000011187047,0.9105549961160416,1.0,1.0,21.11500011187047
C000000027,Z:\raw_data\C000000027\VIS-019_SW_data_14-July-2026_09-20-26,MVC,-4.999999888241291e-06,True,1,100,prior45*peak,0.0016200001118704677,0.10162000011187047,0.911323918323137,1.0,1.0,21.11500011187047
C000000027,Z:\raw_data\C000000027\VIS-019_SW_data_14-July-2026_09-20-26,MVC,-4.999999888241291e-06,True,1,100,prior60*peak,0.0016200001118704677,0.10162000011187047,0.9114541097318078,1.0,1.0,21.11500011187047
C000000027,Z:\raw_data\C000000027\VIS-019_SW_data_14-July-2026_09-20-26,MVC,-4.999999888241291e-06,True,1,100,prior90*peak,0.0016200001118704677,0.10162000011187047,0.911480477612045,1.0,1.0,21.11500011187047
C000000027,Z:\raw_data\C000000027\VIS-019_SW_data_14-July-2026_09-20-26,MVC,-4.999999888241291e-06,True,1,120,phase,0.0016200001118704677,0.12162000011187046,,1.0,1.0,31.115000111870465
C000000027,Z:\raw_data\C000000027\VIS-019_SW_data_14-July-2026_09-20-26,MVC,-4.999999888241291e-06,True,1,120,energy,0.0016200001118704677,0.12162000011187046,0.9227257815988762,1.0,1.0,31.115000111870465
C000000027,Z:\raw_data\C000000027\VIS-019_SW_data_14-July-2026_09-20-26,MVC,-4.999999888241291e-06,True,1,120,prop,0.0016200001118704677,0.12162000011187046,0.9227257815988762,1.0,1.0,31.115000111870465
C000000027,Z:\raw_data\C000000027\VIS-019_SW_data_14-July-2026_09-20-26,MVC,-4.999999888241291e-06,True,1,120,sem,0.0016200001118704677,0.12162000011187046,0.9227257815988762,1.0,1.0,31.115000111870465
C000000027,Z:\raw_data\C000000027\VIS-019_SW_data_14-July-2026_09-20-26,MVC,-4.999999888241291e-06,True,1,120,sem*prop,0.0016200001118704677,0.12162000011187046,0.9227257815988762,1.0,1.0,31.115000111870465
C000000027,Z:\raw_data\C000000027\VIS-019_SW_data_14-July-2026_09-20-26,MVC,-4.999999888241291e-06,True,1,120,prior*energy,0.0016200001118704677,0.12162000011187046,0.9087321897809484,1.0,1.0,31.115000111870465
C000000027,Z:\raw_data\C000000027\VIS-019_SW_data_14-July-2026_09-20-26,MVC,-4.999999888241291e-06,True,1,120,prior*prop,0.0016200001118704677,0.12162000011187046,0.9087321897809484,1.0,1.0,31.115000111870465
C000000027,Z:\raw_data\C000000027\VIS-019_SW_data_14-July-2026_09-20-26,MVC,-4.999999888241291e-06,True,1,120,prior*sem,0.0016200001118704677,0.12162000011187046,0.9066848917530214,1.0,1.0,31.115000111870465
C000000027,Z:\raw_data\C000000027\VIS-019_SW_data_14-July-2026_09-20-26,MVC,-4.999999888241291e-06,True,1,120,prior*sem*prop,0.0016200001118704677,0.12162000011187046,0.9087321897809484,1.0,1.0,31.115000111870465
C000000027,Z:\raw_data\C000000027\VIS-019_SW_data_14-July-2026_09-20-26,MVC,-4.999999888241291e-06,True,1,120,peak,0.0016200001118704677,0.12162000011187046,0.9073029993350353,1.0,1.0,31.115000111870465
C000000027,Z:\raw_data\C000000027\VIS-019_SW_data_14-July-2026_09-20-26,MVC,-4.999999888241291e-06,True,1,120,prior30*peak,0.0016200001118704677,0.12162000011187046,0.9068550214319465,1.0,1.0,31.115000111870465
C000000027,Z:\raw_data\C000000027\VIS-019_SW_data_14-July-2026_09-20-26,MVC,-4.999999888241291e-06,True,1,120,prior45*peak,0.0016200001118704677,0.12162000011187046,0.9071015375630918,1.0,1.0,31.115000111870465
C000000027,Z:\raw_data\C000000027\VIS-019_SW_data_14-July-2026_09-20-26,MVC,-4.999999888241291e-06,True,1,120,prior60*peak,0.0016200001118704677,0.12162000011187046,0.9072690689313395,1.0,1.0,31.115000111870465
C000000027,Z:\raw_data\C000000027\VIS-019_SW_data_14-July-2026_09-20-26,MVC,-4.999999888241291e-06,True,1,120,prior90*peak,0.0016200001118704677,0.12162000011187046,0.9073029993350353,1.0,1.0,31.115000111870465
C000000027,Z:\raw_data\C000000027\VIS-019_SW_data_14-July-2026_09-20-26,AVC,0.2891250633730556,True,1,100,phase,0.33115851515437206,0.4311585151543721,,1.0,1.0,2.6064848456279766
C000000027,Z:\raw_data\C000000027\VIS-019_SW_data_14-July-2026_09-20-26,AVC,0.2891250633730556,True,1,100,energy,0.45912000011187054,0.5591200001118706,0.27916436426336827,0.0,0.0,125.35500011187051
C000000027,Z:\raw_data\C000000027\VIS-019_SW_data_14-July-2026_09-20-26,AVC,0.2891250633730556,True,1,100,prop,0.45912000011187054,0.5591200001118706,0.27916436426336827,0.0,0.0,125.35500011187051
C000000027,Z:\raw_data\C000000027\VIS-019_SW_data_14-July-2026_09-20-26,AVC,0.2891250633730556,True,1,100,sem,0.27662000011187055,0.3766200001118706,0.7814491170131455,0.3821929119846758,0.0,57.14499988812949
C000000027,Z:\raw_data\C000000027\VIS-019_SW_data_14-July-2026_09-20-26,AVC,0.2891250633730556,True,1,100,sem*prop,0.3766200001118706,0.47662000011187056,0.6316534390795956,0.6178070880153241,0.0,42.855000111870545
C000000027,Z:\raw_data\C000000027\VIS-019_SW_data_14-July-2026_09-20-26,AVC,0.2891250633730556,True,1,100,prior*energy,0.33662000011187054,0.4366200001118705,0.7659174872449444,1.0,1.0,2.8550001118705093
C000000027,Z:\raw_data\C000000027\VIS-019_SW_data_14-July-2026_09-20-26,AVC,0.2891250633730556,True,1,100,prior*prop,0.36412000011187057,0.4641200001118706,0.6377370087756924,0.82390766509694,0.0,30.355000111870535
C000000027,Z:\raw_data\C000000027\VIS-019_SW_data_14-July-2026_09-20-26,AVC,0.2891250633730556,True,1,100,prior*sem,0.32912000011187054,0.42912000011187057,0.7716783851367586,1.0,1.0,4.644999888129497
C000000027,Z:\raw_data\C000000027\VIS-019_SW_data_14-July-2026_09-20-26,AVC,0.2891250633730556,True,1,100,prior*sem*prop,0.32912000011187054,0.42912000011187057,0.7716783851367586,1.0,1.0,4.644999888129497
C000000027,Z:\raw_data\C000000027\VIS-019_SW_data_14-July-2026_09-20-26,AVC,0.2891250633730556,True,1,100,peak,0.33192999999999995,0.4319299999999999,0.7706559614253187,1.0,1.0,1.8350000000000866
C000000027,Z:\raw_data\C000000027\VIS-019_SW_data_14-July-2026_09-20-26,AVC,0.2891250633730556,True,1,100,prior30*peak,0.331625,0.43162500000000004,0.7708440483339313,1.0,1.0,2.1400000000000308
C000000027,Z:\raw_data\C000000027\VIS-019_SW_data_14-July-2026_09-20-26,AVC,0.2891250633730556,True,1,100,prior45*peak,0.331625,0.43162500000000004,0.7708440483339313,1.0,1.0,2.1400000000000308
C000000027,Z:\raw_data\C000000027\VIS-019_SW_data_14-July-2026_09-20-26,AVC,0.2891250633730556,True,1,100,prior60*peak,0.331955,0.431955,0.7706405444655963,1.0,1.0,1.8100000000000338
C000000027,Z:\raw_data\C000000027\VIS-019_SW_data_14-July-2026_09-20-26,AVC,0.2891250633730556,True,1,100,prior90*peak,0.33192999999999995,0.4319299999999999,0.7706559614253187,1.0,1.0,1.8350000000000866
C000000027,Z:\raw_data\C000000027\VIS-019_SW_data_14-July-2026_09-20-26,AVC,0.2891250633730556,True,1,120,phase,0.32115851515437205,0.44115851515437204,,1.0,1.0,2.6064848456279766
C000000027,Z:\raw_data\C000000027\VIS-019_SW_data_14-July-2026_09-20-26,AVC,0.2891250633730556,True,1,120,energy,0.46912000011187055,0.5891200001118706,0.33605236209473843,0.0,0.0,145.35500011187054
C000000027,Z:\raw_data\C000000027\VIS-019_SW_data_14-July-2026_09-20-26,AVC,0.2891250633730556,True,1,120,prop,0.46912000011187055,0.5891200001118706,0.33605236209473843,0.0,0.0,145.35500011187054
C000000027,Z:\raw_data\C000000027\VIS-019_SW_data_14-July-2026_09-20-26,AVC,0.2891250633730556,True,1,120,sem,0.30162000011187057,0.42162000011187056,0.7687043767618843,1.0,1.0,22.14499988812946
C000000027,Z:\raw_data\C000000027\VIS-019_SW_data_14-July-2026_09-20-26,AVC,0.2891250633730556,True,1,120,sem*prop,0.3791200001118706,0.4991200001118706,0.5827853926748213,0.576586972599001,0.0,55.35500011187055
C000000027,Z:\raw_data\C000000027\VIS-019_SW_data_14-July-2026_09-20-26,AVC,0.2891250633730556,True,1,120,prior*energy,0.34412000011187055,0.46412000011187055,0.6344580392642782,1.0,1.0,20.355000111870524
C000000027,Z:\raw_data\C000000027\VIS-019_SW_data_14-July-2026_09-20-26,AVC,0.2891250633730556,True,1,120,prior*prop,0.34662000011187055,0.46662000011187055,0.6385467537462919,1.0,1.0,22.855000111870527
C000000027,Z:\raw_data\C000000027\VIS-019_SW_data_14-July-2026_09-20-26,AVC,0.2891250633730556,True,1,120,prior*sem,0.3191200001118705,0.4391200001118705,0.7567287673472896,1.0,1.0,4.644999888129497
C000000027,Z:\raw_data\C000000027\VIS-019_SW_data_14-July-2026_09-20-26,AVC,0.2891250633730556,True,1,120,prior*sem*prop,0.34662000011187055,0.46662000011187055,0.6385467537462919,1.0,1.0,22.855000111870527
C000000027,Z:\raw_data\C000000027\VIS-019_SW_data_14-July-2026_09-20-26,AVC,0.2891250633730556,True,1,120,peak,0.32192999999999994,0.44192999999999993,0.7524770828158488,1.0,1.0,1.8350000000000866
C000000027,Z:\raw_data\C000000027\VIS-019_SW_data_14-July-2026_09-20-26,AVC,0.2891250633730556,True,1,120,prior30*peak,0.321625,0.441625,0.7534092184864646,1.0,1.0,2.1400000000000308
C000000027,Z:\raw_data\C000000027\VIS-019_SW_data_14-July-2026_09-20-26,AVC,0.2891250633730556,True,1,120,prior45*peak,0.321625,0.441625,0.7534092184864646,1.0,1.0,2.1400000000000308
C000000027,Z:\raw_data\C000000027\VIS-019_SW_data_14-July-2026_09-20-26,AVC,0.2891250633730556,True,1,120,prior60*peak,0.321955,0.441955,0.7524006782526834,1.0,1.0,1.8100000000000338
C000000027,Z:\raw_data\C000000027\VIS-019_SW_data_14-July-2026_09-20-26,AVC,0.2891250633730556,True,1,120,prior90*peak,0.32192999999999994,0.44192999999999993,0.7524770828158488,1.0,1.0,1.8350000000000866
C000000027,Z:\raw_data\C000000027\VIS-019_SW_data_14-July-2026_09-20-26,MVC,0.8955730000003241,True,1,100,phase,0.8898080000002682,0.9898080000002681,,0.9703298207161876,1.0,15.633000000268238
C000000027,Z:\raw_data\C000000027\VIS-019_SW_data_14-July-2026_09-20-26,MVC,0.8955730000003241,True,1,100,energy,0.8691200001118706,0.9691200001118706,0.9258357775721071,1.0,1.0,5.054999888129297
C000000027,Z:\raw_data\C000000027\VIS-019_SW_data_14-July-2026_09-20-26,MVC,0.8955730000003241,True,1,100,prop,0.8841200001118706,0.9841200001118706,0.922530443584587,1.0,1.0,9.945000111870606
C000000027,Z:\raw_data\C000000027\VIS-019_SW_data_14-July-2026_09-20-26,MVC,0.8955730000003241,True,1,100,sem,0.8716200001118706,0.9716200001118706,0.9261920746053631,1.0,1.0,2.55499988812935
C000000027,Z:\raw_data\C000000027\VIS-019_SW_data_14-July-2026_09-20-26,MVC,0.8955730000003241,True,1,100,sem*prop,0.8841200001118706,0.9841200001118706,0.922530443584587,1.0,1.0,9.945000111870606
C000000027,Z:\raw_data\C000000027\VIS-019_SW_data_14-July-2026_09-20-26,MVC,0.8955730000003241,True,1,100,prior*energy,0.8916200001118706,0.9916200001118706,0.9202691016931752,0.9455316804178102,0.0,17.44500011187067
C000000027,Z:\raw_data\C000000027\VIS-019_SW_data_14-July-2026_09-20-26,MVC,0.8955730000003241,True,1,100,prior*prop,0.8916200001118706,0.9916200001118706,0.9202691016931752,0.9455316804178102,0.0,17.44500011187067
C000000027,Z:\raw_data\C000000027\VIS-019_SW_data_14-July-2026_09-20-26,MVC,0.8955730000003241,True,1,100,prior*sem,0.8891200001118706,0.9891200001118706,0.9213537479407774,0.9797454480378998,1.0,14.945000111870721
C000000027,Z:\raw_data\C000000027\VIS-019_SW_data_14-July-2026_09-20-26,MVC,0.8955730000003241,True,1,100,prior*sem*prop,0.8916200001118706,0.9916200001118706,0.9202691016931752,0.9455316804178102,0.0,17.44500011187067
C000000027,Z:\raw_data\C000000027\VIS-019_SW_data_14-July-2026_09-20-26,MVC,0.8955730000003241,True,1,100,peak,0.8858300000000001,0.9858300000000001,0.9222344253248321,1.0,1.0,11.655000000000193
C000000027,Z:\raw_data\C000000027\VIS-019_SW_data_14-July-2026_09-20-26,MVC,0.8955730000003241,True,1,100,prior30*peak,0.8880425,0.9880424999999999,0.9216743776586814,0.9944915834131658,1.0,13.867499999999922
C000000027,Z:\raw_data\C000000027\VIS-019_SW_data_14-July-2026_09-20-26,MVC,0.8955730000003241,True,1,100,prior45*peak,0.8865425,0.9865425,0.9221110843751984,1.0,1.0,12.367500000000087
C000000027,Z:\raw_data\C000000027\VIS-019_SW_data_14-July-2026_09-20-26,MVC,0.8955730000003241,True,1,100,prior60*peak,0.8859500000000001,0.9859500000000001,0.9222136521122622,1.0,1.0,11.775000000000091
C000000027,Z:\raw_data\C000000027\VIS-019_SW_data_14-July-2026_09-20-26,MVC,0.8955730000003241,True,1,100,prior90*peak,0.8858300000000001,0.9858300000000001,0.9222344253248321,1.0,1.0,11.655000000000193
C000000027,Z:\raw_data\C000000027\VIS-019_SW_data_14-July-2026_09-20-26,MVC,0.8955730000003241,True,1,120,phase,0.8798080000002682,0.9998080000002681,,1.0,1.0,15.633000000268238
C000000027,Z:\raw_data\C000000027\VIS-019_SW_data_14-July-2026_09-20-26,MVC,0.8955730000003241,True,1,120,energy,0.8616200001118706,0.9816200001118706,0.9160461086407697,1.0,1.0,2.55499988812935
C000000027,Z:\raw_data\C000000027\VIS-019_SW_data_14-July-2026_09-20-26,MVC,0.8955730000003241,True,1,120,prop,0.8791200001118706,0.9991200001118706,0.9168231642231581,1.0,1.0,14.945000111870721
C000000027,Z:\raw_data\C000000027\VIS-019_SW_data_14-July-2026_09-20-26,MVC,0.8955730000003241,True,1,120,sem,0.8716200001118706,0.9916200001118706,0.9190506575902572,1.0,1.0,7.445000111870659
C000000027,Z:\raw_data\C000000027\VIS-019_SW_data_14-July-2026_09-20-26,MVC,0.8955730000003241,True,1,120,sem*prop,0.8766200001118707,0.9966200001118707,0.9180456537166582,1.0,1.0,12.445000111870774
C000000027,Z:\raw_data\C000000027\VIS-019_SW_data_14-July-2026_09-20-26,MVC,0.8955730000003241,True,1,120,prior*energy,0.8791200001118706,0.9991200001118706,0.9168231642231581,1.0,1.0,14.945000111870721
C000000027,Z:\raw_data\C000000027\VIS-019_SW_data_14-July-2026_09-20-26,MVC,0.8955730000003241,True,1,120,prior*prop,0.8791200001118706,0.9991200001118706,0.9168231642231581,1.0,1.0,14.945000111870721
C000000027,Z:\raw_data\C000000027\VIS-019_SW_data_14-July-2026_09-20-26,MVC,0.8955730000003241,True,1,120,prior*sem,0.8791200001118706,0.9991200001118706,0.9168231642231581,1.0,1.0,14.945000111870721
C000000027,Z:\raw_data\C000000027\VIS-019_SW_data_14-July-2026_09-20-26,MVC,0.8955730000003241,True,1,120,prior*sem*prop,0.8791200001118706,0.9991200001118706,0.9168231642231581,1.0,1.0,14.945000111870721
C000000027,Z:\raw_data\C000000027\VIS-019_SW_data_14-July-2026_09-20-26,MVC,0.8955730000003241,True,1,120,peak,0.8758300000000001,0.9958300000000001,0.918220508251359,1.0,1.0,11.655000000000193
C000000027,Z:\raw_data\C000000027\VIS-019_SW_data_14-July-2026_09-20-26,MVC,0.8955730000003241,True,1,120,prior30*peak,0.8780425000000001,0.9980425,0.917350057249561,1.0,1.0,13.867500000000144
C000000027,Z:\raw_data\C000000027\VIS-019_SW_data_14-July-2026_09-20-26,MVC,0.8955730000003241,True,1,120,prior45*peak,0.8765425,0.9965425,0.9180628071901791,1.0,1.0,12.367500000000087
C000000027,Z:\raw_data\C000000027\VIS-019_SW_data_14-July-2026_09-20-26,MVC,0.8955730000003241,True,1,120,prior60*peak,0.8759500000000002,0.9959500000000002,0.918193948072634,1.0,1.0,11.775000000000313
C000000027,Z:\raw_data\C000000027\VIS-019_SW_data_14-July-2026_09-20-26,MVC,0.8955730000003241,True,1,120,prior90*peak,0.8758300000000001,0.9958300000000001,0.918220508251359,1.0,1.0,11.655000000000193
C000000028,Z:\raw_data\C000000028\VIS-018_SW_data_14-July-2026_08-30-41,MVC,-5.999999993946403e-06,True,1,100,phase,0.0016200001118704677,0.10162000011187047,,1.0,1.0,4.920000111870472
C000000028,Z:\raw_data\C000000028\VIS-018_SW_data_14-July-2026_08-30-41,MVC,-5.999999993946403e-06,True,1,100,energy,0.0016200001118704677,0.10162000011187047,0.7957633763594971,1.0,1.0,4.920000111870472
C000000028,Z:\raw_data\C000000028\VIS-018_SW_data_14-July-2026_08-30-41,MVC,-5.999999993946403e-06,True,1,100,prop,0.0016200001118704677,0.10162000011187047,0.804312822311709,1.0,1.0,4.920000111870472
C000000028,Z:\raw_data\C000000028\VIS-018_SW_data_14-July-2026_08-30-41,MVC,-5.999999993946403e-06,True,1,100,sem,0.05662000011187049,0.1566200001118705,0.9022618918016503,0.37593796758541154,0.0,59.92000011187049
C000000028,Z:\raw_data\C000000028\VIS-018_SW_data_14-July-2026_08-30-41,MVC,-5.999999993946403e-06,True,1,100,sem*prop,0.0016200001118704677,0.10162000011187047,0.804312822311709,1.0,1.0,4.920000111870472
C000000028,Z:\raw_data\C000000028\VIS-018_SW_data_14-July-2026_08-30-41,MVC,-5.999999993946403e-06,True,1,100,prior*energy,0.0016200001118704677,0.10162000011187047,0.7982418314351319,1.0,1.0,4.920000111870472
C000000028,Z:\raw_data\C000000028\VIS-018_SW_data_14-July-2026_08-30-41,MVC,-5.999999993946403e-06,True,1,100,prior*prop,0.0016200001118704677,0.10162000011187047,0.7982418314351319,1.0,1.0,4.920000111870472
C000000028,Z:\raw_data\C000000028\VIS-018_SW_data_14-July-2026_08-30-41,MVC,-5.999999993946403e-06,True,1,100,prior*sem,0.0016200001118704677,0.10162000011187047,0.7998261178480846,1.0,1.0,4.920000111870472
C000000028,Z:\raw_data\C000000028\VIS-018_SW_data_14-July-2026_08-30-41,MVC,-5.999999993946403e-06,True,1,100,prior*sem*prop,0.0016200001118704677,0.10162000011187047,0.799522970077164,1.0,1.0,4.920000111870472
C000000028,Z:\raw_data\C000000028\VIS-018_SW_data_14-July-2026_08-30-41,MVC,-5.999999993946403e-06,True,1,100,peak,0.0016200001118704677,0.10162000011187047,0.7996811184383685,1.0,1.0,4.920000111870472
C000000028,Z:\raw_data\C000000028\VIS-018_SW_data_14-July-2026_08-30-41,MVC,-5.999999993946403e-06,True,1,100,prior30*peak,0.0016200001118704677,0.10162000011187047,0.7997137369373198,1.0,1.0,4.920000111870472
C000000028,Z:\raw_data\C000000028\VIS-018_SW_data_14-July-2026_08-30-41,MVC,-5.999999993946403e-06,True,1,100,prior45*peak,0.0016200001118704677,0.10162000011187047,0.799647225779302,1.0,1.0,4.920000111870472
C000000028,Z:\raw_data\C000000028\VIS-018_SW_data_14-July-2026_08-30-41,MVC,-5.999999993946403e-06,True,1,100,prior60*peak,0.0016200001118704677,0.10162000011187047,0.799651812755717,1.0,1.0,4.920000111870472
C000000028,Z:\raw_data\C000000028\VIS-018_SW_data_14-July-2026_08-30-41,MVC,-5.999999993946403e-06,True,1,100,prior90*peak,0.0016200001118704677,0.10162000011187047,0.7996811184383685,1.0,1.0,4.920000111870472
C000000028,Z:\raw_data\C000000028\VIS-018_SW_data_14-July-2026_08-30-41,MVC,-5.999999993946403e-06,True,1,120,phase,0.0016200001118704677,0.12162000011187046,,1.0,1.0,14.920000111870467
C000000028,Z:\raw_data\C000000028\VIS-018_SW_data_14-July-2026_08-30-41,MVC,-5.999999993946403e-06,True,1,120,energy,0.0016200001118704677,0.12162000011187046,0.7957633763594971,1.0,1.0,14.920000111870467
C000000028,Z:\raw_data\C000000028\VIS-018_SW_data_14-July-2026_08-30-41,MVC,-5.999999993946403e-06,True,1,120,prop,0.0016200001118704677,0.12162000011187046,0.7973346033259973,1.0,1.0,14.920000111870467
C000000028,Z:\raw_data\C000000028\VIS-018_SW_data_14-July-2026_08-30-41,MVC,-5.999999993946403e-06,True,1,120,sem,0.05662000011187049,0.17662000011187048,0.8992941044678414,0.37593796758541154,0.0,69.9200001118705
C000000028,Z:\raw_data\C000000028\VIS-018_SW_data_14-July-2026_08-30-41,MVC,-5.999999993946403e-06,True,1,120,sem*prop,0.0016200001118704677,0.12162000011187046,0.7973346033259973,1.0,1.0,14.920000111870467
C000000028,Z:\raw_data\C000000028\VIS-018_SW_data_14-July-2026_08-30-41,MVC,-5.999999993946403e-06,True,1,120,prior*energy,0.0016200001118704677,0.12162000011187046,0.7994055601413576,1.0,1.0,14.920000111870467
C000000028,Z:\raw_data\C000000028\VIS-018_SW_data_14-July-2026_08-30-41,MVC,-5.999999993946403e-06,True,1,120,prior*prop,0.0016200001118704677,0.12162000011187046,0.7994055601413576,1.0,1.0,14.920000111870467
C000000028,Z:\raw_data\C000000028\VIS-018_SW_data_14-July-2026_08-30-41,MVC,-5.999999993946403e-06,True,1,120,prior*sem,0.0016200001118704677,0.12162000011187046,0.7995186213138661,1.0,1.0,14.920000111870467
C000000028,Z:\raw_data\C000000028\VIS-018_SW_data_14-July-2026_08-30-41,MVC,-5.999999993946403e-06,True,1,120,prior*sem*prop,0.0016200001118704677,0.12162000011187046,0.7994055601413576,1.0,1.0,14.920000111870467
C000000028,Z:\raw_data\C000000028\VIS-018_SW_data_14-July-2026_08-30-41,MVC,-5.999999993946403e-06,True,1,120,peak,0.0016200001118704677,0.12162000011187046,0.7991029582972089,1.0,1.0,14.920000111870467
C000000028,Z:\raw_data\C000000028\VIS-018_SW_data_14-July-2026_08-30-41,MVC,-5.999999993946403e-06,True,1,120,prior30*peak,0.0016200001118704677,0.12162000011187046,0.7991964642204362,1.0,1.0,14.920000111870467
C000000028,Z:\raw_data\C000000028\VIS-018_SW_data_14-July-2026_08-30-41,MVC,-5.999999993946403e-06,True,1,120,prior45*peak,0.0016200001118704677,0.12162000011187046,0.7990057997988556,1.0,1.0,14.920000111870467
C000000028,Z:\raw_data\C000000028\VIS-018_SW_data_14-July-2026_08-30-41,MVC,-5.999999993946403e-06,True,1,120,prior60*peak,0.0016200001118704677,0.12162000011187046,0.7990189490693094,1.0,1.0,14.920000111870467
C000000028,Z:\raw_data\C000000028\VIS-018_SW_data_14-July-2026_08-30-41,MVC,-5.999999993946403e-06,True,1,120,prior90*peak,0.0016200001118704677,0.12162000011187046,0.7991029582972089,1.0,1.0,14.920000111870467
C000000028,Z:\raw_data\C000000028\VIS-018_SW_data_14-July-2026_08-30-41,AVC,0.3106192104903207,True,1,100,phase,0.35286050409671316,0.4528605040967132,,0.5416395185503607,0.0,46.67050409671314
C000000028,Z:\raw_data\C000000028\VIS-018_SW_data_14-July-2026_08-30-41,AVC,0.3106192104903207,True,1,100,energy,0.32162000011187053,0.4216200001118705,0.8239797996697633,0.9323411691862113,0.0,15.430000111870513
C000000028,Z:\raw_data\C000000028\VIS-018_SW_data_14-July-2026_08-30-41,AVC,0.3106192104903207,True,1,100,prop,0.30662000011187057,0.4066200001118706,0.8239306541610054,1.0,1.0,0.4300001118705543
C000000028,Z:\raw_data\C000000028\VIS-018_SW_data_14-July-2026_08-30-41,AVC,0.3106192104903207,True,1,100,sem,0.35662000011187056,0.45662000011187054,0.8414887229428357,0.49462230975649635,0.0,50.43000011187054
C000000028,Z:\raw_data\C000000028\VIS-018_SW_data_14-July-2026_08-30-41,AVC,0.3106192104903207,True,1,100,sem*prop,0.30662000011187057,0.4066200001118706,0.8239306541610054,1.0,1.0,0.4300001118705543
C000000028,Z:\raw_data\C000000028\VIS-018_SW_data_14-July-2026_08-30-41,AVC,0.3106192104903207,True,1,100,prior*energy,0.33662000011187054,0.4366200001118705,0.8254190736078886,0.7447473722877621,0.0,30.430000111870527
C000000028,Z:\raw_data\C000000028\VIS-018_SW_data_14-July-2026_08-30-41,AVC,0.3106192104903207,True,1,100,prior*prop,0.33662000011187054,0.4366200001118705,0.8254190736078886,0.7447473722877621,0.0,30.430000111870527
C000000028,Z:\raw_data\C000000028\VIS-018_SW_data_14-July-2026_08-30-41,AVC,0.3106192104903207,True,1,100,prior*sem,0.35662000011187056,0.45662000011187054,0.8414887229428357,0.49462230975649635,0.0,50.43000011187054
C000000028,Z:\raw_data\C000000028\VIS-018_SW_data_14-July-2026_08-30-41,AVC,0.3106192104903207,True,1,100,prior*sem*prop,0.33662000011187054,0.4366200001118705,0.8254190736078886,0.7447473722877621,0.0,30.430000111870527
C000000028,Z:\raw_data\C000000028\VIS-018_SW_data_14-July-2026_08-30-41,AVC,0.3106192104903207,True,1,100,peak,0.30695500000000003,0.40695500000000007,0.8239565887234226,1.0,1.0,0.7650000000000157
C000000028,Z:\raw_data\C000000028\VIS-018_SW_data_14-July-2026_08-30-41,AVC,0.3106192104903207,True,1,100,prior30*peak,0.319455,0.419455,0.8242146137356171,0.9594172086043022,1.0,13.264999999999972
C000000028,Z:\raw_data\C000000028\VIS-018_SW_data_14-July-2026_08-30-41,AVC,0.3106192104903207,True,1,100,prior45*peak,0.30945500000000004,0.409455,0.8241473729721519,1.0,1.0,3.265000000000018
C000000028,Z:\raw_data\C000000028\VIS-018_SW_data_14-July-2026_08-30-41,AVC,0.3106192104903207,True,1,100,prior60*peak,0.307025,0.40702499999999997,0.8239620078875285,1.0,1.0,0.8349999999999747
C000000028,Z:\raw_data\C000000028\VIS-018_SW_data_14-July-2026_08-30-41,AVC,0.3106192104903207,True,1,100,prior90*peak,0.30695500000000003,0.40695500000000007,0.8239565887234226,1.0,1.0,0.7650000000000157
C000000028,Z:\raw_data\C000000028\VIS-018_SW_data_14-July-2026_08-30-41,AVC,0.3106192104903207,True,1,120,phase,0.34286050409671315,0.46286050409671314,,0.6667020498159937,0.0,46.67050409671314
C000000028,Z:\raw_data\C000000028\VIS-018_SW_data_14-July-2026_08-30-41,AVC,0.3106192104903207,True,1,120,energy,0.3066200001118705,0.4266200001118705,0.8181473992669074,1.0,1.0,10.430000111870507
C000000028,Z:\raw_data\C000000028\VIS-018_SW_data_14-July-2026_08-30-41,AVC,0.3106192104903207,True,1,120,prop,0.29912000011187057,0.41912000011187056,0.821870200773356,1.0,1.0,2.9300001118705565
C000000028,Z:\raw_data\C000000028\VIS-018_SW_data_14-July-2026_08-30-41,AVC,0.3106192104903207,True,1,120,sem,0.35662000011187056,0.47662000011187056,0.8254539964729833,0.49462230975649635,0.0,60.430000111870555
C000000028,Z:\raw_data\C000000028\VIS-018_SW_data_14-July-2026_08-30-41,AVC,0.3106192104903207,True,1,120,sem*prop,0.29912000011187057,0.41912000011187056,0.821870200773356,1.0,1.0,2.9300001118705565
C000000028,Z:\raw_data\C000000028\VIS-018_SW_data_14-July-2026_08-30-41,AVC,0.3106192104903207,True,1,120,prior*energy,0.33662000011187054,0.45662000011187054,0.8156543375908114,0.7447473722877621,0.0,40.430000111870534
C000000028,Z:\raw_data\C000000028\VIS-018_SW_data_14-July-2026_08-30-41,AVC,0.3106192104903207,True,1,120,prior*prop,0.33412000011187054,0.45412000011187054,0.8143618669827378,0.7760130051041703,0.0,37.930000111870534
C000000028,Z:\raw_data\C000000028\VIS-018_SW_data_14-July-2026_08-30-41,AVC,0.3106192104903207,True,1,120,prior*sem,0.34162000011187055,0.46162000011187054,0.8128606252160931,0.6822161066549456,0.0,45.43000011187054
C000000028,Z:\raw_data\C000000028\VIS-018_SW_data_14-July-2026_08-30-41,AVC,0.3106192104903207,True,1,120,prior*sem*prop,0.33412000011187054,0.45412000011187054,0.8143618669827378,0.7760130051041703,0.0,37.930000111870534
C000000028,Z:\raw_data\C000000028\VIS-018_SW_data_14-July-2026_08-30-41,AVC,0.3106192104903207,True,1,120,peak,0.296955,0.416955,0.8223658430477155,1.0,1.0,0.7650000000000157
C000000028,Z:\raw_data\C000000028\VIS-018_SW_data_14-July-2026_08-30-41,AVC,0.3106192104903207,True,1,120,prior30*peak,0.309455,0.429455,0.8172910782034957,1.0,1.0,13.264999999999972
C000000028,Z:\raw_data\C000000028\VIS-018_SW_data_14-July-2026_08-30-41,AVC,0.3106192104903207,True,1,120,prior45*peak,0.299455,0.419455,0.8218102998436504,1.0,1.0,3.265000000000018
C000000028,Z:\raw_data\C000000028\VIS-018_SW_data_14-July-2026_08-30-41,AVC,0.3106192104903207,True,1,120,prior60*peak,0.297025,0.417025,0.8223498176632295,1.0,1.0,0.8349999999999747
C000000028,Z:\raw_data\C000000028\VIS-018_SW_data_14-July-2026_08-30-41,AVC,0.3106192104903207,True,1,120,prior90*peak,0.296955,0.416955,0.8223658430477155,1.0,1.0,0.7650000000000157
C000000028,Z:\raw_data\C000000028\VIS-018_SW_data_14-July-2026_08-30-41,MVC,1.1070890000000364,True,1,100,phase,1.0993400454521178,1.199340045452118,,1.0,1.0,5.280045452117799
C000000028,Z:\raw_data\C000000028\VIS-018_SW_data_14-July-2026_08-30-41,MVC,1.1070890000000364,True,1,100,energy,1.0993400454521178,1.199340045452118,0.838866530891245,1.0,1.0,5.280045452117799
C000000028,Z:\raw_data\C000000028\VIS-018_SW_data_14-July-2026_08-30-41,MVC,1.1070890000000364,True,1,100,prop,1.0993400454521178,1.199340045452118,0.86084346224495,1.0,1.0,5.280045452117799
C000000028,Z:\raw_data\C000000028\VIS-018_SW_data_14-July-2026_08-30-41,MVC,1.1070890000000364,True,1,100,sem,1.0993400454521178,1.199340045452118,0.8669458134074657,1.0,1.0,5.280045452117799
C000000028,Z:\raw_data\C000000028\VIS-018_SW_data_14-July-2026_08-30-41,MVC,1.1070890000000364,True,1,100,sem*prop,1.0993400454521178,1.199340045452118,0.86084346224495,1.0,1.0,5.280045452117799
C000000028,Z:\raw_data\C000000028\VIS-018_SW_data_14-July-2026_08-30-41,MVC,1.1070890000000364,True,1,100,prior*energy,1.0993400454521178,1.199340045452118,0.8570996034413236,1.0,1.0,5.280045452117799
C000000028,Z:\raw_data\C000000028\VIS-018_SW_data_14-July-2026_08-30-41,MVC,1.1070890000000364,True,1,100,prior*prop,1.0966200001118707,1.1966200001118708,0.8574555884968015,1.0,1.0,2.5600001118706306
C000000028,Z:\raw_data\C000000028\VIS-018_SW_data_14-July-2026_08-30-41,MVC,1.1070890000000364,True,1,100,prior*sem,1.0991200001118706,1.1991200001118707,0.8576454472934476,1.0,1.0,5.060000111870577
C000000028,Z:\raw_data\C000000028\VIS-018_SW_data_14-July-2026_08-30-41,MVC,1.1070890000000364,True,1,100,prior*sem*prop,1.0966200001118707,1.1966200001118708,0.8574555884968015,1.0,1.0,2.5600001118706306
C000000028,Z:\raw_data\C000000028\VIS-018_SW_data_14-July-2026_08-30-41,MVC,1.1070890000000364,True,1,100,peak,1.0993400454521178,1.199340045452118,0.8575233094116144,1.0,1.0,5.280045452117799
C000000028,Z:\raw_data\C000000028\VIS-018_SW_data_14-July-2026_08-30-41,MVC,1.1070890000000364,True,1,100,prior30*peak,1.0993400454521178,1.199340045452118,0.8575507850708484,1.0,1.0,5.280045452117799
C000000028,Z:\raw_data\C000000028\VIS-018_SW_data_14-July-2026_08-30-41,MVC,1.1070890000000364,True,1,100,prior45*peak,1.0993400454521178,1.199340045452118,0.8574947604844416,1.0,1.0,5.280045452117799
C000000028,Z:\raw_data\C000000028\VIS-018_SW_data_14-July-2026_08-30-41,MVC,1.1070890000000364,True,1,100,prior60*peak,1.0993400454521178,1.199340045452118,0.8574986242490213,1.0,1.0,5.280045452117799
C000000028,Z:\raw_data\C000000028\VIS-018_SW_data_14-July-2026_08-30-41,MVC,1.1070890000000364,True,1,100,prior90*peak,1.0993400454521178,1.199340045452118,0.8575233094116144,1.0,1.0,5.280045452117799
C000000028,Z:\raw_data\C000000028\VIS-018_SW_data_14-July-2026_08-30-41,MVC,1.1070890000000364,True,1,120,phase,1.0793400454521178,1.199340045452118,,1.0,1.0,4.71995454788221
C000000028,Z:\raw_data\C000000028\VIS-018_SW_data_14-July-2026_08-30-41,MVC,1.1070890000000364,True,1,120,energy,1.0793400454521178,1.199340045452118,0.838866530891245,1.0,1.0,4.71995454788221
C000000028,Z:\raw_data\C000000028\VIS-018_SW_data_14-July-2026_08-30-41,MVC,1.1070890000000364,True,1,120,prop,1.0793400454521178,1.199340045452118,0.86084346224495,1.0,1.0,4.71995454788221
C000000028,Z:\raw_data\C000000028\VIS-018_SW_data_14-July-2026_08-30-41,MVC,1.1070890000000364,True,1,120,sem,1.0793400454521178,1.199340045452118,0.86084346224495,1.0,1.0,4.71995454788221
C000000028,Z:\raw_data\C000000028\VIS-018_SW_data_14-July-2026_08-30-41,MVC,1.1070890000000364,True,1,120,sem*prop,1.0793400454521178,1.199340045452118,0.86084346224495,1.0,1.0,4.71995454788221
C000000028,Z:\raw_data\C000000028\VIS-018_SW_data_14-July-2026_08-30-41,MVC,1.1070890000000364,True,1,120,prior*energy,1.0793400454521178,1.199340045452118,0.8576454472934476,1.0,1.0,4.71995454788221
C000000028,Z:\raw_data\C000000028\VIS-018_SW_data_14-July-2026_08-30-41,MVC,1.1070890000000364,True,1,120,prior*prop,1.0793400454521178,1.199340045452118,0.857196598410682,1.0,1.0,4.71995454788221
C000000028,Z:\raw_data\C000000028\VIS-018_SW_data_14-July-2026_08-30-41,MVC,1.1070890000000364,True,1,120,prior*sem,1.0793400454521178,1.199340045452118,0.8565583198043679,1.0,1.0,4.71995454788221
C000000028,Z:\raw_data\C000000028\VIS-018_SW_data_14-July-2026_08-30-41,MVC,1.1070890000000364,True,1,120,prior*sem*prop,1.0793400454521178,1.199340045452118,0.857196598410682,1.0,1.0,4.71995454788221
C000000028,Z:\raw_data\C000000028\VIS-018_SW_data_14-July-2026_08-30-41,MVC,1.1070890000000364,True,1,120,peak,1.0793400454521178,1.199340045452118,0.856184377514013,1.0,1.0,4.71995454788221
C000000028,Z:\raw_data\C000000028\VIS-018_SW_data_14-July-2026_08-30-41,MVC,1.1070890000000364,True,1,120,prior30*peak,1.0793400454521178,1.199340045452118,0.8560733227386164,1.0,1.0,4.71995454788221
C000000028,Z:\raw_data\C000000028\VIS-018_SW_data_14-July-2026_08-30-41,MVC,1.1070890000000364,True,1,120,prior45*peak,1.0793400454521178,1.199340045452118,0.8562997703665735,1.0,1.0,4.71995454788221
C000000028,Z:\raw_data\C000000028\VIS-018_SW_data_14-July-2026_08-30-41,MVC,1.1070890000000364,True,1,120,prior60*peak,1.0793400454521178,1.199340045452118,0.8562841532887834,1.0,1.0,4.71995454788221
C000000028,Z:\raw_data\C000000028\VIS-018_SW_data_14-July-2026_08-30-41,MVC,1.1070890000000364,True,1,120,prior90*peak,1.0793400454521178,1.199340045452118,0.856184377514013,1.0,1.0,4.71995454788221
C000000029,Z:\raw_data\C000000029\VIS-031_SW_data_24-July-2026_11-11-50,MVC,-5.000000004656613e-06,True,1,100,phase,0.0016200001118704677,0.10162000011187047,,1.0,1.0,18.365000111870472
C000000029,Z:\raw_data\C000000029\VIS-031_SW_data_24-July-2026_11-11-50,MVC,-5.000000004656613e-06,True,1,100,energy,0.0016200001118704677,0.10162000011187047,0.5420892222120302,1.0,1.0,18.365000111870472
C000000029,Z:\raw_data\C000000029\VIS-031_SW_data_24-July-2026_11-11-50,MVC,-5.000000004656613e-06,True,1,100,prop,0.0016200001118704677,0.10162000011187047,0.5420892222120302,1.0,1.0,18.365000111870472
C000000029,Z:\raw_data\C000000029\VIS-031_SW_data_24-July-2026_11-11-50,MVC,-5.000000004656613e-06,True,1,100,sem,0.051620000111870484,0.1516200001118705,0.599874925881618,0.1937635465754464,0.0,68.3650001118705
C000000029,Z:\raw_data\C000000029\VIS-031_SW_data_24-July-2026_11-11-50,MVC,-5.000000004656613e-06,True,1,100,sem*prop,0.0016200001118704677,0.10162000011187047,0.5420892222120302,1.0,1.0,18.365000111870472
C000000029,Z:\raw_data\C000000029\VIS-031_SW_data_24-July-2026_11-11-50,MVC,-5.000000004656613e-06,True,1,100,prior*energy,0.0016200001118704677,0.10162000011187047,0.5513193816934964,1.0,1.0,18.365000111870472
C000000029,Z:\raw_data\C000000029\VIS-031_SW_data_24-July-2026_11-11-50,MVC,-5.000000004656613e-06,True,1,100,prior*prop,0.0016200001118704677,0.10162000011187047,0.5513193816934964,1.0,1.0,18.365000111870472
C000000029,Z:\raw_data\C000000029\VIS-031_SW_data_24-July-2026_11-11-50,MVC,-5.000000004656613e-06,True,1,100,prior*sem,0.0016200001118704677,0.10162000011187047,0.5626314327589865,1.0,1.0,18.365000111870472
C000000029,Z:\raw_data\C000000029\VIS-031_SW_data_24-July-2026_11-11-50,MVC,-5.000000004656613e-06,True,1,100,prior*sem*prop,0.0016200001118704677,0.10162000011187047,0.5513193816934964,1.0,1.0,18.365000111870472
C000000029,Z:\raw_data\C000000029\VIS-031_SW_data_24-July-2026_11-11-50,MVC,-5.000000004656613e-06,True,1,100,peak,0.0016200001118704677,0.10162000011187047,0.551307300433073,1.0,1.0,18.365000111870472
C000000029,Z:\raw_data\C000000029\VIS-031_SW_data_24-July-2026_11-11-50,MVC,-5.000000004656613e-06,True,1,100,prior30*peak,0.0016200001118704677,0.10162000011187047,0.5514900719790208,1.0,1.0,18.365000111870472
C000000029,Z:\raw_data\C000000029\VIS-031_SW_data_24-July-2026_11-11-50,MVC,-5.000000004656613e-06,True,1,100,prior45*peak,0.0016200001118704677,0.10162000011187047,0.5508792911166132,1.0,1.0,18.365000111870472
C000000029,Z:\raw_data\C000000029\VIS-031_SW_data_24-July-2026_11-11-50,MVC,-5.000000004656613e-06,True,1,100,prior60*peak,0.0016200001118704677,0.10162000011187047,0.5511534484355347,1.0,1.0,18.365000111870472
C000000029,Z:\raw_data\C000000029\VIS-031_SW_data_24-July-2026_11-11-50,MVC,-5.000000004656613e-06,True,1,100,prior90*peak,0.0016200001118704677,0.10162000011187047,0.551307300433073,1.0,1.0,18.365000111870472
C000000029,Z:\raw_data\C000000029\VIS-031_SW_data_24-July-2026_11-11-50,MVC,-5.000000004656613e-06,True,1,120,phase,0.0016200001118704677,0.12162000011187046,,1.0,1.0,28.365000111870465
C000000029,Z:\raw_data\C000000029\VIS-031_SW_data_24-July-2026_11-11-50,MVC,-5.000000004656613e-06,True,1,120,energy,0.0016200001118704677,0.12162000011187046,0.5436452370924914,1.0,1.0,28.365000111870465
C000000029,Z:\raw_data\C000000029\VIS-031_SW_data_24-July-2026_11-11-50,MVC,-5.000000004656613e-06,True,1,120,prop,0.0016200001118704677,0.12162000011187046,0.5436452370924914,1.0,1.0,28.365000111870465
C000000029,Z:\raw_data\C000000029\VIS-031_SW_data_24-July-2026_11-11-50,MVC,-5.000000004656613e-06,True,1,120,sem,0.0016200001118704677,0.12162000011187046,0.5738670935492987,1.0,1.0,28.365000111870465
C000000029,Z:\raw_data\C000000029\VIS-031_SW_data_24-July-2026_11-11-50,MVC,-5.000000004656613e-06,True,1,120,sem*prop,0.0016200001118704677,0.12162000011187046,0.5436452370924914,1.0,1.0,28.365000111870465
C000000029,Z:\raw_data\C000000029\VIS-031_SW_data_24-July-2026_11-11-50,MVC,-5.000000004656613e-06,True,1,120,prior*energy,0.0016200001118704677,0.12162000011187046,0.5626314327589865,1.0,1.0,28.365000111870465
C000000029,Z:\raw_data\C000000029\VIS-031_SW_data_24-July-2026_11-11-50,MVC,-5.000000004656613e-06,True,1,120,prior*prop,0.0016200001118704677,0.12162000011187046,0.5626314327589865,1.0,1.0,28.365000111870465
C000000029,Z:\raw_data\C000000029\VIS-031_SW_data_24-July-2026_11-11-50,MVC,-5.000000004656613e-06,True,1,120,prior*sem,0.0016200001118704677,0.12162000011187046,0.5731835668139079,1.0,1.0,28.365000111870465
C000000029,Z:\raw_data\C000000029\VIS-031_SW_data_24-July-2026_11-11-50,MVC,-5.000000004656613e-06,True,1,120,prior*sem*prop,0.0016200001118704677,0.12162000011187046,0.5717219296248655,1.0,1.0,28.365000111870465
C000000029,Z:\raw_data\C000000029\VIS-031_SW_data_24-July-2026_11-11-50,MVC,-5.000000004656613e-06,True,1,120,peak,0.0016200001118704677,0.12162000011187046,0.5579172715242185,1.0,1.0,28.365000111870465
C000000029,Z:\raw_data\C000000029\VIS-031_SW_data_24-July-2026_11-11-50,MVC,-5.000000004656613e-06,True,1,120,prior30*peak,0.0016200001118704677,0.12162000011187046,0.5574826505281791,1.0,1.0,28.365000111870465
C000000029,Z:\raw_data\C000000029\VIS-031_SW_data_24-July-2026_11-11-50,MVC,-5.000000004656613e-06,True,1,120,prior45*peak,0.0016200001118704677,0.12162000011187046,0.5589350548693737,1.0,1.0,28.365000111870465
C000000029,Z:\raw_data\C000000029\VIS-031_SW_data_24-July-2026_11-11-50,MVC,-5.000000004656613e-06,True,1,120,prior60*peak,0.0016200001118704677,0.12162000011187046,0.5582831233753148,1.0,1.0,28.365000111870465
C000000029,Z:\raw_data\C000000029\VIS-031_SW_data_24-July-2026_11-11-50,MVC,-5.000000004656613e-06,True,1,120,prior90*peak,0.0016200001118704677,0.12162000011187046,0.5579172715242185,1.0,1.0,28.365000111870465
C000000029,Z:\raw_data\C000000029\VIS-031_SW_data_24-July-2026_11-11-50,AVC,0.27777243558493486,True,1,100,phase,0.32001372919132737,0.4200137291913274,,0.76040803131382,0.0,28.63872919132737
C000000029,Z:\raw_data\C000000029\VIS-031_SW_data_24-July-2026_11-11-50,AVC,0.27777243558493486,True,1,100,energy,0.3116200001118706,0.4116200001118706,0.5619426824398029,0.8627331450460739,0.0,20.24500011187058
C000000029,Z:\raw_data\C000000029\VIS-031_SW_data_24-July-2026_11-11-50,AVC,0.27777243558493486,True,1,100,prop,0.30662000011187057,0.4066200001118706,0.5618026033638628,0.9236864548107941,0.0,15.245000111870578
C000000029,Z:\raw_data\C000000029\VIS-031_SW_data_24-July-2026_11-11-50,AVC,0.27777243558493486,True,1,100,sem,0.35912000011187056,0.4591200001118706,0.5865185410826711,0.2836767022812318,0.0,67.74500011187057
C000000029,Z:\raw_data\C000000029\VIS-031_SW_data_24-July-2026_11-11-50,AVC,0.27777243558493486,True,1,100,sem*prop,0.29662000011187056,0.3966200001118706,0.5653071300198995,1.0,1.0,5.245000111870568
C000000029,Z:\raw_data\C000000029\VIS-031_SW_data_24-July-2026_11-11-50,AVC,0.27777243558493486,True,1,100,prior*energy,0.32162000011187053,0.4216200001118705,0.560913548142776,0.740826525516634,0.0,30.245000111870535
C000000029,Z:\raw_data\C000000029\VIS-031_SW_data_24-July-2026_11-11-50,AVC,0.27777243558493486,True,1,100,prior*prop,0.32162000011187053,0.4216200001118705,0.560913548142776,0.740826525516634,0.0,30.245000111870535
C000000029,Z:\raw_data\C000000029\VIS-031_SW_data_24-July-2026_11-11-50,AVC,0.27777243558493486,True,1,100,prior*sem,0.3191200001118705,0.41912000011187056,0.5607736120665946,0.7713031803989941,0.0,27.74500011187053
C000000029,Z:\raw_data\C000000029\VIS-031_SW_data_24-July-2026_11-11-50,AVC,0.27777243558493486,True,1,100,prior*sem*prop,0.32162000011187053,0.4216200001118705,0.560913548142776,0.740826525516634,0.0,30.245000111870535
C000000029,Z:\raw_data\C000000029\VIS-031_SW_data_24-July-2026_11-11-50,AVC,0.27777243558493486,True,1,100,peak,0.28442999999999996,0.38442999999999994,0.566595318684822,1.0,1.0,6.945000000000034
C000000029,Z:\raw_data\C000000029\VIS-031_SW_data_24-July-2026_11-11-50,AVC,0.27777243558493486,True,1,100,prior30*peak,0.291955,0.39195500000000005,0.5663791021645478,1.0,1.0,0.5800000000000249
C000000029,Z:\raw_data\C000000029\VIS-031_SW_data_24-July-2026_11-11-50,AVC,0.27777243558493486,True,1,100,prior45*peak,0.291955,0.39195500000000005,0.5663791021645478,1.0,1.0,0.5800000000000249
C000000029,Z:\raw_data\C000000029\VIS-031_SW_data_24-July-2026_11-11-50,AVC,0.27777243558493486,True,1,100,prior60*peak,0.284455,0.384455,0.5665949239170094,1.0,1.0,6.919999999999982
C000000029,Z:\raw_data\C000000029\VIS-031_SW_data_24-July-2026_11-11-50,AVC,0.27777243558493486,True,1,100,prior90*peak,0.28442999999999996,0.38442999999999994,0.566595318684822,1.0,1.0,6.945000000000034
C000000029,Z:\raw_data\C000000029\VIS-031_SW_data_24-July-2026_11-11-50,AVC,0.27777243558493486,True,1,120,phase,0.31001372919132736,0.43001372919132735,,0.8823146508432604,0.0,28.63872919132737
C000000029,Z:\raw_data\C000000029\VIS-031_SW_data_24-July-2026_11-11-50,AVC,0.27777243558493486,True,1,120,energy,0.3041200001118705,0.4241200001118705,0.5563168101526271,0.954163109693155,1.0,22.745000111870528
C000000029,Z:\raw_data\C000000029\VIS-031_SW_data_24-July-2026_11-11-50,AVC,0.27777243558493486,True,1,120,prop,0.3041200001118705,0.4241200001118705,0.5563168101526271,0.954163109693155,1.0,22.745000111870528
C000000029,Z:\raw_data\C000000029\VIS-031_SW_data_24-July-2026_11-11-50,AVC,0.27777243558493486,True,1,120,sem,0.35912000011187056,0.47912000011187056,0.5728568884146534,0.2836767022812318,0.0,77.74500011187058
C000000029,Z:\raw_data\C000000029\VIS-031_SW_data_24-July-2026_11-11-50,AVC,0.27777243558493486,True,1,120,sem*prop,0.29912000011187057,0.41912000011187056,0.5572070255016824,1.0,1.0,17.745000111870578
C000000029,Z:\raw_data\C000000029\VIS-031_SW_data_24-July-2026_11-11-50,AVC,0.27777243558493486,True,1,120,prior*energy,0.3091200001118705,0.4291200001118705,0.5544416111650285,0.8932097999284346,0.0,27.74500011187053
C000000029,Z:\raw_data\C000000029\VIS-031_SW_data_24-July-2026_11-11-50,AVC,0.27777243558493486,True,1,120,prior*prop,0.3066200001118705,0.4266200001118705,0.5548673804548807,0.9236864548107948,0.0,25.24500011187053
C000000029,Z:\raw_data\C000000029\VIS-031_SW_data_24-July-2026_11-11-50,AVC,0.27777243558493486,True,1,120,prior*sem,0.3091200001118705,0.4291200001118705,0.5544416111650285,0.8932097999284346,0.0,27.74500011187053
C000000029,Z:\raw_data\C000000029\VIS-031_SW_data_24-July-2026_11-11-50,AVC,0.27777243558493486,True,1,120,prior*sem*prop,0.3066200001118705,0.4266200001118705,0.5548673804548807,0.9236864548107948,0.0,25.24500011187053
C000000029,Z:\raw_data\C000000029\VIS-031_SW_data_24-July-2026_11-11-50,AVC,0.27777243558493486,True,1,120,peak,0.27442999999999995,0.39442999999999995,0.5605809436040965,1.0,1.0,6.945000000000034
C000000029,Z:\raw_data\C000000029\VIS-031_SW_data_24-July-2026_11-11-50,AVC,0.27777243558493486,True,1,120,prior30*peak,0.281955,0.401955,0.559072799678844,1.0,1.0,0.5800000000000249
C000000029,Z:\raw_data\C000000029\VIS-031_SW_data_24-July-2026_11-11-50,AVC,0.27777243558493486,True,1,120,prior45*peak,0.281955,0.401955,0.559072799678844,1.0,1.0,0.5800000000000249
C000000029,Z:\raw_data\C000000029\VIS-031_SW_data_24-July-2026_11-11-50,AVC,0.27777243558493486,True,1,120,prior60*peak,0.274455,0.394455,0.5605703915619188,1.0,1.0,6.919999999999982
C000000029,Z:\raw_data\C000000029\VIS-031_SW_data_24-July-2026_11-11-50,AVC,0.27777243558493486,True,1,120,prior90*peak,0.27442999999999995,0.39442999999999995,0.5605809436040965,1.0,1.0,6.945000000000034
C000000029,Z:\raw_data\C000000029\VIS-031_SW_data_24-July-2026_11-11-50,MVC,0.8805729999999748,True,1,100,phase,0.8748079999999189,0.9748079999999189,,0.963681747271157,1.0,20.277999999918748
C000000029,Z:\raw_data\C000000029\VIS-031_SW_data_24-July-2026_11-11-50,MVC,0.8805729999999748,True,1,100,energy,0.8766200001118706,0.9766200001118706,0.5728663408358791,0.935413414791411,0.0,22.090000111870456
C000000029,Z:\raw_data\C000000029\VIS-031_SW_data_24-July-2026_11-11-50,MVC,0.8805729999999748,True,1,100,prop,0.8616200001118706,0.9616200001118705,0.5706128116708533,1.0,1.0,7.090000111870554
C000000029,Z:\raw_data\C000000029\VIS-031_SW_data_24-July-2026_11-11-50,MVC,0.8805729999999748,True,1,100,sem,0.9016200001118706,1.0016200001118707,0.6214659083436184,0.5453978141673854,0.0,47.09000011187059
C000000029,Z:\raw_data\C000000029\VIS-031_SW_data_24-July-2026_11-11-50,MVC,0.8805729999999748,True,1,100,sem*prop,0.8616200001118706,0.9616200001118705,0.5706128116708533,1.0,1.0,7.090000111870554
C000000029,Z:\raw_data\C000000029\VIS-031_SW_data_24-July-2026_11-11-50,MVC,0.8805729999999748,True,1,100,prior*energy,0.8766200001118706,0.9766200001118706,0.5728663408358791,0.935413414791411,0.0,22.090000111870456
C000000029,Z:\raw_data\C000000029\VIS-031_SW_data_24-July-2026_11-11-50,MVC,0.8805729999999748,True,1,100,prior*prop,0.8691200001118706,0.9691200001118706,0.5689311922631434,1.0,1.0,14.590000111870616
C000000029,Z:\raw_data\C000000029\VIS-031_SW_data_24-July-2026_11-11-50,MVC,0.8805729999999748,True,1,100,prior*sem,0.8766200001118706,0.9766200001118706,0.5728663408358791,0.935413414791411,0.0,22.090000111870456
C000000029,Z:\raw_data\C000000029\VIS-031_SW_data_24-July-2026_11-11-50,MVC,0.8805729999999748,True,1,100,prior*sem*prop,0.8766200001118706,0.9766200001118706,0.5728663408358791,0.935413414791411,0.0,22.090000111870456
C000000029,Z:\raw_data\C000000029\VIS-031_SW_data_24-July-2026_11-11-50,MVC,0.8805729999999748,True,1,100,peak,0.8656175,0.9656175,0.5685512591081225,1.0,1.0,11.087499999999917
C000000029,Z:\raw_data\C000000029\VIS-031_SW_data_24-July-2026_11-11-50,MVC,0.8805729999999748,True,1,100,prior30*peak,0.8652225,0.9652225,0.5689207291785287,1.0,1.0,10.692499999999994
C000000029,Z:\raw_data\C000000029\VIS-031_SW_data_24-July-2026_11-11-50,MVC,0.8805729999999748,True,1,100,prior45*peak,0.8665425,0.9665425,0.5676860443862857,1.0,1.0,12.012499999999982
C000000029,Z:\raw_data\C000000029\VIS-031_SW_data_24-July-2026_11-11-50,MVC,0.8805729999999748,True,1,100,prior60*peak,0.8659500000000001,0.9659500000000001,0.5682402494918947,1.0,1.0,11.419999999999986
C000000029,Z:\raw_data\C000000029\VIS-031_SW_data_24-July-2026_11-11-50,MVC,0.8805729999999748,True,1,100,prior90*peak,0.8656175,0.9656175,0.5685512591081225,1.0,1.0,11.087499999999917
C000000029,Z:\raw_data\C000000029\VIS-031_SW_data_24-July-2026_11-11-50,MVC,0.8805729999999748,True,1,120,phase,0.864807999999919,0.984807999999919,,1.0,1.0,20.277999999918972
C000000029,Z:\raw_data\C000000029\VIS-031_SW_data_24-July-2026_11-11-50,MVC,0.8805729999999748,True,1,120,energy,0.8791200001118706,0.9991200001118706,0.5871781788352552,0.8964118547290076,0.0,34.59000011187064
C000000029,Z:\raw_data\C000000029\VIS-031_SW_data_24-July-2026_11-11-50,MVC,0.8805729999999748,True,1,120,prop,0.8366200001118707,0.9566200001118706,0.5483186113814666,1.0,1.0,7.909999888129349
C000000029,Z:\raw_data\C000000029\VIS-031_SW_data_24-July-2026_11-11-50,MVC,0.8805729999999748,True,1,120,sem,0.8991200001118707,1.0191200001118705,0.6050750497302413,0.584399374229787,0.0,54.59000011187054
C000000029,Z:\raw_data\C000000029\VIS-031_SW_data_24-July-2026_11-11-50,MVC,0.8805729999999748,True,1,120,sem*prop,0.8641200001118707,0.9841200001118707,0.5794457103633951,1.0,1.0,19.59000011187073
C000000029,Z:\raw_data\C000000029\VIS-031_SW_data_24-July-2026_11-11-50,MVC,0.8805729999999748,True,1,120,prior*energy,0.8641200001118707,0.9841200001118707,0.5794457103633951,1.0,1.0,19.59000011187073
C000000029,Z:\raw_data\C000000029\VIS-031_SW_data_24-July-2026_11-11-50,MVC,0.8805729999999748,True,1,120,prior*prop,0.8641200001118707,0.9841200001118707,0.5794457103633951,1.0,1.0,19.59000011187073
C000000029,Z:\raw_data\C000000029\VIS-031_SW_data_24-July-2026_11-11-50,MVC,0.8805729999999748,True,1,120,prior*sem,0.8666200001118707,0.9866200001118707,0.5833224368109631,1.0,1.0,22.09000011187068
C000000029,Z:\raw_data\C000000029\VIS-031_SW_data_24-July-2026_11-11-50,MVC,0.8805729999999748,True,1,120,prior*sem*prop,0.8641200001118707,0.9841200001118707,0.5794457103633951,1.0,1.0,19.59000011187073
C000000029,Z:\raw_data\C000000029\VIS-031_SW_data_24-July-2026_11-11-50,MVC,0.8805729999999748,True,1,120,peak,0.8556175000000001,0.9756175000000001,0.5564763778928383,1.0,1.0,11.087500000000139
C000000029,Z:\raw_data\C000000029\VIS-031_SW_data_24-July-2026_11-11-50,MVC,0.8805729999999748,True,1,120,prior30*peak,0.8552225,0.9752225,0.5555658057899429,1.0,1.0,10.692499999999994
C000000029,Z:\raw_data\C000000029\VIS-031_SW_data_24-July-2026_11-11-50,MVC,0.8805729999999748,True,1,120,prior45*peak,0.8565425,0.9765425,0.5586087302856947,1.0,1.0,12.012499999999982
C000000029,Z:\raw_data\C000000029\VIS-031_SW_data_24-July-2026_11-11-50,MVC,0.8805729999999748,True,1,120,prior60*peak,0.8559500000000002,0.9759500000000002,0.5572428721313518,1.0,1.0,11.420000000000208
C000000029,Z:\raw_data\C000000029\VIS-031_SW_data_24-July-2026_11-11-50,MVC,0.8805729999999748,True,1,120,prior90*peak,0.8556175000000001,0.9756175000000001,0.5564763778928383,1.0,1.0,11.087500000000139
C000000030,Z:\raw_data\C000000030\VIS-029_SW_data_24-July-2026_09-36-27,MVC,-5.000000353902578e-06,True,1,100,phase,0.0016200001118704677,0.10162000011187047,,0.948767374575129,0.0,5.764999888129528
C000000030,Z:\raw_data\C000000030\VIS-029_SW_data_24-July-2026_09-36-27,MVC,-5.000000353902578e-06,True,1,100,energy,0.0016200001118704677,0.10162000011187047,0.8598024418901598,0.948767374575129,0.0,5.764999888129528
C000000030,Z:\raw_data\C000000030\VIS-029_SW_data_24-July-2026_09-36-27,MVC,-5.000000353902578e-06,True,1,100,prop,0.0016200001118704677,0.10162000011187047,0.8636793766833643,0.948767374575129,0.0,5.764999888129528
C000000030,Z:\raw_data\C000000030\VIS-029_SW_data_24-July-2026_09-36-27,MVC,-5.000000353902578e-06,True,1,100,sem,0.0841200001118705,0.18412000011187052,0.8808922433338946,0.22877143033508673,0.0,76.7350001118705
C000000030,Z:\raw_data\C000000030\VIS-029_SW_data_24-July-2026_09-36-27,MVC,-5.000000353902578e-06,True,1,100,sem*prop,0.0016200001118704677,0.10162000011187047,0.8636793766833643,0.948767374575129,0.0,5.764999888129528
C000000030,Z:\raw_data\C000000030\VIS-029_SW_data_24-July-2026_09-36-27,MVC,-5.000000353902578e-06,True,1,100,prior*energy,0.0016200001118704677,0.10162000011187047,0.8733068240540517,0.948767374575129,0.0,5.764999888129528
C000000030,Z:\raw_data\C000000030\VIS-029_SW_data_24-July-2026_09-36-27,MVC,-5.000000353902578e-06,True,1,100,prior*prop,0.0016200001118704677,0.10162000011187047,0.8734131627394939,0.948767374575129,0.0,5.764999888129528
C000000030,Z:\raw_data\C000000030\VIS-029_SW_data_24-July-2026_09-36-27,MVC,-5.000000353902578e-06,True,1,100,prior*sem,0.0016200001118704677,0.10162000011187047,0.8732855679771759,0.948767374575129,0.0,5.764999888129528
C000000030,Z:\raw_data\C000000030\VIS-029_SW_data_24-July-2026_09-36-27,MVC,-5.000000353902578e-06,True,1,100,prior*sem*prop,0.0016200001118704677,0.10162000011187047,0.8734131627394939,0.948767374575129,0.0,5.764999888129528
C000000030,Z:\raw_data\C000000030\VIS-029_SW_data_24-July-2026_09-36-27,MVC,-5.000000353902578e-06,True,1,100,peak,0.0016200001118704677,0.10162000011187047,0.8729783908753797,0.948767374575129,0.0,5.764999888129528
C000000030,Z:\raw_data\C000000030\VIS-029_SW_data_24-July-2026_09-36-27,MVC,-5.000000353902578e-06,True,1,100,prior30*peak,0.0016200001118704677,0.10162000011187047,0.8732248552331107,0.948767374575129,0.0,5.764999888129528
C000000030,Z:\raw_data\C000000030\VIS-029_SW_data_24-July-2026_09-36-27,MVC,-5.000000353902578e-06,True,1,100,prior45*peak,0.0016200001118704677,0.10162000011187047,0.8729052577598847,0.948767374575129,0.0,5.764999888129528
C000000030,Z:\raw_data\C000000030\VIS-029_SW_data_24-July-2026_09-36-27,MVC,-5.000000353902578e-06,True,1,100,prior60*peak,0.0016200001118704677,0.10162000011187047,0.8729052577598847,0.948767374575129,0.0,5.764999888129528
C000000030,Z:\raw_data\C000000030\VIS-029_SW_data_24-July-2026_09-36-27,MVC,-5.000000353902578e-06,True,1,100,prior90*peak,0.0016200001118704677,0.10162000011187047,0.8729783908753797,0.948767374575129,0.0,5.764999888129528
C000000030,Z:\raw_data\C000000030\VIS-029_SW_data_24-July-2026_09-36-27,MVC,-5.000000353902578e-06,True,1,120,phase,0.0016200001118704677,0.12162000011187046,,1.0,1.0,4.235000111870467
C000000030,Z:\raw_data\C000000030\VIS-029_SW_data_24-July-2026_09-36-27,MVC,-5.000000353902578e-06,True,1,120,energy,0.0016200001118704677,0.12162000011187046,0.8771799165421557,1.0,1.0,4.235000111870467
C000000030,Z:\raw_data\C000000030\VIS-029_SW_data_24-July-2026_09-36-27,MVC,-5.000000353902578e-06,True,1,120,prop,0.0016200001118704677,0.12162000011187046,0.8636793766833643,1.0,1.0,4.235000111870467
C000000030,Z:\raw_data\C000000030\VIS-029_SW_data_24-July-2026_09-36-27,MVC,-5.000000353902578e-06,True,1,120,sem,0.0016200001118704677,0.12162000011187046,0.8771799165421557,1.0,1.0,4.235000111870467
C000000030,Z:\raw_data\C000000030\VIS-029_SW_data_24-July-2026_09-36-27,MVC,-5.000000353902578e-06,True,1,120,sem*prop,0.0016200001118704677,0.12162000011187046,0.8636793766833643,1.0,1.0,4.235000111870467
C000000030,Z:\raw_data\C000000030\VIS-029_SW_data_24-July-2026_09-36-27,MVC,-5.000000353902578e-06,True,1,120,prior*energy,0.0016200001118704677,0.12162000011187046,0.8732855679771759,1.0,1.0,4.235000111870467
C000000030,Z:\raw_data\C000000030\VIS-029_SW_data_24-July-2026_09-36-27,MVC,-5.000000353902578e-06,True,1,120,prior*prop,0.0016200001118704677,0.12162000011187046,0.8733789861779674,1.0,1.0,4.235000111870467
C000000030,Z:\raw_data\C000000030\VIS-029_SW_data_24-July-2026_09-36-27,MVC,-5.000000353902578e-06,True,1,120,prior*sem,0.0016200001118704677,0.12162000011187046,0.872657065822476,1.0,1.0,4.235000111870467
C000000030,Z:\raw_data\C000000030\VIS-029_SW_data_24-July-2026_09-36-27,MVC,-5.000000353902578e-06,True,1,120,prior*sem*prop,0.0016200001118704677,0.12162000011187046,0.8733789861779674,1.0,1.0,4.235000111870467
C000000030,Z:\raw_data\C000000030\VIS-029_SW_data_24-July-2026_09-36-27,MVC,-5.000000353902578e-06,True,1,120,peak,0.0016200001118704677,0.12162000011187046,0.8716592364979948,1.0,1.0,4.235000111870467
C000000030,Z:\raw_data\C000000030\VIS-029_SW_data_24-July-2026_09-36-27,MVC,-5.000000353902578e-06,True,1,120,prior30*peak,0.0016200001118704677,0.12162000011187046,0.871652102555223,1.0,1.0,4.235000111870467
C000000030,Z:\raw_data\C000000030\VIS-029_SW_data_24-July-2026_09-36-27,MVC,-5.000000353902578e-06,True,1,120,prior45*peak,0.0016200001118704677,0.12162000011187046,0.8716613533454995,1.0,1.0,4.235000111870467
C000000030,Z:\raw_data\C000000030\VIS-029_SW_data_24-July-2026_09-36-27,MVC,-5.000000353902578e-06,True,1,120,prior60*peak,0.0016200001118704677,0.12162000011187046,0.8716613533454995,1.0,1.0,4.235000111870467
C000000030,Z:\raw_data\C000000030\VIS-029_SW_data_24-July-2026_09-36-27,MVC,-5.000000353902578e-06,True,1,120,prior90*peak,0.0016200001118704677,0.12162000011187046,0.8716592364979948,1.0,1.0,4.235000111870467
C000000030,Z:\raw_data\C000000030\VIS-029_SW_data_24-July-2026_09-36-27,AVC,0.27438413455432314,True,1,100,phase,0.3164175863356397,0.41641758633563974,,0.6990605731933343,0.0,31.4774136643603
C000000030,Z:\raw_data\C000000030\VIS-029_SW_data_24-July-2026_09-36-27,AVC,0.27438413455432314,True,1,100,energy,0.3716200001118706,0.47162000011187055,0.6610334504844014,0.7823750659659262,0.0,23.725000111870564
C000000030,Z:\raw_data\C000000030\VIS-029_SW_data_24-July-2026_09-36-27,AVC,0.27438413455432314,True,1,100,prop,0.3841200001118706,0.4841200001118706,0.6499030418611661,0.6480386876746848,0.0,36.22500011187058
C000000030,Z:\raw_data\C000000030\VIS-029_SW_data_24-July-2026_09-36-27,AVC,0.27438413455432314,True,1,100,sem,0.30162000011187057,0.4016200001118706,0.7810854317345195,0.5400322419330532,0.0,46.27499988812944
C000000030,Z:\raw_data\C000000030\VIS-029_SW_data_24-July-2026_09-36-27,AVC,0.27438413455432314,True,1,100,sem*prop,0.3841200001118706,0.4841200001118706,0.6499030418611661,0.6480386876746848,0.0,36.22500011187058
C000000030,Z:\raw_data\C000000030\VIS-029_SW_data_24-July-2026_09-36-27,AVC,0.27438413455432314,True,1,100,prior*energy,0.32912000011187054,0.42912000011187057,0.7646081403875349,0.8355722741737838,0.0,18.77499988812947
C000000030,Z:\raw_data\C000000030\VIS-029_SW_data_24-July-2026_09-36-27,AVC,0.27438413455432314,True,1,100,prior*prop,0.32912000011187054,0.42912000011187057,0.7646081403875349,0.8355722741737838,0.0,18.77499988812947
C000000030,Z:\raw_data\C000000030\VIS-029_SW_data_24-July-2026_09-36-27,AVC,0.27438413455432314,True,1,100,prior*sem,0.3141200001118705,0.41412000011187056,0.7726974294552316,0.6743686202242941,0.0,33.774999888129486
C000000030,Z:\raw_data\C000000030\VIS-029_SW_data_24-July-2026_09-36-27,AVC,0.27438413455432314,True,1,100,prior*sem*prop,0.32912000011187054,0.42912000011187057,0.7646081403875349,0.8355722741737838,0.0,18.77499988812947
C000000030,Z:\raw_data\C000000030\VIS-029_SW_data_24-July-2026_09-36-27,AVC,0.27438413455432314,True,1,100,peak,0.33192999999999995,0.4319299999999999,0.7600386837621923,0.865771090811391,0.0,15.965000000000062
C000000030,Z:\raw_data\C000000030\VIS-029_SW_data_24-July-2026_09-36-27,AVC,0.27438413455432314,True,1,100,prior30*peak,0.331625,0.43162500000000004,0.7604767217175431,0.862493283181086,0.0,16.270000000000007
C000000030,Z:\raw_data\C000000030\VIS-029_SW_data_24-July-2026_09-36-27,AVC,0.27438413455432314,True,1,100,prior45*peak,0.331625,0.43162500000000004,0.7604767217175431,0.862493283181086,0.0,16.270000000000007
C000000030,Z:\raw_data\C000000030\VIS-029_SW_data_24-July-2026_09-36-27,AVC,0.27438413455432314,True,1,100,prior60*peak,0.331955,0.431955,0.7600027790117536,0.8660397635679741,0.0,15.94000000000001
C000000030,Z:\raw_data\C000000030\VIS-029_SW_data_24-July-2026_09-36-27,AVC,0.27438413455432314,True,1,100,prior90*peak,0.33192999999999995,0.4319299999999999,0.7600386837621923,0.865771090811391,0.0,15.965000000000062
C000000030,Z:\raw_data\C000000030\VIS-029_SW_data_24-July-2026_09-36-27,AVC,0.27438413455432314,True,1,120,phase,0.3064175863356397,0.4264175863356397,,0.8065296758263268,0.0,31.4774136643603
C000000030,Z:\raw_data\C000000030\VIS-029_SW_data_24-July-2026_09-36-27,AVC,0.27438413455432314,True,1,120,energy,0.36412000011187057,0.48412000011187056,0.6500995238529123,0.862976892940671,0.0,26.225000111870568
C000000030,Z:\raw_data\C000000030\VIS-029_SW_data_24-July-2026_09-36-27,AVC,0.27438413455432314,True,1,120,prop,0.38662000011187053,0.5066200001118706,0.5852224060379647,0.6211714120164371,0.0,48.72500011187053
C000000030,Z:\raw_data\C000000030\VIS-029_SW_data_24-July-2026_09-36-27,AVC,0.27438413455432314,True,1,120,sem,0.28412000011187055,0.40412000011187055,0.7736061749344011,0.566899517591301,0.0,53.77499988812945
C000000030,Z:\raw_data\C000000030\VIS-029_SW_data_24-July-2026_09-36-27,AVC,0.27438413455432314,True,1,120,sem*prop,0.36412000011187057,0.48412000011187056,0.6500995238529123,0.862976892940671,0.0,26.225000111870568
C000000030,Z:\raw_data\C000000030\VIS-029_SW_data_24-July-2026_09-36-27,AVC,0.27438413455432314,True,1,120,prior*energy,0.32162000011187053,0.4416200001118705,0.7218012787226895,0.9699086524650247,1.0,16.27499988812947
C000000030,Z:\raw_data\C000000030\VIS-029_SW_data_24-July-2026_09-36-27,AVC,0.27438413455432314,True,1,120,prior*prop,0.3141200001118705,0.4341200001118705,0.7547270034981315,0.8893068254902797,0.0,23.77499988812948
C000000030,Z:\raw_data\C000000030\VIS-029_SW_data_24-July-2026_09-36-27,AVC,0.27438413455432314,True,1,120,prior*sem,0.3041200001118705,0.4241200001118705,0.7658068872608919,0.7818377228572866,0.0,33.774999888129486
C000000030,Z:\raw_data\C000000030\VIS-029_SW_data_24-July-2026_09-36-27,AVC,0.27438413455432314,True,1,120,prior*sem*prop,0.3116200001118705,0.4316200001118705,0.7579305888248438,0.8624395498320315,0.0,26.27499988812948
C000000030,Z:\raw_data\C000000030\VIS-029_SW_data_24-July-2026_09-36-27,AVC,0.27438413455432314,True,1,120,peak,0.32192999999999994,0.44192999999999993,0.7213219374623774,0.9732401934443842,1.0,15.965000000000062
C000000030,Z:\raw_data\C000000030\VIS-029_SW_data_24-July-2026_09-36-27,AVC,0.27438413455432314,True,1,120,prior30*peak,0.321625,0.441625,0.7217935475822306,0.9699623858140786,1.0,16.270000000000007
C000000030,Z:\raw_data\C000000030\VIS-029_SW_data_24-July-2026_09-36-27,AVC,0.27438413455432314,True,1,120,prior45*peak,0.321625,0.441625,0.7217935475822306,0.9699623858140786,1.0,16.270000000000007
C000000030,Z:\raw_data\C000000030\VIS-029_SW_data_24-July-2026_09-36-27,AVC,0.27438413455432314,True,1,120,prior60*peak,0.321955,0.441955,0.7212832808951762,0.9735088662009672,1.0,15.94000000000001
C000000030,Z:\raw_data\C000000030\VIS-029_SW_data_24-July-2026_09-36-27,AVC,0.27438413455432314,True,1,120,prior90*peak,0.32192999999999994,0.44192999999999993,0.7213219374623774,0.9732401934443842,1.0,15.965000000000062
C000000030,Z:\raw_data\C000000030\VIS-029_SW_data_24-July-2026_09-36-27,MVC,0.8355669999998063,True,1,100,phase,0.8259819999997968,0.9259819999997968,,0.9109905020331578,0.0,10.62300000020311
C000000030,Z:\raw_data\C000000030\VIS-029_SW_data_24-July-2026_09-36-27,MVC,0.8355669999998063,True,1,100,energy,0.8141200001118706,0.9141200001118706,0.7987589226873543,0.7871829674550735,0.0,22.484999888129465
C000000030,Z:\raw_data\C000000030\VIS-029_SW_data_24-July-2026_09-36-27,MVC,0.8355669999998063,True,1,100,prop,0.7991200001118706,0.8991200001118705,0.802902491981624,0.630623109402678,0.0,37.484999888129366
C000000030,Z:\raw_data\C000000030\VIS-029_SW_data_24-July-2026_09-36-27,MVC,0.8355669999998063,True,1,100,sem,0.8541200001118706,0.9541200001118706,0.8240836798865303,0.8390564647545077,0.0,17.51500011187057
C000000030,Z:\raw_data\C000000030\VIS-029_SW_data_24-July-2026_09-36-27,MVC,0.8355669999998063,True,1,100,sem*prop,0.7991200001118706,0.8991200001118705,0.802902491981624,0.630623109402678,0.0,37.484999888129366
C000000030,Z:\raw_data\C000000030\VIS-029_SW_data_24-July-2026_09-36-27,MVC,0.8355669999998063,True,1,100,prior*energy,0.8141200001118706,0.9141200001118706,0.7987589226873543,0.7871829674550735,0.0,22.484999888129465
C000000030,Z:\raw_data\C000000030\VIS-029_SW_data_24-July-2026_09-36-27,MVC,0.8355669999998063,True,1,100,prior*prop,0.8116200001118706,0.9116200001118706,0.7994051023193264,0.7610896577796749,0.0,24.984999888129412
C000000030,Z:\raw_data\C000000030\VIS-029_SW_data_24-July-2026_09-36-27,MVC,0.8355669999998063,True,1,100,prior*sem,0.8266200001118706,0.9266200001118706,0.8070296224689667,0.9176495158320704,0.0,9.984999888129288
C000000030,Z:\raw_data\C000000030\VIS-029_SW_data_24-July-2026_09-36-27,MVC,0.8355669999998063,True,1,100,prior*sem*prop,0.8116200001118706,0.9116200001118706,0.7994051023193264,0.7610896577796749,0.0,24.984999888129412
C000000030,Z:\raw_data\C000000030\VIS-029_SW_data_24-July-2026_09-36-27,MVC,0.8355669999998063,True,1,100,peak,0.8252249999999999,0.9252249999999999,0.8049265203606807,0.9030894478655662,0.0,11.380000000000056
C000000030,Z:\raw_data\C000000030\VIS-029_SW_data_24-July-2026_09-36-27,MVC,0.8355669999998063,True,1,100,prior30*peak,0.824155,0.924155,0.8033133884069864,0.8919215113244963,0.0,12.44999999999996
C000000030,Z:\raw_data\C000000030\VIS-029_SW_data_24-July-2026_09-36-27,MVC,0.8355669999998063,True,1,100,prior45*peak,0.8255425,0.9255424999999999,0.8054051833469407,0.9064032981943427,0.0,11.062500000000085
C000000030,Z:\raw_data\C000000030\VIS-029_SW_data_24-July-2026_09-36-27,MVC,0.8355669999998063,True,1,100,prior60*peak,0.8255425,0.9255424999999999,0.8054051833469407,0.9064032981943427,0.0,11.062500000000085
C000000030,Z:\raw_data\C000000030\VIS-029_SW_data_24-July-2026_09-36-27,MVC,0.8355669999998063,True,1,100,prior90*peak,0.8252249999999999,0.9252249999999999,0.8049265203606807,0.9030894478655662,0.0,11.380000000000056
C000000030,Z:\raw_data\C000000030\VIS-029_SW_data_24-July-2026_09-36-27,MVC,0.8355669999998063,True,1,120,phase,0.8159819999997968,0.9359819999997968,,1.0,1.0,10.62300000020311
C000000030,Z:\raw_data\C000000030\VIS-029_SW_data_24-July-2026_09-36-27,MVC,0.8355669999998063,True,1,120,energy,0.7966200001118706,0.9166200001118706,0.7994439311257251,0.8132762771304733,0.0,29.984999888129305
C000000030,Z:\raw_data\C000000030\VIS-029_SW_data_24-July-2026_09-36-27,MVC,0.8355669999998063,True,1,120,prop,0.7941200001118707,0.9141200001118707,0.7994856047012379,0.7871829674550747,0.0,32.48499988812925
C000000030,Z:\raw_data\C000000030\VIS-029_SW_data_24-July-2026_09-36-27,MVC,0.8355669999998063,True,1,120,sem,0.8541200001118707,0.9741200001118707,0.8188502634079375,0.8390564647545065,0.0,27.5150001118708
C000000030,Z:\raw_data\C000000030\VIS-029_SW_data_24-July-2026_09-36-27,MVC,0.8355669999998063,True,1,120,sem*prop,0.7941200001118707,0.9141200001118707,0.7994856047012379,0.7871829674550747,0.0,32.48499988812925
C000000030,Z:\raw_data\C000000030\VIS-029_SW_data_24-July-2026_09-36-27,MVC,0.8355669999998063,True,1,120,prior*energy,0.8091200001118706,0.9291200001118706,0.7969828191454915,0.9437428255074691,0.0,17.484999888129348
C000000030,Z:\raw_data\C000000030\VIS-029_SW_data_24-July-2026_09-36-27,MVC,0.8355669999998063,True,1,120,prior*prop,0.8066200001118706,0.9266200001118706,0.7987100987431799,0.9176495158320704,0.0,19.984999888129295
C000000030,Z:\raw_data\C000000030\VIS-029_SW_data_24-July-2026_09-36-27,MVC,0.8355669999998063,True,1,120,prior*sem,0.8141200001118707,0.9341200001118707,0.7964837725695721,0.9959294448582688,1.0,12.484999888129234
C000000030,Z:\raw_data\C000000030\VIS-029_SW_data_24-July-2026_09-36-27,MVC,0.8355669999998063,True,1,120,prior*sem*prop,0.8066200001118706,0.9266200001118706,0.7987100987431799,0.9176495158320704,0.0,19.984999888129295
C000000030,Z:\raw_data\C000000030\VIS-029_SW_data_24-July-2026_09-36-27,MVC,0.8355669999998063,True,1,120,peak,0.8152249999999999,0.9352249999999999,0.7958667508685044,1.0,1.0,11.380000000000056
C000000030,Z:\raw_data\C000000030\VIS-029_SW_data_24-July-2026_09-36-27,MVC,0.8355669999998063,True,1,120,prior30*peak,0.814155,0.934155,0.7964642289562716,0.9962947500260934,1.0,12.44999999999996
C000000030,Z:\raw_data\C000000030\VIS-029_SW_data_24-July-2026_09-36-27,MVC,0.8355669999998063,True,1,120,prior45*peak,0.8155425000000001,0.9355425,0.7956894618097511,1.0,1.0,11.062499999999865
C000000030,Z:\raw_data\C000000030\VIS-029_SW_data_24-July-2026_09-36-27,MVC,0.8355669999998063,True,1,120,prior60*peak,0.8155425000000001,0.9355425,0.7956894618097511,1.0,1.0,11.062499999999865
C000000030,Z:\raw_data\C000000030\VIS-029_SW_data_24-July-2026_09-36-27,MVC,0.8355669999998063,True,1,120,prior90*peak,0.8152249999999999,0.9352249999999999,0.7958667508685044,1.0,1.0,11.380000000000056
C000000031,Z:\raw_data\C000000031\VIS-032_SW_data_24-July-2026_11-57-06,MVC,-4.999999888241291e-06,True,1,100,phase,0.0016200001118704677,0.10162000011187047,,0.9044084582981385,0.0,14.039999888129525
C000000031,Z:\raw_data\C000000031\VIS-032_SW_data_24-July-2026_11-57-06,MVC,-4.999999888241291e-06,True,1,100,energy,0.0016200001118704677,0.10162000011187047,0.8208993824945353,0.9044084582981385,0.0,14.039999888129525
C000000031,Z:\raw_data\C000000031\VIS-032_SW_data_24-July-2026_11-57-06,MVC,-4.999999888241291e-06,True,1,100,prop,0.03412000011187048,0.13412000011187047,0.7642476320139823,0.854700853442752,0.0,18.46000011187049
C000000031,Z:\raw_data\C000000031\VIS-032_SW_data_24-July-2026_11-57-06,MVC,-4.999999888241291e-06,True,1,100,sem,0.0016200001118704677,0.10162000011187047,0.839661121196823,0.9044084582981385,0.0,14.039999888129525
C000000031,Z:\raw_data\C000000031\VIS-032_SW_data_24-July-2026_11-57-06,MVC,-4.999999888241291e-06,True,1,100,sem*prop,0.0016200001118704677,0.10162000011187047,0.8380083646013636,0.9044084582981385,0.0,14.039999888129525
C000000031,Z:\raw_data\C000000031\VIS-032_SW_data_24-July-2026_11-57-06,MVC,-4.999999888241291e-06,True,1,100,prior*energy,0.0016200001118704677,0.10162000011187047,0.8196141973422679,0.9044084582981385,0.0,14.039999888129525
C000000031,Z:\raw_data\C000000031\VIS-032_SW_data_24-July-2026_11-57-06,MVC,-4.999999888241291e-06,True,1,100,prior*prop,0.0016200001118704677,0.10162000011187047,0.8159209383950952,0.9044084582981385,0.0,14.039999888129525
C000000031,Z:\raw_data\C000000031\VIS-032_SW_data_24-July-2026_11-57-06,MVC,-4.999999888241291e-06,True,1,100,prior*sem,0.0016200001118704677,0.10162000011187047,0.8129164527546504,0.9044084582981385,0.0,14.039999888129525
C000000031,Z:\raw_data\C000000031\VIS-032_SW_data_24-July-2026_11-57-06,MVC,-4.999999888241291e-06,True,1,100,prior*sem*prop,0.0016200001118704677,0.10162000011187047,0.8196141973422679,0.9044084582981385,0.0,14.039999888129525
C000000031,Z:\raw_data\C000000031\VIS-032_SW_data_24-July-2026_11-57-06,MVC,-4.999999888241291e-06,True,1,100,peak,0.025830000000000006,0.12583,0.7675085540617308,0.9479307242465136,0.0,10.170000000000012
C000000031,Z:\raw_data\C000000031\VIS-032_SW_data_24-July-2026_11-57-06,MVC,-4.999999888241291e-06,True,1,100,prior30*peak,0.025222499999999815,0.12522249999999982,0.7675901106579628,0.9547627080521838,1.0,9.56249999999982
C000000031,Z:\raw_data\C000000031\VIS-032_SW_data_24-July-2026_11-57-06,MVC,-4.999999888241291e-06,True,1,100,prior45*peak,0.025874999999999912,0.1258749999999999,0.7675025128323804,0.9474246513720207,0.0,10.214999999999918
C000000031,Z:\raw_data\C000000031\VIS-032_SW_data_24-July-2026_11-57-06,MVC,-4.999999888241291e-06,True,1,100,prior60*peak,0.025830000000000006,0.12583,0.7675085540617308,0.9479307242465136,0.0,10.170000000000012
C000000031,Z:\raw_data\C000000031\VIS-032_SW_data_24-July-2026_11-57-06,MVC,-4.999999888241291e-06,True,1,100,prior90*peak,0.025830000000000006,0.12583,0.7675085540617308,0.9479307242465136,0.0,10.170000000000012
C000000031,Z:\raw_data\C000000031\VIS-032_SW_data_24-July-2026_11-57-06,MVC,-4.999999888241291e-06,True,1,120,phase,0.0016200001118704677,0.12162000011187046,,1.0,1.0,4.039999888129531
C000000031,Z:\raw_data\C000000031\VIS-032_SW_data_24-July-2026_11-57-06,MVC,-4.999999888241291e-06,True,1,120,energy,0.0016200001118704677,0.12162000011187046,0.8208993824945353,1.0,1.0,4.039999888129531
C000000031,Z:\raw_data\C000000031\VIS-032_SW_data_24-July-2026_11-57-06,MVC,-4.999999888241291e-06,True,1,120,prop,0.011620000111870477,0.13162000011187047,0.7605766264687737,1.0,1.0,5.960000111870478
C000000031,Z:\raw_data\C000000031\VIS-032_SW_data_24-July-2026_11-57-06,MVC,-4.999999888241291e-06,True,1,120,sem,0.0016200001118704677,0.12162000011187046,0.839661121196823,1.0,1.0,4.039999888129531
C000000031,Z:\raw_data\C000000031\VIS-032_SW_data_24-July-2026_11-57-06,MVC,-4.999999888241291e-06,True,1,120,sem*prop,0.0016200001118704677,0.12162000011187046,0.8380083646013636,1.0,1.0,4.039999888129531
C000000031,Z:\raw_data\C000000031\VIS-032_SW_data_24-July-2026_11-57-06,MVC,-4.999999888241291e-06,True,1,120,prior*energy,0.0016200001118704677,0.12162000011187046,0.8063932538063882,1.0,1.0,4.039999888129531
C000000031,Z:\raw_data\C000000031\VIS-032_SW_data_24-July-2026_11-57-06,MVC,-4.999999888241291e-06,True,1,120,prior*prop,0.0016200001118704677,0.12162000011187046,0.8027952892588323,1.0,1.0,4.039999888129531
C000000031,Z:\raw_data\C000000031\VIS-032_SW_data_24-July-2026_11-57-06,MVC,-4.999999888241291e-06,True,1,120,prior*sem,0.0016200001118704677,0.12162000011187046,0.7983983275304404,1.0,1.0,4.039999888129531
C000000031,Z:\raw_data\C000000031\VIS-032_SW_data_24-July-2026_11-57-06,MVC,-4.999999888241291e-06,True,1,120,prior*sem*prop,0.0016200001118704677,0.12162000011187046,0.8027952892588323,1.0,1.0,4.039999888129531
C000000031,Z:\raw_data\C000000031\VIS-032_SW_data_24-July-2026_11-57-06,MVC,-4.999999888241291e-06,True,1,120,peak,0.01583000000000001,0.13583,0.7574686328352598,1.0,1.0,10.170000000000012
C000000031,Z:\raw_data\C000000031\VIS-032_SW_data_24-July-2026_11-57-06,MVC,-4.999999888241291e-06,True,1,120,prior30*peak,0.01522249999999982,0.1352224999999998,0.7575918962811503,1.0,1.0,9.562499999999808
C000000031,Z:\raw_data\C000000031\VIS-032_SW_data_24-July-2026_11-57-06,MVC,-4.999999888241291e-06,True,1,120,prior45*peak,0.015874999999999917,0.1358749999999999,0.7574595022096383,1.0,1.0,10.214999999999918
C000000031,Z:\raw_data\C000000031\VIS-032_SW_data_24-July-2026_11-57-06,MVC,-4.999999888241291e-06,True,1,120,prior60*peak,0.01583000000000001,0.13583,0.7574686328352598,1.0,1.0,10.170000000000012
C000000031,Z:\raw_data\C000000031\VIS-032_SW_data_24-July-2026_11-57-06,MVC,-4.999999888241291e-06,True,1,120,prior90*peak,0.01583000000000001,0.13583,0.7574686328352598,1.0,1.0,10.170000000000012
C000000031,Z:\raw_data\C000000031\VIS-032_SW_data_24-July-2026_11-57-06,AVC,0.28427531029873243,True,1,100,phase,0.32630876208004894,0.426308762080049,,0.523496274137681,0.0,48.12123791995104
C000000031,Z:\raw_data\C000000031\VIS-032_SW_data_24-July-2026_11-57-06,AVC,0.28427531029873243,True,1,100,energy,0.39162000011187054,0.49162000011187057,0.6683947324918664,0.9103301636834602,0.0,17.190000111870553
C000000031,Z:\raw_data\C000000031\VIS-032_SW_data_24-July-2026_11-57-06,AVC,0.28427531029873243,True,1,100,prop,0.39412000011187054,0.4941200001118705,0.6675025919472694,0.8790645308670519,0.0,19.690000111870553
C000000031,Z:\raw_data\C000000031\VIS-032_SW_data_24-July-2026_11-57-06,AVC,0.28427531029873243,True,1,100,sem,0.32912000011187054,0.42912000011187057,0.7238095250669181,0.5586543285626635,0.0,45.30999988812945
C000000031,Z:\raw_data\C000000031\VIS-032_SW_data_24-July-2026_11-57-06,AVC,0.28427531029873243,True,1,100,sem*prop,0.39412000011187054,0.4941200001118705,0.6675025919472694,0.8790645308670519,0.0,19.690000111870553
C000000031,Z:\raw_data\C000000031\VIS-032_SW_data_24-July-2026_11-57-06,AVC,0.28427531029873243,True,1,100,prior*energy,0.34662000011187055,0.44662000011187053,0.7155523724326791,0.7775137582775205,0.0,27.809999888129433
C000000031,Z:\raw_data\C000000031\VIS-032_SW_data_24-July-2026_11-57-06,AVC,0.28427531029873243,True,1,100,prior*prop,0.33662000011187054,0.4366200001118705,0.7204015945678762,0.6524512270118875,0.0,37.80999988812944
C000000031,Z:\raw_data\C000000031\VIS-032_SW_data_24-July-2026_11-57-06,AVC,0.28427531029873243,True,1,100,prior*sem,0.32912000011187054,0.42912000011187057,0.7238095250669181,0.5586543285626635,0.0,45.30999988812945
C000000031,Z:\raw_data\C000000031\VIS-032_SW_data_24-July-2026_11-57-06,AVC,0.28427531029873243,True,1,100,prior*sem*prop,0.33662000011187054,0.4366200001118705,0.7204015945678762,0.6524512270118875,0.0,37.80999988812944
C000000031,Z:\raw_data\C000000031\VIS-032_SW_data_24-July-2026_11-57-06,AVC,0.28427531029873243,True,1,100,peak,0.37445500000000004,0.47445500000000007,0.6824617138600901,1.0,1.0,0.025000000000052758
C000000031,Z:\raw_data\C000000031\VIS-032_SW_data_24-July-2026_11-57-06,AVC,0.28427531029873243,True,1,100,prior30*peak,0.36412500000000003,0.464125,0.6977974114537805,0.9964357178589297,1.0,10.304999999999954
C000000031,Z:\raw_data\C000000031\VIS-032_SW_data_24-July-2026_11-57-06,AVC,0.28427531029873243,True,1,100,prior45*peak,0.36412500000000003,0.464125,0.6977974114537805,0.9964357178589297,1.0,10.304999999999954
C000000031,Z:\raw_data\C000000031\VIS-032_SW_data_24-July-2026_11-57-06,AVC,0.28427531029873243,True,1,100,prior60*peak,0.36445500000000003,0.46445500000000006,0.6973306044835781,1.0,1.0,9.974999999999955
C000000031,Z:\raw_data\C000000031\VIS-032_SW_data_24-July-2026_11-57-06,AVC,0.28427531029873243,True,1,100,prior90*peak,0.37445500000000004,0.47445500000000007,0.6824617138600901,1.0,1.0,0.025000000000052758
C000000031,Z:\raw_data\C000000031\VIS-032_SW_data_24-July-2026_11-57-06,AVC,0.28427531029873243,True,1,120,phase,0.31630876208004893,0.43630876208004893,,0.6485588054033133,0.0,48.12123791995104
C000000031,Z:\raw_data\C000000031\VIS-032_SW_data_24-July-2026_11-57-06,AVC,0.28427531029873243,True,1,120,energy,0.38662000011187053,0.5066200001118706,0.653871194505281,0.9728614293162766,1.0,22.190000111870557
C000000031,Z:\raw_data\C000000031\VIS-032_SW_data_24-July-2026_11-57-06,AVC,0.28427531029873243,True,1,120,prop,0.38662000011187053,0.5066200001118706,0.653871194505281,0.9728614293162766,1.0,22.190000111870557
C000000031,Z:\raw_data\C000000031\VIS-032_SW_data_24-July-2026_11-57-06,AVC,0.28427531029873243,True,1,120,sem,0.3141200001118705,0.4341200001118705,0.7118378136539644,0.6211855941954793,0.0,50.309999888129454
C000000031,Z:\raw_data\C000000031\VIS-032_SW_data_24-July-2026_11-57-06,AVC,0.28427531029873243,True,1,120,sem*prop,0.38412000011187053,0.5041200001118705,0.6564705836951685,1.0,1.0,19.690000111870553
C000000031,Z:\raw_data\C000000031\VIS-032_SW_data_24-July-2026_11-57-06,AVC,0.28427531029873243,True,1,120,prior*energy,0.32912000011187054,0.44912000011187053,0.705795467206036,0.8087793910939287,0.0,35.30999988812944
C000000031,Z:\raw_data\C000000031\VIS-032_SW_data_24-July-2026_11-57-06,AVC,0.28427531029873243,True,1,120,prior*prop,0.32162000011187053,0.4416200001118705,0.7093896671191566,0.7149824926447039,0.0,42.80999988812945
C000000031,Z:\raw_data\C000000031\VIS-032_SW_data_24-July-2026_11-57-06,AVC,0.28427531029873243,True,1,120,prior*sem,0.3141200001118705,0.4341200001118705,0.7118378136539644,0.6211855941954793,0.0,50.309999888129454
C000000031,Z:\raw_data\C000000031\VIS-032_SW_data_24-July-2026_11-57-06,AVC,0.28427531029873243,True,1,120,prior*sem*prop,0.32162000011187053,0.4416200001118705,0.7093896671191566,0.7149824926447039,0.0,42.80999988812945
C000000031,Z:\raw_data\C000000031\VIS-032_SW_data_24-July-2026_11-57-06,AVC,0.28427531029873243,True,1,120,peak,0.36445500000000003,0.484455,0.6667787988817179,1.0,1.0,0.025000000000052758
C000000031,Z:\raw_data\C000000031\VIS-032_SW_data_24-July-2026_11-57-06,AVC,0.28427531029873243,True,1,120,prior30*peak,0.354125,0.474125,0.6769334633916927,1.0,1.0,10.304999999999954
C000000031,Z:\raw_data\C000000031\VIS-032_SW_data_24-July-2026_11-57-06,AVC,0.28427531029873243,True,1,120,prior45*peak,0.354125,0.474125,0.6769334633916927,1.0,1.0,10.304999999999954
C000000031,Z:\raw_data\C000000031\VIS-032_SW_data_24-July-2026_11-57-06,AVC,0.28427531029873243,True,1,120,prior60*peak,0.354455,0.474455,0.6765483875702007,1.0,1.0,9.974999999999955
C000000031,Z:\raw_data\C000000031\VIS-032_SW_data_24-July-2026_11-57-06,AVC,0.28427531029873243,True,1,120,prior90*peak,0.36445500000000003,0.484455,0.6667787988817179,1.0,1.0,0.025000000000052758
C000000031,Z:\raw_data\C000000031\VIS-032_SW_data_24-July-2026_11-57-06,MVC,0.9145750000001863,True,1,100,phase,0.9049900000001769,1.004990000000177,,0.954289004031974,1.0,10.544999999823057
C000000031,Z:\raw_data\C000000031\VIS-032_SW_data_24-July-2026_11-57-06,MVC,0.9145750000001863,True,1,100,energy,0.8991200001118707,0.9991200001118706,0.7146016757553575,0.8867012102690911,0.0,16.414999888129334
C000000031,Z:\raw_data\C000000031\VIS-032_SW_data_24-July-2026_11-57-06,MVC,0.9145750000001863,True,1,100,prop,0.9091200001118707,1.0091200001118708,0.7108792074748778,1.0,1.0,6.414999888129325
C000000031,Z:\raw_data\C000000031\VIS-032_SW_data_24-July-2026_11-57-06,MVC,0.9145750000001863,True,1,100,sem,0.8816200001118706,0.9816200001118706,0.7314154534040317,0.6852043766479046,0.0,33.9149998881294
C000000031,Z:\raw_data\C000000031\VIS-032_SW_data_24-July-2026_11-57-06,MVC,0.9145750000001863,True,1,100,sem*prop,0.9091200001118707,1.0091200001118708,0.7108792074748778,1.0,1.0,6.414999888129325
C000000031,Z:\raw_data\C000000031\VIS-032_SW_data_24-July-2026_11-57-06,MVC,0.9145750000001863,True,1,100,prior*energy,0.9016200001118706,1.0016200001118707,0.7128803973080042,0.9154864722149755,0.0,13.914999888129387
C000000031,Z:\raw_data\C000000031\VIS-032_SW_data_24-July-2026_11-57-06,MVC,0.9145750000001863,True,1,100,prior*prop,0.9041200001118707,1.0041200001118706,0.7120874426681133,0.9442717341608585,0.0,11.41499988812944
C000000031,Z:\raw_data\C000000031\VIS-032_SW_data_24-July-2026_11-57-06,MVC,0.9145750000001863,True,1,100,prior*sem,0.9041200001118707,1.0041200001118706,0.7120874426681133,0.9442717341608585,0.0,11.41499988812944
C000000031,Z:\raw_data\C000000031\VIS-032_SW_data_24-July-2026_11-57-06,MVC,0.9145750000001863,True,1,100,prior*sem*prop,0.9041200001118707,1.0041200001118706,0.7120874426681133,0.9442717341608585,0.0,11.41499988812944
C000000031,Z:\raw_data\C000000031\VIS-032_SW_data_24-July-2026_11-57-06,MVC,0.9145750000001863,True,1,100,peak,0.9383300000000001,1.0383300000000002,0.6914605461292902,0.8132412204951053,0.0,22.795000000000122
C000000031,Z:\raw_data\C000000031\VIS-032_SW_data_24-July-2026_11-57-06,MVC,0.9145750000001863,True,1,100,prior30*peak,0.9102224999999999,1.0102225,0.7109466415579142,1.0,1.0,5.312500000000053
C000000031,Z:\raw_data\C000000031\VIS-032_SW_data_24-July-2026_11-57-06,MVC,0.9145750000001863,True,1,100,prior45*peak,0.903375,1.0033750000000001,0.7123237431862841,0.9356937248128965,0.0,12.159999999999949
C000000031,Z:\raw_data\C000000031\VIS-032_SW_data_24-July-2026_11-57-06,MVC,0.9145750000001863,True,1,100,prior60*peak,0.9033300000000001,1.00333,0.7123380163698021,0.9351755900978697,0.0,12.205000000000021
C000000031,Z:\raw_data\C000000031\VIS-032_SW_data_24-July-2026_11-57-06,MVC,0.9145750000001863,True,1,100,prior90*peak,0.9383300000000001,1.0383300000000002,0.6914605461292902,0.8132412204951053,0.0,22.795000000000122
C000000031,Z:\raw_data\C000000031\VIS-032_SW_data_24-July-2026_11-57-06,MVC,0.9145750000001863,True,1,120,phase,0.8949900000001769,1.0149900000001768,,1.0,1.0,10.544999999823169
C000000031,Z:\raw_data\C000000031\VIS-032_SW_data_24-July-2026_11-57-06,MVC,0.9145750000001863,True,1,120,energy,0.8741200001118707,0.9941200001118707,0.7175922992855739,0.829130686377325,0.0,31.414999888129238
C000000031,Z:\raw_data\C000000031\VIS-032_SW_data_24-July-2026_11-57-06,MVC,0.9145750000001863,True,1,120,prop,0.9441200001118706,1.0641200001118705,0.6724273651299368,0.7465745525403503,0.0,38.585000111870386
C000000031,Z:\raw_data\C000000031\VIS-032_SW_data_24-July-2026_11-57-06,MVC,0.9145750000001863,True,1,120,sem,0.8591200001118706,0.9791200001118706,0.7246183328899175,0.6564191147020215,0.0,46.41499988812936
C000000031,Z:\raw_data\C000000031\VIS-032_SW_data_24-July-2026_11-57-06,MVC,0.9145750000001863,True,1,120,sem*prop,0.8866200001118707,1.0066200001118708,0.7185278164324359,0.9730569961067441,1.0,18.91499988812928
C000000031,Z:\raw_data\C000000031\VIS-032_SW_data_24-July-2026_11-57-06,MVC,0.9145750000001863,True,1,120,prior*energy,0.8941200001118708,1.0141200001118706,0.7045819849499304,1.0,1.0,11.41499988812933
C000000031,Z:\raw_data\C000000031\VIS-032_SW_data_24-July-2026_11-57-06,MVC,0.9145750000001863,True,1,120,prior*prop,0.8941200001118708,1.0141200001118706,0.7045819849499304,1.0,1.0,11.41499988812933
C000000031,Z:\raw_data\C000000031\VIS-032_SW_data_24-July-2026_11-57-06,MVC,0.9145750000001863,True,1,120,prior*sem,0.8916200001118706,1.0116200001118707,0.7113074971483021,1.0,1.0,13.914999888129387
C000000031,Z:\raw_data\C000000031\VIS-032_SW_data_24-July-2026_11-57-06,MVC,0.9145750000001863,True,1,120,prior*sem*prop,0.8891200001118706,1.0091200001118708,0.716460386375469,1.0,1.0,16.414999888129334
C000000031,Z:\raw_data\C000000031\VIS-032_SW_data_24-July-2026_11-57-06,MVC,0.9145750000001863,True,1,120,peak,0.9283300000000001,1.04833,0.674671789642504,0.9283822682786401,0.0,22.79500000000001
C000000031,Z:\raw_data\C000000031\VIS-032_SW_data_24-July-2026_11-57-06,MVC,0.9145750000001863,True,1,120,prior30*peak,0.9002224999999999,1.0202225,0.6962957208007388,1.0,1.0,5.312500000000053
C000000031,Z:\raw_data\C000000031\VIS-032_SW_data_24-July-2026_11-57-06,MVC,0.9145750000001863,True,1,120,prior45*peak,0.893375,1.013375,0.706586187886,1.0,1.0,12.16000000000006
C000000031,Z:\raw_data\C000000031\VIS-032_SW_data_24-July-2026_11-57-06,MVC,0.9145750000001863,True,1,120,prior60*peak,0.8933300000000002,1.0133300000000003,0.7067072471055706,1.0,1.0,12.2049999999998
C000000031,Z:\raw_data\C000000031\VIS-032_SW_data_24-July-2026_11-57-06,MVC,0.9145750000001863,True,1,120,prior90*peak,0.9283300000000001,1.04833,0.674671789642504,0.9283822682786401,0.0,22.79500000000001
