folder,t_ms,phase_ms,rr_ms,detected,sem,c,burst
Z:\raw_data\C000000001\SWE_01_SW_data_21-April-2026_12-12-54,81.62000011187047,81.62000011187047,712.0,0,0.790663955313206,3.6475409836065578,0.6857619576955962
Z:\raw_data\C000000001\SWE_01_SW_data_21-April-2026_12-12-54,91.62000011187047,91.62000011187047,712.0,0,0.7585035475948416,4.759358288770054,0.6010501576963968
Z:\raw_data\C000000001\SWE_01_SW_data_21-April-2026_12-12-54,101.62000011187045,101.62000011187045,712.0,-1,0.8095526639284558,5.973154362416108,0.6154655734409662
Z:\raw_data\C000000001\SWE_01_SW_data_21-April-2026_12-12-54,111.62000011187045,111.62000011187045,712.0,-1,0.8047577147982056,10.787878787878787,0.6048444380803374
Z:\raw_data\C000000001\SWE_01_SW_data_21-April-2026_12-12-54,121.62000011187045,121.62000011187045,712.0,-1,0.7255095749738271,12.191780821917808,0.5275263573460719
Z:\raw_data\C000000001\SWE_01_SW_data_21-April-2026_12-12-54,131.62000011187044,131.62000011187044,712.0,-1,0.6702714614951796,-20.0,0.521992207618047
Z:\raw_data\C000000001\SWE_01_SW_data_21-April-2026_12-12-54,141.62000011187044,141.62000011187044,712.0,-1,0.6322038087013283,-20.0,0.754290354146302
Z:\raw_data\C000000001\SWE_01_SW_data_21-April-2026_12-12-54,151.62000011187044,151.62000011187044,712.0,-1,0.4946174382583853,-10.787878787878787,0.929064720022645
Z:\raw_data\C000000001\SWE_01_SW_data_21-April-2026_12-12-54,161.62000011187044,161.62000011187044,712.0,-1,0.48304631242959184,-20.0,0.7995674848184368
Z:\raw_data\C000000001\SWE_01_SW_data_21-April-2026_12-12-54,171.6200001118704,171.6200001118704,712.0,-1,0.4005717955034617,20.0,0.8094663053503277
Z:\raw_data\C000000001\SWE_01_SW_data_21-April-2026_12-12-54,181.6200001118704,181.6200001118704,712.0,-1,0.2806471091986149,-20.0,1.1423920626255237
Z:\raw_data\C000000001\SWE_01_SW_data_21-April-2026_12-12-54,191.6200001118704,191.6200001118704,712.0,-1,0.2471575084535331,-20.0,2.111188238641067
Z:\raw_data\C000000001\SWE_01_SW_data_21-April-2026_12-12-54,201.6200001118704,201.6200001118704,712.0,-1,0.23948394692440242,10.787878787878787,1.5498882821079403
Z:\raw_data\C000000001\SWE_01_SW_data_21-April-2026_12-12-54,211.62000011187044,211.62000011187044,712.0,-1,0.22661776070129347,10.787878787878787,1.0813018998994488
Z:\raw_data\C000000001\SWE_01_SW_data_21-April-2026_12-12-54,221.62000011187038,221.62000011187038,712.0,-1,0.2230207345753559,-20.0,0.6634075353907697
Z:\raw_data\C000000001\SWE_01_SW_data_21-April-2026_12-12-54,231.62000011187038,231.62000011187038,712.0,-1,0.31031942488211367,-3.0531732418524875,0.4855692438916346
Z:\raw_data\C000000001\SWE_01_SW_data_21-April-2026_12-12-54,241.6200001118704,241.6200001118704,712.0,-1,0.5780128479663215,-20.0,0.3118056719548741
Z:\raw_data\C000000001\SWE_01_SW_data_21-April-2026_12-12-54,251.6200001118704,251.6200001118704,712.0,-1,0.62711921082889,20.0,0.33172559967467513
Z:\raw_data\C000000001\SWE_01_SW_data_21-April-2026_12-12-54,261.62000011187035,261.62000011187035,712.0,-1,0.6449320289872573,20.0,0.5349047355282823
Z:\raw_data\C000000001\SWE_01_SW_data_21-April-2026_12-12-54,271.62000011187035,271.62000011187035,712.0,-1,0.6430806648129199,20.0,0.925771855365866
Z:\raw_data\C000000001\SWE_01_SW_data_21-April-2026_12-12-54,281.6200001118704,281.6200001118704,712.0,-1,0.6428271060037789,20.0,3.2164349836669404
Z:\raw_data\C000000001\SWE_01_SW_data_21-April-2026_12-12-54,291.6200001118704,291.6200001118704,712.0,-1,0.6434548603621348,20.0,2.818919054229163
Z:\raw_data\C000000001\SWE_01_SW_data_21-April-2026_12-12-54,301.62000011187035,301.62000011187035,712.0,-1,0.6417995074931813,20.0,3.187138561966365
Z:\raw_data\C000000001\SWE_01_SW_data_21-April-2026_12-12-54,311.62000011187035,311.62000011187035,712.0,-1,0.6447674282137397,20.0,3.620726356555465
Z:\raw_data\C000000001\SWE_01_SW_data_21-April-2026_12-12-54,321.62000011187035,321.62000011187035,712.0,-1,0.6414654911349384,20.0,3.434126013096919
Z:\raw_data\C000000001\SWE_01_SW_data_21-April-2026_12-12-54,331.62000011187035,331.62000011187035,712.0,-1,0.6376991211587435,20.0,3.2535766927498115
Z:\raw_data\C000000001\SWE_01_SW_data_21-April-2026_12-12-54,341.62000011187035,341.62000011187035,712.0,-1,0.6352894164893177,20.0,2.643951184500277
Z:\raw_data\C000000001\SWE_01_SW_data_21-April-2026_12-12-54,351.62000011187035,351.62000011187035,712.0,-1,0.6343162259471228,16.48148148148148,1.7418064534005753
Z:\raw_data\C000000001\SWE_01_SW_data_21-April-2026_12-12-54,361.62000011187035,361.62000011187035,712.0,-1,0.6317006579166594,20.0,0.8136207788679872
Z:\raw_data\C000000001\SWE_01_SW_data_21-April-2026_12-12-54,371.62000011187035,371.62000011187035,712.0,-1,0.6626792659307441,14.015748031496063,0.5072386541678706
Z:\raw_data\C000000001\SWE_01_SW_data_21-April-2026_12-12-54,381.6200001118703,381.6200001118703,712.0,-1,0.5700542886082653,20.0,0.31440405684970346
Z:\raw_data\C000000001\SWE_01_SW_data_21-April-2026_12-12-54,391.6200001118703,391.6200001118703,712.0,1,0.48764814689467223,-20.0,0.4555658964084167
Z:\raw_data\C000000001\SWE_01_SW_data_21-April-2026_12-12-54,401.6200001118703,401.6200001118703,712.0,1,0.41031297630951497,4.759358288770054,0.8187779589816304
Z:\raw_data\C000000001\SWE_01_SW_data_21-April-2026_12-12-54,411.62000011187035,411.62000011187035,712.0,1,0.42225873646747314,4.320388349514563,0.7965621787557711
Z:\raw_data\C000000001\SWE_01_SW_data_21-April-2026_12-12-54,421.62000011187035,421.62000011187035,712.0,1,0.4195778446697075,4.759358288770054,1.2185988310693778
Z:\raw_data\C000000001\SWE_01_SW_data_21-April-2026_12-12-54,431.6200001118703,431.6200001118703,712.0,1,0.40875608610785097,4.529262086513995,1.51597470008285
Z:\raw_data\C000000001\SWE_01_SW_data_21-April-2026_12-12-54,441.6200001118703,441.6200001118703,712.0,1,0.40244232530348434,5.014084507042254,1.2371024442506167
Z:\raw_data\C000000001\SWE_01_SW_data_21-April-2026_12-12-54,451.6200001118703,451.6200001118703,712.0,1,0.41850438279483493,6.3799283154121875,1.0862606800148955
Z:\raw_data\C000000001\SWE_01_SW_data_21-April-2026_12-12-54,461.62000011187024,461.62000011187024,712.0,1,0.4254313822435312,5.973154362416108,1.1408181302852223
Z:\raw_data\C000000001\SWE_01_SW_data_21-April-2026_12-12-54,471.6200001118703,471.6200001118703,712.0,1,0.4445764375297249,-1.543798785776236,1.1969372590473277
Z:\raw_data\C000000001\SWE_01_SW_data_21-April-2026_12-12-54,481.6200001118703,481.6200001118703,712.0,1,0.46822259835219876,-1.0684273709483794,0.9474552009197168
Z:\raw_data\C000000001\SWE_01_SW_data_21-April-2026_12-12-54,491.6200001118703,491.6200001118703,712.0,-1,0.4756930886107707,-1.5187713310580204,0.9634124439659122
Z:\raw_data\C000000001\SWE_01_SW_data_21-April-2026_12-12-54,501.62000011187024,501.62000011187024,712.0,-1,0.4741611588877783,-1.3841368584758942,1.1918762901817768
Z:\raw_data\C000000001\SWE_01_SW_data_21-April-2026_12-12-54,511.62000011187024,511.62000011187024,712.0,-1,0.48960999928108034,-1.0107893242475867,1.2344408154652182
Z:\raw_data\C000000001\SWE_01_SW_data_21-April-2026_12-12-54,521.6200001118702,521.6200001118702,712.0,-1,0.48968624487867046,-1.0107893242475867,0.9983946753697244
Z:\raw_data\C000000001\SWE_01_SW_data_21-April-2026_12-12-54,531.6200001118702,531.6200001118702,712.0,-1,0.48242317623640035,-1.0,0.9030047653528668
Z:\raw_data\C000000001\SWE_01_SW_data_21-April-2026_12-12-54,541.6200001118701,541.6200001118701,712.0,-1,0.46983646529840417,-1.0218140068886339,1.1527478741777328
Z:\raw_data\C000000001\SWE_01_SW_data_21-April-2026_12-12-54,551.6200001118701,551.6200001118701,712.0,-1,0.4451230944053227,-1.0107893242475867,1.4882946289614358
Z:\raw_data\C000000001\SWE_01_SW_data_21-April-2026_12-12-54,561.6200001118702,561.6200001118702,712.0,-1,0.43463558964850063,-1.0107893242475867,1.0933472033965452
Z:\raw_data\C000000001\SWE_01_SW_data_21-April-2026_12-12-54,571.6200001118702,571.6200001118702,712.0,-1,0.4026861564271283,-1.4048934490923441,0.6914486184158414
Z:\raw_data\C000000001\SWE_01_SW_data_21-April-2026_12-12-54,581.6200001118702,581.6200001118702,712.0,-1,0.35159950024817854,1.0,0.7227395252851135
Z:\raw_data\C000000001\SWE_01_SW_data_21-April-2026_12-12-54,591.6200001118702,591.6200001118702,712.0,-1,0.3960913502877857,1.3069016152716595,0.9525816947613396
Z:\raw_data\C000000001\SWE_01_SW_data_21-April-2026_12-12-54,601.6200001118702,601.6200001118702,712.0,-1,0.4536728681181483,1.0684273709483794,0.8125126662522738
Z:\raw_data\C000000001\SWE_01_SW_data_21-April-2026_12-12-54,611.6200001118701,611.6200001118701,712.0,-1,0.4805095597939745,1.3069016152716595,1.0000817349459792
Z:\raw_data\C000000001\SWE_01_SW_data_21-April-2026_12-12-54,621.6200001118701,621.6200001118701,712.0,-1,0.4945296250244643,1.3069016152716595,0.7744464744831707
Z:\raw_data\C000000001\SWE_01_SW_data_21-April-2026_12-12-54,631.6200001118701,631.6200001118701,712.0,-1,0.48539476369232487,1.2889210716871833,0.6420490988905462
Z:\raw_data\C000000001\SWE_01_SW_data_21-April-2026_12-12-54,641.6200001118701,641.6200001118701,712.0,-1,0.5833395106793136,1.543798785776236,0.5783194546814078
Z:\raw_data\C000000001\SWE_01_SW_data_21-April-2026_12-12-54,651.6200001118701,651.6200001118701,712.0,-1,0.6053628661886312,1.2889210716871833,0.4990106329375909
Z:\raw_data\C000000001\SWE_01_SW_data_21-April-2026_12-12-54,661.6200001118701,661.6200001118701,712.0,-1,0.7008351952287364,1.543798785776236,0.592111488593452
Z:\raw_data\C000000001\SWE_01_SW_data_21-April-2026_12-12-54,671.6200001118701,671.6200001118701,712.0,-1,0.6135175215106311,2.006764374295378,0.6824671751605818
Z:\raw_data\C000000001\SWE_01_SW_data_21-April-2026_12-12-54,681.6200001118701,681.6200001118701,712.0,-1,0.6559475207135625,3.955555555555556,0.8981496198766495
Z:\raw_data\C000000001\SWE_01_SW_data_21-April-2026_12-12-54,691.6200001118701,691.6200001118701,712.0,-1,0.6623709259206498,4.759358288770054,0.9224958036621482
Z:\raw_data\C000000001\SWE_01_SW_data_21-April-2026_12-12-54,701.6200001118701,6.620000111870028,712.0,-1,0.6987883706129099,5.014084507042254,1.0586338445735635
Z:\raw_data\C000000001\SWE_01_SW_data_21-April-2026_12-12-54,711.6200001118701,16.620000111870038,712.0,-1,0.7065403837519617,5.297619047619048,1.7486012551138224
Z:\raw_data\C000000001\SWE_01_SW_data_21-April-2026_12-12-54,721.6200001118701,26.620000111870045,712.0,-1,0.7059142482480119,5.297619047619048,2.829814405922091
Z:\raw_data\C000000001\SWE_01_SW_data_21-April-2026_12-12-54,731.6200001118701,36.620000111870056,712.0,-1,0.7144847287306009,5.297619047619048,2.9150697589360384
Z:\raw_data\C000000001\SWE_01_SW_data_21-April-2026_12-12-54,741.6200001118701,46.62000011187006,712.0,2,0.7179044711728189,5.297619047619048,2.2028905174972255
Z:\raw_data\C000000001\SWE_01_SW_data_21-April-2026_12-12-54,751.6200001118701,56.62000011187007,712.0,2,0.7220542103340313,5.297619047619048,2.1294318667971477
Z:\raw_data\C000000001\SWE_01_SW_data_21-April-2026_12-12-54,761.6200001118701,66.62000011187008,712.0,2,0.7325355805717954,5.615141955835963,1.4870851071333893
Z:\raw_data\C000000001\SWE_01_SW_data_21-April-2026_12-12-54,771.62000011187,76.62000011186998,712.0,2,0.7587544312463015,4.529262086513995,1.0875603954316921
Z:\raw_data\C000000001\SWE_01_SW_data_21-April-2026_12-12-54,781.62000011187,86.62000011186998,712.0,2,0.8342888236273021,6.846153846153847,0.8651351156028471
Z:\raw_data\C000000001\SWE_01_SW_data_21-April-2026_12-12-54,791.62000011187,96.62000011187,712.0,2,0.8594010366817438,8.768472906403941,0.7206395374983069
Z:\raw_data\C000000001\SWE_01_SW_data_21-April-2026_12-12-54,801.62000011187,106.62000011187001,712.0,2,0.8980111291901002,16.48148148148148,0.6641844991945967
Z:\raw_data\C000000001\SWE_01_SW_data_21-April-2026_12-12-54,811.6200001118701,116.62000011187001,712.0,2,0.8533471163792226,20.0,0.48755666311833523
Z:\raw_data\C000000001\SWE_01_SW_data_21-April-2026_12-12-54,821.6200001118701,126.62000011187003,712.0,2,0.8069708481688312,20.0,0.36957885714857414
Z:\raw_data\C000000001\SWE_01_SW_data_21-April-2026_12-12-54,831.6200001118701,136.62000011187004,712.0,2,0.7326814045966098,-20.0,0.5057637022109784
Z:\raw_data\C000000001\SWE_01_SW_data_21-April-2026_12-12-54,841.62000011187,146.62000011186993,712.0,-1,0.5969210096022237,-4.529262086513995,0.8191785264233806
Z:\raw_data\C000000001\SWE_01_SW_data_21-April-2026_12-12-54,851.62000011187,156.62000011186993,712.0,-1,0.6047627924156846,20.0,0.6515384747086016
Z:\raw_data\C000000001\SWE_01_SW_data_21-April-2026_12-12-54,861.62000011187,166.62000011186996,712.0,-1,0.5505686747670956,-20.0,0.5797018682531903
Z:\raw_data\C000000001\SWE_01_SW_data_21-April-2026_12-12-54,871.62000011187,176.62000011186996,712.0,-1,0.41099833544608083,-20.0,0.7228460246368328
Z:\raw_data\C000000001\SWE_01_SW_data_21-April-2026_12-12-54,881.62000011187,186.62000011186996,712.0,-1,0.29871034986276296,20.0,1.0249368841323097
Z:\raw_data\C000000001\SWE_01_SW_data_21-April-2026_12-12-54,891.62000011187,196.62000011186998,712.0,-1,0.28194766427607976,-3.6475409836065578,0.9991802788254899
Z:\raw_data\C000000001\SWE_01_SW_data_21-April-2026_12-12-54,901.62000011187,206.62000011186998,712.0,3,0.2434545072053729,-3.7953091684434974,0.7221938050356717
Z:\raw_data\C000000001\SWE_01_SW_data_21-April-2026_12-12-54,911.62000011187,216.62000011186998,712.0,3,0.1786199864209255,-4.759358288770054,0.7284456827539718
Z:\raw_data\C000000002\SWE02_SW_data_28-April-2026_10-09-45,81.62000011187047,81.62000011187047,1173.0,0,0.6760492471433142,5.014084507042254,2.3355170860322256
Z:\raw_data\C000000002\SWE02_SW_data_28-April-2026_10-09-45,91.62000011187047,91.62000011187047,1173.0,0,0.6799836510142765,5.014084507042254,1.4871934266730025
Z:\raw_data\C000000002\SWE02_SW_data_28-April-2026_10-09-45,101.62000011187045,101.62000011187045,1173.0,0,0.6917499769656938,5.615141955835963,1.1229387143830158
Z:\raw_data\C000000002\SWE02_SW_data_28-April-2026_10-09-45,111.62000011187045,111.62000011187045,1173.0,0,0.7407266945568204,5.014084507042254,0.5862539117980501
Z:\raw_data\C000000002\SWE02_SW_data_28-April-2026_10-09-45,121.62000011187045,121.62000011187045,1173.0,-1,0.7813774389765883,7.385892116182573,0.4464608658727175
Z:\raw_data\C000000002\SWE02_SW_data_28-April-2026_10-09-45,131.62000011187044,131.62000011187044,1173.0,-1,0.7353399115068378,6.3799283154121875,0.3738067646755025
Z:\raw_data\C000000002\SWE02_SW_data_28-April-2026_10-09-45,141.62000011187044,141.62000011187044,1173.0,-1,0.5950330388977075,20.0,0.44306043943397316
Z:\raw_data\C000000002\SWE02_SW_data_28-April-2026_10-09-45,151.62000011187044,151.62000011187044,1173.0,-1,0.3442655119169311,5.297619047619048,0.8606552508847171
Z:\raw_data\C000000002\SWE02_SW_data_28-April-2026_10-09-45,161.62000011187044,161.62000011187044,1173.0,-1,0.3054730780415582,3.7953091684434974,0.8228146821709363
Z:\raw_data\C000000002\SWE02_SW_data_28-April-2026_10-09-45,171.6200001118704,171.6200001118704,1173.0,-1,0.2842429924484304,8.018018018018019,0.8352788115720201
Z:\raw_data\C000000002\SWE02_SW_data_28-April-2026_10-09-45,181.6200001118704,181.6200001118704,1173.0,-1,0.22325045191218584,8.018018018018019,1.1109703171928857
Z:\raw_data\C000000002\SWE02_SW_data_28-April-2026_10-09-45,191.6200001118704,191.6200001118704,1173.0,-1,0.18803241880531027,7.385892116182573,1.1830772435893282
Z:\raw_data\C000000002\SWE02_SW_data_28-April-2026_10-09-45,201.6200001118704,201.6200001118704,1173.0,-1,0.1868199426979356,7.385892116182573,1.1503603398368927
Z:\raw_data\C000000002\SWE02_SW_data_28-April-2026_10-09-45,211.62000011187044,211.62000011187044,1173.0,-1,0.18244489387866186,20.0,1.0513360506660903
Z:\raw_data\C000000002\SWE02_SW_data_28-April-2026_10-09-45,221.62000011187038,221.62000011187038,1173.0,-1,0.1761242251533087,-4.129930394431555,0.9908320021704144
Z:\raw_data\C000000002\SWE02_SW_data_28-April-2026_10-09-45,231.62000011187038,231.62000011187038,1173.0,-1,0.19884657199647687,-3.7953091684434974,0.9705051897717479
Z:\raw_data\C000000002\SWE02_SW_data_28-April-2026_10-09-45,241.6200001118704,241.6200001118704,1173.0,-1,0.20261880676371982,-4.129930394431555,1.0190351236067912
Z:\raw_data\C000000002\SWE02_SW_data_28-April-2026_10-09-45,251.6200001118704,251.6200001118704,1173.0,-1,0.2080693332534205,-3.7953091684434974,1.00525804502381
Z:\raw_data\C000000002\SWE02_SW_data_28-April-2026_10-09-45,261.62000011187035,261.62000011187035,1173.0,-1,0.21732528640351126,-4.129930394431555,1.0720189052267999
Z:\raw_data\C000000002\SWE02_SW_data_28-April-2026_10-09-45,271.62000011187035,271.62000011187035,1173.0,-1,0.22103605793335931,-3.955555555555556,1.3390708095852386
Z:\raw_data\C000000002\SWE02_SW_data_28-April-2026_10-09-45,281.6200001118704,281.6200001118704,1173.0,-1,0.2065374188238701,-3.6475409836065578,1.1318647016310726
Z:\raw_data\C000000002\SWE02_SW_data_28-April-2026_10-09-45,291.6200001118704,291.6200001118704,1173.0,-1,0.2162342906537543,-3.7953091684434974,1.1509744273487879
Z:\raw_data\C000000002\SWE02_SW_data_28-April-2026_10-09-45,301.62000011187035,301.62000011187035,1173.0,-1,0.22686903230823632,-16.48148148148148,1.1063016049876007
Z:\raw_data\C000000002\SWE02_SW_data_28-April-2026_10-09-45,311.62000011187035,311.62000011187035,1173.0,-1,0.2736493603226247,-8.018018018018019,0.7431237175198196
Z:\raw_data\C000000002\SWE02_SW_data_28-April-2026_10-09-45,321.62000011187035,321.62000011187035,1173.0,-1,0.4808227830196867,-20.0,0.4294951737813967
Z:\raw_data\C000000002\SWE02_SW_data_28-April-2026_10-09-45,331.62000011187035,331.62000011187035,1173.0,-1,0.6483856666797098,-20.0,0.33259109544887755
Z:\raw_data\C000000002\SWE02_SW_data_28-April-2026_10-09-45,341.62000011187035,341.62000011187035,1173.0,-1,0.7222405055165156,-20.0,0.37597941023024345
Z:\raw_data\C000000002\SWE02_SW_data_28-April-2026_10-09-45,351.62000011187035,351.62000011187035,1173.0,1,0.7192546580926608,-20.0,0.6030432097753464
Z:\raw_data\C000000002\SWE02_SW_data_28-April-2026_10-09-45,361.62000011187035,361.62000011187035,1173.0,1,0.7169812909927693,-20.0,2.254966162891792
Z:\raw_data\C000000002\SWE02_SW_data_28-April-2026_10-09-45,371.62000011187035,371.62000011187035,1173.0,1,0.7182539703717652,-20.0,2.6195618901272573
Z:\raw_data\C000000002\SWE02_SW_data_28-April-2026_10-09-45,381.6200001118703,381.6200001118703,1173.0,1,0.7124931533578273,-20.0,2.683095880801943
Z:\raw_data\C000000002\SWE02_SW_data_28-April-2026_10-09-45,391.6200001118703,391.6200001118703,1173.0,1,0.7053032259251972,-20.0,2.7975616434960418
Z:\raw_data\C000000002\SWE02_SW_data_28-April-2026_10-09-45,401.6200001118703,401.6200001118703,1173.0,1,0.6861190213643492,-14.015748031496063,2.190377259889231
Z:\raw_data\C000000002\SWE02_SW_data_28-April-2026_10-09-45,411.62000011187035,411.62000011187035,1173.0,1,0.6671146707417247,-20.0,1.9727509688740819
Z:\raw_data\C000000002\SWE02_SW_data_28-April-2026_10-09-45,421.62000011187035,421.62000011187035,1173.0,1,0.6536255569150498,-20.0,1.9157126164750893
Z:\raw_data\C000000002\SWE02_SW_data_28-April-2026_10-09-45,431.6200001118703,431.6200001118703,1173.0,1,0.6340371280151924,-20.0,1.651349453779602
Z:\raw_data\C000000002\SWE02_SW_data_28-April-2026_10-09-45,441.6200001118703,441.6200001118703,1173.0,1,0.6080123030759533,-20.0,1.0849554218614796
Z:\raw_data\C000000002\SWE02_SW_data_28-April-2026_10-09-45,451.6200001118703,451.6200001118703,1173.0,-1,0.588280608486154,-20.0,0.7280014675718998
Z:\raw_data\C000000002\SWE02_SW_data_28-April-2026_10-09-45,461.62000011187024,461.62000011187024,1173.0,-1,0.5628691075402203,-20.0,0.3975343785889388
Z:\raw_data\C000000002\SWE02_SW_data_28-April-2026_10-09-45,471.6200001118703,471.6200001118703,1173.0,-1,0.5136123741794945,-20.0,0.48311325714784464
Z:\raw_data\C000000002\SWE02_SW_data_28-April-2026_10-09-45,481.6200001118703,481.6200001118703,1173.0,-1,0.36381683011479626,5.014084507042254,0.9623029194225902
Z:\raw_data\C000000002\SWE02_SW_data_28-April-2026_10-09-45,491.6200001118703,491.6200001118703,1173.0,-1,0.4184166888755078,8.018018018018019,0.9529450283490761
Z:\raw_data\C000000002\SWE02_SW_data_28-April-2026_10-09-45,501.62000011187024,501.62000011187024,1173.0,-1,0.5165351860347821,5.297619047619048,0.8861789374507512
Z:\raw_data\C000000002\SWE02_SW_data_28-April-2026_10-09-45,511.62000011187024,511.62000011187024,1173.0,-1,0.5166742975584795,3.0531732418524875,1.1587216360289494
Z:\raw_data\C000000002\SWE02_SW_data_28-April-2026_10-09-45,521.6200001118702,521.6200001118702,1173.0,-1,0.5338954823905502,3.955555555555556,1.086879064362783
Z:\raw_data\C000000002\SWE02_SW_data_28-April-2026_10-09-45,531.6200001118702,531.6200001118702,1173.0,-1,0.5663640803052438,3.0531732418524875,0.9945583149850123
Z:\raw_data\C000000002\SWE02_SW_data_28-April-2026_10-09-45,541.6200001118701,541.6200001118701,1173.0,-1,0.5574595879673031,2.5538020086083217,1.4021681181889465
Z:\raw_data\C000000002\SWE02_SW_data_28-April-2026_10-09-45,551.6200001118701,551.6200001118701,1173.0,-1,0.5549934448886289,2.5538020086083217,1.7184662299466185
Z:\raw_data\C000000002\SWE02_SW_data_28-April-2026_10-09-45,561.6200001118702,561.6200001118702,1173.0,-1,0.559726765932303,2.1948212083847105,1.6893587787328892
Z:\raw_data\C000000002\SWE02_SW_data_28-April-2026_10-09-45,571.6200001118702,571.6200001118702,1173.0,2,0.5655247401207493,2.5538020086083217,1.5032554095766895
Z:\raw_data\C000000002\SWE02_SW_data_28-April-2026_10-09-45,581.6200001118702,581.6200001118702,1173.0,2,0.5943331654848002,2.5538020086083217,1.1616157648611443
Z:\raw_data\C000000002\SWE02_SW_data_28-April-2026_10-09-45,591.6200001118702,591.6200001118702,1173.0,2,0.6110363550772117,2.7010622154779975,1.0908417666527057
Z:\raw_data\C000000002\SWE02_SW_data_28-April-2026_10-09-45,601.6200001118702,601.6200001118702,1173.0,2,0.6102951900529772,2.5538020086083217,1.2476898042522608
Z:\raw_data\C000000002\SWE02_SW_data_28-April-2026_10-09-45,611.6200001118701,611.6200001118701,1173.0,2,0.6143550609973442,2.5538020086083217,1.0079214912452061
Z:\raw_data\C000000002\SWE02_SW_data_28-April-2026_10-09-45,621.6200001118701,621.6200001118701,1173.0,2,0.5968716667375313,3.1560283687943267,0.7917024263665213
Z:\raw_data\C000000002\SWE02_SW_data_28-April-2026_10-09-45,631.6200001118701,631.6200001118701,1173.0,2,0.497222461928998,8.018018018018019,0.918690393942344
Z:\raw_data\C000000002\SWE02_SW_data_28-April-2026_10-09-45,641.6200001118701,641.6200001118701,1173.0,2,0.473433458735875,2.7010622154779975,0.6122303153178226
Z:\raw_data\C000000002\SWE02_SW_data_28-April-2026_10-09-45,651.6200001118701,651.6200001118701,1173.0,2,0.5183056977826238,-1.0,0.44452117204354336
Z:\raw_data\C000000002\SWE02_SW_data_28-April-2026_10-09-45,661.6200001118701,661.6200001118701,1173.0,2,0.5399255651607874,-1.0,0.5636237460586605
Z:\raw_data\C000000002\SWE02_SW_data_28-April-2026_10-09-45,671.6200001118701,671.6200001118701,1173.0,-1,0.5192877002613479,-1.033081834010447,0.7107820976286195
Z:\raw_data\C000000002\SWE02_SW_data_28-April-2026_10-09-45,681.6200001118701,681.6200001118701,1173.0,-1,0.5391093033132927,-1.1611219830397914,0.790407652271588
Z:\raw_data\C000000002\SWE02_SW_data_28-April-2026_10-09-45,691.6200001118701,691.6200001118701,1173.0,-1,0.48237416601878036,-1.9646799116997795,0.8420590941148323
Z:\raw_data\C000000002\SWE02_SW_data_28-April-2026_10-09-45,701.6200001118701,701.6200001118701,1173.0,-1,0.3885691829846835,-5.297619047619048,0.60178723508064
Z:\raw_data\C000000002\SWE02_SW_data_28-April-2026_10-09-45,711.6200001118701,711.6200001118701,1173.0,-1,0.3473759984123537,2.625368731563422,0.6596271775049899
Z:\raw_data\C000000002\SWE02_SW_data_28-April-2026_10-09-45,721.6200001118701,721.6200001118701,1173.0,-1,0.3154822105888265,1.033081834010447,0.9520662923190735
Z:\raw_data\C000000002\SWE02_SW_data_28-April-2026_10-09-45,731.6200001118701,731.6200001118701,1173.0,-1,0.3240915147212667,1.0684273709483794,0.9964031355730184
Z:\raw_data\C000000002\SWE02_SW_data_28-April-2026_10-09-45,741.6200001118701,741.6200001118701,1173.0,-1,0.3279333261609072,1.0,1.144860294232583
Z:\raw_data\C000000002\SWE02_SW_data_28-April-2026_10-09-45,751.6200001118701,751.6200001118701,1173.0,-1,0.3310239626019564,2.360742705570292,0.8850458038911033
Z:\raw_data\C000000002\SWE02_SW_data_28-April-2026_10-09-45,761.6200001118701,761.6200001118701,1173.0,-1,0.308590944145598,20.0,0.7525554178138749
Z:\raw_data\C000000002\SWE02_SW_data_28-April-2026_10-09-45,771.62000011187,771.62000011187,1173.0,-1,0.2307631788715709,20.0,0.7728668509675891
Z:\raw_data\C000000002\SWE02_SW_data_28-April-2026_10-09-45,781.62000011187,781.62000011187,1173.0,-1,0.19059055425621652,-3.0531732418524875,0.7298877561329132
Z:\raw_data\C000000002\SWE02_SW_data_28-April-2026_10-09-45,791.62000011187,791.62000011187,1173.0,-1,0.22336835949652697,-3.0531732418524875,0.808419109375514
Z:\raw_data\C000000002\SWE02_SW_data_28-April-2026_10-09-45,801.62000011187,801.62000011187,1173.0,-1,0.22029882910181833,-3.0531732418524875,0.9253588935266858
Z:\raw_data\C000000002\SWE02_SW_data_28-April-2026_10-09-45,811.6200001118701,811.6200001118701,1173.0,-1,0.2503332220824341,-3.0531732418524875,0.9983298438300824
Z:\raw_data\C000000002\SWE02_SW_data_28-April-2026_10-09-45,821.6200001118701,821.6200001118701,1173.0,-1,0.24729421918282968,20.0,0.9859036342735786
Z:\raw_data\C000000002\SWE02_SW_data_28-April-2026_10-09-45,831.6200001118701,831.6200001118701,1173.0,-1,0.18437560290701352,20.0,0.9308857207789606
Z:\raw_data\C000000002\SWE02_SW_data_28-April-2026_10-09-45,841.62000011187,841.62000011187,1173.0,-1,0.1751484092670638,20.0,1.0090736860573466
Z:\raw_data\C000000002\SWE02_SW_data_28-April-2026_10-09-45,851.62000011187,851.62000011187,1173.0,-1,0.16931910922233823,-20.0,1.1076769037906848
Z:\raw_data\C000000002\SWE02_SW_data_28-April-2026_10-09-45,861.62000011187,861.62000011187,1173.0,-1,0.16202657492491354,-20.0,1.0999141525792715
Z:\raw_data\C000000002\SWE02_SW_data_28-April-2026_10-09-45,871.62000011187,871.62000011187,1173.0,-1,0.16498917112506925,20.0,0.9273213609627823
Z:\raw_data\C000000002\SWE02_SW_data_28-April-2026_10-09-45,881.62000011187,881.62000011187,1173.0,-1,0.1631477683616866,-20.0,0.9079873397847906
Z:\raw_data\C000000002\SWE02_SW_data_28-April-2026_10-09-45,891.62000011187,891.62000011187,1173.0,-1,0.20158624252328072,-8.018018018018019,0.6699353278860877
Z:\raw_data\C000000002\SWE02_SW_data_28-April-2026_10-09-45,901.62000011187,901.62000011187,1173.0,-1,0.23695642227015556,-5.973154362416108,0.6376223501293724
Z:\raw_data\C000000002\SWE02_SW_data_28-April-2026_10-09-45,911.62000011187,911.62000011187,1173.0,-1,0.24175659689823292,-8.018018018018019,0.783338339255171
Z:\raw_data\C000000003\VIS_03_SW_data_16-June-2026_10-09-42,81.62000011187047,81.62000011187047,998.0,0,0.6113765828842117,2.247474747474748,0.8604822217549838
Z:\raw_data\C000000003\VIS_03_SW_data_16-June-2026_10-09-42,91.62000011187047,91.62000011187047,998.0,0,0.5481159033247476,1.8855932203389834,0.7182334886197206
Z:\raw_data\C000000003\VIS_03_SW_data_16-June-2026_10-09-42,101.62000011187045,101.62000011187045,998.0,0,0.5250795721702394,2.247474747474748,0.7300190773290397
Z:\raw_data\C000000003\VIS_03_SW_data_16-June-2026_10-09-42,111.62000011187045,111.62000011187045,998.0,0,0.4005766706479037,2.1948212083847105,0.8487575730460798
Z:\raw_data\C000000003\VIS_03_SW_data_16-June-2026_10-09-42,121.62000011187045,121.62000011187045,998.0,0,0.3722153728026838,3.384030418250951,0.8788677911232254
Z:\raw_data\C000000003\VIS_03_SW_data_16-June-2026_10-09-42,131.62000011187044,131.62000011187044,998.0,-1,0.27186891344128866,6.846153846153847,0.7699943036655107
Z:\raw_data\C000000003\VIS_03_SW_data_16-June-2026_10-09-42,141.62000011187044,141.62000011187044,998.0,-1,0.24430536303171013,6.846153846153847,0.7045028598096527
Z:\raw_data\C000000003\VIS_03_SW_data_16-June-2026_10-09-42,151.62000011187044,151.62000011187044,998.0,-1,0.21894791776905392,6.3799283154121875,0.8574386905097348
Z:\raw_data\C000000003\VIS_03_SW_data_16-June-2026_10-09-42,161.62000011187044,161.62000011187044,998.0,-1,0.19130259113254058,-8.018018018018019,0.9128928768223004
Z:\raw_data\C000000003\VIS_03_SW_data_16-June-2026_10-09-42,171.6200001118704,171.6200001118704,998.0,-1,0.17889319360355818,8.768472906403941,0.9981611413801017
Z:\raw_data\C000000003\VIS_03_SW_data_16-June-2026_10-09-42,181.6200001118704,181.6200001118704,998.0,-1,0.17762917633941444,20.0,1.1565965058301686
Z:\raw_data\C000000003\VIS_03_SW_data_16-June-2026_10-09-42,191.6200001118704,191.6200001118704,998.0,-1,0.1713678673076191,1.0218140068886339,1.3458314298294993
Z:\raw_data\C000000003\VIS_03_SW_data_16-June-2026_10-09-42,201.6200001118704,201.6200001118704,998.0,-1,0.17872402892628927,1.0218140068886339,1.3371841810212652
Z:\raw_data\C000000003\VIS_03_SW_data_16-June-2026_10-09-42,211.62000011187044,211.62000011187044,998.0,-1,0.17102032041763235,1.0218140068886339,1.1655894986475657
Z:\raw_data\C000000003\VIS_03_SW_data_16-June-2026_10-09-42,221.62000011187038,221.62000011187038,998.0,-1,0.17266024367379518,-6.3799283154121875,1.0755547214516306
Z:\raw_data\C000000003\VIS_03_SW_data_16-June-2026_10-09-42,231.62000011187038,231.62000011187038,998.0,-1,0.18335230466296942,-8.768472906403941,0.9741698084269628
Z:\raw_data\C000000003\VIS_03_SW_data_16-June-2026_10-09-42,241.6200001118704,241.6200001118704,998.0,-1,0.1785548698997851,-20.0,1.0519494828737168
Z:\raw_data\C000000003\VIS_03_SW_data_16-June-2026_10-09-42,251.6200001118704,251.6200001118704,998.0,-1,0.18318383982466327,-12.191780821917808,0.759576875840457
Z:\raw_data\C000000003\VIS_03_SW_data_16-June-2026_10-09-42,261.62000011187035,261.62000011187035,998.0,-1,0.1853392855381517,-20.0,0.7217125074332515
Z:\raw_data\C000000003\VIS_03_SW_data_16-June-2026_10-09-42,271.62000011187035,271.62000011187035,998.0,-1,0.17351748023387703,1.0933660933660934,0.9264121547852985
Z:\raw_data\C000000003\VIS_03_SW_data_16-June-2026_10-09-42,281.6200001118704,281.6200001118704,998.0,-1,0.1787785534775551,20.0,0.6804037758179671
Z:\raw_data\C000000003\VIS_03_SW_data_16-June-2026_10-09-42,291.6200001118704,291.6200001118704,998.0,-1,0.25094043620395146,-20.0,0.6626593181364067
Z:\raw_data\C000000003\VIS_03_SW_data_16-June-2026_10-09-42,301.62000011187035,301.62000011187035,998.0,-1,0.2875494444539135,-20.0,0.8247438918366602
Z:\raw_data\C000000003\VIS_03_SW_data_16-June-2026_10-09-42,311.62000011187035,311.62000011187035,998.0,-1,0.3962129637714385,-6.3799283154121875,0.800086616378391
Z:\raw_data\C000000003\VIS_03_SW_data_16-June-2026_10-09-42,321.62000011187035,321.62000011187035,998.0,-1,0.3748046427244016,-6.3799283154121875,0.839259195166513
Z:\raw_data\C000000003\VIS_03_SW_data_16-June-2026_10-09-42,331.62000011187035,331.62000011187035,998.0,-1,0.36646195868703274,-6.3799283154121875,1.1390189639156805
Z:\raw_data\C000000003\VIS_03_SW_data_16-June-2026_10-09-42,341.62000011187035,341.62000011187035,998.0,-1,0.3713710608257886,-4.320388349514563,1.3170743469820263
Z:\raw_data\C000000003\VIS_03_SW_data_16-June-2026_10-09-42,351.62000011187035,351.62000011187035,998.0,-1,0.36390913103219463,-5.973154362416108,1.368103417519927
Z:\raw_data\C000000003\VIS_03_SW_data_16-June-2026_10-09-42,361.62000011187035,361.62000011187035,998.0,1,0.37974817660412874,-4.320388349514563,1.4886618947796602
Z:\raw_data\C000000003\VIS_03_SW_data_16-June-2026_10-09-42,371.62000011187035,371.62000011187035,998.0,1,0.3872485777575688,-6.3799283154121875,1.6275368208199594
Z:\raw_data\C000000003\VIS_03_SW_data_16-June-2026_10-09-42,381.6200001118703,381.6200001118703,998.0,1,0.3808832471727903,-6.3799283154121875,1.6835364291571673
Z:\raw_data\C000000003\VIS_03_SW_data_16-June-2026_10-09-42,391.6200001118703,391.6200001118703,998.0,1,0.3800290591103168,-6.3799283154121875,1.458242418063568
Z:\raw_data\C000000003\VIS_03_SW_data_16-June-2026_10-09-42,401.6200001118703,401.6200001118703,998.0,1,0.3672952119254741,-6.3799283154121875,1.0423126248410906
Z:\raw_data\C000000003\VIS_03_SW_data_16-June-2026_10-09-42,411.62000011187035,411.62000011187035,998.0,1,0.37222624160692813,-6.3799283154121875,0.8958046881008249
Z:\raw_data\C000000003\VIS_03_SW_data_16-June-2026_10-09-42,421.62000011187035,421.62000011187035,998.0,1,0.35619126014251273,-7.385892116182573,0.8792076242300392
Z:\raw_data\C000000003\VIS_03_SW_data_16-June-2026_10-09-42,431.6200001118703,431.6200001118703,998.0,1,0.3071256457569894,-7.385892116182573,0.7054994895684696
Z:\raw_data\C000000003\VIS_03_SW_data_16-June-2026_10-09-42,441.6200001118703,441.6200001118703,998.0,1,0.24514229806596646,-14.015748031496063,0.7001485773934767
Z:\raw_data\C000000003\VIS_03_SW_data_16-June-2026_10-09-42,451.6200001118703,451.6200001118703,998.0,1,0.1742524422907286,-8.768472906403941,0.8163704609665555
Z:\raw_data\C000000003\VIS_03_SW_data_16-June-2026_10-09-42,461.62000011187024,461.62000011187024,998.0,-1,0.17699755489983107,-1.0,1.0019786217739282
Z:\raw_data\C000000003\VIS_03_SW_data_16-June-2026_10-09-42,471.6200001118703,471.6200001118703,998.0,-1,0.17215038960467055,-1.0,1.3290332081978082
Z:\raw_data\C000000003\VIS_03_SW_data_16-June-2026_10-09-42,481.6200001118703,481.6200001118703,998.0,-1,0.17157317323774723,-1.0,1.3561638986393028
Z:\raw_data\C000000003\VIS_03_SW_data_16-June-2026_10-09-42,491.6200001118703,491.6200001118703,998.0,-1,0.16934640517448132,-1.0,1.192518493010552
Z:\raw_data\C000000003\VIS_03_SW_data_16-June-2026_10-09-42,501.62000011187024,501.62000011187024,998.0,-1,0.15869599004338286,-1.0,1.1250662719524438
Z:\raw_data\C000000003\VIS_03_SW_data_16-June-2026_10-09-42,511.62000011187024,511.62000011187024,998.0,-1,0.15800522923259014,-1.0,1.243759306121451
Z:\raw_data\C000000003\VIS_03_SW_data_16-June-2026_10-09-42,521.6200001118702,521.6200001118702,998.0,-1,0.16502443329035685,-1.0,1.1357311282885902
Z:\raw_data\C000000003\VIS_03_SW_data_16-June-2026_10-09-42,531.6200001118702,531.6200001118702,998.0,-1,0.16047511343444149,-1.0,1.036526029096521
Z:\raw_data\C000000003\VIS_03_SW_data_16-June-2026_10-09-42,541.6200001118701,541.6200001118701,998.0,2,0.1398864584143228,-1.0,0.9342465177275144
Z:\raw_data\C000000003\VIS_03_SW_data_16-June-2026_10-09-42,551.6200001118701,551.6200001118701,998.0,2,0.14752322117450406,-1.0,0.8480027925105387
Z:\raw_data\C000000003\VIS_03_SW_data_16-June-2026_10-09-42,561.6200001118702,561.6200001118702,998.0,2,0.16883323119142266,-1.0,0.7747430488934506
Z:\raw_data\C000000003\VIS_03_SW_data_16-June-2026_10-09-42,571.6200001118702,571.6200001118702,998.0,2,0.13694384312303784,-9.673913043478262,0.6606450440473844
Z:\raw_data\C000000003\VIS_03_SW_data_16-June-2026_10-09-42,581.6200001118702,581.6200001118702,998.0,2,0.15985352878646183,1.8855932203389834,0.7799012498124059
Z:\raw_data\C000000003\VIS_03_SW_data_16-June-2026_10-09-42,591.6200001118702,591.6200001118702,998.0,2,0.17433525635264127,1.6527390900649952,0.99276755986003
Z:\raw_data\C000000003\VIS_03_SW_data_16-June-2026_10-09-42,601.6200001118702,601.6200001118702,998.0,2,0.18894951724938522,1.7131857555341674,0.9768903644162513
Z:\raw_data\C000000003\VIS_03_SW_data_16-June-2026_10-09-42,611.6200001118701,611.6200001118701,998.0,2,0.2012674272595467,1.6527390900649952,0.849280930243067
Z:\raw_data\C000000003\VIS_03_SW_data_16-June-2026_10-09-42,621.6200001118701,621.6200001118701,998.0,2,0.2148108120517317,1.9243243243243244,0.849271789338925
Z:\raw_data\C000000003\VIS_03_SW_data_16-June-2026_10-09-42,631.6200001118701,631.6200001118701,998.0,2,0.21172339685733088,1.6527390900649952,0.9767100511533918
Z:\raw_data\C000000003\VIS_03_SW_data_16-June-2026_10-09-42,641.6200001118701,641.6200001118701,998.0,-1,0.20058642709403338,1.9243243243243244,0.820874824423155
Z:\raw_data\C000000003\VIS_03_SW_data_16-June-2026_10-09-42,651.6200001118701,651.6200001118701,998.0,-1,0.1512452876464674,-3.26605504587156,0.7213944696803238
Z:\raw_data\C000000003\VIS_03_SW_data_16-June-2026_10-09-42,661.6200001118701,661.6200001118701,998.0,-1,0.18037067240027313,-3.0531732418524875,0.7359810501260808
Z:\raw_data\C000000003\VIS_03_SW_data_16-June-2026_10-09-42,671.6200001118701,671.6200001118701,998.0,-1,0.21462012847090173,-3.1560283687943267,0.686256041522287
Z:\raw_data\C000000003\VIS_03_SW_data_16-June-2026_10-09-42,681.6200001118701,681.6200001118701,998.0,-1,0.25838859618392784,-3.0531732418524875,0.7662053565453785
Z:\raw_data\C000000003\VIS_03_SW_data_16-June-2026_10-09-42,691.6200001118701,691.6200001118701,998.0,-1,0.27643993387617743,-2.9568106312292364,0.8027435429615211
Z:\raw_data\C000000003\VIS_03_SW_data_16-June-2026_10-09-42,701.6200001118701,701.6200001118701,998.0,-1,0.25440024990384313,8.768472906403941,0.7659768346757111
Z:\raw_data\C000000003\VIS_03_SW_data_16-June-2026_10-09-42,711.6200001118701,711.6200001118701,998.0,-1,0.25034519990538756,-20.0,0.8055825412959675
Z:\raw_data\C000000003\VIS_03_SW_data_16-June-2026_10-09-42,721.6200001118701,721.6200001118701,998.0,-1,0.2228052197980006,-3.955555555555556,0.8782733596451113
Z:\raw_data\C000000003\VIS_03_SW_data_16-June-2026_10-09-42,731.6200001118701,731.6200001118701,998.0,-1,0.23553061501436853,-9.673913043478262,1.0609717079718193
Z:\raw_data\C000000003\VIS_03_SW_data_16-June-2026_10-09-42,741.6200001118701,741.6200001118701,998.0,-1,0.22518070220541134,-20.0,1.1819219313289493
Z:\raw_data\C000000003\VIS_03_SW_data_16-June-2026_10-09-42,751.6200001118701,751.6200001118701,998.0,-1,0.2069847490832642,-20.0,1.1230754607034439
Z:\raw_data\C000000003\VIS_03_SW_data_16-June-2026_10-09-42,761.6200001118701,761.6200001118701,998.0,-1,0.1978366106147623,-3.0531732418524875,0.9591685548639418
Z:\raw_data\C000000003\VIS_03_SW_data_16-June-2026_10-09-42,771.62000011187,771.62000011187,998.0,-1,0.203233779499269,-20.0,0.960299567250287
Z:\raw_data\C000000003\VIS_03_SW_data_16-June-2026_10-09-42,781.62000011187,781.62000011187,998.0,-1,0.22471173280571916,-8.768472906403941,0.8987054816564674
Z:\raw_data\C000000003\VIS_03_SW_data_16-June-2026_10-09-42,791.62000011187,791.62000011187,998.0,-1,0.17197550070761095,-16.48148148148148,0.8959453677320846
Z:\raw_data\C000000003\VIS_03_SW_data_16-June-2026_10-09-42,801.62000011187,801.62000011187,998.0,-1,0.16262054338656937,-14.015748031496063,0.854289499117561
Z:\raw_data\C000000003\VIS_03_SW_data_16-June-2026_10-09-42,811.6200001118701,811.6200001118701,998.0,-1,0.2181453250806947,-14.015748031496063,0.5540585411827494
Z:\raw_data\C000000003\VIS_03_SW_data_16-June-2026_10-09-42,821.6200001118701,821.6200001118701,998.0,-1,0.18317260748804998,-5.615141955835963,0.40582301479358657
Z:\raw_data\C000000003\VIS_03_SW_data_16-June-2026_10-09-42,831.6200001118701,831.6200001118701,998.0,-1,0.24811338259558016,1.9243243243243244,0.4792826381553808
Z:\raw_data\C000000003\VIS_03_SW_data_16-June-2026_10-09-42,841.62000011187,841.62000011187,998.0,-1,0.3531463627343554,1.056379821958457,0.5552701967139215
Z:\raw_data\C000000003\VIS_03_SW_data_16-June-2026_10-09-42,851.62000011187,851.62000011187,998.0,3,0.3119684455631449,1.0218140068886339,0.47550911786742156
Z:\raw_data\C000000003\VIS_03_SW_data_16-June-2026_10-09-42,861.62000011187,861.62000011187,998.0,3,0.4064165287533834,1.3444108761329308,0.5102235110771332
Z:\raw_data\C000000003\VIS_03_SW_data_16-June-2026_10-09-42,871.62000011187,871.62000011187,998.0,3,0.37984265405798634,1.0218140068886339,0.6484185904931179
Z:\raw_data\C000000003\VIS_03_SW_data_16-June-2026_10-09-42,881.62000011187,881.62000011187,998.0,3,0.348685479271241,1.0,0.8203557696002431
Z:\raw_data\C000000003\VIS_03_SW_data_16-June-2026_10-09-42,891.62000011187,891.62000011187,998.0,3,0.34712029725387916,1.0,1.0259235582400033
Z:\raw_data\C000000003\VIS_03_SW_data_16-June-2026_10-09-42,901.62000011187,901.62000011187,998.0,3,0.318945676193429,1.0,1.1223598999930262
Z:\raw_data\C000000003\VIS_03_SW_data_16-June-2026_10-09-42,911.62000011187,911.62000011187,998.0,3,0.25876594178660756,1.0,0.923675216585715
Z:\raw_data\C000000004\VIS_4_SW_data_16-June-2026_10-58-59,81.62000011187047,81.62000011187047,798.0,0,0.8102100967770853,6.846153846153847,2.3641336377385684
Z:\raw_data\C000000004\VIS_4_SW_data_16-June-2026_10-58-59,91.62000011187047,91.62000011187047,798.0,0,0.8081416972106752,6.846153846153847,1.5566413875629836
Z:\raw_data\C000000004\VIS_4_SW_data_16-June-2026_10-58-59,101.62000011187045,101.62000011187045,798.0,0,0.80892960190552,6.846153846153847,1.128114585387613
Z:\raw_data\C000000004\VIS_4_SW_data_16-June-2026_10-58-59,111.62000011187045,111.62000011187045,798.0,0,0.7998494338661098,6.846153846153847,0.6243043141100018
Z:\raw_data\C000000004\VIS_4_SW_data_16-June-2026_10-58-59,121.62000011187045,121.62000011187045,798.0,-1,0.8002456341476984,5.973154362416108,0.5677361866316996
Z:\raw_data\C000000004\VIS_4_SW_data_16-June-2026_10-58-59,131.62000011187044,131.62000011187044,798.0,-1,0.726886368986142,12.191780821917808,0.485448734316199
Z:\raw_data\C000000004\VIS_4_SW_data_16-June-2026_10-58-59,141.62000011187044,141.62000011187044,798.0,-1,0.6884002525057463,12.191780821917808,0.5403565628375775
Z:\raw_data\C000000004\VIS_4_SW_data_16-June-2026_10-58-59,151.62000011187044,151.62000011187044,798.0,-1,0.5131026106393412,3.7953091684434974,0.7939994013457173
Z:\raw_data\C000000004\VIS_4_SW_data_16-June-2026_10-58-59,161.62000011187044,161.62000011187044,798.0,-1,0.48602946654909,3.7953091684434974,0.6800709703440895
Z:\raw_data\C000000004\VIS_4_SW_data_16-June-2026_10-58-59,171.6200001118704,171.6200001118704,798.0,-1,0.4424806763004577,2.866344605475041,0.8407359229457659
Z:\raw_data\C000000004\VIS_4_SW_data_16-June-2026_10-58-59,181.6200001118704,181.6200001118704,798.0,-1,0.4100994546477834,2.247474747474748,0.7485474884882829
Z:\raw_data\C000000004\VIS_4_SW_data_16-June-2026_10-58-59,191.6200001118704,191.6200001118704,798.0,-1,0.41743197312079594,3.1560283687943267,0.745901298281347
Z:\raw_data\C000000004\VIS_4_SW_data_16-June-2026_10-58-59,201.6200001118704,201.6200001118704,798.0,-1,0.3356521003842229,3.955555555555556,0.97524526724205
Z:\raw_data\C000000004\VIS_4_SW_data_16-June-2026_10-58-59,211.62000011187044,211.62000011187044,798.0,-1,0.30627844025470646,16.48148148148148,1.0700947934085947
Z:\raw_data\C000000004\VIS_4_SW_data_16-June-2026_10-58-59,221.62000011187038,221.62000011187038,798.0,-1,0.2984901644621091,3.6475409836065578,0.861470570067497
Z:\raw_data\C000000004\VIS_4_SW_data_16-June-2026_10-58-59,231.62000011187038,231.62000011187038,798.0,-1,0.2928270314091336,16.48148148148148,0.9261479003513924
Z:\raw_data\C000000004\VIS_4_SW_data_16-June-2026_10-58-59,241.6200001118704,241.6200001118704,798.0,-1,0.2127657519574541,3.955555555555556,1.182573561645941
Z:\raw_data\C000000004\VIS_4_SW_data_16-June-2026_10-58-59,251.6200001118704,251.6200001118704,798.0,-1,0.20940505372987805,-20.0,1.121935653312381
Z:\raw_data\C000000004\VIS_4_SW_data_16-June-2026_10-58-59,261.62000011187035,261.62000011187035,798.0,-1,0.21330897021966722,-20.0,1.2449949395915523
Z:\raw_data\C000000004\VIS_4_SW_data_16-June-2026_10-58-59,271.62000011187035,271.62000011187035,798.0,-1,0.21804044818427365,-20.0,1.055919624383157
Z:\raw_data\C000000004\VIS_4_SW_data_16-June-2026_10-58-59,281.6200001118704,281.6200001118704,798.0,-1,0.21797822295520408,20.0,0.8815933806135653
Z:\raw_data\C000000004\VIS_4_SW_data_16-June-2026_10-58-59,291.6200001118704,291.6200001118704,798.0,-1,0.2062649290919107,-10.787878787878787,0.9046140526454728
Z:\raw_data\C000000004\VIS_4_SW_data_16-June-2026_10-58-59,301.62000011187035,301.62000011187035,798.0,-1,0.1879529800062981,-14.015748031496063,0.896601794271855
Z:\raw_data\C000000004\VIS_4_SW_data_16-June-2026_10-58-59,311.62000011187035,311.62000011187035,798.0,-1,0.19875450498043953,-10.787878787878787,0.7653059360149238
Z:\raw_data\C000000004\VIS_4_SW_data_16-June-2026_10-58-59,321.62000011187035,321.62000011187035,798.0,-1,0.19815084466113994,-10.787878787878787,0.7420213126835048
Z:\raw_data\C000000004\VIS_4_SW_data_16-June-2026_10-58-59,331.62000011187035,331.62000011187035,798.0,-1,0.19306370350195992,2.7812500000000004,0.5704689725264905
Z:\raw_data\C000000004\VIS_4_SW_data_16-June-2026_10-58-59,341.62000011187035,341.62000011187035,798.0,-1,0.27596583348152104,1.8855932203389834,0.5391939090108615
Z:\raw_data\C000000004\VIS_4_SW_data_16-June-2026_10-58-59,351.62000011187035,351.62000011187035,798.0,-1,0.30482183199908275,1.8483904465212877,0.9826258250198081
Z:\raw_data\C000000004\VIS_4_SW_data_16-June-2026_10-58-59,361.62000011187035,361.62000011187035,798.0,-1,0.297966584508041,1.8483904465212877,1.0024915799871403
Z:\raw_data\C000000004\VIS_4_SW_data_16-June-2026_10-58-59,371.62000011187035,371.62000011187035,798.0,-1,0.26659681227134996,1.7450980392156865,0.9956329635147112
Z:\raw_data\C000000004\VIS_4_SW_data_16-June-2026_10-58-59,381.6200001118703,381.6200001118703,798.0,-1,0.26946615280877584,1.5964125560538118,1.2129374994305715
Z:\raw_data\C000000004\VIS_4_SW_data_16-June-2026_10-58-59,391.6200001118703,391.6200001118703,798.0,-1,0.2571382035667302,1.5964125560538118,1.2165019416068446
Z:\raw_data\C000000004\VIS_4_SW_data_16-June-2026_10-58-59,401.6200001118703,401.6200001118703,798.0,-1,0.2401025506450654,1.8855932203389834,1.1729017820605117
Z:\raw_data\C000000004\VIS_4_SW_data_16-June-2026_10-58-59,411.62000011187035,411.62000011187035,798.0,-1,0.2489554499412049,1.8855932203389834,1.1786813528129056
Z:\raw_data\C000000004\VIS_4_SW_data_16-June-2026_10-58-59,421.62000011187035,421.62000011187035,798.0,-1,0.23417547572791214,1.5964125560538118,1.0766578707613965
Z:\raw_data\C000000004\VIS_4_SW_data_16-June-2026_10-58-59,431.6200001118703,431.6200001118703,798.0,-1,0.2267866151821871,2.247474747474748,1.081025893564709
Z:\raw_data\C000000004\VIS_4_SW_data_16-June-2026_10-58-59,441.6200001118703,441.6200001118703,798.0,1,0.2153824928648737,1.8483904465212877,1.2472746906063998
Z:\raw_data\C000000004\VIS_4_SW_data_16-June-2026_10-58-59,451.6200001118703,451.6200001118703,798.0,1,0.21415652332162508,1.8483904465212877,0.8866827872528402
Z:\raw_data\C000000004\VIS_4_SW_data_16-June-2026_10-58-59,461.62000011187024,461.62000011187024,798.0,1,0.23214094631987006,14.015748031496063,0.8633336686760971
Z:\raw_data\C000000004\VIS_4_SW_data_16-June-2026_10-58-59,471.6200001118703,471.6200001118703,798.0,1,0.25842521859056833,16.48148148148148,1.2081747125240365
Z:\raw_data\C000000004\VIS_4_SW_data_16-June-2026_10-58-59,481.6200001118703,481.6200001118703,798.0,1,0.24228323857723752,20.0,1.1478864871865933
Z:\raw_data\C000000004\VIS_4_SW_data_16-June-2026_10-58-59,491.6200001118703,491.6200001118703,798.0,1,0.24094988889268118,20.0,1.1196998429944587
Z:\raw_data\C000000004\VIS_4_SW_data_16-June-2026_10-58-59,501.62000011187024,501.62000011187024,798.0,1,0.24255850045273522,20.0,1.1997448551523908
Z:\raw_data\C000000004\VIS_4_SW_data_16-June-2026_10-58-59,511.62000011187024,511.62000011187024,798.0,1,0.23990484878296178,20.0,1.1163744421501989
Z:\raw_data\C000000004\VIS_4_SW_data_16-June-2026_10-58-59,521.6200001118702,521.6200001118702,798.0,1,0.24124705435082616,20.0,1.0245457832844467
Z:\raw_data\C000000004\VIS_4_SW_data_16-June-2026_10-58-59,531.6200001118702,531.6200001118702,798.0,1,0.2380723421062303,20.0,0.9480869837577354
Z:\raw_data\C000000004\VIS_4_SW_data_16-June-2026_10-58-59,541.6200001118701,541.6200001118701,798.0,-1,0.2701604932946426,20.0,0.8411963021974874
Z:\raw_data\C000000004\VIS_4_SW_data_16-June-2026_10-58-59,551.6200001118701,551.6200001118701,798.0,-1,0.227578231237618,3.7953091684434974,0.8920526905944675
Z:\raw_data\C000000004\VIS_4_SW_data_16-June-2026_10-58-59,561.6200001118702,561.6200001118702,798.0,-1,0.21536507823698695,1.2544045102184638,1.0349927916033967
Z:\raw_data\C000000004\VIS_4_SW_data_16-June-2026_10-58-59,571.6200001118702,571.6200001118702,798.0,-1,0.22924998148987302,2.247474747474748,1.02056468837113
Z:\raw_data\C000000004\VIS_4_SW_data_16-June-2026_10-58-59,581.6200001118702,581.6200001118702,798.0,-1,0.2379273120943768,2.7812500000000004,1.0904645662696464
Z:\raw_data\C000000004\VIS_4_SW_data_16-June-2026_10-58-59,591.6200001118702,591.6200001118702,798.0,-1,0.22168729454926878,-12.191780821917808,1.2344738916140094
Z:\raw_data\C000000004\VIS_4_SW_data_16-June-2026_10-58-59,601.6200001118702,601.6200001118702,798.0,-1,0.2106113203969492,-6.846153846153847,1.1299829501187226
Z:\raw_data\C000000004\VIS_4_SW_data_16-June-2026_10-58-59,611.6200001118701,611.6200001118701,798.0,-1,0.25776462761873103,-12.191780821917808,0.9617063200965754
Z:\raw_data\C000000004\VIS_4_SW_data_16-June-2026_10-58-59,621.6200001118701,621.6200001118701,798.0,-1,0.259971908376964,-14.015748031496063,0.848992075463446
Z:\raw_data\C000000004\VIS_4_SW_data_16-June-2026_10-58-59,631.6200001118701,631.6200001118701,798.0,-1,0.30489944400956626,1.4262820512820513,0.8667327279256194
Z:\raw_data\C000000004\VIS_4_SW_data_16-June-2026_10-58-59,641.6200001118701,641.6200001118701,798.0,-1,0.3710949334365305,1.119496855345912,0.7787084106572898
Z:\raw_data\C000000004\VIS_4_SW_data_16-June-2026_10-58-59,651.6200001118701,651.6200001118701,798.0,-1,0.4435102746222212,12.191780821917808,0.46906845786257684
Z:\raw_data\C000000004\VIS_4_SW_data_16-June-2026_10-58-59,661.6200001118701,661.6200001118701,798.0,-1,0.6033834445711719,2.3027166882276844,0.37958346425487316
Z:\raw_data\C000000004\VIS_4_SW_data_16-June-2026_10-58-59,671.6200001118701,671.6200001118701,798.0,-1,0.6739700811590068,1.0218140068886339,0.4892401386642268
Z:\raw_data\C000000004\VIS_4_SW_data_16-June-2026_10-58-59,681.6200001118701,681.6200001118701,798.0,-1,0.6388778266783196,1.0218140068886339,0.6464375836513284
Z:\raw_data\C000000004\VIS_4_SW_data_16-June-2026_10-58-59,691.6200001118701,691.6200001118701,798.0,-1,0.5467778999098721,1.0,0.9191603237496047
Z:\raw_data\C000000004\VIS_4_SW_data_16-June-2026_10-58-59,701.6200001118701,701.6200001118701,798.0,-1,0.5630236096835861,1.0,0.868660576360139
Z:\raw_data\C000000004\VIS_4_SW_data_16-June-2026_10-58-59,711.6200001118701,711.6200001118701,798.0,-1,0.49344867384663094,1.0,0.9465231356319744
Z:\raw_data\C000000004\VIS_4_SW_data_16-June-2026_10-58-59,721.6200001118701,721.6200001118701,798.0,-1,0.4849150182118662,1.0,1.266986231085456
Z:\raw_data\C000000004\VIS_4_SW_data_16-June-2026_10-58-59,731.6200001118701,731.6200001118701,798.0,-1,0.4769966196029482,1.0,1.3497629228707848
Z:\raw_data\C000000004\VIS_4_SW_data_16-June-2026_10-58-59,741.6200001118701,741.6200001118701,798.0,-1,0.46582837116193965,1.0,1.7170836383950439
Z:\raw_data\C000000004\VIS_4_SW_data_16-June-2026_10-58-59,751.6200001118701,751.6200001118701,798.0,-1,0.43856386429601735,1.0,2.093666812394207
Z:\raw_data\C000000004\VIS_4_SW_data_16-June-2026_10-58-59,761.6200001118701,761.6200001118701,798.0,-1,0.4218594058158806,1.0,1.621006703320761
Z:\raw_data\C000000004\VIS_4_SW_data_16-June-2026_10-58-59,771.62000011187,771.62000011187,798.0,-1,0.425411395926713,1.0,1.3452603363051363
Z:\raw_data\C000000004\VIS_4_SW_data_16-June-2026_10-58-59,781.62000011187,781.62000011187,798.0,-1,0.45000305864376233,12.191780821917808,0.8502057815707764
Z:\raw_data\C000000004\VIS_4_SW_data_16-June-2026_10-58-59,791.62000011187,791.62000011187,798.0,-1,0.4597059166110668,20.0,0.6800018744014901
Z:\raw_data\C000000004\VIS_4_SW_data_16-June-2026_10-58-59,801.62000011187,801.62000011187,798.0,-1,0.6077863215094612,20.0,0.6253217035047159
Z:\raw_data\C000000004\VIS_4_SW_data_16-June-2026_10-58-59,811.6200001118701,811.6200001118701,798.0,-1,0.6526212881391747,10.787878787878787,0.6674775565539935
Z:\raw_data\C000000004\VIS_4_SW_data_16-June-2026_10-58-59,821.6200001118701,821.6200001118701,798.0,-1,0.6942907293651077,10.787878787878787,0.9544570124623937
Z:\raw_data\C000000004\VIS_4_SW_data_16-June-2026_10-58-59,831.6200001118701,7.620000111870029,798.0,2,0.7226056330864361,10.787878787878787,1.0390751556604114
Z:\raw_data\C000000004\VIS_4_SW_data_16-June-2026_10-58-59,841.62000011187,17.620000111869928,798.0,2,0.7711288922363573,10.787878787878787,1.4790451398819886
Z:\raw_data\C000000004\VIS_4_SW_data_16-June-2026_10-58-59,851.62000011187,27.620000111869935,798.0,2,0.8011397819287629,9.673913043478262,1.560685368965029
Z:\raw_data\C000000004\VIS_4_SW_data_16-June-2026_10-58-59,861.62000011187,37.62000011186994,798.0,2,0.8033267233007885,10.787878787878787,1.945196683792296
Z:\raw_data\C000000004\VIS_4_SW_data_16-June-2026_10-58-59,871.62000011187,47.620000111869956,798.0,2,0.7975071142565916,10.787878787878787,2.0939145462419386
Z:\raw_data\C000000004\VIS_4_SW_data_16-June-2026_10-58-59,881.62000011187,57.62000011186996,798.0,2,0.7961923408215008,8.018018018018019,1.83852543343671
Z:\raw_data\C000000004\VIS_4_SW_data_16-June-2026_10-58-59,891.62000011187,67.62000011186997,798.0,2,0.7882129700170899,12.191780821917808,2.260546507327533
Z:\raw_data\C000000004\VIS_4_SW_data_16-June-2026_10-58-59,901.62000011187,77.62000011186998,798.0,2,0.7872499341806353,7.385892116182573,1.3312949057070904
Z:\raw_data\C000000004\VIS_4_SW_data_16-June-2026_10-58-59,911.62000011187,87.62000011186998,798.0,2,0.7863977906535383,6.846153846153847,1.0429530869180959
Z:\raw_data\C000000005\VIS-005_SW_data_19-June-2026_09-12-20,81.62000011187047,,,-1,0.5791294427395562,14.015748031496063,0.4475984603286529
Z:\raw_data\C000000005\VIS-005_SW_data_19-June-2026_09-12-20,91.62000011187047,,,-1,0.7814212974357782,7.385892116182573,0.2991065596699822
Z:\raw_data\C000000005\VIS-005_SW_data_19-June-2026_09-12-20,101.62000011187045,,,-1,0.86349579815783,8.768472906403941,0.2977820766094489
Z:\raw_data\C000000005\VIS-005_SW_data_19-June-2026_09-12-20,111.62000011187045,,,0,0.8485267275329125,8.018018018018019,0.4622282742837314
Z:\raw_data\C000000005\VIS-005_SW_data_19-June-2026_09-12-20,121.62000011187045,,,0,0.8473152595296868,8.018018018018019,1.4005621501514864
Z:\raw_data\C000000005\VIS-005_SW_data_19-June-2026_09-12-20,131.62000011187044,,,0,0.8473031352310644,8.768472906403941,1.6143123720710697
Z:\raw_data\C000000005\VIS-005_SW_data_19-June-2026_09-12-20,141.62000011187044,,,0,0.848241963397566,8.018018018018019,2.6611888180252437
Z:\raw_data\C000000005\VIS-005_SW_data_19-June-2026_09-12-20,151.62000011187044,,,0,0.8451940252361566,8.768472906403941,3.976981728601008
Z:\raw_data\C000000005\VIS-005_SW_data_19-June-2026_09-12-20,161.62000011187044,,,0,0.8421161692538333,8.018018018018019,4.038058969215685
Z:\raw_data\C000000005\VIS-005_SW_data_19-June-2026_09-12-20,171.6200001118704,,,0,0.8367964971190663,8.018018018018019,3.4657070350034926
Z:\raw_data\C000000005\VIS-005_SW_data_19-June-2026_09-12-20,181.6200001118704,,,0,0.837131354256595,8.018018018018019,3.322437232412986
Z:\raw_data\C000000005\VIS-005_SW_data_19-June-2026_09-12-20,191.6200001118704,,,0,0.8283959243468663,8.018018018018019,3.322693859283535
Z:\raw_data\C000000005\VIS-005_SW_data_19-June-2026_09-12-20,201.6200001118704,,,0,0.8218860200324508,8.018018018018019,1.65480882928533
Z:\raw_data\C000000005\VIS-005_SW_data_19-June-2026_09-12-20,211.62000011187044,,,-1,0.8105882261444801,8.018018018018019,1.0097292536727107
Z:\raw_data\C000000005\VIS-005_SW_data_19-June-2026_09-12-20,221.62000011187038,,,-1,0.784585329591784,12.191780821917808,0.3833445150819194
Z:\raw_data\C000000005\VIS-005_SW_data_19-June-2026_09-12-20,231.62000011187038,,,-1,0.7340280448245844,12.191780821917808,0.36650903555167036
Z:\raw_data\C000000005\VIS-005_SW_data_19-June-2026_09-12-20,241.6200001118704,,,-1,0.4647614939746273,-6.3799283154121875,0.5292914066495245
Z:\raw_data\C000000005\VIS-005_SW_data_19-June-2026_09-12-20,251.6200001118704,,,-1,0.4104220233108815,12.191780821917808,0.5308798431204591
Z:\raw_data\C000000005\VIS-005_SW_data_19-June-2026_09-12-20,261.62000011187035,,,-1,0.28863253468206973,2.006764374295378,0.7691183705007542
Z:\raw_data\C000000005\VIS-005_SW_data_19-June-2026_09-12-20,271.62000011187035,,,-1,0.2819789267767584,1.9243243243243244,1.2587825513239324
Z:\raw_data\C000000005\VIS-005_SW_data_19-June-2026_09-12-20,281.6200001118704,,,-1,0.27090252914634844,2.006764374295378,1.4268494274973682
Z:\raw_data\C000000005\VIS-005_SW_data_19-June-2026_09-12-20,291.6200001118704,,,1,0.2753180419868984,2.006764374295378,1.4799414044341863
Z:\raw_data\C000000005\VIS-005_SW_data_19-June-2026_09-12-20,301.62000011187035,,,1,0.2848956904526934,1.9243243243243244,1.4782122460714595
Z:\raw_data\C000000005\VIS-005_SW_data_19-June-2026_09-12-20,311.62000011187035,,,1,0.27377321193167353,1.8483904465212877,1.3732742235605637
Z:\raw_data\C000000005\VIS-005_SW_data_19-June-2026_09-12-20,321.62000011187035,,,1,0.2885291031672327,1.7782217782217782,1.3350180188567895
Z:\raw_data\C000000005\VIS-005_SW_data_19-June-2026_09-12-20,331.62000011187035,,,1,0.29482397740036387,1.7782217782217782,1.4265146359932899
Z:\raw_data\C000000005\VIS-005_SW_data_19-June-2026_09-12-20,341.62000011187035,,,1,0.30579284769494847,1.6527390900649952,1.2837493060252276
Z:\raw_data\C000000005\VIS-005_SW_data_19-June-2026_09-12-20,351.62000011187035,,,1,0.3206771253393743,1.9646799116997795,1.096150052691341
Z:\raw_data\C000000005\VIS-005_SW_data_19-June-2026_09-12-20,361.62000011187035,,,1,0.32684072713389983,1.6527390900649952,0.9672998656001822
Z:\raw_data\C000000005\VIS-005_SW_data_19-June-2026_09-12-20,371.62000011187035,,,1,0.3533773560543126,2.0506912442396317,0.7147469709920479
Z:\raw_data\C000000005\VIS-005_SW_data_19-June-2026_09-12-20,381.6200001118703,,,1,0.38755898716398735,2.360742705570292,0.7018799848045099
Z:\raw_data\C000000005\VIS-005_SW_data_19-June-2026_09-12-20,391.6200001118703,,,-1,0.26489373994827103,1.325390915860015,0.9188458871038439
Z:\raw_data\C000000005\VIS-005_SW_data_19-June-2026_09-12-20,401.6200001118703,,,-1,0.2802732336097269,1.3069016152716595,0.9100755119339752
Z:\raw_data\C000000005\VIS-005_SW_data_19-June-2026_09-12-20,411.62000011187035,,,-1,0.3014395356908989,1.325390915860015,0.8177859078419699
Z:\raw_data\C000000005\VIS-005_SW_data_19-June-2026_09-12-20,421.62000011187035,,,-1,0.2481516797970797,-2.486033519553073,0.729532884844895
Z:\raw_data\C000000005\VIS-005_SW_data_19-June-2026_09-12-20,431.6200001118703,,,-1,0.27436921154177135,1.2714285714285716,0.5821302768154162
Z:\raw_data\C000000005\VIS-005_SW_data_19-June-2026_09-12-20,441.6200001118703,,,-1,0.29536295391265205,1.2714285714285716,0.5131868347834979
Z:\raw_data\C000000005\VIS-005_SW_data_19-June-2026_09-12-20,451.6200001118703,,,-1,0.2849002163935267,-1.2059620596205962,0.5530966144634569
Z:\raw_data\C000000005\VIS-005_SW_data_19-June-2026_09-12-20,461.62000011187024,,,-1,0.4750568751644102,-3.955555555555556,0.35480004229563045
Z:\raw_data\C000000005\VIS-005_SW_data_19-June-2026_09-12-20,471.6200001118703,,,-1,0.5099383967838966,-1.4483319772172498,0.32882011502020914
Z:\raw_data\C000000005\VIS-005_SW_data_19-June-2026_09-12-20,481.6200001118703,,,-1,0.5071413460129283,-1.2544045102184638,0.5233872375367989
Z:\raw_data\C000000005\VIS-005_SW_data_19-June-2026_09-12-20,491.6200001118703,,,-1,0.5183988595487939,12.191780821917808,0.4585332471227356
Z:\raw_data\C000000005\VIS-005_SW_data_19-June-2026_09-12-20,501.62000011187024,,,-1,0.5404859362959071,1.9243243243243244,0.5651523318608028
Z:\raw_data\C000000005\VIS-005_SW_data_19-June-2026_09-12-20,511.62000011187024,,,-1,0.4781271242677976,2.866344605475041,0.9071449876954545
Z:\raw_data\C000000005\VIS-005_SW_data_19-June-2026_09-12-20,521.6200001118702,,,-1,0.5162876922912982,5.615141955835963,0.8170255671272136
Z:\raw_data\C000000005\VIS-005_SW_data_19-June-2026_09-12-20,531.6200001118702,,,2,0.5480163092661063,5.615141955835963,0.6620305192056729
Z:\raw_data\C000000005\VIS-005_SW_data_19-June-2026_09-12-20,541.6200001118701,,,2,0.5277448736619722,-1.9243243243243244,0.872086948535092
Z:\raw_data\C000000005\VIS-005_SW_data_19-June-2026_09-12-20,551.6200001118701,,,2,0.5141164006451646,-14.015748031496063,1.6805055719015627
Z:\raw_data\C000000005\VIS-005_SW_data_19-June-2026_09-12-20,561.6200001118702,,,2,0.529614843064729,-2.360742705570292,1.7951132460003945
Z:\raw_data\C000000005\VIS-005_SW_data_19-June-2026_09-12-20,571.6200001118702,,,2,0.5383894908793138,-2.4217687074829937,2.0200998419581553
Z:\raw_data\C000000005\VIS-005_SW_data_19-June-2026_09-12-20,581.6200001118702,,,2,0.5371867296290648,14.015748031496063,1.7734693752151638
Z:\raw_data\C000000005\VIS-005_SW_data_19-June-2026_09-12-20,591.6200001118702,,,2,0.5269333752452167,14.015748031496063,1.553011080799446
Z:\raw_data\C000000005\VIS-005_SW_data_19-June-2026_09-12-20,601.6200001118702,,,2,0.5704251035086676,12.191780821917808,1.0175344618980766
Z:\raw_data\C000000005\VIS-005_SW_data_19-June-2026_09-12-20,611.6200001118701,,,2,0.6015666815211789,10.787878787878787,0.750194980628917
Z:\raw_data\C000000005\VIS-005_SW_data_19-June-2026_09-12-20,621.6200001118701,,,2,0.6241088641019578,12.191780821917808,0.8708338947207732
Z:\raw_data\C000000005\VIS-005_SW_data_19-June-2026_09-12-20,631.6200001118701,,,-1,0.625874204927251,14.015748031496063,1.074046566127755
Z:\raw_data\C000000005\VIS-005_SW_data_19-June-2026_09-12-20,641.6200001118701,,,-1,0.6502734143597199,10.787878787878787,1.0275651123199516
Z:\raw_data\C000000005\VIS-005_SW_data_19-June-2026_09-12-20,651.6200001118701,,,-1,0.6761003323067747,16.48148148148148,0.805488547856571
Z:\raw_data\C000000005\VIS-005_SW_data_19-June-2026_09-12-20,661.6200001118701,,,-1,0.6732875657105303,14.015748031496063,0.9419994014396104
Z:\raw_data\C000000005\VIS-005_SW_data_19-June-2026_09-12-20,671.6200001118701,,,-1,0.6827467276747794,3.7953091684434974,1.271762211605458
Z:\raw_data\C000000005\VIS-005_SW_data_19-June-2026_09-12-20,681.6200001118701,,,-1,0.6887499275812746,5.615141955835963,1.2607286986231356
Z:\raw_data\C000000005\VIS-005_SW_data_19-June-2026_09-12-20,691.6200001118701,,,-1,0.6715100847335818,7.385892116182573,1.4542995467805233
Z:\raw_data\C000000005\VIS-005_SW_data_19-June-2026_09-12-20,701.6200001118701,,,-1,0.6482898657744752,5.615141955835963,1.6649928856393552
Z:\raw_data\C000000005\VIS-005_SW_data_19-June-2026_09-12-20,711.6200001118701,,,3,0.6307737191545738,5.615141955835963,1.5861682937778847
Z:\raw_data\C000000005\VIS-005_SW_data_19-June-2026_09-12-20,721.6200001118701,,,3,0.6254408206083933,7.385892116182573,0.9438298667924685
Z:\raw_data\C000000005\VIS-005_SW_data_19-June-2026_09-12-20,731.6200001118701,,,3,0.6273730284130135,8.018018018018019,0.7563355903170806
Z:\raw_data\C000000005\VIS-005_SW_data_19-June-2026_09-12-20,741.6200001118701,,,3,0.5602088786529762,12.191780821917808,0.7660617103649597
Z:\raw_data\C000000005\VIS-005_SW_data_19-June-2026_09-12-20,751.6200001118701,,,3,0.5161256093272115,7.385892116182573,0.7923905206514503
Z:\raw_data\C000000005\VIS-005_SW_data_19-June-2026_09-12-20,761.6200001118701,,,3,0.4236047298359921,12.191780821917808,0.8639225409885527
Z:\raw_data\C000000005\VIS-005_SW_data_19-June-2026_09-12-20,771.62000011187,,,3,0.3571609369075775,6.846153846153847,0.9284694615687136
Z:\raw_data\C000000005\VIS-005_SW_data_19-June-2026_09-12-20,781.62000011187,,,3,0.23435807924247326,12.191780821917808,1.0064648865844732
Z:\raw_data\C000000005\VIS-005_SW_data_19-June-2026_09-12-20,791.62000011187,,,3,0.21232004524432418,12.191780821917808,0.9198743112872785
Z:\raw_data\C000000005\VIS-005_SW_data_19-June-2026_09-12-20,801.62000011187,,,3,0.16936476330812325,20.0,0.8140252305362817
Z:\raw_data\C000000005\VIS-005_SW_data_19-June-2026_09-12-20,811.6200001118701,,,-1,0.14638598330102262,20.0,0.8770566733014351
Z:\raw_data\C000000005\VIS-005_SW_data_19-June-2026_09-12-20,821.6200001118701,,,-1,0.15134551396956514,20.0,0.9278618325533097
Z:\raw_data\C000000005\VIS-005_SW_data_19-June-2026_09-12-20,831.6200001118701,,,-1,0.15413245564928255,20.0,0.8617797936389722
Z:\raw_data\C000000005\VIS-005_SW_data_19-June-2026_09-12-20,841.62000011187,,,-1,0.1509117037155863,20.0,0.9239039685866756
Z:\raw_data\C000000005\VIS-005_SW_data_19-June-2026_09-12-20,851.62000011187,,,-1,0.1382899117590041,1.543798785776236,1.0923989144334372
Z:\raw_data\C000000005\VIS-005_SW_data_19-June-2026_09-12-20,861.62000011187,,,-1,0.14008485539429918,1.0,1.1113785436378194
Z:\raw_data\C000000005\VIS-005_SW_data_19-June-2026_09-12-20,871.62000011187,,,-1,0.13806094846584935,1.4262820512820513,1.0959585921016837
Z:\raw_data\C000000005\VIS-005_SW_data_19-June-2026_09-12-20,881.62000011187,,,-1,0.1472877483913902,2.9568106312292364,1.1617042185582682
Z:\raw_data\C000000005\VIS-005_SW_data_19-June-2026_09-12-20,891.62000011187,,,-1,0.16069177560903505,2.9568106312292364,0.9991062238424602
Z:\raw_data\C000000005\VIS-005_SW_data_19-June-2026_09-12-20,901.62000011187,,,-1,0.16293052637419464,3.7953091684434974,0.9988724566449207
Z:\raw_data\C000000005\VIS-005_SW_data_19-June-2026_09-12-20,911.62000011187,,,-1,0.16829569056050764,5.973154362416108,1.0347516709132394
Z:\raw_data\C000000007\VIS-007_SW_data_30-June-2026_11-45-50,81.62000011187047,,,0,0.4638767541611598,12.191780821917808,0.5900756570913223
Z:\raw_data\C000000007\VIS-007_SW_data_30-June-2026_11-45-50,91.62000011187047,,,0,0.2933158767450047,10.787878787878787,0.763162051019706
Z:\raw_data\C000000007\VIS-007_SW_data_30-June-2026_11-45-50,101.62000011187045,,,-1,0.2882533830971831,-2.247474747474748,0.8743026325184153
Z:\raw_data\C000000007\VIS-007_SW_data_30-June-2026_11-45-50,111.62000011187045,,,-1,0.25168844042623817,-1.056379821958457,1.1582529701445663
Z:\raw_data\C000000007\VIS-007_SW_data_30-June-2026_11-45-50,121.62000011187045,,,-1,0.27513171283266413,-1.119496855345912,1.1430836227128587
Z:\raw_data\C000000007\VIS-007_SW_data_30-June-2026_11-45-50,131.62000011187044,,,-1,0.29020559743072644,-1.8126272912423627,0.9805283111856847
Z:\raw_data\C000000007\VIS-007_SW_data_30-June-2026_11-45-50,141.62000011187044,,,-1,0.3028424417214832,-3.26605504587156,1.0513770479592792
Z:\raw_data\C000000007\VIS-007_SW_data_30-June-2026_11-45-50,151.62000011187044,,,-1,0.3290790525775264,-6.3799283154121875,1.128280349820177
Z:\raw_data\C000000007\VIS-007_SW_data_30-June-2026_11-45-50,161.62000011187044,,,-1,0.37226470543144324,-7.385892116182573,1.014108514087002
Z:\raw_data\C000000007\VIS-007_SW_data_30-June-2026_11-45-50,171.6200001118704,,,-1,0.4039207688361775,-5.014084507042254,1.0781955141944963
Z:\raw_data\C000000007\VIS-007_SW_data_30-June-2026_11-45-50,181.6200001118704,,,-1,0.37999345255048667,-5.014084507042254,1.1187665400275624
Z:\raw_data\C000000007\VIS-007_SW_data_30-June-2026_11-45-50,191.6200001118704,,,-1,0.36607698659481525,-5.297619047619048,0.8217070465792293
Z:\raw_data\C000000007\VIS-007_SW_data_30-June-2026_11-45-50,201.6200001118704,,,-1,0.3653175338453837,-12.191780821917808,0.6977227389015579
Z:\raw_data\C000000007\VIS-007_SW_data_30-June-2026_11-45-50,211.62000011187044,,,-1,0.3230166466206293,20.0,0.7741797226085895
Z:\raw_data\C000000007\VIS-007_SW_data_30-June-2026_11-45-50,221.62000011187038,,,-1,0.2967012558351645,-3.955555555555556,0.8998946855687001
Z:\raw_data\C000000007\VIS-007_SW_data_30-June-2026_11-45-50,231.62000011187038,,,-1,0.4615256112287106,-20.0,0.6037595986349202
Z:\raw_data\C000000007\VIS-007_SW_data_30-June-2026_11-45-50,241.6200001118704,,,-1,0.6724172129006616,12.191780821917808,0.4254616197590193
Z:\raw_data\C000000007\VIS-007_SW_data_30-June-2026_11-45-50,251.6200001118704,,,-1,0.6722357303992953,12.191780821917808,0.5372958654979951
Z:\raw_data\C000000007\VIS-007_SW_data_30-June-2026_11-45-50,261.62000011187035,,,-1,0.8839613639160455,14.015748031496063,0.2863356958072256
Z:\raw_data\C000000007\VIS-007_SW_data_30-June-2026_11-45-50,271.62000011187035,,,-1,0.9303346208664683,12.191780821917808,0.22814465878986553
Z:\raw_data\C000000007\VIS-007_SW_data_30-June-2026_11-45-50,281.6200001118704,,,-1,0.880990658770578,9.673913043478262,0.5496439178643988
Z:\raw_data\C000000007\VIS-007_SW_data_30-June-2026_11-45-50,291.6200001118704,,,-1,0.8850718509895812,-20.0,0.5403394440532822
Z:\raw_data\C000000007\VIS-007_SW_data_30-June-2026_11-45-50,301.62000011187035,,,-1,0.8877054532867463,-20.0,0.46630033126080134
Z:\raw_data\C000000007\VIS-007_SW_data_30-June-2026_11-45-50,311.62000011187035,,,-1,0.8414032443212427,-6.3799283154121875,0.7852881782585225
Z:\raw_data\C000000007\VIS-007_SW_data_30-June-2026_11-45-50,321.62000011187035,,,-1,0.8066225249035753,-20.0,1.191158442578022
Z:\raw_data\C000000007\VIS-007_SW_data_30-June-2026_11-45-50,331.62000011187035,,,1,0.8019862155210643,-9.673913043478262,1.019762980277979
Z:\raw_data\C000000007\VIS-007_SW_data_30-June-2026_11-45-50,341.62000011187035,,,1,0.781186330214728,-9.673913043478262,0.8780696730217115
Z:\raw_data\C000000007\VIS-007_SW_data_30-June-2026_11-45-50,351.62000011187035,,,1,0.7410726931196686,-9.673913043478262,1.0938907884104547
Z:\raw_data\C000000007\VIS-007_SW_data_30-June-2026_11-45-50,361.62000011187035,,,1,0.7538472359776128,-10.787878787878787,1.1599969597582243
Z:\raw_data\C000000007\VIS-007_SW_data_30-June-2026_11-45-50,371.62000011187035,,,1,0.7586714560566692,-10.787878787878787,1.2208723148979428
Z:\raw_data\C000000007\VIS-007_SW_data_30-June-2026_11-45-50,381.6200001118703,,,1,0.7555960402763208,-10.787878787878787,1.7615146106084916
Z:\raw_data\C000000007\VIS-007_SW_data_30-June-2026_11-45-50,391.6200001118703,,,1,0.7531771772768651,-10.787878787878787,1.6957410704294391
Z:\raw_data\C000000007\VIS-007_SW_data_30-June-2026_11-45-50,401.6200001118703,,,1,0.7361148540179856,-10.787878787878787,1.959352727143906
Z:\raw_data\C000000007\VIS-007_SW_data_30-June-2026_11-45-50,411.62000011187035,,,1,0.7223389344834237,-9.673913043478262,1.273797762510319
Z:\raw_data\C000000007\VIS-007_SW_data_30-June-2026_11-45-50,421.62000011187035,,,1,0.7465651904143203,-12.191780821917808,0.7089286917232259
Z:\raw_data\C000000007\VIS-007_SW_data_30-June-2026_11-45-50,431.6200001118703,,,-1,0.7256460853137862,20.0,0.6198434452605075
Z:\raw_data\C000000007\VIS-007_SW_data_30-June-2026_11-45-50,441.6200001118703,,,-1,0.7623647408399961,20.0,0.6592032330599624
Z:\raw_data\C000000007\VIS-007_SW_data_30-June-2026_11-45-50,451.6200001118703,,,-1,0.8066937887567198,20.0,0.662270126643534
Z:\raw_data\C000000007\VIS-007_SW_data_30-June-2026_11-45-50,461.62000011187024,,,-1,0.8193450096105745,20.0,0.7784427453031224
Z:\raw_data\C000000007\VIS-007_SW_data_30-June-2026_11-45-50,471.6200001118703,,,-1,0.8316391419664482,20.0,0.991353677932137
Z:\raw_data\C000000007\VIS-007_SW_data_30-June-2026_11-45-50,481.6200001118703,,,-1,0.8314517691067453,20.0,1.2215031774439724
Z:\raw_data\C000000007\VIS-007_SW_data_30-June-2026_11-45-50,491.6200001118703,,,-1,0.8222240253571829,20.0,1.4079116440370991
Z:\raw_data\C000000007\VIS-007_SW_data_30-June-2026_11-45-50,501.62000011187024,,,-1,0.8066222138241328,20.0,1.6948711464529926
Z:\raw_data\C000000007\VIS-007_SW_data_30-June-2026_11-45-50,511.62000011187024,,,-1,0.796146796457424,20.0,1.9041594165755855
Z:\raw_data\C000000007\VIS-007_SW_data_30-June-2026_11-45-50,521.6200001118702,,,-1,0.7899137335327333,20.0,2.676703679694147
Z:\raw_data\C000000007\VIS-007_SW_data_30-June-2026_11-45-50,531.6200001118702,,,-1,0.7878783121454149,20.0,3.2154428326647775
Z:\raw_data\C000000007\VIS-007_SW_data_30-June-2026_11-45-50,541.6200001118701,,,-1,0.7842445528220217,20.0,1.462111628513831
Z:\raw_data\C000000007\VIS-007_SW_data_30-June-2026_11-45-50,551.6200001118701,,,-1,0.777891601908107,20.0,1.0373113339736957
Z:\raw_data\C000000007\VIS-007_SW_data_30-June-2026_11-45-50,561.6200001118702,,,2,0.7461356925446723,20.0,0.7735346046976892
Z:\raw_data\C000000007\VIS-007_SW_data_30-June-2026_11-45-50,571.6200001118702,,,2,0.7274584605303578,-20.0,0.6379692714535503
Z:\raw_data\C000000007\VIS-007_SW_data_30-June-2026_11-45-50,581.6200001118702,,,2,0.6330670454424489,-20.0,0.6091998565238117
Z:\raw_data\C000000007\VIS-007_SW_data_30-June-2026_11-45-50,591.6200001118702,,,2,0.5589976620617462,-20.0,0.6249059426845378
Z:\raw_data\C000000007\VIS-007_SW_data_30-June-2026_11-45-50,601.6200001118702,,,2,0.4179118094511293,-10.787878787878787,0.7865801077789027
Z:\raw_data\C000000007\VIS-007_SW_data_30-June-2026_11-45-50,611.6200001118701,,,2,0.3430694080912755,-5.014084507042254,0.9106718621403136
Z:\raw_data\C000000007\VIS-007_SW_data_30-June-2026_11-45-50,621.6200001118701,,,2,0.3350473496016184,-10.787878787878787,0.7047665641726335
Z:\raw_data\C000000007\VIS-007_SW_data_30-June-2026_11-45-50,631.6200001118701,,,2,0.3478414822269335,-10.787878787878787,0.6407664726983671
Z:\raw_data\C000000007\VIS-007_SW_data_30-June-2026_11-45-50,641.6200001118701,,,2,0.2142304306829923,-7.385892116182573,0.831854077716025
Z:\raw_data\C000000007\VIS-007_SW_data_30-June-2026_11-45-50,651.6200001118701,,,2,0.1771405725248904,3.384030418250951,1.163857409060973
Z:\raw_data\C000000007\VIS-007_SW_data_30-June-2026_11-45-50,661.6200001118701,,,-1,0.1716004827647731,2.866344605475041,1.0710729529018397
Z:\raw_data\C000000007\VIS-007_SW_data_30-June-2026_11-45-50,671.6200001118701,,,-1,0.15667388556620163,3.384030418250951,0.9677753562971179
Z:\raw_data\C000000007\VIS-007_SW_data_30-June-2026_11-45-50,681.6200001118701,,,-1,0.13585046176279547,2.7812500000000004,0.984291241373669
Z:\raw_data\C000000007\VIS-007_SW_data_30-June-2026_11-45-50,691.6200001118701,,,-1,0.1254116283259255,-1.0,1.02461805596749
Z:\raw_data\C000000007\VIS-007_SW_data_30-June-2026_11-45-50,701.6200001118701,,,-1,0.1423991814681254,-1.0,0.9743757185122319
Z:\raw_data\C000000007\VIS-007_SW_data_30-June-2026_11-45-50,711.6200001118701,,,-1,0.14589928659170556,-1.0,0.8153697264958838
Z:\raw_data\C000000007\VIS-007_SW_data_30-June-2026_11-45-50,721.6200001118701,,,-1,0.15228918221247756,-1.0,0.7489584854722703
Z:\raw_data\C000000007\VIS-007_SW_data_30-June-2026_11-45-50,731.6200001118701,,,-1,0.11034936474043383,-1.0,0.747276932094521
Z:\raw_data\C000000007\VIS-007_SW_data_30-June-2026_11-45-50,741.6200001118701,,,-1,0.11782380482499492,1.3444108761329308,0.776794501746361
Z:\raw_data\C000000007\VIS-007_SW_data_30-June-2026_11-45-50,751.6200001118701,,,-1,0.1860525334593893,10.787878787878787,0.704035804676806
Z:\raw_data\C000000007\VIS-007_SW_data_30-June-2026_11-45-50,761.6200001118701,,,-1,0.3754675689397154,10.787878787878787,0.539640618139435
Z:\raw_data\C000000007\VIS-007_SW_data_30-June-2026_11-45-50,771.62000011187,,,-1,0.4625110506197419,3.955555555555556,0.5762849714283539
Z:\raw_data\C000000007\VIS-007_SW_data_30-June-2026_11-45-50,781.62000011187,,,-1,0.7934714060013077,20.0,0.2832638402593928
Z:\raw_data\C000000007\VIS-007_SW_data_30-June-2026_11-45-50,791.62000011187,,,-1,0.9142308620313735,-20.0,0.18927051607065185
Z:\raw_data\C000000007\VIS-007_SW_data_30-June-2026_11-45-50,801.62000011187,,,-1,0.9336212115823457,-20.0,0.323195935932633
Z:\raw_data\C000000007\VIS-007_SW_data_30-June-2026_11-45-50,811.6200001118701,,,-1,0.9292718522247451,-20.0,0.5078591926022072
Z:\raw_data\C000000007\VIS-007_SW_data_30-June-2026_11-45-50,821.6200001118701,,,3,0.922879269329146,-20.0,1.0686067839565832
Z:\raw_data\C000000007\VIS-007_SW_data_30-June-2026_11-45-50,831.6200001118701,,,3,0.908861673182964,-20.0,2.204637651571931
Z:\raw_data\C000000007\VIS-007_SW_data_30-June-2026_11-45-50,841.62000011187,,,3,0.899290618521157,-20.0,3.1643313418029257
Z:\raw_data\C000000007\VIS-007_SW_data_30-June-2026_11-45-50,851.62000011187,,,3,0.8959543862873536,-20.0,3.1928411746592666
Z:\raw_data\C000000007\VIS-007_SW_data_30-June-2026_11-45-50,861.62000011187,,,3,0.8882913533780705,-20.0,3.4053399835341436
Z:\raw_data\C000000007\VIS-007_SW_data_30-June-2026_11-45-50,871.62000011187,,,3,0.8817771132537212,-20.0,2.9623155341467804
Z:\raw_data\C000000007\VIS-007_SW_data_30-June-2026_11-45-50,881.62000011187,,,3,0.8673518552922502,-20.0,2.5618424515490568
Z:\raw_data\C000000007\VIS-007_SW_data_30-June-2026_11-45-50,891.62000011187,,,3,0.8542900559265303,-20.0,2.6942847973639252
Z:\raw_data\C000000007\VIS-007_SW_data_30-June-2026_11-45-50,901.62000011187,,,3,0.8460789980148243,-20.0,1.5526015115754508
Z:\raw_data\C000000007\VIS-007_SW_data_30-June-2026_11-45-50,911.62000011187,,,3,0.8395735611144419,-20.0,0.9063752039704591
Z:\raw_data\C000000008\VIS-010_SW_data_03-July-2026_10-36-33,81.62000011187047,81.62500011175872,792.5709999999963,0,0.37580917289769405,5.014084507042254,2.5098535037782983
Z:\raw_data\C000000008\VIS-010_SW_data_03-July-2026_10-36-33,91.62000011187047,91.62500011175871,792.5709999999963,0,0.36962560981064835,5.615141955835963,1.9556176248736812
Z:\raw_data\C000000008\VIS-010_SW_data_03-July-2026_10-36-33,101.62000011187045,101.62500011175871,792.5709999999963,0,0.36925472314928787,5.014084507042254,1.4294042771088906
Z:\raw_data\C000000008\VIS-010_SW_data_03-July-2026_10-36-33,111.62000011187045,111.6250001117587,792.5709999999963,0,0.38313719860506396,3.7953091684434974,0.7496303765409025
Z:\raw_data\C000000008\VIS-010_SW_data_03-July-2026_10-36-33,121.62000011187045,121.6250001117587,792.5709999999963,0,0.38501537472202435,5.297619047619048,0.5501496727816315
Z:\raw_data\C000000008\VIS-010_SW_data_03-July-2026_10-36-33,131.62000011187044,131.62500011175868,792.5709999999963,-1,0.3377409347120427,3.7953091684434974,0.599559533414392
Z:\raw_data\C000000008\VIS-010_SW_data_03-July-2026_10-36-33,141.62000011187044,141.62500011175865,792.5709999999963,-1,0.2564104072640576,1.7131857555341674,0.7573840665994019
Z:\raw_data\C000000008\VIS-010_SW_data_03-July-2026_10-36-33,151.62000011187044,151.62500011175868,792.5709999999963,-1,0.2497304936586311,1.5187713310580204,0.8192669220696206
Z:\raw_data\C000000008\VIS-010_SW_data_03-July-2026_10-36-33,161.62000011187044,161.62500011175868,792.5709999999963,-1,0.2596284058903892,2.1948212083847105,0.8788376861874021
Z:\raw_data\C000000008\VIS-010_SW_data_03-July-2026_10-36-33,171.6200001118704,171.62500011175865,792.5709999999963,-1,0.2307964321759966,2.360742705570292,0.8277745587984011
Z:\raw_data\C000000008\VIS-010_SW_data_03-July-2026_10-36-33,181.6200001118704,181.62500011175865,792.5709999999963,-1,0.221164959182923,2.5538020086083217,0.8066812488962521
Z:\raw_data\C000000008\VIS-010_SW_data_03-July-2026_10-36-33,191.6200001118704,191.62500011175865,792.5709999999963,-1,0.14272926146483034,3.955555555555556,1.0644875345677252
Z:\raw_data\C000000008\VIS-010_SW_data_03-July-2026_10-36-33,201.6200001118704,201.62500011175865,792.5709999999963,-1,0.1454312877945976,2.3027166882276844,1.0979917388220823
Z:\raw_data\C000000008\VIS-010_SW_data_03-July-2026_10-36-33,211.62000011187044,211.62500011175865,792.5709999999963,-1,0.14753494803720024,4.129930394431555,1.0722016253719464
Z:\raw_data\C000000008\VIS-010_SW_data_03-July-2026_10-36-33,221.62000011187038,221.62500011175862,792.5709999999963,-1,0.1375357392149345,-2.7010622154779975,1.0710983098721187
Z:\raw_data\C000000008\VIS-010_SW_data_03-July-2026_10-36-33,231.62000011187038,231.62500011175862,792.5709999999963,-1,0.1504562726510185,5.297619047619048,0.9218131159728249
Z:\raw_data\C000000008\VIS-010_SW_data_03-July-2026_10-36-33,241.6200001118704,241.62500011175862,792.5709999999963,-1,0.16281562392216448,2.5538020086083217,0.8731864632659186
Z:\raw_data\C000000008\VIS-010_SW_data_03-July-2026_10-36-33,251.6200001118704,251.62500011175865,792.5709999999963,-1,0.15235393923945953,3.955555555555556,0.7907768353246503
Z:\raw_data\C000000008\VIS-010_SW_data_03-July-2026_10-36-33,261.62000011187035,261.6250001117586,792.5709999999963,-1,0.31448273078869177,16.48148148148148,0.6192815216566542
Z:\raw_data\C000000008\VIS-010_SW_data_03-July-2026_10-36-33,271.62000011187035,271.6250001117586,792.5709999999963,-1,0.44893353899395677,4.129930394431555,0.6034665343986569
Z:\raw_data\C000000008\VIS-010_SW_data_03-July-2026_10-36-33,281.6200001118704,281.6250001117586,792.5709999999963,1,0.45846216865249145,4.320388349514563,0.6580722959815928
Z:\raw_data\C000000008\VIS-010_SW_data_03-July-2026_10-36-33,291.6200001118704,291.62500011175865,792.5709999999963,1,0.6718316967196091,8.018018018018019,0.42117017029543424
Z:\raw_data\C000000008\VIS-010_SW_data_03-July-2026_10-36-33,301.62000011187035,301.6250001117586,792.5709999999963,1,0.7374456983793328,7.385892116182573,0.38664772726443264
Z:\raw_data\C000000008\VIS-010_SW_data_03-July-2026_10-36-33,311.62000011187035,311.6250001117586,792.5709999999963,1,0.7556858616019153,6.3799283154121875,0.6399885074100888
Z:\raw_data\C000000008\VIS-010_SW_data_03-July-2026_10-36-33,321.62000011187035,321.6250001117586,792.5709999999963,1,0.7620930885102916,5.973154362416108,1.0158558854497932
Z:\raw_data\C000000008\VIS-010_SW_data_03-July-2026_10-36-33,331.62000011187035,331.6250001117586,792.5709999999963,1,0.7497529920057702,5.014084507042254,1.7032642519159715
Z:\raw_data\C000000008\VIS-010_SW_data_03-July-2026_10-36-33,341.62000011187035,341.6250001117586,792.5709999999963,1,0.7384784527293901,5.014084507042254,2.1844611250520503
Z:\raw_data\C000000008\VIS-010_SW_data_03-July-2026_10-36-33,351.62000011187035,351.6250001117586,792.5709999999963,1,0.7358745159882023,5.973154362416108,2.059885496645313
Z:\raw_data\C000000008\VIS-010_SW_data_03-July-2026_10-36-33,361.62000011187035,361.6250001117586,792.5709999999963,1,0.7293532927382789,5.014084507042254,2.185068955531606
Z:\raw_data\C000000008\VIS-010_SW_data_03-July-2026_10-36-33,371.62000011187035,371.6250001117586,792.5709999999963,1,0.7206287271506785,5.014084507042254,2.3988867663647353
Z:\raw_data\C000000008\VIS-010_SW_data_03-July-2026_10-36-33,381.6200001118703,381.62500011175854,792.5709999999963,-1,0.7115424106673909,5.014084507042254,1.942432208142494
Z:\raw_data\C000000008\VIS-010_SW_data_03-July-2026_10-36-33,391.6200001118703,391.62500011175854,792.5709999999963,-1,0.6906044136153149,5.973154362416108,1.6234931005848428
Z:\raw_data\C000000008\VIS-010_SW_data_03-July-2026_10-36-33,401.6200001118703,401.62500011175854,792.5709999999963,-1,0.6560281144699726,5.973154362416108,1.5392261923270087
Z:\raw_data\C000000008\VIS-010_SW_data_03-July-2026_10-36-33,411.62000011187035,411.62500011175854,792.5709999999963,-1,0.6431211611195495,5.014084507042254,0.8673771910497464
Z:\raw_data\C000000008\VIS-010_SW_data_03-July-2026_10-36-33,421.62000011187035,421.6250001117586,792.5709999999963,-1,0.6177837598569655,8.018018018018019,0.5753496625814626
Z:\raw_data\C000000008\VIS-010_SW_data_03-July-2026_10-36-33,431.6200001118703,431.62500011175854,792.5709999999963,-1,0.5162411774525918,16.48148148148148,0.5236991394434442
Z:\raw_data\C000000008\VIS-010_SW_data_03-July-2026_10-36-33,441.6200001118703,441.62500011175854,792.5709999999963,2,0.3744089422550981,8.018018018018019,0.6188383096002166
Z:\raw_data\C000000008\VIS-010_SW_data_03-July-2026_10-36-33,451.6200001118703,451.62500011175854,792.5709999999963,2,0.25031143046472504,16.48148148148148,0.8328186018760629
Z:\raw_data\C000000008\VIS-010_SW_data_03-July-2026_10-36-33,461.62000011187024,461.6250001117585,792.5709999999963,2,0.21054971272605852,1.2889210716871833,0.8594065553759169
Z:\raw_data\C000000008\VIS-010_SW_data_03-July-2026_10-36-33,471.6200001118703,471.6250001117585,792.5709999999963,2,0.18184135870545057,2.625368731563422,0.8189209017586591
Z:\raw_data\C000000008\VIS-010_SW_data_03-July-2026_10-36-33,481.6200001118703,481.62500011175854,792.5709999999963,2,0.17873586705149208,1.0,0.986630249650404
Z:\raw_data\C000000008\VIS-010_SW_data_03-July-2026_10-36-33,491.6200001118703,491.62500011175854,792.5709999999963,2,0.19093697470364587,1.0218140068886339,1.1901073506706459
Z:\raw_data\C000000008\VIS-010_SW_data_03-July-2026_10-36-33,501.62000011187024,501.6250001117585,792.5709999999963,2,0.1852909741768564,1.0,1.1862449512659705
Z:\raw_data\C000000008\VIS-010_SW_data_03-July-2026_10-36-33,511.62000011187024,511.6250001117585,792.5709999999963,2,0.1865457851804819,1.0,1.2758651892877708
Z:\raw_data\C000000008\VIS-010_SW_data_03-July-2026_10-36-33,521.6200001118702,521.6250001117585,792.5709999999963,2,0.19236441425943618,1.0,1.4283688230704112
Z:\raw_data\C000000008\VIS-010_SW_data_03-July-2026_10-36-33,531.6200001118702,531.6250001117585,792.5709999999963,2,0.19484617445526017,1.0,1.4259092780208094
Z:\raw_data\C000000008\VIS-010_SW_data_03-July-2026_10-36-33,541.6200001118701,541.6250001117584,792.5709999999963,-1,0.21007622853191266,-1.0,1.302651009392656
Z:\raw_data\C000000008\VIS-010_SW_data_03-July-2026_10-36-33,551.6200001118701,551.6250001117584,792.5709999999963,-1,0.2124889375697764,-1.0,1.18232300108458
Z:\raw_data\C000000008\VIS-010_SW_data_03-July-2026_10-36-33,561.6200001118702,561.6250001117584,792.5709999999963,-1,0.22491435912921154,-1.0,1.1493435034849246
Z:\raw_data\C000000008\VIS-010_SW_data_03-July-2026_10-36-33,571.6200001118702,571.6250001117585,792.5709999999963,-1,0.2543526247005032,-1.0,1.0736705972882103
Z:\raw_data\C000000008\VIS-010_SW_data_03-July-2026_10-36-33,581.6200001118702,581.6250001117585,792.5709999999963,-1,0.29958431203838587,-1.0,0.8304846693333505
Z:\raw_data\C000000008\VIS-010_SW_data_03-July-2026_10-36-33,591.6200001118702,591.6250001117585,792.5709999999963,-1,0.34660981644395517,-1.0107893242475867,0.6984627261668592
Z:\raw_data\C000000008\VIS-010_SW_data_03-July-2026_10-36-33,601.6200001118702,601.6250001117585,792.5709999999963,-1,0.3271303768357821,-1.1756935270805813,0.7420048217043009
Z:\raw_data\C000000008\VIS-010_SW_data_03-July-2026_10-36-33,611.6200001118701,611.6250001117584,792.5709999999963,-1,0.25627138565100055,-1.0807528840315725,0.6568574466689078
Z:\raw_data\C000000008\VIS-010_SW_data_03-July-2026_10-36-33,621.6200001118701,621.6250001117584,792.5709999999963,-1,0.24712917639480883,-1.2889210716871833,0.5520281111617205
Z:\raw_data\C000000008\VIS-010_SW_data_03-July-2026_10-36-33,631.6200001118701,631.6250001117584,792.5709999999963,-1,0.24807936630526367,-2.247474747474748,0.7103171788023309
Z:\raw_data\C000000008\VIS-010_SW_data_03-July-2026_10-36-33,641.6200001118701,641.6250001117584,792.5709999999963,-1,0.24520897585990273,1.0,1.0425763687977834
Z:\raw_data\C000000008\VIS-010_SW_data_03-July-2026_10-36-33,651.6200001118701,651.6250001117584,792.5709999999963,-1,0.25492200751794675,1.0107893242475867,1.0788594486759657
Z:\raw_data\C000000008\VIS-010_SW_data_03-July-2026_10-36-33,661.6200001118701,661.6250001117584,792.5709999999963,-1,0.2772240958786588,1.0107893242475867,1.0166208796747378
Z:\raw_data\C000000008\VIS-010_SW_data_03-July-2026_10-36-33,671.6200001118701,671.6250001117584,792.5709999999963,-1,0.2618365545433353,1.1756935270805813,0.8677541049127157
Z:\raw_data\C000000008\VIS-010_SW_data_03-July-2026_10-36-33,681.6200001118701,681.6250001117583,792.5709999999963,-1,0.23838526719748582,3.955555555555556,0.7326806111233983
Z:\raw_data\C000000008\VIS-010_SW_data_03-July-2026_10-36-33,691.6200001118701,691.6250001117584,792.5709999999963,-1,0.34185631091070645,16.48148148148148,0.5089305302937136
Z:\raw_data\C000000008\VIS-010_SW_data_03-July-2026_10-36-33,701.6200001118701,701.6250001117584,792.5709999999963,-1,0.3819360255898362,2.625368731563422,0.5473286709566388
Z:\raw_data\C000000008\VIS-010_SW_data_03-July-2026_10-36-33,711.6200001118701,711.6250001117584,792.5709999999963,-1,0.5507477368927861,8.018018018018019,0.32489088393918875
Z:\raw_data\C000000008\VIS-010_SW_data_03-July-2026_10-36-33,721.6200001118701,721.6250001117584,792.5709999999963,-1,0.5841811090575316,2.5538020086083217,0.30483248639932237
Z:\raw_data\C000000008\VIS-010_SW_data_03-July-2026_10-36-33,731.6200001118701,731.6250001117584,792.5709999999963,-1,0.6402848214559528,16.48148148148148,0.43530458626707846
Z:\raw_data\C000000008\VIS-010_SW_data_03-July-2026_10-36-33,741.6200001118701,741.6250001117584,792.5709999999963,-1,0.6523705689988297,20.0,0.4915971429150217
Z:\raw_data\C000000008\VIS-010_SW_data_03-July-2026_10-36-33,751.6200001118701,751.6250001117584,792.5709999999963,-1,0.686710813042477,20.0,1.1002657045961803
Z:\raw_data\C000000008\VIS-010_SW_data_03-July-2026_10-36-33,761.6200001118701,761.6250001117584,792.5709999999963,-1,0.7048600864205767,16.48148148148148,1.188263912709526
Z:\raw_data\C000000008\VIS-010_SW_data_03-July-2026_10-36-33,771.62000011187,771.6250001117583,792.5709999999963,-1,0.7051294962766071,12.191780821917808,1.5504605152858664
Z:\raw_data\C000000008\VIS-010_SW_data_03-July-2026_10-36-33,781.62000011187,781.6250001117583,792.5709999999963,-1,0.7153031676969257,12.191780821917808,2.162774476204553
Z:\raw_data\C000000008\VIS-010_SW_data_03-July-2026_10-36-33,791.62000011187,791.6250001117583,792.5709999999963,-1,0.7116287068457622,14.015748031496063,2.646633063969727
Z:\raw_data\C000000008\VIS-010_SW_data_03-July-2026_10-36-33,801.62000011187,801.6250001117583,792.5709999999963,-1,0.7108759145222016,14.015748031496063,3.579789675190527
Z:\raw_data\C000000008\VIS-010_SW_data_03-July-2026_10-36-33,811.6200001118701,811.6250001117583,792.5709999999963,-1,0.7117826791101757,14.015748031496063,2.84915687763479
Z:\raw_data\C000000008\VIS-010_SW_data_03-July-2026_10-36-33,821.6200001118701,821.6250001117584,792.5709999999963,3,0.710073430748421,14.015748031496063,2.417995053127579
Z:\raw_data\C000000008\VIS-010_SW_data_03-July-2026_10-36-33,831.6200001118701,831.6250001117584,792.5709999999963,3,0.6887210321947793,14.015748031496063,1.1648549671419026
Z:\raw_data\C000000008\VIS-010_SW_data_03-July-2026_10-36-33,841.62000011187,841.6250001117583,792.5709999999963,3,0.6569991079712001,7.385892116182573,0.7807172564232869
Z:\raw_data\C000000008\VIS-010_SW_data_03-July-2026_10-36-33,851.62000011187,851.6250001117583,792.5709999999963,3,0.6426721062474323,9.673913043478262,0.5146476758015306
Z:\raw_data\C000000008\VIS-010_SW_data_03-July-2026_10-36-33,861.62000011187,7.54900011187376,792.5709999999963,3,0.6323910844648862,9.673913043478262,0.6320808330257456
Z:\raw_data\C000000008\VIS-010_SW_data_03-July-2026_10-36-33,871.62000011187,17.54900011187377,792.5709999999963,3,0.5865638453948593,7.385892116182573,0.8782480516558796
Z:\raw_data\C000000008\VIS-010_SW_data_03-July-2026_10-36-33,881.62000011187,27.549000111873777,792.5709999999963,3,0.5598084433955931,8.018018018018019,0.9059987521741152
Z:\raw_data\C000000008\VIS-010_SW_data_03-July-2026_10-36-33,891.62000011187,37.54900011187379,792.5709999999963,3,0.5190562465142616,8.018018018018019,1.0298742016355715
Z:\raw_data\C000000008\VIS-010_SW_data_03-July-2026_10-36-33,901.62000011187,47.549000111873795,792.5709999999963,3,0.4569633920375768,5.014084507042254,1.4636867169849792
Z:\raw_data\C000000008\VIS-010_SW_data_03-July-2026_10-36-33,911.62000011187,57.5490001118738,792.5709999999963,3,0.4366418596534833,16.48148148148148,1.7323807063803711
Z:\raw_data\C000000010\vis-006_SW_data_30-June-2026_09-43-28,81.62000011187047,81.62500011187512,722.5610000001034,0,0.6331157989260852,2.9568106312292364,1.0300260628907918
Z:\raw_data\C000000010\vis-006_SW_data_30-June-2026_09-43-28,91.62000011187047,91.62500011187512,722.5610000001034,-1,0.6218087344800223,3.1560283687943267,0.7898339974841209
Z:\raw_data\C000000010\vis-006_SW_data_30-June-2026_09-43-28,101.62000011187045,101.62500011187511,722.5610000001034,-1,0.623216864358223,3.7953091684434974,0.78156638173983
Z:\raw_data\C000000010\vis-006_SW_data_30-June-2026_09-43-28,111.62000011187045,111.62500011187511,722.5610000001034,-1,0.5551196889265302,2.486033519553073,0.7648595597212198
Z:\raw_data\C000000010\vis-006_SW_data_30-June-2026_09-43-28,121.62000011187045,121.62500011187511,722.5610000001034,-1,0.4992468521863393,3.7953091684434974,0.7023631074530169
Z:\raw_data\C000000010\vis-006_SW_data_30-June-2026_09-43-28,131.62000011187044,131.62500011187512,722.5610000001034,-1,0.44506629446646606,2.9568106312292364,0.6924322643794808
Z:\raw_data\C000000010\vis-006_SW_data_30-June-2026_09-43-28,141.62000011187044,141.6250001118751,722.5610000001034,-1,0.43159888159255594,8.018018018018019,0.7994079330084304
Z:\raw_data\C000000010\vis-006_SW_data_30-June-2026_09-43-28,151.62000011187044,151.6250001118751,722.5610000001034,-1,0.30847989836251893,8.018018018018019,0.9504428343725597
Z:\raw_data\C000000010\vis-006_SW_data_30-June-2026_09-43-28,161.62000011187044,161.62500011187512,722.5610000001034,-1,0.2973994313164346,5.973154362416108,0.7016388212546796
Z:\raw_data\C000000010\vis-006_SW_data_30-June-2026_09-43-28,171.6200001118704,171.6250001118751,722.5610000001034,-1,0.2243670948148014,16.48148148148148,0.7320231667776456
Z:\raw_data\C000000010\vis-006_SW_data_30-June-2026_09-43-28,181.6200001118704,181.62500011187507,722.5610000001034,-1,0.1402780841837302,2.9568106312292364,0.8585238260053548
Z:\raw_data\C000000010\vis-006_SW_data_30-June-2026_09-43-28,191.6200001118704,191.6250001118751,722.5610000001034,-1,0.1360462386402587,3.955555555555556,0.8629679402211078
Z:\raw_data\C000000010\vis-006_SW_data_30-June-2026_09-43-28,201.6200001118704,201.6250001118751,722.5610000001034,-1,0.12258418774757973,5.014084507042254,0.9559246334236847
Z:\raw_data\C000000010\vis-006_SW_data_30-June-2026_09-43-28,211.62000011187044,211.6250001118751,722.5610000001034,-1,0.11772603584692856,4.320388349514563,1.1381191981018453
Z:\raw_data\C000000010\vis-006_SW_data_30-June-2026_09-43-28,221.62000011187038,221.62500011187507,722.5610000001034,-1,0.11493810742569416,4.129930394431555,1.2522774860556007
Z:\raw_data\C000000010\vis-006_SW_data_30-June-2026_09-43-28,231.62000011187038,231.62500011187507,722.5610000001034,-1,0.12084701399401973,1.325390915860015,1.0318097136654214
Z:\raw_data\C000000010\vis-006_SW_data_30-June-2026_09-43-28,241.6200001118704,241.62500011187507,722.5610000001034,-1,0.12519644300127497,-1.6527390900649952,1.0043991055097041
Z:\raw_data\C000000010\vis-006_SW_data_30-June-2026_09-43-28,251.6200001118704,251.62500011187504,722.5610000001034,-1,0.1295072019240879,-1.8855932203389834,0.9868444073864372
Z:\raw_data\C000000010\vis-006_SW_data_30-June-2026_09-43-28,261.62000011187035,261.625000111875,722.5610000001034,-1,0.1346114500645254,1.2216884008236102,0.8753763414592015
Z:\raw_data\C000000010\vis-006_SW_data_30-June-2026_09-43-28,271.62000011187035,271.625000111875,722.5610000001034,-1,0.2637854031024326,-20.0,0.6117645287107212
Z:\raw_data\C000000010\vis-006_SW_data_30-June-2026_09-43-28,281.6200001118704,281.625000111875,722.5610000001034,-1,0.2800832754137276,-7.385892116182573,0.4794829759278527
Z:\raw_data\C000000010\vis-006_SW_data_30-June-2026_09-43-28,291.6200001118704,291.625000111875,722.5610000001034,1,0.27632202862250677,-14.015748031496063,0.6071207313241535
Z:\raw_data\C000000010\vis-006_SW_data_30-June-2026_09-43-28,301.62000011187035,301.625000111875,722.5610000001034,1,0.2723020829062311,-14.015748031496063,0.9891957126670944
Z:\raw_data\C000000010\vis-006_SW_data_30-June-2026_09-43-28,311.62000011187035,311.625000111875,722.5610000001034,1,0.2905110204371438,-7.385892116182573,1.2509977314476035
Z:\raw_data\C000000010\vis-006_SW_data_30-June-2026_09-43-28,321.62000011187035,321.625000111875,722.5610000001034,1,0.28403261189814555,-8.018018018018019,1.1010870165726705
Z:\raw_data\C000000010\vis-006_SW_data_30-June-2026_09-43-28,331.62000011187035,331.625000111875,722.5610000001034,1,0.29569108454150844,-7.385892116182573,1.2255878565480225
Z:\raw_data\C000000010\vis-006_SW_data_30-June-2026_09-43-28,341.62000011187035,341.625000111875,722.5610000001034,1,0.30908235386194705,-16.48148148148148,1.457306150386624
Z:\raw_data\C000000010\vis-006_SW_data_30-June-2026_09-43-28,351.62000011187035,351.62500011187495,722.5610000001034,1,0.31840801622262993,-9.673913043478262,1.54617034768687
Z:\raw_data\C000000010\vis-006_SW_data_30-June-2026_09-43-28,361.62000011187035,361.625000111875,722.5610000001034,1,0.3212319021549448,-10.787878787878787,1.7328113646187697
Z:\raw_data\C000000010\vis-006_SW_data_30-June-2026_09-43-28,371.62000011187035,371.625000111875,722.5610000001034,1,0.3100609681937971,-10.787878787878787,1.530476208006297
Z:\raw_data\C000000010\vis-006_SW_data_30-June-2026_09-43-28,381.6200001118703,381.62500011187495,722.5610000001034,1,0.2858471271146484,-7.385892116182573,1.1906508443989137
Z:\raw_data\C000000010\vis-006_SW_data_30-June-2026_09-43-28,391.6200001118703,391.62500011187495,722.5610000001034,-1,0.2633565736348076,-9.673913043478262,0.8867100903931194
Z:\raw_data\C000000010\vis-006_SW_data_30-June-2026_09-43-28,401.6200001118703,401.62500011187495,722.5610000001034,-1,0.23983016673620688,-16.48148148148148,0.6840188585471333
Z:\raw_data\C000000010\vis-006_SW_data_30-June-2026_09-43-28,411.62000011187035,411.62500011187495,722.5610000001034,-1,0.19137245098255337,-9.673913043478262,0.6726020283498497
Z:\raw_data\C000000010\vis-006_SW_data_30-June-2026_09-43-28,421.62000011187035,421.62500011187495,722.5610000001034,-1,0.17313483969088317,-10.787878787878787,0.8640850076009213
Z:\raw_data\C000000010\vis-006_SW_data_30-June-2026_09-43-28,431.6200001118703,431.62500011187495,722.5610000001034,-1,0.17244779745503588,-3.7953091684434974,0.9992361531757867
Z:\raw_data\C000000010\vis-006_SW_data_30-June-2026_09-43-28,441.6200001118703,441.62500011187495,722.5610000001034,-1,0.17536198808706072,-16.48148148148148,1.0216593424578344
Z:\raw_data\C000000010\vis-006_SW_data_30-June-2026_09-43-28,451.6200001118703,451.62500011187495,722.5610000001034,-1,0.1674228341932735,-20.0,1.209967290950157
Z:\raw_data\C000000010\vis-006_SW_data_30-June-2026_09-43-28,461.62000011187024,461.6250001118749,722.5610000001034,-1,0.1585377976860616,-9.673913043478262,1.308454678484419
Z:\raw_data\C000000010\vis-006_SW_data_30-June-2026_09-43-28,471.6200001118703,471.6250001118749,722.5610000001034,-1,0.16261435099101246,-9.673913043478262,1.3834766519340076
Z:\raw_data\C000000010\vis-006_SW_data_30-June-2026_09-43-28,481.6200001118703,481.6250001118749,722.5610000001034,-1,0.15439653961190536,-2.360742705570292,1.5373656512949205
Z:\raw_data\C000000010\vis-006_SW_data_30-June-2026_09-43-28,491.6200001118703,491.62500011187495,722.5610000001034,-1,0.1595389290506457,-2.4217687074829937,1.4008972633125258
Z:\raw_data\C000000010\vis-006_SW_data_30-June-2026_09-43-28,501.62000011187024,501.62500011187495,722.5610000001034,-1,0.1619417669571158,-2.5538020086083217,1.2447414715706993
Z:\raw_data\C000000010\vis-006_SW_data_30-June-2026_09-43-28,511.62000011187024,511.62500011187495,722.5610000001034,-1,0.16163252305103792,-2.486033519553073,1.1640891087358494
Z:\raw_data\C000000010\vis-006_SW_data_30-June-2026_09-43-28,521.6200001118702,521.625000111875,722.5610000001034,-1,0.1772012548017933,-2.486033519553073,1.0061133354098568
Z:\raw_data\C000000010\vis-006_SW_data_30-June-2026_09-43-28,531.6200001118702,531.625000111875,722.5610000001034,-1,0.18201986265456768,-2.486033519553073,0.8506165153209677
Z:\raw_data\C000000010\vis-006_SW_data_30-June-2026_09-43-28,541.6200001118701,541.6250001118749,722.5610000001034,-1,0.19326598446003257,-2.486033519553073,0.789297136669517
Z:\raw_data\C000000010\vis-006_SW_data_30-June-2026_09-43-28,551.6200001118701,551.6250001118749,722.5610000001034,-1,0.20876511857275934,-3.26605504587156,0.7123672822521527
Z:\raw_data\C000000010\vis-006_SW_data_30-June-2026_09-43-28,561.6200001118702,561.6250001118749,722.5610000001034,-1,0.2030213575234412,-7.385892116182573,0.6897838420813164
Z:\raw_data\C000000010\vis-006_SW_data_30-June-2026_09-43-28,571.6200001118702,571.6250001118749,722.5610000001034,-1,0.2010018514303378,-3.7953091684434974,0.6640835896926315
Z:\raw_data\C000000010\vis-006_SW_data_30-June-2026_09-43-28,581.6200001118702,581.6250001118749,722.5610000001034,-1,0.22758126910857013,-5.014084507042254,0.4553557934074798
Z:\raw_data\C000000010\vis-006_SW_data_30-June-2026_09-43-28,591.6200001118702,591.6250001118749,722.5610000001034,-1,0.25573854310606947,2.1948212083847105,0.45586631250911047
Z:\raw_data\C000000010\vis-006_SW_data_30-June-2026_09-43-28,601.6200001118702,601.6250001118749,722.5610000001034,-1,0.31833381835465435,1.2544045102184638,0.5800338872043069
Z:\raw_data\C000000010\vis-006_SW_data_30-June-2026_09-43-28,611.6200001118701,611.6250001118748,722.5610000001034,-1,0.33563267271389563,1.0,0.634432473981643
Z:\raw_data\C000000010\vis-006_SW_data_30-June-2026_09-43-28,621.6200001118701,621.6250001118748,722.5610000001034,-1,0.325071553530994,1.363984674329502,0.7490194089283062
Z:\raw_data\C000000010\vis-006_SW_data_30-June-2026_09-43-28,631.6200001118701,631.6250001118748,722.5610000001034,-1,0.26031175355854086,1.494542401343409,0.9269947398041299
Z:\raw_data\C000000010\vis-006_SW_data_30-June-2026_09-43-28,641.6200001118701,641.6250001118749,722.5610000001034,-1,0.3057423909573343,-16.48148148148148,0.8498310827963331
Z:\raw_data\C000000010\vis-006_SW_data_30-June-2026_09-43-28,651.6200001118701,651.6250001118749,722.5610000001034,-1,0.3201843462115197,-3.6475409836065578,0.8216515118479266
Z:\raw_data\C000000010\vis-006_SW_data_30-June-2026_09-43-28,661.6200001118701,661.6250001118749,722.5610000001034,-1,0.38746542710775667,-5.014084507042254,0.9986915235899458
Z:\raw_data\C000000010\vis-006_SW_data_30-June-2026_09-43-28,671.6200001118701,671.6250001118749,722.5610000001034,-1,0.3871864355941947,-4.759358288770054,1.1636141250092615
Z:\raw_data\C000000010\vis-006_SW_data_30-June-2026_09-43-28,681.6200001118701,681.6250001118748,722.5610000001034,2,0.4065847476926593,-16.48148148148148,1.2057319686575039
Z:\raw_data\C000000010\vis-006_SW_data_30-June-2026_09-43-28,691.6200001118701,691.6250001118748,722.5610000001034,2,0.40365796131789994,10.787878787878787,0.9371087259062848
Z:\raw_data\C000000010\vis-006_SW_data_30-June-2026_09-43-28,701.6200001118701,701.6250001118748,722.5610000001034,2,0.446315250528404,8.018018018018019,0.9504400138956262
Z:\raw_data\C000000010\vis-006_SW_data_30-June-2026_09-43-28,711.6200001118701,711.6250001118748,722.5610000001034,2,0.4465803999861965,5.973154362416108,1.1559906821909958
Z:\raw_data\C000000010\vis-006_SW_data_30-June-2026_09-43-28,721.6200001118701,721.6250001118748,722.5610000001034,2,0.4600716787324053,5.615141955835963,1.4183045611971237
Z:\raw_data\C000000010\vis-006_SW_data_30-June-2026_09-43-28,731.6200001118701,5.06000011193064,722.5610000001034,2,0.47798835402633744,5.615141955835963,1.3506221097631115
Z:\raw_data\C000000010\vis-006_SW_data_30-June-2026_09-43-28,741.6200001118701,15.060000111930648,722.5610000001034,2,0.49635657856428356,5.297619047619048,1.3088349140655684
Z:\raw_data\C000000010\vis-006_SW_data_30-June-2026_09-43-28,751.6200001118701,25.06000011193066,722.5610000001034,2,0.5036359798958928,4.759358288770054,1.5000316957051811
Z:\raw_data\C000000010\vis-006_SW_data_30-June-2026_09-43-28,761.6200001118701,35.06000011193067,722.5610000001034,2,0.5403041470528167,4.759358288770054,1.1470882146295964
Z:\raw_data\C000000010\vis-006_SW_data_30-June-2026_09-43-28,771.62000011187,45.06000011193056,722.5610000001034,2,0.5535162367085112,4.759358288770054,1.0385215835927035
Z:\raw_data\C000000010\vis-006_SW_data_30-June-2026_09-43-28,781.62000011187,55.06000011193058,722.5610000001034,-1,0.5750520572632944,3.6475409836065578,1.0775852499287615
Z:\raw_data\C000000010\vis-006_SW_data_30-June-2026_09-43-28,791.62000011187,65.06000011193058,722.5610000001034,-1,0.5889008407093629,4.129930394431555,1.1534176182742022
Z:\raw_data\C000000010\vis-006_SW_data_30-June-2026_09-43-28,801.62000011187,75.06000011193059,722.5610000001034,-1,0.5850570846477605,3.6475409836065578,1.003069605083891
Z:\raw_data\C000000010\vis-006_SW_data_30-June-2026_09-43-28,811.6200001118701,85.0600001119306,722.5610000001034,-1,0.5876191222856985,3.955555555555556,0.7298163862668242
Z:\raw_data\C000000010\vis-006_SW_data_30-June-2026_09-43-28,821.6200001118701,95.0600001119306,722.5610000001034,-1,0.5324128171299625,2.9568106312292364,0.6558073404487673
Z:\raw_data\C000000010\vis-006_SW_data_30-June-2026_09-43-28,831.6200001118701,105.06000011193062,722.5610000001034,-1,0.493926595726354,5.014084507042254,0.7334349460965088
Z:\raw_data\C000000010\vis-006_SW_data_30-June-2026_09-43-28,841.62000011187,115.06000011193052,722.5610000001034,-1,0.4425316132942534,4.759358288770054,0.9536315350228417
Z:\raw_data\C000000010\vis-006_SW_data_30-June-2026_09-43-28,851.62000011187,125.06000011193052,722.5610000001034,-1,0.3964626301791241,8.018018018018019,0.9061403651504873
Z:\raw_data\C000000010\vis-006_SW_data_30-June-2026_09-43-28,861.62000011187,135.06000011193052,722.5610000001034,-1,0.39775407879183655,20.0,0.8558225194681711
Z:\raw_data\C000000010\vis-006_SW_data_30-June-2026_09-43-28,871.62000011187,145.06000011193055,722.5610000001034,-1,0.31703434543523423,-20.0,0.9481572385400561
Z:\raw_data\C000000010\vis-006_SW_data_30-June-2026_09-43-28,881.62000011187,155.06000011193055,722.5610000001034,-1,0.25954388229935904,-20.0,0.7562046675851958
Z:\raw_data\C000000010\vis-006_SW_data_30-June-2026_09-43-28,891.62000011187,165.06000011193055,722.5610000001034,-1,0.21504722686962272,-20.0,0.7276677835528226
Z:\raw_data\C000000010\vis-006_SW_data_30-June-2026_09-43-28,901.62000011187,175.06000011193058,722.5610000001034,-1,0.14570945033576244,1.1611219830397914,0.8484567105183872
Z:\raw_data\C000000010\vis-006_SW_data_30-June-2026_09-43-28,911.62000011187,185.06000011193058,722.5610000001034,-1,0.13557931477080923,1.6824196597353498,0.8351925243073086
Z:\raw_data\C000000011\VIS-11_SW_data_07-July-2026_08-40-05,81.62000011187047,81.62600011186441,826.5720000000438,0,0.7330439644390458,2.9568106312292364,0.886917241234908
Z:\raw_data\C000000011\VIS-11_SW_data_07-July-2026_08-40-05,91.62000011187047,91.6260001118644,826.5720000000438,-1,0.7357991565347753,3.1560283687943267,1.0319903254888756
Z:\raw_data\C000000011\VIS-11_SW_data_07-July-2026_08-40-05,101.62000011187045,101.6260001118644,826.5720000000438,-1,0.7267170276823889,2.9568106312292364,1.0701178710566184
Z:\raw_data\C000000011\VIS-11_SW_data_07-July-2026_08-40-05,111.62000011187045,111.6260001118644,826.5720000000438,-1,0.7400928118379084,3.6475409836065578,0.8357708941669475
Z:\raw_data\C000000011\VIS-11_SW_data_07-July-2026_08-40-05,121.62000011187045,121.62600011186439,826.5720000000438,-1,0.7470281890178385,5.297619047619048,0.7398267884987683
Z:\raw_data\C000000011\VIS-11_SW_data_07-July-2026_08-40-05,131.62000011187044,131.62600011186439,826.5720000000438,-1,0.6566229243660172,16.48148148148148,0.8837793103436896
Z:\raw_data\C000000011\VIS-11_SW_data_07-July-2026_08-40-05,141.62000011187044,141.62600011186439,826.5720000000438,-1,0.627606193553979,3.6475409836065578,0.8362902428097648
Z:\raw_data\C000000011\VIS-11_SW_data_07-July-2026_08-40-05,151.62000011187044,151.62600011186439,826.5720000000438,-1,0.633743113004424,8.768472906403941,0.5727700581515983
Z:\raw_data\C000000011\VIS-11_SW_data_07-July-2026_08-40-05,161.62000011187044,161.62600011186439,826.5720000000438,-1,0.5441790731729221,20.0,0.6524878849600935
Z:\raw_data\C000000011\VIS-11_SW_data_07-July-2026_08-40-05,171.6200001118704,171.62600011186439,826.5720000000438,-1,0.36143959991825253,20.0,0.6646677912771343
Z:\raw_data\C000000011\VIS-11_SW_data_07-July-2026_08-40-05,181.6200001118704,181.62600011186436,826.5720000000438,-1,0.3569241041370758,-20.0,0.644783437666236
Z:\raw_data\C000000011\VIS-11_SW_data_07-July-2026_08-40-05,191.6200001118704,191.62600011186436,826.5720000000438,-1,0.17912896392452907,20.0,0.851860717337332
Z:\raw_data\C000000011\VIS-11_SW_data_07-July-2026_08-40-05,201.6200001118704,201.62600011186439,826.5720000000438,-1,0.14416750630636546,1.624087591240876,0.9454307178926195
Z:\raw_data\C000000011\VIS-11_SW_data_07-July-2026_08-40-05,211.62000011187044,211.62600011186439,826.5720000000438,-1,0.14188746129966417,1.056379821958457,0.9152451179989013
Z:\raw_data\C000000011\VIS-11_SW_data_07-July-2026_08-40-05,221.62000011187038,221.62600011186433,826.5720000000438,-1,0.14172254656450015,1.3841368584758942,0.9503442015499006
Z:\raw_data\C000000011\VIS-11_SW_data_07-July-2026_08-40-05,231.62000011187038,231.62600011186436,826.5720000000438,-1,0.3390419374547359,20.0,0.674376128924325
Z:\raw_data\C000000011\VIS-11_SW_data_07-July-2026_08-40-05,241.6200001118704,241.62600011186436,826.5720000000438,-1,0.6566914501898838,20.0,0.3914379824333315
Z:\raw_data\C000000011\VIS-11_SW_data_07-July-2026_08-40-05,251.6200001118704,251.62600011186436,826.5720000000438,-1,0.6944183401638799,7.385892116182573,0.4987999896427883
Z:\raw_data\C000000011\VIS-11_SW_data_07-July-2026_08-40-05,261.62000011187035,261.6260001118643,826.5720000000438,-1,0.8961726805396556,16.48148148148148,0.32012984268318
Z:\raw_data\C000000011\VIS-11_SW_data_07-July-2026_08-40-05,271.62000011187035,271.62600011186436,826.5720000000438,-1,0.9534831437539335,8.768472906403941,0.21150794713298704
Z:\raw_data\C000000011\VIS-11_SW_data_07-July-2026_08-40-05,281.6200001118704,281.62600011186436,826.5720000000438,-1,0.9510157649643469,10.787878787878787,0.3736800262681593
Z:\raw_data\C000000011\VIS-11_SW_data_07-July-2026_08-40-05,291.6200001118704,291.62600011186436,826.5720000000438,1,0.9452920222977502,12.191780821917808,0.7089044038133815
Z:\raw_data\C000000011\VIS-11_SW_data_07-July-2026_08-40-05,301.62000011187035,301.6260001118643,826.5720000000438,1,0.9382493244323712,12.191780821917808,2.4703505723189076
Z:\raw_data\C000000011\VIS-11_SW_data_07-July-2026_08-40-05,311.62000011187035,311.6260001118643,826.5720000000438,1,0.933675736156883,12.191780821917808,3.8716632609660624
Z:\raw_data\C000000011\VIS-11_SW_data_07-July-2026_08-40-05,321.62000011187035,321.6260001118643,826.5720000000438,1,0.9295942446488965,12.191780821917808,3.550351072097455
Z:\raw_data\C000000011\VIS-11_SW_data_07-July-2026_08-40-05,331.62000011187035,331.6260001118643,826.5720000000438,1,0.9254006166228307,12.191780821917808,4.290514968953502
Z:\raw_data\C000000011\VIS-11_SW_data_07-July-2026_08-40-05,341.62000011187035,341.62600011186436,826.5720000000438,1,0.9249420757146644,12.191780821917808,5.588804060015156
Z:\raw_data\C000000011\VIS-11_SW_data_07-July-2026_08-40-05,351.62000011187035,351.6260001118643,826.5720000000438,1,0.9240995108049502,12.191780821917808,4.416432593133935
Z:\raw_data\C000000011\VIS-11_SW_data_07-July-2026_08-40-05,361.62000011187035,361.6260001118643,826.5720000000438,1,0.9205059129847172,12.191780821917808,2.8417515162680362
Z:\raw_data\C000000011\VIS-11_SW_data_07-July-2026_08-40-05,371.62000011187035,371.6260001118643,826.5720000000438,1,0.9147652942606306,12.191780821917808,2.7737753866930297
Z:\raw_data\C000000011\VIS-11_SW_data_07-July-2026_08-40-05,381.6200001118703,381.62600011186424,826.5720000000438,1,0.9058196084126448,12.191780821917808,1.1943040115971608
Z:\raw_data\C000000011\VIS-11_SW_data_07-July-2026_08-40-05,391.6200001118703,391.62600011186424,826.5720000000438,-1,0.8948912470989945,14.015748031496063,0.6203026000552354
Z:\raw_data\C000000011\VIS-11_SW_data_07-July-2026_08-40-05,401.6200001118703,401.6260001118643,826.5720000000438,-1,0.8598056177753994,16.48148148148148,0.27199656097564073
Z:\raw_data\C000000011\VIS-11_SW_data_07-July-2026_08-40-05,411.62000011187035,411.6260001118643,826.5720000000438,-1,0.7916666735451955,20.0,0.28566511909804276
Z:\raw_data\C000000011\VIS-11_SW_data_07-July-2026_08-40-05,421.62000011187035,421.6260001118643,826.5720000000438,-1,0.3972851675988536,20.0,0.7077732032961102
Z:\raw_data\C000000011\VIS-11_SW_data_07-July-2026_08-40-05,431.6200001118703,431.62600011186424,826.5720000000438,-1,0.2967891539422689,-4.759358288770054,0.9032918575778359
Z:\raw_data\C000000011\VIS-11_SW_data_07-July-2026_08-40-05,441.6200001118703,441.62600011186424,826.5720000000438,-1,0.28392245140879896,-6.3799283154121875,0.8249913457530385
Z:\raw_data\C000000011\VIS-11_SW_data_07-July-2026_08-40-05,451.6200001118703,451.62600011186424,826.5720000000438,-1,0.22547969096786943,-16.48148148148148,1.0170851920967987
Z:\raw_data\C000000011\VIS-11_SW_data_07-July-2026_08-40-05,461.62000011187024,461.62600011186424,826.5720000000438,-1,0.20637046524272584,-3.7953091684434974,1.2748210885820417
Z:\raw_data\C000000011\VIS-11_SW_data_07-July-2026_08-40-05,471.6200001118703,471.62600011186424,826.5720000000438,-1,0.20076823922446116,-1.0,1.2900787159360536
Z:\raw_data\C000000011\VIS-11_SW_data_07-July-2026_08-40-05,481.6200001118703,481.62600011186424,826.5720000000438,-1,0.21580090693486176,-1.0,1.4309620147184765
Z:\raw_data\C000000011\VIS-11_SW_data_07-July-2026_08-40-05,491.6200001118703,491.62600011186424,826.5720000000438,-1,0.2239561861139786,-1.0,1.3150299517896493
Z:\raw_data\C000000011\VIS-11_SW_data_07-July-2026_08-40-05,501.62000011187024,501.6260001118642,826.5720000000438,-1,0.22658433222217003,-1.0,1.058671470778027
Z:\raw_data\C000000011\VIS-11_SW_data_07-July-2026_08-40-05,511.62000011187024,511.6260001118642,826.5720000000438,-1,0.2397474661714594,-1.0,0.9167878067149698
Z:\raw_data\C000000011\VIS-11_SW_data_07-July-2026_08-40-05,521.6200001118702,521.6260001118642,826.5720000000438,-1,0.2732434675522979,-1.0,0.8902094236386876
Z:\raw_data\C000000011\VIS-11_SW_data_07-July-2026_08-40-05,531.6200001118702,531.6260001118642,826.5720000000438,-1,0.31724032325413765,-1.0,0.9773848562257266
Z:\raw_data\C000000011\VIS-11_SW_data_07-July-2026_08-40-05,541.6200001118701,541.6260001118641,826.5720000000438,-1,0.32281921759827814,-1.0107893242475867,1.0364786999594158
Z:\raw_data\C000000011\VIS-11_SW_data_07-July-2026_08-40-05,551.6200001118701,551.6260001118642,826.5720000000438,-1,0.2518425771385774,-1.494542401343409,0.8931309048541137
Z:\raw_data\C000000011\VIS-11_SW_data_07-July-2026_08-40-05,561.6200001118702,561.6260001118642,826.5720000000438,-1,0.2542128450288781,-1.0,0.7824970009100565
Z:\raw_data\C000000011\VIS-11_SW_data_07-July-2026_08-40-05,571.6200001118702,571.6260001118642,826.5720000000438,-1,0.26184783303859144,-1.3444108761329308,0.8887819453782632
Z:\raw_data\C000000011\VIS-11_SW_data_07-July-2026_08-40-05,581.6200001118702,581.6260001118642,826.5720000000438,-1,0.25252076744066126,-1.494542401343409,0.8721351198855176
Z:\raw_data\C000000011\VIS-11_SW_data_07-July-2026_08-40-05,591.6200001118702,591.6260001118642,826.5720000000438,-1,0.23344139488415241,-8.018018018018019,0.7250342960490644
Z:\raw_data\C000000011\VIS-11_SW_data_07-July-2026_08-40-05,601.6200001118702,601.6260001118642,826.5720000000438,-1,0.21789428029105384,-1.3444108761329308,0.8272984781757114
Z:\raw_data\C000000011\VIS-11_SW_data_07-July-2026_08-40-05,611.6200001118701,611.6260001118641,826.5720000000438,-1,0.23879434575080935,20.0,1.028119389578969
Z:\raw_data\C000000011\VIS-11_SW_data_07-July-2026_08-40-05,621.6200001118701,621.6260001118641,826.5720000000438,-1,0.2592748063718608,14.015748031496063,0.8625292400300292
Z:\raw_data\C000000011\VIS-11_SW_data_07-July-2026_08-40-05,631.6200001118701,631.6260001118641,826.5720000000438,-1,0.32026689476796194,16.48148148148148,0.6559463506025168
Z:\raw_data\C000000011\VIS-11_SW_data_07-July-2026_08-40-05,641.6200001118701,641.6260001118641,826.5720000000438,-1,0.4861812606950078,16.48148148148148,0.41412900527456176
Z:\raw_data\C000000011\VIS-11_SW_data_07-July-2026_08-40-05,651.6200001118701,651.6260001118641,826.5720000000438,-1,0.5728544548695298,5.014084507042254,0.42575235192003547
Z:\raw_data\C000000011\VIS-11_SW_data_07-July-2026_08-40-05,661.6200001118701,661.6260001118641,826.5720000000438,-1,0.6179221485459808,1.2378303198887344,0.6720836284397741
Z:\raw_data\C000000011\VIS-11_SW_data_07-July-2026_08-40-05,671.6200001118701,671.6260001118642,826.5720000000438,-1,0.6434019349528676,5.014084507042254,0.40065809527109386
Z:\raw_data\C000000011\VIS-11_SW_data_07-July-2026_08-40-05,681.6200001118701,681.6260001118641,826.5720000000438,-1,0.7061771495964758,2.1445783132530125,0.38411405944364174
Z:\raw_data\C000000011\VIS-11_SW_data_07-July-2026_08-40-05,691.6200001118701,691.6260001118641,826.5720000000438,-1,0.7187183821748734,16.48148148148148,0.681756700873759
Z:\raw_data\C000000011\VIS-11_SW_data_07-July-2026_08-40-05,701.6200001118701,701.6260001118641,826.5720000000438,-1,0.7171318585762494,-7.385892116182573,0.6203472154490725
Z:\raw_data\C000000011\VIS-11_SW_data_07-July-2026_08-40-05,711.6200001118701,711.6260001118641,826.5720000000438,-1,0.6724079418222624,-6.3799283154121875,0.7441899553764367
Z:\raw_data\C000000011\VIS-11_SW_data_07-July-2026_08-40-05,721.6200001118701,721.6260001118641,826.5720000000438,-1,0.6797217971804563,-8.018018018018019,1.290236196192197
Z:\raw_data\C000000011\VIS-11_SW_data_07-July-2026_08-40-05,731.6200001118701,731.6260001118641,826.5720000000438,-1,0.6762063557358746,-4.759358288770054,1.6453847833003132
Z:\raw_data\C000000011\VIS-11_SW_data_07-July-2026_08-40-05,741.6200001118701,741.6260001118641,826.5720000000438,-1,0.6755304784399496,-5.297619047619048,2.6414944223375434
Z:\raw_data\C000000011\VIS-11_SW_data_07-July-2026_08-40-05,751.6200001118701,751.6260001118641,826.5720000000438,-1,0.6681550175214244,-4.759358288770054,2.523191272954802
Z:\raw_data\C000000011\VIS-11_SW_data_07-July-2026_08-40-05,761.6200001118701,761.6260001118641,826.5720000000438,-1,0.6609709494682228,-7.385892116182573,1.9236926463733486
Z:\raw_data\C000000011\VIS-11_SW_data_07-July-2026_08-40-05,771.62000011187,771.626000111864,826.5720000000438,-1,0.6604754201282265,-7.385892116182573,1.9289603761011003
Z:\raw_data\C000000011\VIS-11_SW_data_07-July-2026_08-40-05,781.62000011187,781.626000111864,826.5720000000438,-1,0.6452548275247862,-5.973154362416108,2.1788365336405664
Z:\raw_data\C000000011\VIS-11_SW_data_07-July-2026_08-40-05,791.62000011187,791.626000111864,826.5720000000438,-1,0.6273288743446884,-3.6475409836065578,1.1343515104315776
Z:\raw_data\C000000011\VIS-11_SW_data_07-July-2026_08-40-05,801.62000011187,801.6260001118641,826.5720000000438,-1,0.6279642426549898,-7.385892116182573,0.885499871521771
Z:\raw_data\C000000011\VIS-11_SW_data_07-July-2026_08-40-05,811.6200001118701,811.6260001118641,826.5720000000438,-1,0.6496903837377727,-20.0,0.7067487504634894
Z:\raw_data\C000000011\VIS-11_SW_data_07-July-2026_08-40-05,821.6200001118701,821.6260001118641,826.5720000000438,-1,0.5782750531632715,4.759358288770054,0.4044453569988418
Z:\raw_data\C000000011\VIS-11_SW_data_07-July-2026_08-40-05,831.6200001118701,831.6260001118641,826.5720000000438,-1,0.6046727391576769,5.014084507042254,0.457932137496258
Z:\raw_data\C000000011\VIS-11_SW_data_07-July-2026_08-40-05,841.62000011187,841.626000111864,826.5720000000438,-1,0.7178094634931057,2.486033519553073,0.6881227705828142
Z:\raw_data\C000000011\VIS-11_SW_data_07-July-2026_08-40-05,851.62000011187,851.626000111864,826.5720000000438,2,0.7104984618404299,2.0965842167255597,1.0585969633607366
Z:\raw_data\C000000011\VIS-11_SW_data_07-July-2026_08-40-05,861.62000011187,861.626000111864,826.5720000000438,2,0.7065472897790879,2.4217687074829937,1.5618006495598438
Z:\raw_data\C000000011\VIS-11_SW_data_07-July-2026_08-40-05,871.62000011187,871.626000111864,826.5720000000438,2,0.7330633070758288,2.5538020086083217,1.3393093505691376
Z:\raw_data\C000000011\VIS-11_SW_data_07-July-2026_08-40-05,881.62000011187,8.050000111863076,826.5720000000438,2,0.746075129949274,2.486033519553073,1.3549965755950637
Z:\raw_data\C000000011\VIS-11_SW_data_07-July-2026_08-40-05,891.62000011187,18.050000111863085,826.5720000000438,2,0.7448548729102301,2.486033519553073,1.9165454903843673
Z:\raw_data\C000000011\VIS-11_SW_data_07-July-2026_08-40-05,901.62000011187,28.050000111863092,826.5720000000438,2,0.7488418130273633,2.625368731563422,1.8853531374811499
Z:\raw_data\C000000011\VIS-11_SW_data_07-July-2026_08-40-05,911.62000011187,38.0500001118631,826.5720000000438,2,0.7580180609280279,2.486033519553073,2.0153696029600012
Z:\raw_data\C000000011\VIS-11_SW_data_07-July-2026_08-40-05,921.62000011187,48.05000011186311,826.5720000000438,2,0.76524090007723,2.486033519553073,2.395410486860301
Z:\raw_data\C000000011\VIS-11_SW_data_07-July-2026_08-40-05,931.62000011187,58.05000011186301,826.5720000000438,2,0.7641989157656706,2.486033519553073,1.3458569043412736
Z:\raw_data\C000000011\VIS-11_SW_data_07-July-2026_08-40-05,941.62000011187,68.05000011186301,826.5720000000438,2,0.7657215255829257,2.5538020086083217,0.8350469603953498
Z:\raw_data\C000000011\VIS-11_SW_data_07-July-2026_08-40-05,951.62000011187,78.05000011186303,826.5720000000438,-1,0.7685617529437774,2.0965842167255597,0.6715464065936657
Z:\raw_data\C000000011\VIS-11_SW_data_07-July-2026_08-40-05,961.62000011187,88.05000011186304,826.5720000000438,-1,0.7605216310356552,3.7953091684434974,0.6778567261017006
Z:\raw_data\C000000011\VIS-11_SW_data_07-July-2026_08-40-05,971.62000011187,98.05000011186304,826.5720000000438,-1,0.6775926254093477,2.9568106312292364,0.8679704177486035
Z:\raw_data\C000000011\VIS-11_SW_data_07-July-2026_08-40-05,981.62000011187,108.05000011186306,826.5720000000438,-1,0.7577100484962891,3.6475409836065578,1.0844666036566017
Z:\raw_data\C000000011\VIS-11_SW_data_07-July-2026_08-40-05,991.62000011187,118.05000011186306,826.5720000000438,-1,0.7708902391463924,4.759358288770054,0.6896149815863404
Z:\raw_data\C000000011\VIS-11_SW_data_07-July-2026_08-40-05,1001.62000011187,128.05000011186308,826.5720000000438,-1,0.7365494872533475,16.48148148148148,0.6396216065756808
Z:\raw_data\C000000011\VIS-11_SW_data_07-July-2026_08-40-05,1011.62000011187,138.05000011186308,826.5720000000438,-1,0.6197729740732972,16.48148148148148,0.7789861259181788
Z:\raw_data\C000000011\VIS-11_SW_data_07-July-2026_08-40-05,1021.62000011187,148.05000011186308,826.5720000000438,-1,0.6150647427949684,8.768472906403941,0.5517492524962362
Z:\raw_data\C000000011\VIS-11_SW_data_07-July-2026_08-40-05,1031.62000011187,158.05000011186308,826.5720000000438,-1,0.5536621097142235,8.018018018018019,0.6061596968237307
Z:\raw_data\C000000011\VIS-11_SW_data_07-July-2026_08-40-05,1041.62000011187,168.0500001118631,826.5720000000438,-1,0.36718197138079567,16.48148148148148,0.8858138682193427
Z:\raw_data\C000000011\VIS-11_SW_data_07-July-2026_08-40-05,1051.62000011187,178.0500001118631,826.5720000000438,-1,0.3554280760919064,4.759358288770054,0.7449276560050233
Z:\raw_data\C000000011\VIS-11_SW_data_07-July-2026_08-40-05,1061.62000011187,188.0500001118631,826.5720000000438,-1,0.32471191359877294,1.8855932203389834,0.7005391322123055
Z:\raw_data\C000000011\VIS-11_SW_data_07-July-2026_08-40-05,1071.62000011187,198.05000011186314,826.5720000000438,-1,0.275995263972467,8.018018018018019,0.785097933432303
Z:\raw_data\C000000011\VIS-11_SW_data_07-July-2026_08-40-05,1081.62000011187,208.05000011186314,826.5720000000438,-1,0.21593408372677847,16.48148148148148,0.8144886931853402
Z:\raw_data\C000000011\VIS-11_SW_data_07-July-2026_08-40-05,1091.62000011187,218.05000011186314,826.5720000000438,-1,0.23408216818959565,4.759358288770054,0.8728411028880995
Z:\raw_data\C000000011\VIS-11_SW_data_07-July-2026_08-40-05,1101.62000011187,228.05000011186317,826.5720000000438,3,0.25276832425173457,16.48148148148148,0.9511028470241872
Z:\raw_data\C000000011\VIS-11_SW_data_07-July-2026_08-40-05,1111.62000011187,238.05000011186317,826.5720000000438,3,0.32787541155829775,8.018018018018019,0.8822793882181155
Z:\raw_data\C000000012\VIS-014_SW_data_07-July-2026_11-41-37,81.62000011187047,,,0,0.8421305751584067,3.26605504587156,0.5519274088734182
Z:\raw_data\C000000012\VIS-014_SW_data_07-July-2026_11-41-37,91.62000011187047,,,0,0.8273537359963903,6.846153846153847,0.6461763022632773
Z:\raw_data\C000000012\VIS-014_SW_data_07-July-2026_11-41-37,101.62000011187045,,,0,0.7923239833516003,5.297619047619048,0.6419302491660104
Z:\raw_data\C000000012\VIS-014_SW_data_07-July-2026_11-41-37,111.62000011187045,,,-1,0.7871558042559145,6.3799283154121875,0.3824870910939173
Z:\raw_data\C000000012\VIS-014_SW_data_07-July-2026_11-41-37,121.62000011187045,,,-1,0.6838099040569494,20.0,0.47960914768030255
Z:\raw_data\C000000012\VIS-014_SW_data_07-July-2026_11-41-37,131.62000011187044,,,-1,0.39400666781008176,4.759358288770054,0.9628161391822406
Z:\raw_data\C000000012\VIS-014_SW_data_07-July-2026_11-41-37,141.62000011187044,,,-1,0.3990678670149723,5.014084507042254,0.8129885724832593
Z:\raw_data\C000000012\VIS-014_SW_data_07-July-2026_11-41-37,151.62000011187044,,,-1,0.3475042668387274,-3.384030418250951,0.8613833818783181
Z:\raw_data\C000000012\VIS-014_SW_data_07-July-2026_11-41-37,161.62000011187044,,,-1,0.2771921319334066,-2.7010622154779975,0.9364033240178794
Z:\raw_data\C000000012\VIS-014_SW_data_07-July-2026_11-41-37,171.6200001118704,,,-1,0.26758412138505105,-2.360742705570292,0.9758755978404491
Z:\raw_data\C000000012\VIS-014_SW_data_07-July-2026_11-41-37,181.6200001118704,,,-1,0.2691101293337637,-3.6475409836065578,0.9759834194200275
Z:\raw_data\C000000012\VIS-014_SW_data_07-July-2026_11-41-37,191.6200001118704,,,-1,0.2803166455365907,-3.7953091684434974,0.9110108759416189
Z:\raw_data\C000000012\VIS-014_SW_data_07-July-2026_11-41-37,201.6200001118704,,,-1,0.2703683027103626,-3.7953091684434974,0.9427770545779774
Z:\raw_data\C000000012\VIS-014_SW_data_07-July-2026_11-41-37,211.62000011187044,,,-1,0.18932195373145208,-3.6475409836065578,0.9892560481384842
Z:\raw_data\C000000012\VIS-014_SW_data_07-July-2026_11-41-37,221.62000011187038,,,-1,0.1924107827386298,-3.26605504587156,1.0241329894330138
Z:\raw_data\C000000012\VIS-014_SW_data_07-July-2026_11-41-37,231.62000011187038,,,-1,0.21042010930139485,-3.0531732418524875,0.8806712325787126
Z:\raw_data\C000000012\VIS-014_SW_data_07-July-2026_11-41-37,241.6200001118704,,,-1,0.20421977039084507,-3.384030418250951,0.8656337323796864
Z:\raw_data\C000000012\VIS-014_SW_data_07-July-2026_11-41-37,251.6200001118704,,,-1,0.1920720995784652,-3.384030418250951,0.9100556872502262
Z:\raw_data\C000000012\VIS-014_SW_data_07-July-2026_11-41-37,261.62000011187035,,,-1,0.1997755832986205,-1.3069016152716595,0.8060683076540285
Z:\raw_data\C000000012\VIS-014_SW_data_07-July-2026_11-41-37,271.62000011187035,,,-1,0.20435744950977494,-3.26605504587156,0.833054455408401
Z:\raw_data\C000000012\VIS-014_SW_data_07-July-2026_11-41-37,281.6200001118704,,,-1,0.20276889562091435,-3.384030418250951,1.0067523999109034
Z:\raw_data\C000000012\VIS-014_SW_data_07-July-2026_11-41-37,291.6200001118704,,,-1,0.30343486863318553,-20.0,0.668936475557307
Z:\raw_data\C000000012\VIS-014_SW_data_07-July-2026_11-41-37,301.62000011187035,,,-1,0.36376773330435913,16.48148148148148,0.46558192909479856
Z:\raw_data\C000000012\VIS-014_SW_data_07-July-2026_11-41-37,311.62000011187035,,,-1,0.5260285631135762,14.015748031496063,0.5029092137461231
Z:\raw_data\C000000012\VIS-014_SW_data_07-July-2026_11-41-37,321.62000011187035,,,-1,0.5835060604937303,6.3799283154121875,0.6946760288463013
Z:\raw_data\C000000012\VIS-014_SW_data_07-July-2026_11-41-37,331.62000011187035,,,-1,0.5883280893218129,6.3799283154121875,1.2024765702484057
Z:\raw_data\C000000012\VIS-014_SW_data_07-July-2026_11-41-37,341.62000011187035,,,-1,0.574709200135477,6.3799283154121875,1.7250908546655512
Z:\raw_data\C000000012\VIS-014_SW_data_07-July-2026_11-41-37,351.62000011187035,,,-1,0.5619641948118829,6.3799283154121875,1.735779410153862
Z:\raw_data\C000000012\VIS-014_SW_data_07-July-2026_11-41-37,361.62000011187035,,,-1,0.5716765961627007,6.3799283154121875,1.4419411657199246
Z:\raw_data\C000000012\VIS-014_SW_data_07-July-2026_11-41-37,371.62000011187035,,,-1,0.5643409370305581,6.3799283154121875,1.4863928654847236
Z:\raw_data\C000000012\VIS-014_SW_data_07-July-2026_11-41-37,381.6200001118703,,,-1,0.546700331062725,6.3799283154121875,1.5564034540974023
Z:\raw_data\C000000012\VIS-014_SW_data_07-July-2026_11-41-37,391.6200001118703,,,-1,0.5435653369530435,5.973154362416108,1.5427386498821403
Z:\raw_data\C000000012\VIS-014_SW_data_07-July-2026_11-41-37,401.6200001118703,,,-1,0.5391056439670517,6.3799283154121875,1.64881170680859
Z:\raw_data\C000000012\VIS-014_SW_data_07-July-2026_11-41-37,411.62000011187035,,,-1,0.5263583585697922,6.3799283154121875,1.193325659414048
Z:\raw_data\C000000012\VIS-014_SW_data_07-July-2026_11-41-37,421.62000011187035,,,-1,0.5111587141477083,6.3799283154121875,0.8432172377617071
Z:\raw_data\C000000012\VIS-014_SW_data_07-July-2026_11-41-37,431.6200001118703,,,1,0.47311094973356715,5.973154362416108,0.6667551158484053
Z:\raw_data\C000000012\VIS-014_SW_data_07-July-2026_11-41-37,441.6200001118703,,,1,0.46153304064852907,5.973154362416108,0.7061247087342398
Z:\raw_data\C000000012\VIS-014_SW_data_07-July-2026_11-41-37,451.6200001118703,,,1,0.2759408202628559,16.48148148148148,0.8843946827011827
Z:\raw_data\C000000012\VIS-014_SW_data_07-July-2026_11-41-37,461.62000011187024,,,1,0.29976636479159374,-2.625368731563422,1.1179977930738985
Z:\raw_data\C000000012\VIS-014_SW_data_07-July-2026_11-41-37,471.6200001118703,,,1,0.30124202752526724,-2.625368731563422,1.21478820899652
Z:\raw_data\C000000012\VIS-014_SW_data_07-July-2026_11-41-37,481.6200001118703,,,1,0.304442148991487,-2.625368731563422,0.9396521545868071
Z:\raw_data\C000000012\VIS-014_SW_data_07-July-2026_11-41-37,491.6200001118703,,,1,0.25934827539616173,-2.7812500000000004,0.9474116298461072
Z:\raw_data\C000000012\VIS-014_SW_data_07-July-2026_11-41-37,501.62000011187024,,,1,0.21728714168872057,-2.7010622154779975,1.1133658591759155
Z:\raw_data\C000000012\VIS-014_SW_data_07-July-2026_11-41-37,511.62000011187024,,,1,0.20748733964866392,-2.7010622154779975,1.0952429734688114
Z:\raw_data\C000000012\VIS-014_SW_data_07-July-2026_11-41-37,521.6200001118702,,,1,0.2082847059561969,-1.8855932203389834,1.09376411971826
Z:\raw_data\C000000012\VIS-014_SW_data_07-July-2026_11-41-37,531.6200001118702,,,-1,0.22595061705241437,-2.7010622154779975,0.996548251463845
Z:\raw_data\C000000012\VIS-014_SW_data_07-July-2026_11-41-37,541.6200001118701,,,-1,0.21643809973508255,-1.8855932203389834,0.9061694039701026
Z:\raw_data\C000000012\VIS-014_SW_data_07-July-2026_11-41-37,551.6200001118701,,,-1,0.24364689948837126,-3.384030418250951,0.9658198746974114
Z:\raw_data\C000000012\VIS-014_SW_data_07-July-2026_11-41-37,561.6200001118702,,,-1,0.2784725817973526,-1.9243243243243244,1.026046085717483
Z:\raw_data\C000000012\VIS-014_SW_data_07-July-2026_11-41-37,571.6200001118702,,,-1,0.3206060482306876,-1.6527390900649952,0.9646030600969471
Z:\raw_data\C000000012\VIS-014_SW_data_07-July-2026_11-41-37,581.6200001118702,,,-1,0.3224349401327899,-2.7010622154779975,0.9754681751753475
Z:\raw_data\C000000012\VIS-014_SW_data_07-July-2026_11-41-37,591.6200001118702,,,-1,0.31032333101717274,-1.6527390900649952,1.086103130298961
Z:\raw_data\C000000012\VIS-014_SW_data_07-July-2026_11-41-37,601.6200001118702,,,-1,0.3305719042128717,-1.0,0.9346678919716128
Z:\raw_data\C000000012\VIS-014_SW_data_07-July-2026_11-41-37,611.6200001118701,,,-1,0.359865333350295,-1.4483319772172498,0.9092265378414229
Z:\raw_data\C000000012\VIS-014_SW_data_07-July-2026_11-41-37,621.6200001118701,,,-1,0.40623754818907476,-1.6527390900649952,0.9553646931170743
Z:\raw_data\C000000012\VIS-014_SW_data_07-July-2026_11-41-37,631.6200001118701,,,-1,0.4570647718033297,-1.6527390900649952,0.8659197818505702
Z:\raw_data\C000000012\VIS-014_SW_data_07-July-2026_11-41-37,641.6200001118701,,,-1,0.5079902951358073,-1.6527390900649952,0.8557976171276487
Z:\raw_data\C000000012\VIS-014_SW_data_07-July-2026_11-41-37,651.6200001118701,,,-1,0.5478069191208579,-2.625368731563422,0.649589786067128
Z:\raw_data\C000000012\VIS-014_SW_data_07-July-2026_11-41-37,661.6200001118701,,,-1,0.5382610056534151,-4.320388349514563,0.5692418494864867
Z:\raw_data\C000000012\VIS-014_SW_data_07-July-2026_11-41-37,671.6200001118701,,,-1,0.5496147975237435,2.1948212083847105,0.5380877286524484
Z:\raw_data\C000000012\VIS-014_SW_data_07-July-2026_11-41-37,681.6200001118701,,,-1,0.5142816556503249,1.6527390900649952,0.4094867571237962
Z:\raw_data\C000000012\VIS-014_SW_data_07-July-2026_11-41-37,691.6200001118701,,,-1,0.6818222438119939,3.384030418250951,0.3033373017838227
Z:\raw_data\C000000012\VIS-014_SW_data_07-July-2026_11-41-37,701.6200001118701,,,-1,0.82438617671593,1.325390915860015,0.37733800432889136
Z:\raw_data\C000000012\VIS-014_SW_data_07-July-2026_11-41-37,711.6200001118701,,,-1,0.8395342608695571,1.0107893242475867,0.49472327488779905
Z:\raw_data\C000000012\VIS-014_SW_data_07-July-2026_11-41-37,721.6200001118701,,,2,0.8850157263586795,1.6824196597353498,0.45522359023347303
Z:\raw_data\C000000012\VIS-014_SW_data_07-July-2026_11-41-37,731.6200001118701,,,2,0.9168542598452076,1.3841368584758942,0.6175101053482458
Z:\raw_data\C000000012\VIS-014_SW_data_07-July-2026_11-41-37,741.6200001118701,,,2,0.9076510834150164,1.4048934490923441,1.0750671706946895
Z:\raw_data\C000000012\VIS-014_SW_data_07-July-2026_11-41-37,751.6200001118701,,,2,0.8708588949917245,1.3069016152716595,1.1024654340444457
Z:\raw_data\C000000012\VIS-014_SW_data_07-July-2026_11-41-37,761.6200001118701,,,2,0.842881994870918,1.1906354515050168,1.2429980226532193
Z:\raw_data\C000000012\VIS-014_SW_data_07-July-2026_11-41-37,771.62000011187,,,2,0.8065353282671291,1.1906354515050168,1.4704128505420655
Z:\raw_data\C000000012\VIS-014_SW_data_07-July-2026_11-41-37,781.62000011187,,,2,0.7306359900011835,1.1906354515050168,1.43479696271426
Z:\raw_data\C000000012\VIS-014_SW_data_07-July-2026_11-41-37,791.62000011187,,,2,0.6865853093420731,1.1906354515050168,1.6548471002265392
Z:\raw_data\C000000012\VIS-014_SW_data_07-July-2026_11-41-37,801.62000011187,,,2,0.6678060876016085,1.2378303198887344,2.0893746288324793
Z:\raw_data\C000000012\VIS-014_SW_data_07-July-2026_11-41-37,811.6200001118701,,,2,0.6612092006558539,1.2378303198887344,1.7450649224875383
Z:\raw_data\C000000012\VIS-014_SW_data_07-July-2026_11-41-37,821.6200001118701,,,-1,0.642185296090795,1.325390915860015,1.1990765518664737
Z:\raw_data\C000000012\VIS-014_SW_data_07-July-2026_11-41-37,831.6200001118701,,,-1,0.6613305604507841,1.325390915860015,0.8833125467243863
Z:\raw_data\C000000012\VIS-014_SW_data_07-July-2026_11-41-37,841.62000011187,,,-1,0.6763749351437969,1.4710743801652892,0.6495389401348988
Z:\raw_data\C000000012\VIS-014_SW_data_07-July-2026_11-41-37,851.62000011187,,,-1,0.7131213195459704,4.529262086513995,0.4971834373840069
Z:\raw_data\C000000012\VIS-014_SW_data_07-July-2026_11-41-37,861.62000011187,,,-1,0.7697989538062551,3.1560283687943267,0.5488805942211504
Z:\raw_data\C000000012\VIS-014_SW_data_07-July-2026_11-41-37,871.62000011187,,,-1,0.8060293964713526,3.26605504587156,0.9468343507798622
Z:\raw_data\C000000012\VIS-014_SW_data_07-July-2026_11-41-37,881.62000011187,,,-1,0.8507103173317964,3.26605504587156,1.2446046116961196
Z:\raw_data\C000000012\VIS-014_SW_data_07-July-2026_11-41-37,891.62000011187,,,-1,0.867404302978007,3.5108481262327422,1.7695388963784937
Z:\raw_data\C000000012\VIS-014_SW_data_07-July-2026_11-41-37,901.62000011187,,,-1,0.8975469092360558,3.26605504587156,1.7025033310136544
Z:\raw_data\C000000012\VIS-014_SW_data_07-July-2026_11-41-37,911.62000011187,,,-1,0.9292950686775309,3.26605504587156,1.996302984920166
Z:\raw_data\C000000012\VIS-014_SW_data_07-July-2026_11-41-37,921.62000011187,,,-1,0.9404893423610692,3.26605504587156,3.1935907105782504
Z:\raw_data\C000000012\VIS-014_SW_data_07-July-2026_11-41-37,931.62000011187,,,-1,0.9519815156881682,3.26605504587156,3.9146231874719803
Z:\raw_data\C000000012\VIS-014_SW_data_07-July-2026_11-41-37,941.62000011187,,,-1,0.9534519589941616,3.26605504587156,2.1415720753937664
Z:\raw_data\C000000012\VIS-014_SW_data_07-July-2026_11-41-37,951.62000011187,,,-1,0.9577564896142351,3.26605504587156,1.5391958679581463
Z:\raw_data\C000000012\VIS-014_SW_data_07-July-2026_11-41-37,961.62000011187,,,-1,0.9544958360490957,3.384030418250951,1.2389461185730366
Z:\raw_data\C000000012\VIS-014_SW_data_07-July-2026_11-41-37,971.62000011187,,,-1,0.9594277647656964,3.26605504587156,0.5040967516399844
Z:\raw_data\C000000012\VIS-014_SW_data_07-July-2026_11-41-37,981.62000011187,,,3,0.9509533960996267,3.5108481262327422,0.3770523140304353
Z:\raw_data\C000000012\VIS-014_SW_data_07-July-2026_11-41-37,991.62000011187,,,3,0.9114649849866657,3.6475409836065578,0.351309078837892
Z:\raw_data\C000000012\VIS-014_SW_data_07-July-2026_11-41-37,1001.62000011187,,,3,0.8702468573664792,14.015748031496063,0.42052770754418645
Z:\raw_data\C000000012\VIS-014_SW_data_07-July-2026_11-41-37,1011.62000011187,,,3,0.7464330256360283,5.297619047619048,0.6054677247598123
Z:\raw_data\C000000012\VIS-014_SW_data_07-July-2026_11-41-37,1021.62000011187,,,3,0.7722283745805255,20.0,0.42731255838701365
Z:\raw_data\C000000012\VIS-014_SW_data_07-July-2026_11-41-37,1031.62000011187,,,3,0.6731823444870653,20.0,0.5578027284638761
Z:\raw_data\C000000012\VIS-014_SW_data_07-July-2026_11-41-37,1041.62000011187,,,3,0.46997502550561865,20.0,0.9689306419692036
Z:\raw_data\C000000012\VIS-014_SW_data_07-July-2026_11-41-37,1051.62000011187,,,3,0.4872189097097985,20.0,0.846141834353174
Z:\raw_data\C000000012\VIS-014_SW_data_07-July-2026_11-41-37,1061.62000011187,,,3,0.42480345276929865,20.0,0.7666925274944554
Z:\raw_data\C000000012\VIS-014_SW_data_07-July-2026_11-41-37,1071.62000011187,,,3,0.33837202249723525,-20.0,0.8070765508666299
Z:\raw_data\C000000012\VIS-014_SW_data_07-July-2026_11-41-37,1081.62000011187,,,-1,0.2856085426461154,-12.191780821917808,0.9228840307848284
Z:\raw_data\C000000012\VIS-014_SW_data_07-July-2026_11-41-37,1091.62000011187,,,-1,0.2913404100737824,-20.0,1.15162788817361
Z:\raw_data\C000000012\VIS-014_SW_data_07-July-2026_11-41-37,1101.62000011187,,,-1,0.28948038680068694,-12.191780821917808,1.1204047111042814
Z:\raw_data\C000000012\VIS-014_SW_data_07-July-2026_11-41-37,1111.62000011187,,,-1,0.28066031564131805,-20.0,0.9704671455308067
Z:\raw_data\C000000013\VIS-016_SW_data_10-July-2026_10-11-11,81.62000011187047,81.62500011199154,697.058999999892,0,0.8323944507427331,4.529262086513995,0.40430995832557043
Z:\raw_data\C000000013\VIS-016_SW_data_10-July-2026_10-11-11,91.62000011187047,91.62500011199154,697.058999999892,-1,0.8518580419609759,6.3799283154121875,0.30227197535022027
Z:\raw_data\C000000013\VIS-016_SW_data_10-July-2026_10-11-11,101.62000011187045,101.62500011199154,697.058999999892,-1,0.8227692131092248,20.0,0.4633274029428542
Z:\raw_data\C000000013\VIS-016_SW_data_10-July-2026_10-11-11,111.62000011187045,111.62500011199153,697.058999999892,-1,0.705917172412167,-20.0,0.6987887823019017
Z:\raw_data\C000000013\VIS-016_SW_data_10-July-2026_10-11-11,121.62000011187045,121.62500011199153,697.058999999892,-1,0.648873132374437,5.297619047619048,0.6185021787486923
Z:\raw_data\C000000013\VIS-016_SW_data_10-July-2026_10-11-11,131.62000011187044,131.6250001119915,697.058999999892,-1,0.6911775277350234,-20.0,0.6611071363523803
Z:\raw_data\C000000013\VIS-016_SW_data_10-July-2026_10-11-11,141.62000011187044,141.6250001119915,697.058999999892,-1,0.5550310024555468,-12.191780821917808,0.5503862469212958
Z:\raw_data\C000000013\VIS-016_SW_data_10-July-2026_10-11-11,151.62000011187044,151.6250001119915,697.058999999892,-1,0.5316957725496751,-12.191780821917808,0.49655758842730424
Z:\raw_data\C000000013\VIS-016_SW_data_10-July-2026_10-11-11,161.62000011187044,161.6250001119915,697.058999999892,-1,0.28025060982684186,14.015748031496063,0.8385158929610909
Z:\raw_data\C000000013\VIS-016_SW_data_10-July-2026_10-11-11,171.6200001118704,171.6250001119915,697.058999999892,-1,0.21896090111625183,1.543798785776236,1.1040451970097391
Z:\raw_data\C000000013\VIS-016_SW_data_10-July-2026_10-11-11,181.6200001118704,181.62500011199148,697.058999999892,-1,0.2259028322528936,1.624087591240876,1.0585049034413976
Z:\raw_data\C000000013\VIS-016_SW_data_10-July-2026_10-11-11,191.6200001118704,191.62500011199148,697.058999999892,-1,0.23868636374831984,1.543798785776236,1.0636179169528668
Z:\raw_data\C000000013\VIS-016_SW_data_10-July-2026_10-11-11,201.6200001118704,201.6250001119915,697.058999999892,-1,0.2420537057879971,1.543798785776236,1.1648460399705634
Z:\raw_data\C000000013\VIS-016_SW_data_10-July-2026_10-11-11,211.62000011187044,211.6250001119915,697.058999999892,-1,0.2518765853173605,1.624087591240876,1.1258466224063453
Z:\raw_data\C000000013\VIS-016_SW_data_10-July-2026_10-11-11,221.62000011187038,221.62500011199145,697.058999999892,-1,0.24659565252291293,1.543798785776236,1.014823041091755
Z:\raw_data\C000000013\VIS-016_SW_data_10-July-2026_10-11-11,231.62000011187038,231.62500011199148,697.058999999892,-1,0.25508911350412483,2.1948212083847105,0.9062872544684046
Z:\raw_data\C000000013\VIS-016_SW_data_10-July-2026_10-11-11,241.6200001118704,241.62500011199148,697.058999999892,-1,0.2816572416883084,1.8126272912423627,0.860809406335668
Z:\raw_data\C000000013\VIS-016_SW_data_10-July-2026_10-11-11,251.6200001118704,251.62500011199145,697.058999999892,-1,0.43974238896371876,-16.48148148148148,0.4480099172753343
Z:\raw_data\C000000013\VIS-016_SW_data_10-July-2026_10-11-11,261.62000011187035,261.6250001119914,697.058999999892,-1,0.4943475977274645,8.768472906403941,0.26884053470290553
Z:\raw_data\C000000013\VIS-016_SW_data_10-July-2026_10-11-11,271.62000011187035,271.6250001119914,697.058999999892,-1,0.525929040663531,3.7953091684434974,0.36552127204415324
Z:\raw_data\C000000013\VIS-016_SW_data_10-July-2026_10-11-11,281.6200001118704,281.6250001119914,697.058999999892,-1,0.5292400039200706,3.5108481262327422,0.806294885869902
Z:\raw_data\C000000013\VIS-016_SW_data_10-July-2026_10-11-11,291.6200001118704,291.6250001119914,697.058999999892,-1,0.539393318852297,3.5108481262327422,1.6745978750774821
Z:\raw_data\C000000013\VIS-016_SW_data_10-July-2026_10-11-11,301.62000011187035,301.62500011199137,697.058999999892,-1,0.5684019924399496,5.615141955835963,1.119529614039114
Z:\raw_data\C000000013\VIS-016_SW_data_10-July-2026_10-11-11,311.62000011187035,311.6250001119914,697.058999999892,-1,0.5680130100012535,5.014084507042254,1.280864335585693
Z:\raw_data\C000000013\VIS-016_SW_data_10-July-2026_10-11-11,321.62000011187035,321.6250001119914,697.058999999892,-1,0.5690889751531714,5.297619047619048,2.292666499053543
Z:\raw_data\C000000013\VIS-016_SW_data_10-July-2026_10-11-11,331.62000011187035,331.6250001119914,697.058999999892,-1,0.5678114924570995,5.014084507042254,2.253750520533483
Z:\raw_data\C000000013\VIS-016_SW_data_10-July-2026_10-11-11,341.62000011187035,341.6250001119914,697.058999999892,-1,0.5594622883456283,5.014084507042254,2.300138006860641
Z:\raw_data\C000000013\VIS-016_SW_data_10-July-2026_10-11-11,351.62000011187035,351.62500011199137,697.058999999892,-1,0.5549863920211632,5.014084507042254,2.17027829911761
Z:\raw_data\C000000013\VIS-016_SW_data_10-July-2026_10-11-11,361.62000011187035,361.62500011199137,697.058999999892,-1,0.5346179406286268,4.759358288770054,1.754351871808888
Z:\raw_data\C000000013\VIS-016_SW_data_10-July-2026_10-11-11,371.62000011187035,371.6250001119914,697.058999999892,-1,0.5196574538361944,5.014084507042254,1.1198680554290708
Z:\raw_data\C000000013\VIS-016_SW_data_10-July-2026_10-11-11,381.6200001118703,381.62500011199137,697.058999999892,-1,0.5102691752607738,4.529262086513995,0.6637265263138806
Z:\raw_data\C000000013\VIS-016_SW_data_10-July-2026_10-11-11,391.6200001118703,391.62500011199137,697.058999999892,-1,0.4964498298211993,5.615141955835963,0.5068608534242434
Z:\raw_data\C000000013\VIS-016_SW_data_10-July-2026_10-11-11,401.6200001118703,401.62500011199137,697.058999999892,-1,0.5019539539149379,3.7953091684434974,0.6952126463254618
Z:\raw_data\C000000013\VIS-016_SW_data_10-July-2026_10-11-11,411.62000011187035,411.62500011199137,697.058999999892,-1,0.48705816044780714,3.5108481262327422,1.0750678791002584
Z:\raw_data\C000000013\VIS-016_SW_data_10-July-2026_10-11-11,421.62000011187035,421.62500011199137,697.058999999892,-1,0.46588336087067245,3.955555555555556,0.9540089887426617
Z:\raw_data\C000000013\VIS-016_SW_data_10-July-2026_10-11-11,431.6200001118703,431.62500011199137,697.058999999892,-1,0.42948026234621933,12.191780821917808,0.9836281777186566
Z:\raw_data\C000000013\VIS-016_SW_data_10-July-2026_10-11-11,441.6200001118703,441.62500011199137,697.058999999892,1,0.5500163589848311,-12.191780821917808,0.7069886692073505
Z:\raw_data\C000000013\VIS-016_SW_data_10-July-2026_10-11-11,451.6200001118703,451.62500011199137,697.058999999892,1,0.5755492701575294,-2.7010622154779975,0.6193563715358954
Z:\raw_data\C000000013\VIS-016_SW_data_10-July-2026_10-11-11,461.62000011187024,461.6250001119913,697.058999999892,1,0.5623118416187567,-2.1948212083847105,0.9595926071504803
Z:\raw_data\C000000013\VIS-016_SW_data_10-July-2026_10-11-11,471.6200001118703,471.6250001119913,697.058999999892,1,0.5990449250066053,-1.8483904465212877,1.349307124256133
Z:\raw_data\C000000013\VIS-016_SW_data_10-July-2026_10-11-11,481.6200001118703,481.6250001119913,697.058999999892,1,0.6190059147395622,-1.3444108761329308,1.4131099696975444
Z:\raw_data\C000000013\VIS-016_SW_data_10-July-2026_10-11-11,491.6200001118703,491.6250001119913,697.058999999892,1,0.624540165551076,-1.2059620596205962,1.7042914099111444
Z:\raw_data\C000000013\VIS-016_SW_data_10-July-2026_10-11-11,501.62000011187024,501.6250001119913,697.058999999892,1,0.651558457445084,-1.2059620596205962,1.6677077541358636
Z:\raw_data\C000000013\VIS-016_SW_data_10-July-2026_10-11-11,511.62000011187024,511.6250001119913,697.058999999892,1,0.67485884973326,-1.2059620596205962,1.3478911390138937
Z:\raw_data\C000000013\VIS-016_SW_data_10-July-2026_10-11-11,521.6200001118702,521.6250001119913,697.058999999892,1,0.6998502686917122,-1.3444108761329308,1.317842031042398
Z:\raw_data\C000000013\VIS-016_SW_data_10-July-2026_10-11-11,531.6200001118702,531.6250001119913,697.058999999892,1,0.7167454424329524,-1.3069016152716595,1.5800351830159882
Z:\raw_data\C000000013\VIS-016_SW_data_10-July-2026_10-11-11,541.6200001118701,541.6250001119912,697.058999999892,-1,0.7207506481692926,-1.4262820512820513,1.800992239616457
Z:\raw_data\C000000013\VIS-016_SW_data_10-July-2026_10-11-11,551.6200001118701,551.6250001119912,697.058999999892,-1,0.7306551778664876,-1.543798785776236,1.4016745266984678
Z:\raw_data\C000000013\VIS-016_SW_data_10-July-2026_10-11-11,561.6200001118702,561.6250001119912,697.058999999892,-1,0.7447108636818978,-1.543798785776236,0.716520867861189
Z:\raw_data\C000000013\VIS-016_SW_data_10-July-2026_10-11-11,571.6200001118702,571.6250001119912,697.058999999892,-1,0.7179048351982015,-1.0446009389671362,0.488786808351949
Z:\raw_data\C000000013\VIS-016_SW_data_10-July-2026_10-11-11,581.6200001118702,581.6250001119912,697.058999999892,-1,0.7078795516334266,-1.2059620596205962,0.5503715231338918
Z:\raw_data\C000000013\VIS-016_SW_data_10-July-2026_10-11-11,591.6200001118702,591.6250001119913,697.058999999892,-1,0.7091675468602103,-1.2216884008236102,0.6374664847700713
Z:\raw_data\C000000013\VIS-016_SW_data_10-July-2026_10-11-11,601.6200001118702,601.6250001119913,697.058999999892,-1,0.6301161869774637,-1.5696649029982364,0.7007965039065143
Z:\raw_data\C000000013\VIS-016_SW_data_10-July-2026_10-11-11,611.6200001118701,611.6250001119912,697.058999999892,-1,0.6036722971366948,-1.8126272912423627,0.6308060877781758
Z:\raw_data\C000000013\VIS-016_SW_data_10-July-2026_10-11-11,621.6200001118701,621.6250001119912,697.058999999892,-1,0.6228196531258469,-5.615141955835963,0.48817284068926065
Z:\raw_data\C000000013\VIS-016_SW_data_10-July-2026_10-11-11,631.6200001118701,631.6250001119912,697.058999999892,-1,0.5845532024319877,10.787878787878787,0.6632075633668497
Z:\raw_data\C000000013\VIS-016_SW_data_10-July-2026_10-11-11,641.6200001118701,641.6250001119912,697.058999999892,-1,0.6161973014217291,5.615141955835963,0.5496649183581994
Z:\raw_data\C000000013\VIS-016_SW_data_10-July-2026_10-11-11,651.6200001118701,651.6250001119912,697.058999999892,-1,0.6282725062257509,3.5108481262327422,0.6213429810136983
Z:\raw_data\C000000013\VIS-016_SW_data_10-July-2026_10-11-11,661.6200001118701,661.6250001119912,697.058999999892,-1,0.6188028580563257,3.5108481262327422,1.8621845775549153
Z:\raw_data\C000000013\VIS-016_SW_data_10-July-2026_10-11-11,671.6200001118701,671.6250001119912,697.058999999892,2,0.6256201677451656,4.129930394431555,1.7673080536894623
Z:\raw_data\C000000013\VIS-016_SW_data_10-July-2026_10-11-11,681.6200001118701,681.6250001119911,697.058999999892,2,0.6165159717180037,3.5108481262327422,1.8231194499470003
Z:\raw_data\C000000013\VIS-016_SW_data_10-July-2026_10-11-11,691.6200001118701,8.063000111840246,697.058999999892,2,0.6160655484759123,3.5108481262327422,2.254819436752383
Z:\raw_data\C000000013\VIS-016_SW_data_10-July-2026_10-11-11,701.6200001118701,18.063000111840253,697.058999999892,2,0.6218811544591486,3.6475409836065578,2.4190447530810917
Z:\raw_data\C000000013\VIS-016_SW_data_10-July-2026_10-11-11,711.6200001118701,28.063000111840264,697.058999999892,2,0.6203030913199072,3.1560283687943267,2.6734313343756826
Z:\raw_data\C000000013\VIS-016_SW_data_10-July-2026_10-11-11,721.6200001118701,38.063000111840275,697.058999999892,2,0.6247258563233342,3.26605504587156,3.086396102566449
Z:\raw_data\C000000013\VIS-016_SW_data_10-July-2026_10-11-11,731.6200001118701,48.06300011184028,697.058999999892,2,0.6275798363009959,3.26605504587156,1.5693304212762478
Z:\raw_data\C000000013\VIS-016_SW_data_10-July-2026_10-11-11,741.6200001118701,58.06300011184029,697.058999999892,2,0.6287121794896794,3.1560283687943267,1.0190457596066833
Z:\raw_data\C000000013\VIS-016_SW_data_10-July-2026_10-11-11,751.6200001118701,68.0630001118403,697.058999999892,2,0.6164496827345174,3.6475409836065578,1.003477863026471
Z:\raw_data\C000000013\VIS-016_SW_data_10-July-2026_10-11-11,761.6200001118701,78.06300011184031,697.058999999892,2,0.6147351256089801,2.9568106312292364,0.3800478090005136
Z:\raw_data\C000000013\VIS-016_SW_data_10-July-2026_10-11-11,771.62000011187,88.06300011184021,697.058999999892,-1,0.6174792600156331,5.973154362416108,0.33309772608972554
Z:\raw_data\C000000013\VIS-016_SW_data_10-July-2026_10-11-11,781.62000011187,98.06300011184021,697.058999999892,-1,0.49327888413977256,-16.48148148148148,0.7414558731925804
Z:\raw_data\C000000013\VIS-016_SW_data_10-July-2026_10-11-11,791.62000011187,108.06300011184022,697.058999999892,-1,0.4560335317851246,-7.385892116182573,0.5861304268785672
Z:\raw_data\C000000013\VIS-016_SW_data_10-July-2026_10-11-11,801.62000011187,118.06300011184024,697.058999999892,-1,0.47575276971310554,-7.385892116182573,0.4823202053366147
Z:\raw_data\C000000013\VIS-016_SW_data_10-July-2026_10-11-11,811.6200001118701,128.06300011184024,697.058999999892,-1,0.26045730387337174,3.6475409836065578,0.6752442107797572
Z:\raw_data\C000000013\VIS-016_SW_data_10-July-2026_10-11-11,821.6200001118701,138.06300011184024,697.058999999892,-1,0.24011534882599417,6.3799283154121875,0.7807654166997319
Z:\raw_data\C000000013\VIS-016_SW_data_10-July-2026_10-11-11,831.6200001118701,148.06300011184027,697.058999999892,-1,0.21915414256896187,12.191780821917808,0.7643204706447084
Z:\raw_data\C000000013\VIS-016_SW_data_10-July-2026_10-11-11,841.62000011187,158.06300011184015,697.058999999892,-1,0.17058891585445649,12.191780821917808,0.9628285429471904
Z:\raw_data\C000000013\VIS-016_SW_data_10-July-2026_10-11-11,851.62000011187,168.06300011184015,697.058999999892,-1,0.1620618051369988,1.363984674329502,1.112122581037267
Z:\raw_data\C000000013\VIS-016_SW_data_10-July-2026_10-11-11,861.62000011187,178.06300011184018,697.058999999892,-1,0.1790248811054275,1.2544045102184638,0.9812678252891489
Z:\raw_data\C000000013\VIS-016_SW_data_10-July-2026_10-11-11,871.62000011187,188.06300011184018,697.058999999892,-1,0.18198987337627967,1.2059620596205962,0.9301212823828187
Z:\raw_data\C000000013\VIS-016_SW_data_10-July-2026_10-11-11,881.62000011187,198.06300011184018,697.058999999892,-1,0.18147406950180045,1.363984674329502,1.0756880189000706
Z:\raw_data\C000000013\VIS-016_SW_data_10-July-2026_10-11-11,891.62000011187,208.0630001118402,697.058999999892,-1,0.1797219198361963,1.4048934490923441,0.9971363602489727
Z:\raw_data\C000000013\VIS-016_SW_data_10-July-2026_10-11-11,901.62000011187,218.0630001118402,697.058999999892,-1,0.18935059628221293,1.543798785776236,0.9872923695412592
Z:\raw_data\C000000013\VIS-016_SW_data_10-July-2026_10-11-11,911.62000011187,228.0630001118402,697.058999999892,-1,0.21064861894272513,1.494542401343409,1.2561349274756097
Z:\raw_data\C000000013\VIS-016_SW_data_10-July-2026_10-11-11,921.62000011187,238.06300011184024,697.058999999892,-1,0.21851804007838765,1.5696649029982364,1.2904712926446333
Z:\raw_data\C000000013\VIS-016_SW_data_10-July-2026_10-11-11,931.62000011187,248.06300011184013,697.058999999892,-1,0.1966850470329636,1.543798785776236,1.0602050165427415
Z:\raw_data\C000000013\VIS-016_SW_data_10-July-2026_10-11-11,941.62000011187,258.06300011184015,697.058999999892,-1,0.206459028169859,1.624087591240876,0.744125845575346
Z:\raw_data\C000000013\VIS-016_SW_data_10-July-2026_10-11-11,951.62000011187,268.06300011184015,697.058999999892,-1,0.22501941163986947,1.543798785776236,0.6609324599001819
Z:\raw_data\C000000013\VIS-016_SW_data_10-July-2026_10-11-11,961.62000011187,278.06300011184015,697.058999999892,-1,0.21628524801415194,1.543798785776236,0.6452334140581313
Z:\raw_data\C000000013\VIS-016_SW_data_10-July-2026_10-11-11,971.62000011187,288.06300011184015,697.058999999892,-1,0.2075657543052884,1.8126272912423627,0.6462534039106324
Z:\raw_data\C000000013\VIS-016_SW_data_10-July-2026_10-11-11,981.62000011187,298.06300011184015,697.058999999892,-1,0.215880371624666,-2.866344605475041,0.9246485671018492
Z:\raw_data\C000000013\VIS-016_SW_data_10-July-2026_10-11-11,991.62000011187,308.06300011184015,697.058999999892,-1,0.21874310802980193,-5.615141955835963,1.1322868820915308
Z:\raw_data\C000000013\VIS-016_SW_data_10-July-2026_10-11-11,1001.62000011187,318.0630001118402,697.058999999892,-1,0.21667269247683257,-2.7010622154779975,1.0925542292843555
Z:\raw_data\C000000013\VIS-016_SW_data_10-July-2026_10-11-11,1011.62000011187,328.0630001118402,697.058999999892,-1,0.2071730664135982,-2.486033519553073,0.9534914201121863
Z:\raw_data\C000000013\VIS-016_SW_data_10-July-2026_10-11-11,1021.62000011187,338.0630001118402,697.058999999892,-1,0.2656624715273618,7.385892116182573,0.7091471975890498
Z:\raw_data\C000000013\VIS-016_SW_data_10-July-2026_10-11-11,1031.62000011187,348.0630001118402,697.058999999892,-1,0.24052728949742488,5.297619047619048,0.6779364083422504
Z:\raw_data\C000000013\VIS-016_SW_data_10-July-2026_10-11-11,1041.62000011187,358.0630001118402,697.058999999892,-1,0.23968294624147599,4.759358288770054,0.6655638466167216
Z:\raw_data\C000000013\VIS-016_SW_data_10-July-2026_10-11-11,1051.62000011187,368.0630001118402,697.058999999892,-1,0.31377605525313207,2.7812500000000004,0.49973633119134636
Z:\raw_data\C000000013\VIS-016_SW_data_10-July-2026_10-11-11,1061.62000011187,378.06300011184027,697.058999999892,-1,0.32596854081856286,1.3444108761329308,0.5358635716261531
Z:\raw_data\C000000013\VIS-016_SW_data_10-July-2026_10-11-11,1071.62000011187,388.06300011184027,697.058999999892,-1,0.24614508818275055,1.543798785776236,0.7980871428011057
Z:\raw_data\C000000013\VIS-016_SW_data_10-July-2026_10-11-11,1081.62000011187,398.06300011184027,697.058999999892,3,0.21683799730289138,1.8126272912423627,0.7589949439559025
Z:\raw_data\C000000013\VIS-016_SW_data_10-July-2026_10-11-11,1091.62000011187,408.06300011184027,697.058999999892,3,0.18750251633452106,-1.543798785776236,0.7461884786385808
Z:\raw_data\C000000013\VIS-016_SW_data_10-July-2026_10-11-11,1101.62000011187,418.06300011184027,697.058999999892,3,0.1724263266477903,-1.624087591240876,1.2071300001558531
Z:\raw_data\C000000013\VIS-016_SW_data_10-July-2026_10-11-11,1111.62000011187,428.06300011184027,697.058999999892,3,0.20997050313602988,6.3799283154121875,1.4364884379411187
Z:\raw_data\C000000014\VIS-008_SW_data_10-July-2026_08-36-06,81.62000011187047,,,0,0.8404819049733544,3.384030418250951,0.5562719259058171
Z:\raw_data\C000000014\VIS-008_SW_data_10-July-2026_08-36-06,91.62000011187047,,,0,0.8262201841510951,5.014084507042254,0.38635771476063663
Z:\raw_data\C000000014\VIS-008_SW_data_10-July-2026_08-36-06,101.62000011187045,,,0,0.6870076967892099,4.320388349514563,0.3502846332978251
Z:\raw_data\C000000014\VIS-008_SW_data_10-July-2026_08-36-06,111.62000011187045,,,-1,0.4578098517481589,16.48148148148148,0.4594167771872727
Z:\raw_data\C000000014\VIS-008_SW_data_10-July-2026_08-36-06,121.62000011187045,,,-1,0.38704296638130326,20.0,0.7528771449793246
Z:\raw_data\C000000014\VIS-008_SW_data_10-July-2026_08-36-06,131.62000011187044,,,-1,0.3699506909509439,9.673913043478262,0.9105257189187183
Z:\raw_data\C000000014\VIS-008_SW_data_10-July-2026_08-36-06,141.62000011187044,,,-1,0.33242145319858557,3.384030418250951,0.7941669694086206
Z:\raw_data\C000000014\VIS-008_SW_data_10-July-2026_08-36-06,151.62000011187044,,,-1,0.31614308122313783,9.673913043478262,0.7246538041381732
Z:\raw_data\C000000014\VIS-008_SW_data_10-July-2026_08-36-06,161.62000011187044,,,-1,0.22560198787252192,16.48148148148148,0.7584325936795938
Z:\raw_data\C000000014\VIS-008_SW_data_10-July-2026_08-36-06,171.6200001118704,,,-1,0.19317071595030594,16.48148148148148,0.8428959809820721
Z:\raw_data\C000000014\VIS-008_SW_data_10-July-2026_08-36-06,181.6200001118704,,,-1,0.1519593113522017,9.673913043478262,0.8366669275606646
Z:\raw_data\C000000014\VIS-008_SW_data_10-July-2026_08-36-06,191.6200001118704,,,-1,0.14425917764406743,6.846153846153847,0.8651679611142339
Z:\raw_data\C000000014\VIS-008_SW_data_10-July-2026_08-36-06,201.6200001118704,,,-1,0.15276896350511243,3.5108481262327422,0.9900258033960466
Z:\raw_data\C000000014\VIS-008_SW_data_10-July-2026_08-36-06,211.62000011187044,,,-1,0.14162446655038682,3.5108481262327422,1.2274284863263116
Z:\raw_data\C000000014\VIS-008_SW_data_10-July-2026_08-36-06,221.62000011187038,,,-1,0.14459179336513722,3.7953091684434974,1.2533589060201777
Z:\raw_data\C000000014\VIS-008_SW_data_10-July-2026_08-36-06,231.62000011187038,,,-1,0.14446411930325295,4.320388349514563,1.1361491182799548
Z:\raw_data\C000000014\VIS-008_SW_data_10-July-2026_08-36-06,241.6200001118704,,,-1,0.1438446157710883,3.955555555555556,1.1754339021891762
Z:\raw_data\C000000014\VIS-008_SW_data_10-July-2026_08-36-06,251.6200001118704,,,-1,0.14336029108241916,5.014084507042254,1.2577633934537027
Z:\raw_data\C000000014\VIS-008_SW_data_10-July-2026_08-36-06,261.62000011187035,,,-1,0.14102584996947592,-1.0107893242475867,1.2235431769571887
Z:\raw_data\C000000014\VIS-008_SW_data_10-July-2026_08-36-06,271.62000011187035,,,-1,0.14520600990303065,4.759358288770054,1.1331488463412671
Z:\raw_data\C000000014\VIS-008_SW_data_10-July-2026_08-36-06,281.6200001118704,,,-1,0.14339391735833298,5.014084507042254,1.1551748779176685
Z:\raw_data\C000000014\VIS-008_SW_data_10-July-2026_08-36-06,291.6200001118704,,,-1,0.13628402560650035,5.014084507042254,1.1481072287616252
Z:\raw_data\C000000014\VIS-008_SW_data_10-July-2026_08-36-06,301.62000011187035,,,-1,0.13821995524854708,3.5108481262327422,1.0071643605221143
Z:\raw_data\C000000014\VIS-008_SW_data_10-July-2026_08-36-06,311.62000011187035,,,-1,0.1448251245056581,3.5108481262327422,0.8518511788294719
Z:\raw_data\C000000014\VIS-008_SW_data_10-July-2026_08-36-06,321.62000011187035,,,-1,0.15804124884447432,3.5108481262327422,0.8715629584983057
Z:\raw_data\C000000014\VIS-008_SW_data_10-July-2026_08-36-06,331.62000011187035,,,-1,0.15971087850778534,-12.191780821917808,0.9958205241373508
Z:\raw_data\C000000014\VIS-008_SW_data_10-July-2026_08-36-06,341.62000011187035,,,-1,0.18003032357754256,-16.48148148148148,0.892695318035141
Z:\raw_data\C000000014\VIS-008_SW_data_10-July-2026_08-36-06,351.62000011187035,,,-1,0.30993811279434363,-20.0,0.48940438373346984
Z:\raw_data\C000000014\VIS-008_SW_data_10-July-2026_08-36-06,361.62000011187035,,,-1,0.37322563368137746,16.48148148148148,0.3931935545849996
Z:\raw_data\C000000014\VIS-008_SW_data_10-July-2026_08-36-06,371.62000011187035,,,-1,0.4238743399662913,4.759358288770054,0.6048158249817853
Z:\raw_data\C000000014\VIS-008_SW_data_10-July-2026_08-36-06,381.6200001118703,,,-1,0.4038300485401407,8.018018018018019,1.0085911274939539
Z:\raw_data\C000000014\VIS-008_SW_data_10-July-2026_08-36-06,391.6200001118703,,,-1,0.405579188053209,4.759358288770054,1.3440362309116627
Z:\raw_data\C000000014\VIS-008_SW_data_10-July-2026_08-36-06,401.6200001118703,,,-1,0.40782463980473377,8.018018018018019,1.3926648157990593
Z:\raw_data\C000000014\VIS-008_SW_data_10-July-2026_08-36-06,411.62000011187035,,,-1,0.3991890178607036,6.846153846153847,1.2925495543087433
Z:\raw_data\C000000014\VIS-008_SW_data_10-July-2026_08-36-06,421.62000011187035,,,-1,0.39419412185448915,6.846153846153847,1.3818418454038943
Z:\raw_data\C000000014\VIS-008_SW_data_10-July-2026_08-36-06,431.6200001118703,,,-1,0.3926865536999305,8.768472906403941,1.5080394690723544
Z:\raw_data\C000000014\VIS-008_SW_data_10-July-2026_08-36-06,441.6200001118703,,,-1,0.3811355974752363,6.846153846153847,1.3390640068859387
Z:\raw_data\C000000014\VIS-008_SW_data_10-July-2026_08-36-06,451.6200001118703,,,-1,0.34613125699360625,6.846153846153847,1.1082312727963617
Z:\raw_data\C000000014\VIS-008_SW_data_10-July-2026_08-36-06,461.62000011187024,,,-1,0.30074532864559256,6.846153846153847,0.961495254843221
Z:\raw_data\C000000014\VIS-008_SW_data_10-July-2026_08-36-06,471.6200001118703,,,-1,0.2796818435913439,8.768472906403941,0.7871748563937524
Z:\raw_data\C000000014\VIS-008_SW_data_10-July-2026_08-36-06,481.6200001118703,,,-1,0.2517863056498756,6.3799283154121875,0.69587011134096
Z:\raw_data\C000000014\VIS-008_SW_data_10-July-2026_08-36-06,491.6200001118703,,,-1,0.1899758473861858,4.759358288770054,0.746773581328745
Z:\raw_data\C000000014\VIS-008_SW_data_10-July-2026_08-36-06,501.62000011187024,,,-1,0.14529069055013563,16.48148148148148,0.8751775662994391
Z:\raw_data\C000000014\VIS-008_SW_data_10-July-2026_08-36-06,511.62000011187024,,,-1,0.1342299661860752,7.385892116182573,1.0628348977951763
Z:\raw_data\C000000014\VIS-008_SW_data_10-July-2026_08-36-06,521.6200001118702,,,-1,0.14991219526143704,1.0,1.1885432038059776
Z:\raw_data\C000000014\VIS-008_SW_data_10-July-2026_08-36-06,531.6200001118702,,,-1,0.150399543632307,1.033081834010447,1.25817435587165
Z:\raw_data\C000000014\VIS-008_SW_data_10-July-2026_08-36-06,541.6200001118701,,,-1,0.1637375084883759,1.0,1.3763686312936667
Z:\raw_data\C000000014\VIS-008_SW_data_10-July-2026_08-36-06,551.6200001118701,,,-1,0.18929655486826574,1.033081834010447,1.4972520754097374
Z:\raw_data\C000000014\VIS-008_SW_data_10-July-2026_08-36-06,561.6200001118702,,,-1,0.19453713227722497,1.0,1.5566585178401706
Z:\raw_data\C000000014\VIS-008_SW_data_10-July-2026_08-36-06,571.6200001118702,,,-1,0.19794023665958582,1.0218140068886339,1.2577062389682034
Z:\raw_data\C000000014\VIS-008_SW_data_10-July-2026_08-36-06,581.6200001118702,,,1,0.22360031893591342,1.033081834010447,1.00389305960211
Z:\raw_data\C000000014\VIS-008_SW_data_10-July-2026_08-36-06,591.6200001118702,,,1,0.2335781741169555,1.0218140068886339,0.9783908044625088
Z:\raw_data\C000000014\VIS-008_SW_data_10-July-2026_08-36-06,601.6200001118702,,,1,0.25268849548095307,1.0218140068886339,1.0303875139254624
Z:\raw_data\C000000014\VIS-008_SW_data_10-July-2026_08-36-06,611.6200001118701,,,1,0.2664870166675561,1.0218140068886339,0.9646551621824708
Z:\raw_data\C000000014\VIS-008_SW_data_10-July-2026_08-36-06,621.6200001118701,,,1,0.2982341386633848,1.0218140068886339,0.9023863407352121
Z:\raw_data\C000000014\VIS-008_SW_data_10-July-2026_08-36-06,631.6200001118701,,,1,0.33390568557624783,1.7782217782217782,0.9348240243102462
Z:\raw_data\C000000014\VIS-008_SW_data_10-July-2026_08-36-06,641.6200001118701,,,1,0.36835700739919147,2.0506912442396317,0.9132687972243868
Z:\raw_data\C000000014\VIS-008_SW_data_10-July-2026_08-36-06,651.6200001118701,,,1,0.4119188921036458,-3.5108481262327422,0.9260601045444018
Z:\raw_data\C000000014\VIS-008_SW_data_10-July-2026_08-36-06,661.6200001118701,,,1,0.4589222964743392,-6.846153846153847,0.9271863847852087
Z:\raw_data\C000000014\VIS-008_SW_data_10-July-2026_08-36-06,671.6200001118701,,,1,0.4725691825363922,-4.759358288770054,0.9031546911128282
Z:\raw_data\C000000014\VIS-008_SW_data_10-July-2026_08-36-06,681.6200001118701,,,-1,0.49161538408764194,-3.5108481262327422,1.0260464428941019
Z:\raw_data\C000000014\VIS-008_SW_data_10-July-2026_08-36-06,691.6200001118701,,,-1,0.5208311420563809,-3.5108481262327422,0.8595237887685061
Z:\raw_data\C000000014\VIS-008_SW_data_10-July-2026_08-36-06,701.6200001118701,,,-1,0.5741518278366399,-3.7953091684434974,0.5832614173306782
Z:\raw_data\C000000014\VIS-008_SW_data_10-July-2026_08-36-06,711.6200001118701,,,-1,0.5711854625391168,-3.6475409836065578,0.48882828790554367
Z:\raw_data\C000000014\VIS-008_SW_data_10-July-2026_08-36-06,721.6200001118701,,,-1,0.4505910844179766,-16.48148148148148,0.5121383957355746
Z:\raw_data\C000000014\VIS-008_SW_data_10-July-2026_08-36-06,731.6200001118701,,,-1,0.4224849013172242,-14.015748031496063,0.5663253935412325
Z:\raw_data\C000000014\VIS-008_SW_data_10-July-2026_08-36-06,741.6200001118701,,,-1,0.3404519155014524,16.48148148148148,0.7558720248075311
Z:\raw_data\C000000014\VIS-008_SW_data_10-July-2026_08-36-06,751.6200001118701,,,-1,0.3476106514281618,1.0,1.2002242932660494
Z:\raw_data\C000000014\VIS-008_SW_data_10-July-2026_08-36-06,761.6200001118701,,,-1,0.35421512355486745,1.0,1.031000700363856
Z:\raw_data\C000000014\VIS-008_SW_data_10-July-2026_08-36-06,771.62000011187,,,-1,0.3475008224753412,1.033081834010447,0.9204250233849857
Z:\raw_data\C000000014\VIS-008_SW_data_10-July-2026_08-36-06,781.62000011187,,,-1,0.33910346556508514,1.0,1.0312212036935302
Z:\raw_data\C000000014\VIS-008_SW_data_10-July-2026_08-36-06,791.62000011187,,,-1,0.2813079078632609,1.624087591240876,0.9975218132282074
Z:\raw_data\C000000014\VIS-008_SW_data_10-July-2026_08-36-06,801.62000011187,,,-1,0.26133143033402517,-20.0,0.7903697853696181
Z:\raw_data\C000000014\VIS-008_SW_data_10-July-2026_08-36-06,811.6200001118701,,,-1,0.3060425197845807,1.7782217782217782,0.7286348793598839
Z:\raw_data\C000000014\VIS-008_SW_data_10-July-2026_08-36-06,821.6200001118701,,,-1,0.3131749876713461,2.866344605475041,0.6864329482237717
Z:\raw_data\C000000014\VIS-008_SW_data_10-July-2026_08-36-06,831.6200001118701,,,-1,0.2911178052164347,1.033081834010447,0.5854332145123127
Z:\raw_data\C000000014\VIS-008_SW_data_10-July-2026_08-36-06,841.62000011187,,,-1,0.24738401820996295,1.0218140068886339,0.5171156744425872
Z:\raw_data\C000000014\VIS-008_SW_data_10-July-2026_08-36-06,851.62000011187,,,-1,0.29005971764902766,-1.325390915860015,0.3942483570931941
Z:\raw_data\C000000014\VIS-008_SW_data_10-July-2026_08-36-06,861.62000011187,,,-1,0.31129277859160975,1.0,0.3805226521385667
Z:\raw_data\C000000014\VIS-008_SW_data_10-July-2026_08-36-06,871.62000011187,,,-1,0.28762403662268515,-1.033081834010447,0.6006178443818141
Z:\raw_data\C000000014\VIS-008_SW_data_10-July-2026_08-36-06,881.62000011187,,,-1,0.3609019843508752,-1.325390915860015,0.6894853016505249
Z:\raw_data\C000000014\VIS-008_SW_data_10-July-2026_08-36-06,891.62000011187,,,2,0.4486488173800702,-1.0,0.6347452052749992
Z:\raw_data\C000000014\VIS-008_SW_data_10-July-2026_08-36-06,901.62000011187,,,2,0.4444476699715575,-1.0,0.859888597662722
Z:\raw_data\C000000014\VIS-008_SW_data_10-July-2026_08-36-06,911.62000011187,,,2,0.5125985006043887,-1.0,0.9218772478738436
Z:\raw_data\C000000014\VIS-008_SW_data_10-July-2026_08-36-06,921.62000011187,,,2,0.5834274667150696,-1.0,0.9497673945108206
Z:\raw_data\C000000014\VIS-008_SW_data_10-July-2026_08-36-06,931.62000011187,,,2,0.5929098004915228,-1.0,1.2840461353328882
Z:\raw_data\C000000014\VIS-008_SW_data_10-July-2026_08-36-06,941.62000011187,,,2,0.6125272708476375,-1.0,1.6783058793944083
Z:\raw_data\C000000014\VIS-008_SW_data_10-July-2026_08-36-06,951.62000011187,,,2,0.5977854186610337,-1.0218140068886339,1.8657055821216075
Z:\raw_data\C000000014\VIS-008_SW_data_10-July-2026_08-36-06,961.62000011187,,,2,0.5840571428845697,-1.0218140068886339,1.4865630370923757
Z:\raw_data\C000000014\VIS-008_SW_data_10-July-2026_08-36-06,971.62000011187,,,2,0.5385602759267842,-1.4710743801652892,0.9139280821391826
Z:\raw_data\C000000014\VIS-008_SW_data_10-July-2026_08-36-06,981.62000011187,,,2,0.5805580598281045,-1.5964125560538118,0.8474067573551959
Z:\raw_data\C000000014\VIS-008_SW_data_10-July-2026_08-36-06,991.62000011187,,,-1,0.5085845586621239,-1.4262820512820513,0.8332658536728809
Z:\raw_data\C000000014\VIS-008_SW_data_10-July-2026_08-36-06,1001.62000011187,,,-1,0.6342086041241337,5.014084507042254,0.49534435239961033
Z:\raw_data\C000000014\VIS-008_SW_data_10-July-2026_08-36-06,1011.62000011187,,,-1,0.6869086756327516,2.866344605475041,0.5317908977434421
Z:\raw_data\C000000014\VIS-008_SW_data_10-July-2026_08-36-06,1021.62000011187,,,-1,0.7396245893051359,3.384030418250951,1.0261998730364152
Z:\raw_data\C000000014\VIS-008_SW_data_10-July-2026_08-36-06,1031.62000011187,,,-1,0.7623162406209109,3.384030418250951,1.363310814327005
Z:\raw_data\C000000014\VIS-008_SW_data_10-July-2026_08-36-06,1041.62000011187,,,-1,0.7572456251061361,3.384030418250951,1.7999008468832
Z:\raw_data\C000000014\VIS-008_SW_data_10-July-2026_08-36-06,1051.62000011187,,,3,0.7906112713197933,3.384030418250951,2.152196802316816
Z:\raw_data\C000000014\VIS-008_SW_data_10-July-2026_08-36-06,1061.62000011187,,,3,0.8107775519836666,3.26605504587156,2.520433254737466
Z:\raw_data\C000000014\VIS-008_SW_data_10-July-2026_08-36-06,1071.62000011187,,,3,0.8178643129266421,3.26605504587156,2.834242702992533
Z:\raw_data\C000000014\VIS-008_SW_data_10-July-2026_08-36-06,1081.62000011187,,,3,0.8209301907796934,3.26605504587156,2.488281211004257
Z:\raw_data\C000000014\VIS-008_SW_data_10-July-2026_08-36-06,1091.62000011187,,,3,0.820724070184596,3.1560283687943267,1.648837390129056
Z:\raw_data\C000000014\VIS-008_SW_data_10-July-2026_08-36-06,1101.62000011187,,,3,0.8298766654204822,3.26605504587156,1.6018354094675367
Z:\raw_data\C000000014\VIS-008_SW_data_10-July-2026_08-36-06,1111.62000011187,,,3,0.8416398945831269,3.26605504587156,1.251589044181698
Z:\raw_data\C000000015\VIS-017_SW_data_10-July-2026_10-53-28,81.62000011187047,81.62500011175872,664.807999999728,0,0.7969091796402998,14.015748031496063,0.923962265583479
Z:\raw_data\C000000015\VIS-017_SW_data_10-July-2026_10-53-28,91.62000011187047,91.62500011175871,664.807999999728,0,0.7952407225302377,20.0,0.6739169092950172
Z:\raw_data\C000000015\VIS-017_SW_data_10-July-2026_10-53-28,101.62000011187045,101.62500011175871,664.807999999728,-1,0.7943686533558052,-20.0,0.7515492835910784
Z:\raw_data\C000000015\VIS-017_SW_data_10-July-2026_10-53-28,111.62000011187045,111.6250001117587,664.807999999728,-1,0.7365080899178748,-20.0,0.4086509852458509
Z:\raw_data\C000000015\VIS-017_SW_data_10-July-2026_10-53-28,121.62000011187045,121.6250001117587,664.807999999728,-1,0.7116051748714027,-20.0,0.3789443394914862
Z:\raw_data\C000000015\VIS-017_SW_data_10-July-2026_10-53-28,131.62000011187044,131.62500011175868,664.807999999728,-1,0.40552291022504516,20.0,0.6629515752015434
Z:\raw_data\C000000015\VIS-017_SW_data_10-July-2026_10-53-28,141.62000011187044,141.62500011175865,664.807999999728,-1,0.33923483056966436,-20.0,0.7393287979895017
Z:\raw_data\C000000015\VIS-017_SW_data_10-July-2026_10-53-28,151.62000011187044,151.62500011175868,664.807999999728,-1,0.2631860074305805,1.2889210716871833,0.9932492765055149
Z:\raw_data\C000000015\VIS-017_SW_data_10-July-2026_10-53-28,161.62000011187044,161.62500011175868,664.807999999728,-1,0.23703195042014272,1.2216884008236102,0.8060931628044532
Z:\raw_data\C000000015\VIS-017_SW_data_10-July-2026_10-53-28,171.6200001118704,171.62500011175865,664.807999999728,-1,0.2153379617271926,1.363984674329502,0.7846284171459229
Z:\raw_data\C000000015\VIS-017_SW_data_10-July-2026_10-53-28,181.6200001118704,181.62500011175865,664.807999999728,-1,0.21131457997371736,-8.018018018018019,0.8277352362946789
Z:\raw_data\C000000015\VIS-017_SW_data_10-July-2026_10-53-28,191.6200001118704,191.62500011175865,664.807999999728,-1,0.1926450126819907,-20.0,0.8446248035502472
Z:\raw_data\C000000015\VIS-017_SW_data_10-July-2026_10-53-28,201.6200001118704,201.62500011175865,664.807999999728,-1,0.1784395941368614,-9.673913043478262,0.9835067546192272
Z:\raw_data\C000000015\VIS-017_SW_data_10-July-2026_10-53-28,211.62000011187044,211.62500011175865,664.807999999728,-1,0.1698441831176829,-10.787878787878787,1.096980531149396
Z:\raw_data\C000000015\VIS-017_SW_data_10-July-2026_10-53-28,221.62000011187038,221.62500011175862,664.807999999728,-1,0.18043013658616128,-8.018018018018019,1.2626228583141346
Z:\raw_data\C000000015\VIS-017_SW_data_10-July-2026_10-53-28,231.62000011187038,231.62500011175862,664.807999999728,-1,0.16627562220906006,-9.673913043478262,1.514162537439593
Z:\raw_data\C000000015\VIS-017_SW_data_10-July-2026_10-53-28,241.6200001118704,241.62500011175862,664.807999999728,-1,0.16047274706946546,-8.018018018018019,1.4527943833052408
Z:\raw_data\C000000015\VIS-017_SW_data_10-July-2026_10-53-28,251.6200001118704,251.62500011175865,664.807999999728,-1,0.17594579343748032,-8.768472906403941,0.947564293157344
Z:\raw_data\C000000015\VIS-017_SW_data_10-July-2026_10-53-28,261.62000011187035,261.6250001117586,664.807999999728,-1,0.278190610529067,-1.624087591240876,0.5013837194531956
Z:\raw_data\C000000015\VIS-017_SW_data_10-July-2026_10-53-28,271.62000011187035,271.6250001117586,664.807999999728,-1,0.31280500187830984,-16.48148148148148,0.4152828889448896
Z:\raw_data\C000000015\VIS-017_SW_data_10-July-2026_10-53-28,281.6200001118704,281.6250001117586,664.807999999728,-1,0.3356767130988016,-20.0,0.6775950480328686
Z:\raw_data\C000000015\VIS-017_SW_data_10-July-2026_10-53-28,291.6200001118704,291.62500011175865,664.807999999728,-1,0.3760557037213211,20.0,0.9683475125721667
Z:\raw_data\C000000015\VIS-017_SW_data_10-July-2026_10-53-28,301.62000011187035,301.6250001117586,664.807999999728,-1,0.40203984466031123,20.0,1.065684549215189
Z:\raw_data\C000000015\VIS-017_SW_data_10-July-2026_10-53-28,311.62000011187035,311.6250001117586,664.807999999728,-1,0.42870065918537675,20.0,1.475511919656507
Z:\raw_data\C000000015\VIS-017_SW_data_10-July-2026_10-53-28,321.62000011187035,321.6250001117586,664.807999999728,-1,0.4703124168806187,20.0,1.3615195849597006
Z:\raw_data\C000000015\VIS-017_SW_data_10-July-2026_10-53-28,331.62000011187035,331.6250001117586,664.807999999728,-1,0.4979181283069764,20.0,1.4410925055029484
Z:\raw_data\C000000015\VIS-017_SW_data_10-July-2026_10-53-28,341.62000011187035,341.6250001117586,664.807999999728,-1,0.5099003544928894,20.0,1.8016993078254786
Z:\raw_data\C000000015\VIS-017_SW_data_10-July-2026_10-53-28,351.62000011187035,351.6250001117586,664.807999999728,-1,0.522773806017747,20.0,2.178364344813838
Z:\raw_data\C000000015\VIS-017_SW_data_10-July-2026_10-53-28,361.62000011187035,361.6250001117586,664.807999999728,-1,0.5220892932557737,20.0,2.5501566941846834
Z:\raw_data\C000000015\VIS-017_SW_data_10-July-2026_10-53-28,371.62000011187035,371.6250001117586,664.807999999728,-1,0.5161130978981018,20.0,2.0931861859109073
Z:\raw_data\C000000015\VIS-017_SW_data_10-July-2026_10-53-28,381.6200001118703,381.62500011175854,664.807999999728,-1,0.5179210893316432,20.0,0.9501518612253748
Z:\raw_data\C000000015\VIS-017_SW_data_10-July-2026_10-53-28,391.6200001118703,391.62500011175854,664.807999999728,-1,0.5341166753215455,-14.015748031496063,0.6219987277277789
Z:\raw_data\C000000015\VIS-017_SW_data_10-July-2026_10-53-28,401.6200001118703,401.62500011175854,664.807999999728,-1,0.5917327039950965,20.0,0.7605514947056438
Z:\raw_data\C000000015\VIS-017_SW_data_10-July-2026_10-53-28,411.62000011187035,411.62500011175854,664.807999999728,1,0.6214493113524268,20.0,0.8177554677013531
Z:\raw_data\C000000015\VIS-017_SW_data_10-July-2026_10-53-28,421.62000011187035,421.6250001117586,664.807999999728,1,0.6322848622151646,20.0,0.758397713876348
Z:\raw_data\C000000015\VIS-017_SW_data_10-July-2026_10-53-28,431.6200001118703,431.62500011175854,664.807999999728,1,0.6629043562488913,20.0,0.9141481485547107
Z:\raw_data\C000000015\VIS-017_SW_data_10-July-2026_10-53-28,441.6200001118703,441.62500011175854,664.807999999728,1,0.6414398905675155,-20.0,0.7140644379497165
Z:\raw_data\C000000015\VIS-017_SW_data_10-July-2026_10-53-28,451.6200001118703,451.62500011175854,664.807999999728,1,0.6285033939865909,-14.015748031496063,0.6898191380610957
Z:\raw_data\C000000015\VIS-017_SW_data_10-July-2026_10-53-28,461.62000011187024,461.6250001117585,664.807999999728,1,0.5794596079660035,-16.48148148148148,0.8618600486060388
Z:\raw_data\C000000015\VIS-017_SW_data_10-July-2026_10-53-28,471.6200001118703,471.6250001117585,664.807999999728,1,0.5964663050700743,-5.615141955835963,0.6236264106808491
Z:\raw_data\C000000015\VIS-017_SW_data_10-July-2026_10-53-28,481.6200001118703,481.62500011175854,664.807999999728,1,0.6172046348843916,-2.0506912442396317,0.6440277895289431
Z:\raw_data\C000000015\VIS-017_SW_data_10-July-2026_10-53-28,491.6200001118703,491.62500011175854,664.807999999728,1,0.6379177459044043,-1.3444108761329308,1.001061432188836
Z:\raw_data\C000000015\VIS-017_SW_data_10-July-2026_10-53-28,501.62000011187024,501.6250001117585,664.807999999728,1,0.6506025959114786,-1.4710743801652892,1.2523807080986173
Z:\raw_data\C000000015\VIS-017_SW_data_10-July-2026_10-53-28,511.62000011187024,511.6250001117585,664.807999999728,-1,0.6502189662570688,-1.4710743801652892,1.3122717596036122
Z:\raw_data\C000000015\VIS-017_SW_data_10-July-2026_10-53-28,521.6200001118702,521.6250001117585,664.807999999728,-1,0.6469639542819926,-1.3444108761329308,1.323314643280228
Z:\raw_data\C000000015\VIS-017_SW_data_10-July-2026_10-53-28,531.6200001118702,531.6250001117585,664.807999999728,-1,0.6346135285030032,-1.4710743801652892,1.4685752882805103
Z:\raw_data\C000000015\VIS-017_SW_data_10-July-2026_10-53-28,541.6200001118701,541.6250001117584,664.807999999728,-1,0.6161811224656469,-1.4710743801652892,1.468154896479627
Z:\raw_data\C000000015\VIS-017_SW_data_10-July-2026_10-53-28,551.6200001118701,551.6250001117584,664.807999999728,-1,0.5895993648149155,-1.5964125560538118,1.3343029840293201
Z:\raw_data\C000000015\VIS-017_SW_data_10-July-2026_10-53-28,561.6200001118702,561.6250001117584,664.807999999728,-1,0.5742384279155054,-2.3027166882276844,1.083329578194484
Z:\raw_data\C000000015\VIS-017_SW_data_10-July-2026_10-53-28,571.6200001118702,571.6250001117585,664.807999999728,-1,0.5498675052386794,-20.0,1.2178148571615686
Z:\raw_data\C000000015\VIS-017_SW_data_10-July-2026_10-53-28,581.6200001118702,581.6250001117585,664.807999999728,-1,0.5570652249230681,16.48148148148148,1.2951944035503076
Z:\raw_data\C000000015\VIS-017_SW_data_10-July-2026_10-53-28,591.6200001118702,591.6250001117585,664.807999999728,-1,0.6158657807066418,8.768472906403941,0.6093427966583566
Z:\raw_data\C000000015\VIS-017_SW_data_10-July-2026_10-53-28,601.6200001118702,601.6250001117585,664.807999999728,-1,0.6338590532103063,2.3027166882276844,0.528814000565273
Z:\raw_data\C000000015\VIS-017_SW_data_10-July-2026_10-53-28,611.6200001118701,611.6250001117584,664.807999999728,-1,0.7042666020680916,2.866344605475041,0.6467415292109776
Z:\raw_data\C000000015\VIS-017_SW_data_10-July-2026_10-53-28,621.6200001118701,621.6250001117584,664.807999999728,-1,0.7567071071496719,2.625368731563422,0.7970423203523745
Z:\raw_data\C000000015\VIS-017_SW_data_10-July-2026_10-53-28,631.6200001118701,631.6250001117584,664.807999999728,-1,0.7456093417602213,5.615141955835963,1.164293607173886
Z:\raw_data\C000000015\VIS-017_SW_data_10-July-2026_10-53-28,641.6200001118701,1.0670001124959416,664.807999999728,2,0.7612685728545869,5.297619047619048,1.131674715607195
Z:\raw_data\C000000015\VIS-017_SW_data_10-July-2026_10-53-28,651.6200001118701,11.06700011249595,664.807999999728,2,0.7629429478837586,6.846153846153847,1.6619344390332986
Z:\raw_data\C000000015\VIS-017_SW_data_10-July-2026_10-53-28,661.6200001118701,21.06700011249596,664.807999999728,2,0.7533949195657803,6.846153846153847,2.293858722754173
Z:\raw_data\C000000015\VIS-017_SW_data_10-July-2026_10-53-28,671.6200001118701,31.06700011249597,664.807999999728,2,0.7472221908065256,7.385892116182573,2.017305903290733
Z:\raw_data\C000000015\VIS-017_SW_data_10-July-2026_10-53-28,681.6200001118701,41.06700011249587,664.807999999728,2,0.7489603463988453,8.018018018018019,1.7045849380416311
Z:\raw_data\C000000015\VIS-017_SW_data_10-July-2026_10-53-28,691.6200001118701,51.067000112495876,664.807999999728,2,0.7380951019462648,8.768472906403941,1.9855170261243273
Z:\raw_data\C000000015\VIS-017_SW_data_10-July-2026_10-53-28,701.6200001118701,61.06700011249588,664.807999999728,2,0.7442804480932957,8.018018018018019,1.8638767075935847
Z:\raw_data\C000000015\VIS-017_SW_data_10-July-2026_10-53-28,711.6200001118701,71.06700011249589,664.807999999728,2,0.7512138768712725,10.787878787878787,0.9607342732478508
Z:\raw_data\C000000015\VIS-017_SW_data_10-July-2026_10-53-28,721.6200001118701,81.0670001124959,664.807999999728,2,0.7469869772865566,9.673913043478262,0.8317324496490499
Z:\raw_data\C000000015\VIS-017_SW_data_10-July-2026_10-53-28,731.6200001118701,91.0670001124959,664.807999999728,2,0.7413380183715426,14.015748031496063,0.5757197500176329
Z:\raw_data\C000000015\VIS-017_SW_data_10-July-2026_10-53-28,741.6200001118701,101.06700011249592,664.807999999728,-1,0.7595464967689385,20.0,0.5622840916375237
Z:\raw_data\C000000015\VIS-017_SW_data_10-July-2026_10-53-28,751.6200001118701,111.06700011249593,664.807999999728,-1,0.6986740203118829,-20.0,0.4944386183251042
Z:\raw_data\C000000015\VIS-017_SW_data_10-July-2026_10-53-28,761.6200001118701,121.06700011249593,664.807999999728,-1,0.6688734086055346,-14.015748031496063,0.4459151933365976
Z:\raw_data\C000000015\VIS-017_SW_data_10-July-2026_10-53-28,771.62000011187,131.06700011249583,664.807999999728,-1,0.4860556938443256,20.0,0.7751355416584144
Z:\raw_data\C000000015\VIS-017_SW_data_10-July-2026_10-53-28,781.62000011187,141.06700011249583,664.807999999728,-1,0.44421230455239025,3.1560283687943267,1.0213831054666964
Z:\raw_data\C000000015\VIS-017_SW_data_10-July-2026_10-53-28,791.62000011187,151.06700011249586,664.807999999728,-1,0.44263052802921843,3.1560283687943267,0.9808914730206533
Z:\raw_data\C000000015\VIS-017_SW_data_10-July-2026_10-53-28,801.62000011187,161.06700011249586,664.807999999728,-1,0.4748041538136322,1.5964125560538118,1.0945617423300416
Z:\raw_data\C000000015\VIS-017_SW_data_10-July-2026_10-53-28,811.6200001118701,171.06700011249586,664.807999999728,-1,0.45424776716527704,2.866344605475041,1.2533915150209247
Z:\raw_data\C000000015\VIS-017_SW_data_10-July-2026_10-53-28,821.6200001118701,181.0670001124959,664.807999999728,-1,0.458138180675312,1.5964125560538118,0.8747494268033928
Z:\raw_data\C000000015\VIS-017_SW_data_10-July-2026_10-53-28,831.6200001118701,191.0670001124959,664.807999999728,-1,0.4217271891289999,20.0,0.6572919362773031
Z:\raw_data\C000000015\VIS-017_SW_data_10-July-2026_10-53-28,841.62000011187,201.06700011249578,664.807999999728,-1,0.3360819277339727,20.0,0.8220516459644753
Z:\raw_data\C000000015\VIS-017_SW_data_10-July-2026_10-53-28,851.62000011187,211.0670001124958,664.807999999728,-1,0.2891876158779408,2.3027166882276844,1.0419865052523694
Z:\raw_data\C000000015\VIS-017_SW_data_10-July-2026_10-53-28,861.62000011187,221.0670001124958,664.807999999728,-1,0.3084539735220371,2.7010622154779975,0.9048277010050065
Z:\raw_data\C000000015\VIS-017_SW_data_10-July-2026_10-53-28,871.62000011187,231.0670001124958,664.807999999728,-1,0.30749697926911135,2.7812500000000004,0.9117578323021194
Z:\raw_data\C000000015\VIS-017_SW_data_10-July-2026_10-53-28,881.62000011187,241.06700011249583,664.807999999728,-1,0.2734703850075837,2.7010622154779975,0.8604781451853356
Z:\raw_data\C000000015\VIS-017_SW_data_10-July-2026_10-53-28,891.62000011187,251.06700011249583,664.807999999728,-1,0.259222289393775,2.5538020086083217,0.5830056317309997
Z:\raw_data\C000000015\VIS-017_SW_data_10-July-2026_10-53-28,901.62000011187,261.06700011249586,664.807999999728,-1,0.20007715014187125,2.247474747474748,0.3637113006853508
Z:\raw_data\C000000015\VIS-017_SW_data_10-July-2026_10-53-28,911.62000011187,271.06700011249586,664.807999999728,-1,0.2755215620013227,-1.0,0.24788690202714989
Z:\raw_data\C000000015\VIS-017_SW_data_10-July-2026_10-53-28,921.62000011187,281.06700011249586,664.807999999728,-1,0.4135827105185257,1.033081834010447,0.3017738159701406
Z:\raw_data\C000000015\VIS-017_SW_data_10-July-2026_10-53-28,931.62000011187,291.06700011249575,664.807999999728,-1,0.4529444680989052,20.0,0.5409744271553177
Z:\raw_data\C000000015\VIS-017_SW_data_10-July-2026_10-53-28,941.62000011187,301.06700011249575,664.807999999728,-1,0.4771045376938118,20.0,0.9591569916549788
Z:\raw_data\C000000015\VIS-017_SW_data_10-July-2026_10-53-28,951.62000011187,311.06700011249575,664.807999999728,-1,0.4953834468225279,20.0,1.7721369466555101
Z:\raw_data\C000000015\VIS-017_SW_data_10-July-2026_10-53-28,961.62000011187,321.0670001124958,664.807999999728,-1,0.5110722279634574,20.0,2.0259241117724596
Z:\raw_data\C000000015\VIS-017_SW_data_10-July-2026_10-53-28,971.62000011187,331.0670001124958,664.807999999728,-1,0.5118903461108568,20.0,2.7294806865900503
Z:\raw_data\C000000015\VIS-017_SW_data_10-July-2026_10-53-28,981.62000011187,341.0670001124958,664.807999999728,-1,0.5153508941855498,20.0,3.127975425886076
Z:\raw_data\C000000015\VIS-017_SW_data_10-July-2026_10-53-28,991.62000011187,351.0670001124958,664.807999999728,-1,0.5127242505275493,20.0,3.2118942055828184
Z:\raw_data\C000000015\VIS-017_SW_data_10-July-2026_10-53-28,1001.62000011187,361.0670001124958,664.807999999728,-1,0.5095970472320268,20.0,3.6725486818095416
Z:\raw_data\C000000015\VIS-017_SW_data_10-July-2026_10-53-28,1011.62000011187,371.0670001124958,664.807999999728,-1,0.5029035455698937,20.0,2.679581090059966
Z:\raw_data\C000000015\VIS-017_SW_data_10-July-2026_10-53-28,1021.62000011187,381.06700011249586,664.807999999728,-1,0.5034053038171213,20.0,1.790984691984267
Z:\raw_data\C000000015\VIS-017_SW_data_10-July-2026_10-53-28,1031.62000011187,391.06700011249586,664.807999999728,-1,0.5134674142401837,20.0,0.917856923565133
Z:\raw_data\C000000015\VIS-017_SW_data_10-July-2026_10-53-28,1041.62000011187,401.06700011249586,664.807999999728,3,0.5643413458228717,14.015748031496063,0.5618486632614087
Z:\raw_data\C000000015\VIS-017_SW_data_10-July-2026_10-53-28,1051.62000011187,411.06700011249586,664.807999999728,3,0.6558678746308033,16.48148148148148,0.4180595385652068
Z:\raw_data\C000000015\VIS-017_SW_data_10-July-2026_10-53-28,1061.62000011187,421.06700011249586,664.807999999728,3,0.5835312336251911,16.48148148148148,0.4925152799989938
Z:\raw_data\C000000015\VIS-017_SW_data_10-July-2026_10-53-28,1071.62000011187,431.06700011249586,664.807999999728,3,0.5939869647615278,14.015748031496063,0.6804066026859803
Z:\raw_data\C000000015\VIS-017_SW_data_10-July-2026_10-53-28,1081.62000011187,441.06700011249586,664.807999999728,3,0.4880792495853618,-20.0,0.679391581271027
Z:\raw_data\C000000015\VIS-017_SW_data_10-July-2026_10-53-28,1091.62000011187,451.0670001124959,664.807999999728,3,0.335174194884725,-16.48148148148148,0.701448346865574
Z:\raw_data\C000000015\VIS-017_SW_data_10-July-2026_10-53-28,1101.62000011187,461.0670001124959,664.807999999728,3,0.2999953689232618,-4.129930394431555,0.6507675807038156
Z:\raw_data\C000000015\VIS-017_SW_data_10-July-2026_10-53-28,1111.62000011187,471.0670001124959,664.807999999728,3,0.38973599595572633,-1.8126272912423627,0.732678838470986
Z:\raw_data\C000000016\VIS-015_SW_data_10-July-2026_09-24-32,81.62000011187047,81.62500011175872,856.0749999997206,0,0.7958059507253872,2.5538020086083217,1.0554506736952587
Z:\raw_data\C000000016\VIS-015_SW_data_10-July-2026_09-24-32,91.62000011187047,91.62500011175871,856.0749999997206,0,0.7912495587695574,2.7010622154779975,0.6126007389525727
Z:\raw_data\C000000016\VIS-015_SW_data_10-July-2026_09-24-32,101.62000011187045,101.62500011175871,856.0749999997206,0,0.676391053327072,3.0531732418524875,0.530895098951975
Z:\raw_data\C000000016\VIS-015_SW_data_10-July-2026_09-24-32,111.62000011187045,111.6250001117587,856.0749999997206,-1,0.6127246809293115,4.529262086513995,0.7219084645749073
Z:\raw_data\C000000016\VIS-015_SW_data_10-July-2026_09-24-32,121.62000011187045,121.6250001117587,856.0749999997206,-1,0.7293018590181768,6.3799283154121875,0.5630216163977774
Z:\raw_data\C000000016\VIS-015_SW_data_10-July-2026_09-24-32,131.62000011187044,131.62500011175868,856.0749999997206,-1,0.7659877438971573,8.018018018018019,0.3886695987158649
Z:\raw_data\C000000016\VIS-015_SW_data_10-July-2026_09-24-32,141.62000011187044,141.62500011175865,856.0749999997206,-1,0.7412235151378328,14.015748031496063,0.5615234671354835
Z:\raw_data\C000000016\VIS-015_SW_data_10-July-2026_09-24-32,151.62000011187044,151.62500011175868,856.0749999997206,-1,0.6539393787535714,-14.015748031496063,0.8364183941134273
Z:\raw_data\C000000016\VIS-015_SW_data_10-July-2026_09-24-32,161.62000011187044,161.62500011175868,856.0749999997206,-1,0.6416074786728114,-12.191780821917808,0.6823987976196413
Z:\raw_data\C000000016\VIS-015_SW_data_10-July-2026_09-24-32,171.6200001118704,171.62500011175865,856.0749999997206,-1,0.5660080065783732,-20.0,0.7779240680475459
Z:\raw_data\C000000016\VIS-015_SW_data_10-July-2026_09-24-32,181.6200001118704,181.62500011175865,856.0749999997206,-1,0.4821197513029579,-1.8855932203389834,0.7476677877636874
Z:\raw_data\C000000016\VIS-015_SW_data_10-July-2026_09-24-32,191.6200001118704,191.62500011175865,856.0749999997206,-1,0.40242599810044405,20.0,0.5660642861195284
Z:\raw_data\C000000016\VIS-015_SW_data_10-July-2026_09-24-32,201.6200001118704,201.62500011175865,856.0749999997206,-1,0.3110608043536001,16.48148148148148,0.7393499910025878
Z:\raw_data\C000000016\VIS-015_SW_data_10-July-2026_09-24-32,211.62000011187044,211.62500011175865,856.0749999997206,-1,0.26730622131285214,2.1445783132530125,0.8568526228244328
Z:\raw_data\C000000016\VIS-015_SW_data_10-July-2026_09-24-32,221.62000011187038,221.62500011175862,856.0749999997206,-1,0.24582919827279223,2.247474747474748,0.8905996958236271
Z:\raw_data\C000000016\VIS-015_SW_data_10-July-2026_09-24-32,231.62000011187038,231.62500011175862,856.0749999997206,-1,0.20830255517193624,2.3027166882276844,1.1911287024996007
Z:\raw_data\C000000016\VIS-015_SW_data_10-July-2026_09-24-32,241.6200001118704,241.62500011175862,856.0749999997206,-1,0.18736434389888965,2.4217687074829937,1.323111366686266
Z:\raw_data\C000000016\VIS-015_SW_data_10-July-2026_09-24-32,251.6200001118704,251.62500011175865,856.0749999997206,-1,0.1853226677970293,2.4217687074829937,1.3891811170162984
Z:\raw_data\C000000016\VIS-015_SW_data_10-July-2026_09-24-32,261.62000011187035,261.6250001117586,856.0749999997206,-1,0.18621698128412703,2.4217687074829937,1.2606000870464695
Z:\raw_data\C000000016\VIS-015_SW_data_10-July-2026_09-24-32,271.62000011187035,271.6250001117586,856.0749999997206,-1,0.18957778808039255,2.4217687074829937,1.0436079466003934
Z:\raw_data\C000000016\VIS-015_SW_data_10-July-2026_09-24-32,281.6200001118704,281.6250001117586,856.0749999997206,-1,0.31865705009547995,3.384030418250951,0.7531843084278886
Z:\raw_data\C000000016\VIS-015_SW_data_10-July-2026_09-24-32,291.6200001118704,291.62500011175865,856.0749999997206,-1,0.41145008327504884,2.7010622154779975,0.6115038524097675
Z:\raw_data\C000000016\VIS-015_SW_data_10-July-2026_09-24-32,301.62000011187035,301.6250001117586,856.0749999997206,-1,0.42057714812493363,2.247474747474748,0.5168999365230323
Z:\raw_data\C000000016\VIS-015_SW_data_10-July-2026_09-24-32,311.62000011187035,311.6250001117586,856.0749999997206,-1,0.5587873393450746,16.48148148148148,0.2944556373533228
Z:\raw_data\C000000016\VIS-015_SW_data_10-July-2026_09-24-32,321.62000011187035,321.6250001117586,856.0749999997206,-1,0.6804616126316112,-4.320388349514563,0.2588277483231126
Z:\raw_data\C000000016\VIS-015_SW_data_10-July-2026_09-24-32,331.62000011187035,331.6250001117586,856.0749999997206,-1,0.7377509885909693,20.0,0.44160708763429
Z:\raw_data\C000000016\VIS-015_SW_data_10-July-2026_09-24-32,341.62000011187035,341.6250001117586,856.0749999997206,1,0.7466395240615022,20.0,0.7782322021468366
Z:\raw_data\C000000016\VIS-015_SW_data_10-July-2026_09-24-32,351.62000011187035,351.6250001117586,856.0749999997206,1,0.7493132533165311,20.0,2.001874214906367
Z:\raw_data\C000000016\VIS-015_SW_data_10-July-2026_09-24-32,361.62000011187035,361.6250001117586,856.0749999997206,1,0.7537821955497225,20.0,2.9108182708224564
Z:\raw_data\C000000016\VIS-015_SW_data_10-July-2026_09-24-32,371.62000011187035,371.6250001117586,856.0749999997206,1,0.7543110459253147,20.0,2.9668924012974065
Z:\raw_data\C000000016\VIS-015_SW_data_10-July-2026_09-24-32,381.6200001118703,381.62500011175854,856.0749999997206,1,0.7558643654246181,20.0,4.021890944744584
Z:\raw_data\C000000016\VIS-015_SW_data_10-July-2026_09-24-32,391.6200001118703,391.62500011175854,856.0749999997206,1,0.7563216343896633,20.0,4.301965508208713
Z:\raw_data\C000000016\VIS-015_SW_data_10-July-2026_09-24-32,401.6200001118703,401.62500011175854,856.0749999997206,1,0.7599547468577377,20.0,3.098544250331194
Z:\raw_data\C000000016\VIS-015_SW_data_10-July-2026_09-24-32,411.62000011187035,411.62500011175854,856.0749999997206,1,0.7591975384586211,20.0,2.668148510518414
Z:\raw_data\C000000016\VIS-015_SW_data_10-July-2026_09-24-32,421.62000011187035,421.6250001117586,856.0749999997206,1,0.756647440115259,20.0,2.448781609350141
Z:\raw_data\C000000016\VIS-015_SW_data_10-July-2026_09-24-32,431.6200001118703,431.62500011175854,856.0749999997206,1,0.7653068849886951,20.0,1.0824614704017146
Z:\raw_data\C000000016\VIS-015_SW_data_10-July-2026_09-24-32,441.6200001118703,441.62500011175854,856.0749999997206,-1,0.7834571521979622,20.0,0.6085813563359902
Z:\raw_data\C000000016\VIS-015_SW_data_10-July-2026_09-24-32,451.6200001118703,451.62500011175854,856.0749999997206,-1,0.7688848879379486,20.0,0.32785601086309196
Z:\raw_data\C000000016\VIS-015_SW_data_10-July-2026_09-24-32,461.62000011187024,461.6250001117585,856.0749999997206,-1,0.6460689426201218,20.0,0.3081299636728068
Z:\raw_data\C000000016\VIS-015_SW_data_10-July-2026_09-24-32,471.6200001118703,471.6250001117585,856.0749999997206,-1,0.49983956364802445,20.0,0.5970478145903222
Z:\raw_data\C000000016\VIS-015_SW_data_10-July-2026_09-24-32,481.6200001118703,481.62500011175854,856.0749999997206,-1,0.42245623102931323,2.866344605475041,1.0203982033241275
Z:\raw_data\C000000016\VIS-015_SW_data_10-July-2026_09-24-32,491.6200001118703,491.62500011175854,856.0749999997206,-1,0.4127847413201312,1.8855932203389834,1.0890477373109635
Z:\raw_data\C000000016\VIS-015_SW_data_10-July-2026_09-24-32,501.62000011187024,501.6250001117585,856.0749999997206,-1,0.3953036551369321,1.9243243243243244,1.5260644336351317
Z:\raw_data\C000000016\VIS-015_SW_data_10-July-2026_09-24-32,511.62000011187024,511.6250001117585,856.0749999997206,-1,0.35536557464271856,1.9243243243243244,1.8345411411435186
Z:\raw_data\C000000016\VIS-015_SW_data_10-July-2026_09-24-32,521.6200001118702,521.6250001117585,856.0749999997206,-1,0.35266793588773615,1.7131857555341674,1.4683098394539285
Z:\raw_data\C000000016\VIS-015_SW_data_10-July-2026_09-24-32,531.6200001118702,531.6250001117585,856.0749999997206,-1,0.320255089266828,1.7131857555341674,1.4621151108772554
Z:\raw_data\C000000016\VIS-015_SW_data_10-July-2026_09-24-32,541.6200001118701,541.6250001117584,856.0749999997206,-1,0.30755555340563856,1.7131857555341674,1.8465647686002318
Z:\raw_data\C000000016\VIS-015_SW_data_10-July-2026_09-24-32,551.6200001118701,551.6250001117584,856.0749999997206,-1,0.31388742105950496,1.6824196597353498,1.9101096063881853
Z:\raw_data\C000000016\VIS-015_SW_data_10-July-2026_09-24-32,561.6200001118702,561.6250001117584,856.0749999997206,-1,0.32320584327728513,1.5964125560538118,1.7174355086306035
Z:\raw_data\C000000016\VIS-015_SW_data_10-July-2026_09-24-32,571.6200001118702,571.6250001117585,856.0749999997206,-1,0.3331788339186559,1.3444108761329308,0.9469026349641977
Z:\raw_data\C000000016\VIS-015_SW_data_10-July-2026_09-24-32,581.6200001118702,581.6250001117585,856.0749999997206,-1,0.31692656197722885,2.247474747474748,0.49032673146797556
Z:\raw_data\C000000016\VIS-015_SW_data_10-July-2026_09-24-32,591.6200001118702,591.6250001117585,856.0749999997206,-1,0.2983375378592863,1.3444108761329308,0.5124258411619931
Z:\raw_data\C000000016\VIS-015_SW_data_10-July-2026_09-24-32,601.6200001118702,601.6250001117585,856.0749999997206,-1,0.3227224705419363,4.320388349514563,0.701325420643302
Z:\raw_data\C000000016\VIS-015_SW_data_10-July-2026_09-24-32,611.6200001118701,611.6250001117584,856.0749999997206,-1,0.36616974416293935,-4.320388349514563,0.7136036936896002
Z:\raw_data\C000000016\VIS-015_SW_data_10-July-2026_09-24-32,621.6200001118701,621.6250001117584,856.0749999997206,-1,0.3774799046213196,-8.018018018018019,0.9540322311416701
Z:\raw_data\C000000016\VIS-015_SW_data_10-July-2026_09-24-32,631.6200001118701,631.6250001117584,856.0749999997206,-1,0.40439969279524474,-20.0,1.0727023568364238
Z:\raw_data\C000000016\VIS-015_SW_data_10-July-2026_09-24-32,641.6200001118701,641.6250001117584,856.0749999997206,-1,0.4085086122850634,-20.0,0.8071647725149643
Z:\raw_data\C000000016\VIS-015_SW_data_10-July-2026_09-24-32,651.6200001118701,651.6250001117584,856.0749999997206,-1,0.43888568578369236,20.0,0.6656908635944583
Z:\raw_data\C000000016\VIS-015_SW_data_10-July-2026_09-24-32,661.6200001118701,661.6250001117584,856.0749999997206,-1,0.4188003981793375,-1.033081834010447,0.4789140141150451
Z:\raw_data\C000000016\VIS-015_SW_data_10-July-2026_09-24-32,671.6200001118701,671.6250001117584,856.0749999997206,-1,0.3243058813881162,-1.7131857555341674,0.47825966260582076
Z:\raw_data\C000000016\VIS-015_SW_data_10-July-2026_09-24-32,681.6200001118701,681.6250001117583,856.0749999997206,-1,0.21317102316849462,-2.7010622154779975,0.6594553760879693
Z:\raw_data\C000000016\VIS-015_SW_data_10-July-2026_09-24-32,691.6200001118701,691.6250001117584,856.0749999997206,-1,0.24699778502498224,1.9243243243243244,0.7283800919388388
Z:\raw_data\C000000016\VIS-015_SW_data_10-July-2026_09-24-32,701.6200001118701,701.6250001117584,856.0749999997206,-1,0.37369278139368,1.363984674329502,0.5635129180760423
Z:\raw_data\C000000016\VIS-015_SW_data_10-July-2026_09-24-32,711.6200001118701,711.6250001117584,856.0749999997206,-1,0.5066970202642462,1.0,0.3447005632763443
Z:\raw_data\C000000016\VIS-015_SW_data_10-July-2026_09-24-32,721.6200001118701,721.6250001117584,856.0749999997206,-1,0.576532599094383,1.0,0.3761278823910706
Z:\raw_data\C000000016\VIS-015_SW_data_10-July-2026_09-24-32,731.6200001118701,731.6250001117584,856.0749999997206,-1,0.7747079619814595,1.0446009389671362,0.48463286725011856
Z:\raw_data\C000000016\VIS-015_SW_data_10-July-2026_09-24-32,741.6200001118701,741.6250001117584,856.0749999997206,-1,0.7842867824596292,1.0,0.4234945695208863
Z:\raw_data\C000000016\VIS-015_SW_data_10-July-2026_09-24-32,751.6200001118701,751.6250001117584,856.0749999997206,-1,0.7301256198813625,1.0,0.39050131560945217
Z:\raw_data\C000000016\VIS-015_SW_data_10-July-2026_09-24-32,761.6200001118701,761.6250001117584,856.0749999997206,-1,0.811080727633176,1.0446009389671362,0.4644346169340463
Z:\raw_data\C000000016\VIS-015_SW_data_10-July-2026_09-24-32,771.62000011187,771.6250001117583,856.0749999997206,-1,0.8465578461510286,1.0,0.6887432352444527
Z:\raw_data\C000000016\VIS-015_SW_data_10-July-2026_09-24-32,781.62000011187,781.6250001117583,856.0749999997206,-1,0.7725970360512192,1.033081834010447,0.6589263896170665
Z:\raw_data\C000000016\VIS-015_SW_data_10-July-2026_09-24-32,791.62000011187,791.6250001117583,856.0749999997206,-1,0.7687309169495649,1.494542401343409,0.7274860386920506
Z:\raw_data\C000000016\VIS-015_SW_data_10-July-2026_09-24-32,801.62000011187,801.6250001117583,856.0749999997206,-1,0.7181763551877206,3.384030418250951,1.1753588326761182
Z:\raw_data\C000000016\VIS-015_SW_data_10-July-2026_09-24-32,811.6200001118701,811.6250001117583,856.0749999997206,-1,0.7308428729512991,4.320388349514563,1.0726483469386814
Z:\raw_data\C000000016\VIS-015_SW_data_10-July-2026_09-24-32,821.6200001118701,821.6250001117584,856.0749999997206,-1,0.71011449894811,6.846153846153847,1.4545713317956492
Z:\raw_data\C000000016\VIS-015_SW_data_10-July-2026_09-24-32,831.6200001118701,831.6250001117584,856.0749999997206,-1,0.7253755514200498,14.015748031496063,1.5675778307993005
Z:\raw_data\C000000016\VIS-015_SW_data_10-July-2026_09-24-32,841.62000011187,841.6250001117583,856.0749999997206,-1,0.7388182210481993,7.385892116182573,1.231029457544536
Z:\raw_data\C000000016\VIS-015_SW_data_10-July-2026_09-24-32,851.62000011187,851.6250001117583,856.0749999997206,-1,0.7410270712571633,5.615141955835963,1.174282955286241
Z:\raw_data\C000000016\VIS-015_SW_data_10-July-2026_09-24-32,861.62000011187,861.6250001117583,856.0749999997206,-1,0.8158665230511062,3.384030418250951,0.616869461369064
Z:\raw_data\C000000016\VIS-015_SW_data_10-July-2026_09-24-32,871.62000011187,871.6250001117583,856.0749999997206,-1,0.8415782552717492,2.7010622154779975,0.5674003161133366
Z:\raw_data\C000000016\VIS-015_SW_data_10-July-2026_09-24-32,881.62000011187,881.6250001117583,856.0749999997206,-1,0.8540338555029333,2.5538020086083217,0.9328179694220727
Z:\raw_data\C000000016\VIS-015_SW_data_10-July-2026_09-24-32,891.62000011187,891.6250001117583,856.0749999997206,-1,0.8363854707140114,2.625368731563422,1.2380288715158507
Z:\raw_data\C000000016\VIS-015_SW_data_10-July-2026_09-24-32,901.62000011187,6.046000111847638,856.0749999997206,2,0.8158329284177986,2.866344605475041,1.3213675407681489
Z:\raw_data\C000000016\VIS-015_SW_data_10-July-2026_09-24-32,911.62000011187,16.046000111847647,856.0749999997206,2,0.8134890100031169,2.866344605475041,1.4075295041704747
Z:\raw_data\C000000016\VIS-015_SW_data_10-July-2026_09-24-32,921.62000011187,26.046000111847654,856.0749999997206,2,0.8111463032425711,2.625368731563422,1.965332192301037
Z:\raw_data\C000000016\VIS-015_SW_data_10-July-2026_09-24-32,931.62000011187,36.046000111847555,856.0749999997206,2,0.8194882522226221,2.625368731563422,1.7465581139526074
Z:\raw_data\C000000016\VIS-015_SW_data_10-July-2026_09-24-32,941.62000011187,46.04600011184756,856.0749999997206,2,0.8236105306461691,2.625368731563422,2.219979471312607
Z:\raw_data\C000000016\VIS-015_SW_data_10-July-2026_09-24-32,951.62000011187,56.04600011184757,856.0749999997206,2,0.8360409277766017,2.625368731563422,2.3550740110085773
Z:\raw_data\C000000016\VIS-015_SW_data_10-July-2026_09-24-32,961.62000011187,66.04600011184758,856.0749999997206,2,0.8360544422908016,2.7010622154779975,1.7588512989034102
Z:\raw_data\C000000016\VIS-015_SW_data_10-July-2026_09-24-32,971.62000011187,76.04600011184759,856.0749999997206,2,0.8349568308202477,2.625368731563422,1.6151199627070747
Z:\raw_data\C000000016\VIS-015_SW_data_10-July-2026_09-24-32,981.62000011187,86.0460001118476,856.0749999997206,2,0.8341578929331142,2.625368731563422,0.6202175331751546
Z:\raw_data\C000000016\VIS-015_SW_data_10-July-2026_09-24-32,991.62000011187,96.0460001118476,856.0749999997206,2,0.7767096614209085,3.384030418250951,0.4490521878603863
Z:\raw_data\C000000016\VIS-015_SW_data_10-July-2026_09-24-32,1001.62000011187,106.04600011184762,856.0749999997206,-1,0.7009568978341939,4.529262086513995,0.45167265136149565
Z:\raw_data\C000000016\VIS-015_SW_data_10-July-2026_09-24-32,1011.62000011187,116.04600011184762,856.0749999997206,-1,0.6612006601798862,-2.360742705570292,0.5162631728080244
Z:\raw_data\C000000016\VIS-015_SW_data_10-July-2026_09-24-32,1021.62000011187,126.04600011184763,856.0749999997206,-1,0.7135593300153219,6.3799283154121875,0.5030129191908996
Z:\raw_data\C000000016\VIS-015_SW_data_10-July-2026_09-24-32,1031.62000011187,136.04600011184763,856.0749999997206,-1,0.7650717115167891,16.48148148148148,0.5258145123481538
Z:\raw_data\C000000016\VIS-015_SW_data_10-July-2026_09-24-32,1041.62000011187,146.04600011184766,856.0749999997206,-1,0.6687413121520397,-14.015748031496063,0.8406665278918727
Z:\raw_data\C000000016\VIS-015_SW_data_10-July-2026_09-24-32,1051.62000011187,156.04600011184766,856.0749999997206,-1,0.6097840187961944,-16.48148148148148,0.7788957848890732
Z:\raw_data\C000000016\VIS-015_SW_data_10-July-2026_09-24-32,1061.62000011187,166.04600011184766,856.0749999997206,-1,0.5648469333882471,-20.0,0.8624691727958587
Z:\raw_data\C000000016\VIS-015_SW_data_10-July-2026_09-24-32,1071.62000011187,176.0460001118477,856.0749999997206,-1,0.5126405957649188,20.0,1.025196573701576
Z:\raw_data\C000000016\VIS-015_SW_data_10-July-2026_09-24-32,1081.62000011187,186.0460001118477,856.0749999997206,-1,0.49370150423645187,-20.0,0.7382873205817468
Z:\raw_data\C000000016\VIS-015_SW_data_10-July-2026_09-24-32,1091.62000011187,196.0460001118477,856.0749999997206,-1,0.4591006708637252,-20.0,0.7920680232103772
Z:\raw_data\C000000016\VIS-015_SW_data_10-July-2026_09-24-32,1101.62000011187,206.04600011184772,856.0749999997206,-1,0.3496742646950075,-16.48148148148148,1.0170199825196193
Z:\raw_data\C000000016\VIS-015_SW_data_10-July-2026_09-24-32,1111.62000011187,216.04600011184772,856.0749999997206,-1,0.3266845522883076,-8.768472906403941,0.8631564724410326
Z:\raw_data\C000000018\VIS-012_SW_data_07-July-2026_09-21-31,81.62000011187047,81.62500011175872,699.5609999997541,0,0.5438137572605711,-20.0,0.656815337948875
Z:\raw_data\C000000018\VIS-012_SW_data_07-July-2026_09-21-31,91.62000011187047,91.62500011175871,699.5609999997541,0,0.522329289687302,-16.48148148148148,0.5342247640726633
Z:\raw_data\C000000018\VIS-012_SW_data_07-July-2026_09-21-31,101.62000011187045,101.62500011175871,699.5609999997541,0,0.4927262009500609,7.385892116182573,0.5553918540004648
Z:\raw_data\C000000018\VIS-012_SW_data_07-July-2026_09-21-31,111.62000011187045,111.6250001117587,699.5609999997541,-1,0.5071449468507074,20.0,0.5934057789604771
Z:\raw_data\C000000018\VIS-012_SW_data_07-July-2026_09-21-31,121.62000011187045,121.6250001117587,699.5609999997541,-1,0.4853910955042514,5.615141955835963,0.8016359374748709
Z:\raw_data\C000000018\VIS-012_SW_data_07-July-2026_09-21-31,131.62000011187044,131.62500011175868,699.5609999997541,-1,0.3640967596681355,4.759358288770054,0.7741414618268982
Z:\raw_data\C000000018\VIS-012_SW_data_07-July-2026_09-21-31,141.62000011187044,141.62500011175865,699.5609999997541,-1,0.3261685952285878,1.8483904465212877,0.739841324590646
Z:\raw_data\C000000018\VIS-012_SW_data_07-July-2026_09-21-31,151.62000011187044,151.62500011175868,699.5609999997541,-1,0.29633459744185525,2.1445783132530125,0.7398299501225419
Z:\raw_data\C000000018\VIS-012_SW_data_07-July-2026_09-21-31,161.62000011187044,161.62500011175868,699.5609999997541,-1,0.23969816375883565,2.486033519553073,0.7418823106504234
Z:\raw_data\C000000018\VIS-012_SW_data_07-July-2026_09-21-31,171.6200001118704,171.62500011175865,699.5609999997541,-1,0.20942171617232308,2.1948212083847105,0.8043553651130048
Z:\raw_data\C000000018\VIS-012_SW_data_07-July-2026_09-21-31,181.6200001118704,181.62500011175865,699.5609999997541,-1,0.13638999396705728,-1.9243243243243244,0.7704325598947858
Z:\raw_data\C000000018\VIS-012_SW_data_07-July-2026_09-21-31,191.6200001118704,191.62500011175865,699.5609999997541,-1,0.14947302066162096,2.3027166882276844,0.7895555553315399
Z:\raw_data\C000000018\VIS-012_SW_data_07-July-2026_09-21-31,201.6200001118704,201.62500011175865,699.5609999997541,-1,0.15678221744518903,2.486033519553073,1.0369212024559022
Z:\raw_data\C000000018\VIS-012_SW_data_07-July-2026_09-21-31,211.62000011187044,211.62500011175865,699.5609999997541,-1,0.14751916976450904,2.4217687074829937,1.2134856510598977
Z:\raw_data\C000000018\VIS-012_SW_data_07-July-2026_09-21-31,221.62000011187038,221.62500011175862,699.5609999997541,-1,0.14080436141764657,2.4217687074829937,1.3570957346908088
Z:\raw_data\C000000018\VIS-012_SW_data_07-July-2026_09-21-31,231.62000011187038,231.62500011175862,699.5609999997541,-1,0.141061297002263,2.4217687074829937,1.4767573836114187
Z:\raw_data\C000000018\VIS-012_SW_data_07-July-2026_09-21-31,241.6200001118704,241.62500011175862,699.5609999997541,-1,0.1307904106402409,2.625368731563422,1.2366099674391733
Z:\raw_data\C000000018\VIS-012_SW_data_07-July-2026_09-21-31,251.6200001118704,251.62500011175865,699.5609999997541,-1,0.12553011992974883,2.4217687074829937,1.0629449676324378
Z:\raw_data\C000000018\VIS-012_SW_data_07-July-2026_09-21-31,261.62000011187035,261.6250001117586,699.5609999997541,-1,0.1243903253776674,-1.056379821958457,0.7578758065320794
Z:\raw_data\C000000018\VIS-012_SW_data_07-July-2026_09-21-31,271.62000011187035,271.6250001117586,699.5609999997541,-1,0.16527903298929408,-16.48148148148148,0.6011633498096203
Z:\raw_data\C000000018\VIS-012_SW_data_07-July-2026_09-21-31,281.6200001118704,281.6250001117586,699.5609999997541,-1,0.25367628464425207,3.6475409836065578,0.5928305743581549
Z:\raw_data\C000000018\VIS-012_SW_data_07-July-2026_09-21-31,291.6200001118704,291.62500011175865,699.5609999997541,-1,0.4296206682381191,2.866344605475041,0.6491398549340163
Z:\raw_data\C000000018\VIS-012_SW_data_07-July-2026_09-21-31,301.62000011187035,301.6250001117586,699.5609999997541,-1,0.42302260368008077,2.866344605475041,0.9707195220146365
Z:\raw_data\C000000018\VIS-012_SW_data_07-July-2026_09-21-31,311.62000011187035,311.6250001117586,699.5609999997541,-1,0.4431976525126259,3.0531732418524875,1.1074512522780844
Z:\raw_data\C000000018\VIS-012_SW_data_07-July-2026_09-21-31,321.62000011187035,321.6250001117586,699.5609999997541,-1,0.4580402904533274,3.1560283687943267,1.0805679658669234
Z:\raw_data\C000000018\VIS-012_SW_data_07-July-2026_09-21-31,331.62000011187035,331.6250001117586,699.5609999997541,-1,0.4781388701005261,3.26605504587156,1.3810875811824608
Z:\raw_data\C000000018\VIS-012_SW_data_07-July-2026_09-21-31,341.62000011187035,341.6250001117586,699.5609999997541,-1,0.48315122311431385,2.9568106312292364,1.684403617953041
Z:\raw_data\C000000018\VIS-012_SW_data_07-July-2026_09-21-31,351.62000011187035,351.6250001117586,699.5609999997541,-1,0.4833475501890117,3.1560283687943267,1.8043024379179406
Z:\raw_data\C000000018\VIS-012_SW_data_07-July-2026_09-21-31,361.62000011187035,361.6250001117586,699.5609999997541,-1,0.47548906321130147,3.26605504587156,1.9305260524606926
Z:\raw_data\C000000018\VIS-012_SW_data_07-July-2026_09-21-31,371.62000011187035,371.6250001117586,699.5609999997541,-1,0.46863830134875784,3.1560283687943267,1.6395316884814042
Z:\raw_data\C000000018\VIS-012_SW_data_07-July-2026_09-21-31,381.6200001118703,381.62500011175854,699.5609999997541,-1,0.4725713978051782,2.9568106312292364,1.1947007762215152
Z:\raw_data\C000000018\VIS-012_SW_data_07-July-2026_09-21-31,391.6200001118703,391.62500011175854,699.5609999997541,-1,0.4670868181788043,2.9568106312292364,0.9486035407870422
Z:\raw_data\C000000018\VIS-012_SW_data_07-July-2026_09-21-31,401.6200001118703,401.62500011175854,699.5609999997541,1,0.5044636904276399,2.9568106312292364,0.6902541701926547
Z:\raw_data\C000000018\VIS-012_SW_data_07-July-2026_09-21-31,411.62000011187035,411.62500011175854,699.5609999997541,1,0.43365277812297076,2.9568106312292364,0.6458766723561591
Z:\raw_data\C000000018\VIS-012_SW_data_07-July-2026_09-21-31,421.62000011187035,421.6250001117586,699.5609999997541,1,0.33595151407022505,7.385892116182573,0.8835267161529247
Z:\raw_data\C000000018\VIS-012_SW_data_07-July-2026_09-21-31,431.6200001118703,431.62500011175854,699.5609999997541,1,0.3246616717888513,7.385892116182573,1.0247704599561402
Z:\raw_data\C000000018\VIS-012_SW_data_07-July-2026_09-21-31,441.6200001118703,441.62500011175854,699.5609999997541,1,0.3028886163587021,16.48148148148148,0.9483088562919666
Z:\raw_data\C000000018\VIS-012_SW_data_07-July-2026_09-21-31,451.6200001118703,451.62500011175854,699.5609999997541,1,0.243629417572734,8.018018018018019,1.177919478437279
Z:\raw_data\C000000018\VIS-012_SW_data_07-July-2026_09-21-31,461.62000011187024,461.6250001117585,699.5609999997541,1,0.20044127747490859,16.48148148148148,1.2276273568554281
Z:\raw_data\C000000018\VIS-012_SW_data_07-July-2026_09-21-31,471.6200001118703,471.6250001117585,699.5609999997541,1,0.20491616214898487,5.615141955835963,1.3248946518744376
Z:\raw_data\C000000018\VIS-012_SW_data_07-July-2026_09-21-31,481.6200001118703,481.62500011175854,699.5609999997541,1,0.19513212248921466,7.385892116182573,1.7255822097461275
Z:\raw_data\C000000018\VIS-012_SW_data_07-July-2026_09-21-31,491.6200001118703,491.62500011175854,699.5609999997541,1,0.1984298346108772,7.385892116182573,1.3641787243825194
Z:\raw_data\C000000018\VIS-012_SW_data_07-July-2026_09-21-31,501.62000011187024,501.6250001117585,699.5609999997541,-1,0.1937550363004948,7.385892116182573,1.1458427128848647
Z:\raw_data\C000000018\VIS-012_SW_data_07-July-2026_09-21-31,511.62000011187024,511.6250001117585,699.5609999997541,-1,0.20179247931860606,20.0,0.9118683273524869
Z:\raw_data\C000000018\VIS-012_SW_data_07-July-2026_09-21-31,521.6200001118702,521.6250001117585,699.5609999997541,-1,0.2245945628783166,20.0,0.7067305274879527
Z:\raw_data\C000000018\VIS-012_SW_data_07-July-2026_09-21-31,531.6200001118702,531.6250001117585,699.5609999997541,-1,0.28737411992537176,-1.8855932203389834,0.6032336180764252
Z:\raw_data\C000000018\VIS-012_SW_data_07-July-2026_09-21-31,541.6200001118701,541.6250001117584,699.5609999997541,-1,0.3382348203959325,-1.056379821958457,0.6925780850306801
Z:\raw_data\C000000018\VIS-012_SW_data_07-July-2026_09-21-31,551.6200001118701,551.6250001117584,699.5609999997541,-1,0.32770257798911695,-1.056379821958457,0.7722346484336181
Z:\raw_data\C000000018\VIS-012_SW_data_07-July-2026_09-21-31,561.6200001118702,561.6250001117584,699.5609999997541,-1,0.45557098430703175,8.018018018018019,0.635431811367864
Z:\raw_data\C000000018\VIS-012_SW_data_07-July-2026_09-21-31,571.6200001118702,571.6250001117585,699.5609999997541,-1,0.6008199429894328,2.1445783132530125,0.6361883022360395
Z:\raw_data\C000000018\VIS-012_SW_data_07-July-2026_09-21-31,581.6200001118702,581.6250001117585,699.5609999997541,-1,0.6499098107759789,1.624087591240876,0.8866810390996824
Z:\raw_data\C000000018\VIS-012_SW_data_07-July-2026_09-21-31,591.6200001118702,591.6250001117585,699.5609999997541,-1,0.6798077804007671,1.6527390900649952,1.1700442501382846
Z:\raw_data\C000000018\VIS-012_SW_data_07-July-2026_09-21-31,601.6200001118702,601.6250001117585,699.5609999997541,-1,0.6694505790752306,1.4710743801652892,1.427777489225056
Z:\raw_data\C000000018\VIS-012_SW_data_07-July-2026_09-21-31,611.6200001118701,611.6250001117584,699.5609999997541,-1,0.6528036944728701,1.4710743801652892,1.7795436377919713
Z:\raw_data\C000000018\VIS-012_SW_data_07-July-2026_09-21-31,621.6200001118701,621.6250001117584,699.5609999997541,-1,0.6518277530042331,1.4710743801652892,1.603775914827577
Z:\raw_data\C000000018\VIS-012_SW_data_07-July-2026_09-21-31,631.6200001118701,631.6250001117584,699.5609999997541,-1,0.6460671996464762,1.4710743801652892,1.4777316142682928
Z:\raw_data\C000000018\VIS-012_SW_data_07-July-2026_09-21-31,641.6200001118701,641.6250001117584,699.5609999997541,-1,0.6355984610896004,1.624087591240876,1.3695255465214
Z:\raw_data\C000000018\VIS-012_SW_data_07-July-2026_09-21-31,651.6200001118701,651.6250001117584,699.5609999997541,-1,0.6346540997973878,1.624087591240876,1.1476469781838738
Z:\raw_data\C000000018\VIS-012_SW_data_07-July-2026_09-21-31,661.6200001118701,661.6250001117584,699.5609999997541,-1,0.6278093491495292,1.624087591240876,0.902527236655061
Z:\raw_data\C000000018\VIS-012_SW_data_07-July-2026_09-21-31,671.6200001118701,671.6250001117584,699.5609999997541,-1,0.5544380572107765,2.0965842167255597,0.6249767967918751
Z:\raw_data\C000000018\VIS-012_SW_data_07-July-2026_09-21-31,681.6200001118701,681.6250001117583,699.5609999997541,-1,0.5169191031490673,-10.787878787878787,0.5501588414924876
Z:\raw_data\C000000018\VIS-012_SW_data_07-July-2026_09-21-31,691.6200001118701,691.6250001117584,699.5609999997541,-1,0.5308641844021863,-8.768472906403941,0.7739127641296412
Z:\raw_data\C000000018\VIS-012_SW_data_07-July-2026_09-21-31,701.6200001118701,701.6250001117584,699.5609999997541,-1,0.5165245247861244,-8.018018018018019,1.0907469633737843
Z:\raw_data\C000000018\VIS-012_SW_data_07-July-2026_09-21-31,711.6200001118701,2.561000111978129,699.5609999997541,2,0.534952999332077,-7.385892116182573,1.277668274597998
Z:\raw_data\C000000018\VIS-012_SW_data_07-July-2026_09-21-31,721.6200001118701,12.561000111978139,699.5609999997541,2,0.5534539177784609,-7.385892116182573,1.533780335124414
Z:\raw_data\C000000018\VIS-012_SW_data_07-July-2026_09-21-31,731.6200001118701,22.561000111978146,699.5609999997541,2,0.5840811485654407,-7.385892116182573,1.754857535135868
Z:\raw_data\C000000018\VIS-012_SW_data_07-July-2026_09-21-31,741.6200001118701,32.56100011197815,699.5609999997541,2,0.5994343053161523,-7.385892116182573,1.9519725945461044
Z:\raw_data\C000000018\VIS-012_SW_data_07-July-2026_09-21-31,751.6200001118701,42.56100011197817,699.5609999997541,2,0.5989380549970929,-8.018018018018019,2.0355614366016748
Z:\raw_data\C000000018\VIS-012_SW_data_07-July-2026_09-21-31,761.6200001118701,52.561000111978174,699.5609999997541,2,0.5983108178044365,-7.385892116182573,1.9749206022143035
Z:\raw_data\C000000018\VIS-012_SW_data_07-July-2026_09-21-31,771.62000011187,62.561000111978075,699.5609999997541,2,0.6080628562605506,-7.385892116182573,1.9543922646193579
Z:\raw_data\C000000018\VIS-012_SW_data_07-July-2026_09-21-31,781.62000011187,72.56100011197807,699.5609999997541,2,0.6245402734238766,-7.385892116182573,1.3136087506681617
Z:\raw_data\C000000018\VIS-012_SW_data_07-July-2026_09-21-31,791.62000011187,82.56100011197809,699.5609999997541,2,0.6253800671940726,-7.385892116182573,0.652272680028292
Z:\raw_data\C000000018\VIS-012_SW_data_07-July-2026_09-21-31,801.62000011187,92.5610001119781,699.5609999997541,2,0.6015387535994158,-5.615141955835963,0.4913885320674877
Z:\raw_data\C000000018\VIS-012_SW_data_07-July-2026_09-21-31,811.6200001118701,102.5610001119781,699.5609999997541,-1,0.5989991201775472,-16.48148148148148,0.6334527727798729
Z:\raw_data\C000000018\VIS-012_SW_data_07-July-2026_09-21-31,821.6200001118701,112.56100011197812,699.5609999997541,-1,0.5623664887491586,20.0,0.6872260257834116
Z:\raw_data\C000000018\VIS-012_SW_data_07-July-2026_09-21-31,831.6200001118701,122.56100011197813,699.5609999997541,-1,0.5821786440378168,16.48148148148148,0.6833591858328416
Z:\raw_data\C000000018\VIS-012_SW_data_07-July-2026_09-21-31,841.62000011187,132.56100011197802,699.5609999997541,-1,0.49458497159867737,9.673913043478262,0.7623541567261387
Z:\raw_data\C000000018\VIS-012_SW_data_07-July-2026_09-21-31,851.62000011187,142.56100011197802,699.5609999997541,-1,0.37356789836859294,2.9568106312292364,0.6028853361651156
Z:\raw_data\C000000018\VIS-012_SW_data_07-July-2026_09-21-31,861.62000011187,152.56100011197805,699.5609999997541,-1,0.3044951382440082,20.0,0.6229425329995473
Z:\raw_data\C000000018\VIS-012_SW_data_07-July-2026_09-21-31,871.62000011187,162.56100011197805,699.5609999997541,-1,0.23683177937221445,16.48148148148148,0.8887919777645852
Z:\raw_data\C000000018\VIS-012_SW_data_07-July-2026_09-21-31,881.62000011187,172.56100011197805,699.5609999997541,-1,0.20290945619434037,5.297619047619048,0.8023984668151428
Z:\raw_data\C000000018\VIS-012_SW_data_07-July-2026_09-21-31,891.62000011187,182.56100011197807,699.5609999997541,-1,0.16667293643220912,8.018018018018019,0.9063095496239315
Z:\raw_data\C000000018\VIS-012_SW_data_07-July-2026_09-21-31,901.62000011187,192.56100011197807,699.5609999997541,-1,0.12406480855850142,1.9243243243243244,1.1931210014189342
Z:\raw_data\C000000018\VIS-012_SW_data_07-July-2026_09-21-31,911.62000011187,202.56100011197807,699.5609999997541,-1,0.12241704300164509,2.1445783132530125,1.227622981777096
Z:\raw_data\C000000018\VIS-012_SW_data_07-July-2026_09-21-31,921.62000011187,212.5610001119781,699.5609999997541,-1,0.11954866372139109,2.1948212083847105,1.1704462781403975
Z:\raw_data\C000000018\VIS-012_SW_data_07-July-2026_09-21-31,931.62000011187,222.561000111978,699.5609999997541,-1,0.11878384903686855,3.1560283687943267,1.203904051948623
Z:\raw_data\C000000018\VIS-012_SW_data_07-July-2026_09-21-31,941.62000011187,232.561000111978,699.5609999997541,-1,0.12607612905552754,2.5538020086083217,1.2414946117181578
Z:\raw_data\C000000018\VIS-012_SW_data_07-July-2026_09-21-31,951.62000011187,242.56100011197802,699.5609999997541,-1,0.12130291559093778,2.4217687074829937,1.1482749996011115
Z:\raw_data\C000000018\VIS-012_SW_data_07-July-2026_09-21-31,961.62000011187,252.56100011197802,699.5609999997541,-1,0.13739792325895228,2.4217687074829937,1.2408242640715887
Z:\raw_data\C000000018\VIS-012_SW_data_07-July-2026_09-21-31,971.62000011187,262.56100011197805,699.5609999997541,-1,0.1287871877922658,2.4217687074829937,0.5390014318389517
Z:\raw_data\C000000018\VIS-012_SW_data_07-July-2026_09-21-31,981.62000011187,272.56100011197805,699.5609999997541,-1,0.22058279175772452,20.0,0.404835394940232
Z:\raw_data\C000000018\VIS-012_SW_data_07-July-2026_09-21-31,991.62000011187,282.56100011197805,699.5609999997541,-1,0.2753208634697609,16.48148148148148,0.5975814047171695
Z:\raw_data\C000000018\VIS-012_SW_data_07-July-2026_09-21-31,1001.62000011187,292.56100011197805,699.5609999997541,-1,0.37561685936096906,3.955555555555556,0.887476849137642
Z:\raw_data\C000000018\VIS-012_SW_data_07-July-2026_09-21-31,1011.62000011187,302.56100011197805,699.5609999997541,3,0.373333354686405,4.129930394431555,1.2531480284368293
Z:\raw_data\C000000018\VIS-012_SW_data_07-July-2026_09-21-31,1021.62000011187,312.56100011197805,699.5609999997541,3,0.3999987954724167,4.129930394431555,1.33709533300507
Z:\raw_data\C000000018\VIS-012_SW_data_07-July-2026_09-21-31,1031.62000011187,322.5610001119781,699.5609999997541,3,0.40498277187090914,4.320388349514563,1.3412035830382507
Z:\raw_data\C000000018\VIS-012_SW_data_07-July-2026_09-21-31,1041.62000011187,332.5610001119781,699.5609999997541,3,0.43041799266745856,4.529262086513995,1.3565415799596436
Z:\raw_data\C000000018\VIS-012_SW_data_07-July-2026_09-21-31,1051.62000011187,342.5610001119781,699.5609999997541,3,0.416854837525322,4.759358288770054,1.4823294034751084
Z:\raw_data\C000000018\VIS-012_SW_data_07-July-2026_09-21-31,1061.62000011187,352.5610001119781,699.5609999997541,3,0.4226692864573733,5.297619047619048,1.8488533089365164
Z:\raw_data\C000000018\VIS-012_SW_data_07-July-2026_09-21-31,1071.62000011187,362.5610001119781,699.5609999997541,3,0.4122139419473635,4.759358288770054,1.7307569602250612
Z:\raw_data\C000000018\VIS-012_SW_data_07-July-2026_09-21-31,1081.62000011187,372.5610001119781,699.5609999997541,3,0.4182960471309869,5.297619047619048,1.8577426418099705
Z:\raw_data\C000000018\VIS-012_SW_data_07-July-2026_09-21-31,1091.62000011187,382.56100011197816,699.5609999997541,3,0.41714475006193635,4.759358288770054,1.1003235630857022
Z:\raw_data\C000000018\VIS-012_SW_data_07-July-2026_09-21-31,1101.62000011187,392.56100011197816,699.5609999997541,3,0.40975715906958315,4.759358288770054,0.731826540496609
Z:\raw_data\C000000018\VIS-012_SW_data_07-July-2026_09-21-31,1111.62000011187,402.56100011197816,699.5609999997541,-1,0.46930819925135364,4.759358288770054,0.6798387835475524
Z:\raw_data\C000000019\VIS-027_SW_data_21-July-2026_11-19-20,81.62000011187047,81.62500011175872,1231.1090000001714,0,0.8794689002361297,3.6475409836065578,2.2497142448873877
Z:\raw_data\C000000019\VIS-027_SW_data_21-July-2026_11-19-20,91.62000011187047,91.62500011175871,1231.1090000001714,0,0.883330236502878,3.6475409836065578,2.235479958915949
Z:\raw_data\C000000019\VIS-027_SW_data_21-July-2026_11-19-20,101.62000011187045,101.62500011175871,1231.1090000001714,0,0.8822012577502605,3.7953091684434974,1.3512483659904118
Z:\raw_data\C000000019\VIS-027_SW_data_21-July-2026_11-19-20,111.62000011187045,111.6250001117587,1231.1090000001714,-1,0.869824355550026,3.955555555555556,0.8325730203376178
Z:\raw_data\C000000019\VIS-027_SW_data_21-July-2026_11-19-20,121.62000011187045,121.6250001117587,1231.1090000001714,-1,0.8919723474246016,5.615141955835963,0.6646979782398225
Z:\raw_data\C000000019\VIS-027_SW_data_21-July-2026_11-19-20,131.62000011187044,131.62500011175868,1231.1090000001714,-1,0.7999057465659247,8.768472906403941,0.6861018745945994
Z:\raw_data\C000000019\VIS-027_SW_data_21-July-2026_11-19-20,141.62000011187044,141.62500011175865,1231.1090000001714,-1,0.7224451847470711,8.768472906403941,0.5399197275716046
Z:\raw_data\C000000019\VIS-027_SW_data_21-July-2026_11-19-20,151.62000011187044,151.62500011175868,1231.1090000001714,-1,0.6262566718250061,14.015748031496063,0.5550752663209725
Z:\raw_data\C000000019\VIS-027_SW_data_21-July-2026_11-19-20,161.62000011187044,161.62500011175868,1231.1090000001714,-1,0.4455479705555169,2.247474747474748,0.5718467310447257
Z:\raw_data\C000000019\VIS-027_SW_data_21-July-2026_11-19-20,171.6200001118704,171.62500011175865,1231.1090000001714,-1,0.34813888044148705,20.0,0.5384767989146818
Z:\raw_data\C000000019\VIS-027_SW_data_21-July-2026_11-19-20,181.6200001118704,181.62500011175865,1231.1090000001714,1,0.26075653907561214,-20.0,0.6259089551495102
Z:\raw_data\C000000019\VIS-027_SW_data_21-July-2026_11-19-20,191.6200001118704,191.62500011175865,1231.1090000001714,1,0.22422634999260607,-8.018018018018019,0.8637478861708123
Z:\raw_data\C000000019\VIS-027_SW_data_21-July-2026_11-19-20,201.6200001118704,201.62500011175865,1231.1090000001714,1,0.21358948822762522,-14.015748031496063,1.1919860657064258
Z:\raw_data\C000000019\VIS-027_SW_data_21-July-2026_11-19-20,211.62000011187044,211.62500011175865,1231.1090000001714,1,0.19609969822324583,-5.014084507042254,2.4483867056715556
Z:\raw_data\C000000019\VIS-027_SW_data_21-July-2026_11-19-20,221.62000011187038,221.62500011175862,1231.1090000001714,1,0.20178046205404718,-3.6475409836065578,1.6908000829799783
Z:\raw_data\C000000019\VIS-027_SW_data_21-July-2026_11-19-20,231.62000011187038,231.62500011175862,1231.1090000001714,1,0.20328913765982826,-3.5108481262327422,1.3341060509260165
Z:\raw_data\C000000019\VIS-027_SW_data_21-July-2026_11-19-20,241.6200001118704,241.62500011175862,1231.1090000001714,1,0.21108412144513902,-2.9568106312292364,1.1890964312622516
Z:\raw_data\C000000019\VIS-027_SW_data_21-July-2026_11-19-20,251.6200001118704,251.62500011175865,1231.1090000001714,1,0.2126354816149172,-2.9568106312292364,1.167223794333856
Z:\raw_data\C000000019\VIS-027_SW_data_21-July-2026_11-19-20,261.62000011187035,261.6250001117586,1231.1090000001714,1,0.21819184326575233,-2.7010622154779975,1.4318266809439717
Z:\raw_data\C000000019\VIS-027_SW_data_21-July-2026_11-19-20,271.62000011187035,271.6250001117586,1231.1090000001714,1,0.22256914123303287,-2.9568106312292364,1.4531314055645699
Z:\raw_data\C000000019\VIS-027_SW_data_21-July-2026_11-19-20,281.6200001118704,281.6250001117586,1231.1090000001714,-1,0.2195882777572615,-3.0531732418524875,1.3530906113098433
Z:\raw_data\C000000019\VIS-027_SW_data_21-July-2026_11-19-20,291.6200001118704,291.62500011175865,1231.1090000001714,-1,0.22120955056949543,-2.7010622154779975,0.9456772254826405
Z:\raw_data\C000000019\VIS-027_SW_data_21-July-2026_11-19-20,301.62000011187035,301.6250001117586,1231.1090000001714,-1,0.22799099776015172,-2.7010622154779975,0.8009040379936515
Z:\raw_data\C000000019\VIS-027_SW_data_21-July-2026_11-19-20,311.62000011187035,311.6250001117586,1231.1090000001714,-1,0.24473062444990948,-2.247474747474748,0.8094908773884962
Z:\raw_data\C000000019\VIS-027_SW_data_21-July-2026_11-19-20,321.62000011187035,321.6250001117586,1231.1090000001714,-1,0.2414719483342251,-2.486033519553073,1.0335859470971474
Z:\raw_data\C000000019\VIS-027_SW_data_21-July-2026_11-19-20,331.62000011187035,331.6250001117586,1231.1090000001714,-1,0.24570166558533257,-2.486033519553073,1.8653405152042881
Z:\raw_data\C000000019\VIS-027_SW_data_21-July-2026_11-19-20,341.62000011187035,341.6250001117586,1231.1090000001714,-1,0.2454355596243969,-2.247474747474748,1.0738509049816705
Z:\raw_data\C000000019\VIS-027_SW_data_21-July-2026_11-19-20,351.62000011187035,351.6250001117586,1231.1090000001714,-1,0.24328751132714205,4.529262086513995,0.7426145323767469
Z:\raw_data\C000000019\VIS-027_SW_data_21-July-2026_11-19-20,361.62000011187035,361.6250001117586,1231.1090000001714,-1,0.2454394677370941,20.0,0.4769502965809273
Z:\raw_data\C000000019\VIS-027_SW_data_21-July-2026_11-19-20,371.62000011187035,371.6250001117586,1231.1090000001714,-1,0.26257972820634984,6.846153846153847,0.34375136518032595
Z:\raw_data\C000000019\VIS-027_SW_data_21-July-2026_11-19-20,381.6200001118703,381.62500011175854,1231.1090000001714,-1,0.35805232597210845,-12.191780821917808,0.36072856881611953
Z:\raw_data\C000000019\VIS-027_SW_data_21-July-2026_11-19-20,391.6200001118703,391.62500011175854,1231.1090000001714,-1,0.44878164418529437,-4.529262086513995,0.31482899887488364
Z:\raw_data\C000000019\VIS-027_SW_data_21-July-2026_11-19-20,401.6200001118703,401.62500011175854,1231.1090000001714,-1,0.47579874265136846,-4.529262086513995,0.42709017903058233
Z:\raw_data\C000000019\VIS-027_SW_data_21-July-2026_11-19-20,411.62000011187035,411.62500011175854,1231.1090000001714,-1,0.4765513266891679,-4.529262086513995,1.5429072629150038
Z:\raw_data\C000000019\VIS-027_SW_data_21-July-2026_11-19-20,421.62000011187035,421.6250001117586,1231.1090000001714,-1,0.4703223121321986,-4.529262086513995,1.8486409386234606
Z:\raw_data\C000000019\VIS-027_SW_data_21-July-2026_11-19-20,431.6200001118703,431.62500011175854,1231.1090000001714,-1,0.4714782050211406,-4.759358288770054,1.5773504385101063
Z:\raw_data\C000000019\VIS-027_SW_data_21-July-2026_11-19-20,441.6200001118703,441.62500011175854,1231.1090000001714,-1,0.5019774782316141,-4.529262086513995,1.1810464621515826
Z:\raw_data\C000000019\VIS-027_SW_data_21-July-2026_11-19-20,451.6200001118703,451.62500011175854,1231.1090000001714,-1,0.4862604208459891,-4.529262086513995,1.2948352925138016
Z:\raw_data\C000000019\VIS-027_SW_data_21-July-2026_11-19-20,461.62000011187024,461.6250001117585,1231.1090000001714,-1,0.483555918349943,-4.529262086513995,1.9467325796010386
Z:\raw_data\C000000019\VIS-027_SW_data_21-July-2026_11-19-20,471.6200001118703,471.6250001117585,1231.1090000001714,-1,0.47898927984626816,-4.529262086513995,1.848475422219373
Z:\raw_data\C000000019\VIS-027_SW_data_21-July-2026_11-19-20,481.6200001118703,481.62500011175854,1231.1090000001714,-1,0.4669949132100549,-5.014084507042254,1.9332181028791975
Z:\raw_data\C000000019\VIS-027_SW_data_21-July-2026_11-19-20,491.6200001118703,491.62500011175854,1231.1090000001714,-1,0.4550224480726477,-4.529262086513995,1.5179299710787828
Z:\raw_data\C000000019\VIS-027_SW_data_21-July-2026_11-19-20,501.62000011187024,501.6250001117585,1231.1090000001714,-1,0.4379488846498821,-5.615141955835963,1.1860142418803206
Z:\raw_data\C000000019\VIS-027_SW_data_21-July-2026_11-19-20,511.62000011187024,511.6250001117585,1231.1090000001714,-1,0.41670695347475645,-7.385892116182573,0.6011078315758854
Z:\raw_data\C000000019\VIS-027_SW_data_21-July-2026_11-19-20,521.6200001118702,521.6250001117585,1231.1090000001714,2,0.3681647411506795,-16.48148148148148,0.5963497703168515
Z:\raw_data\C000000019\VIS-027_SW_data_21-July-2026_11-19-20,531.6200001118702,531.6250001117585,1231.1090000001714,2,0.3443479595445076,20.0,1.0881743232071643
Z:\raw_data\C000000019\VIS-027_SW_data_21-July-2026_11-19-20,541.6200001118701,541.6250001117584,1231.1090000001714,2,0.3144446353811846,20.0,1.2415467495725818
Z:\raw_data\C000000019\VIS-027_SW_data_21-July-2026_11-19-20,551.6200001118701,551.6250001117584,1231.1090000001714,2,0.30774955853535646,20.0,1.0971539474668583
Z:\raw_data\C000000019\VIS-027_SW_data_21-July-2026_11-19-20,561.6200001118702,561.6250001117584,1231.1090000001714,2,0.31068745858222646,20.0,0.8634450334979816
Z:\raw_data\C000000019\VIS-027_SW_data_21-July-2026_11-19-20,571.6200001118702,571.6250001117585,1231.1090000001714,2,0.3070044496570718,14.015748031496063,0.8937102320995188
Z:\raw_data\C000000019\VIS-027_SW_data_21-July-2026_11-19-20,581.6200001118702,581.6250001117585,1231.1090000001714,2,0.2718038517448159,8.018018018018019,1.0665511860411763
Z:\raw_data\C000000019\VIS-027_SW_data_21-July-2026_11-19-20,591.6200001118702,591.6250001117585,1231.1090000001714,2,0.2718300717384957,16.48148148148148,1.0220014882203035
Z:\raw_data\C000000019\VIS-027_SW_data_21-July-2026_11-19-20,601.6200001118702,601.6250001117585,1231.1090000001714,2,0.2717844154407909,8.018018018018019,1.2117752212677961
Z:\raw_data\C000000019\VIS-027_SW_data_21-July-2026_11-19-20,611.6200001118701,611.6250001117584,1231.1090000001714,2,0.26959823685366535,1.494542401343409,1.049970701604768
Z:\raw_data\C000000019\VIS-027_SW_data_21-July-2026_11-19-20,621.6200001118701,621.6250001117584,1231.1090000001714,-1,0.2806453964030952,1.9243243243243244,1.026250760995876
Z:\raw_data\C000000019\VIS-027_SW_data_21-July-2026_11-19-20,631.6200001118701,631.6250001117584,1231.1090000001714,-1,0.29554503291662937,1.494542401343409,1.2383530943139165
Z:\raw_data\C000000019\VIS-027_SW_data_21-July-2026_11-19-20,641.6200001118701,641.6250001117584,1231.1090000001714,-1,0.2964223553037649,1.1330362826225335,0.9461177897358559
Z:\raw_data\C000000019\VIS-027_SW_data_21-July-2026_11-19-20,651.6200001118701,651.6250001117584,1231.1090000001714,-1,0.30817106458225096,1.1469072164948455,0.8846769429603866
Z:\raw_data\C000000019\VIS-027_SW_data_21-July-2026_11-19-20,661.6200001118701,661.6250001117584,1231.1090000001714,-1,0.315515670369893,1.494542401343409,0.8429895773135941
Z:\raw_data\C000000019\VIS-027_SW_data_21-July-2026_11-19-20,671.6200001118701,671.6250001117584,1231.1090000001714,-1,0.3012579509307326,4.759358288770054,0.8091377964457801
Z:\raw_data\C000000019\VIS-027_SW_data_21-July-2026_11-19-20,681.6200001118701,681.6250001117583,1231.1090000001714,-1,0.33548974000014264,1.2378303198887344,0.9841444638357735
Z:\raw_data\C000000019\VIS-027_SW_data_21-July-2026_11-19-20,691.6200001118701,691.6250001117584,1231.1090000001714,-1,0.37942683974288216,1.2378303198887344,1.0167053616658186
Z:\raw_data\C000000019\VIS-027_SW_data_21-July-2026_11-19-20,701.6200001118701,701.6250001117584,1231.1090000001714,-1,0.36958337324786333,1.1330362826225335,0.7447773599083236
Z:\raw_data\C000000019\VIS-027_SW_data_21-July-2026_11-19-20,711.6200001118701,711.6250001117584,1231.1090000001714,-1,0.36361576106621885,1.1330362826225335,0.7128314346473323
Z:\raw_data\C000000019\VIS-027_SW_data_21-July-2026_11-19-20,721.6200001118701,721.6250001117584,1231.1090000001714,-1,0.28629406175912503,-1.0,0.7790603803077206
Z:\raw_data\C000000019\VIS-027_SW_data_21-July-2026_11-19-20,731.6200001118701,731.6250001117584,1231.1090000001714,-1,0.3490969873584571,-1.0,0.7473750077559336
Z:\raw_data\C000000019\VIS-027_SW_data_21-July-2026_11-19-20,741.6200001118701,741.6250001117584,1231.1090000001714,-1,0.420358095082718,-1.0,0.80351375053638
Z:\raw_data\C000000019\VIS-027_SW_data_21-July-2026_11-19-20,751.6200001118701,751.6250001117584,1231.1090000001714,-1,0.39044004363234314,-1.0,0.95009444210779
Z:\raw_data\C000000019\VIS-027_SW_data_21-July-2026_11-19-20,761.6200001118701,761.6250001117584,1231.1090000001714,-1,0.3658047750041935,-1.0,0.8452810975565054
Z:\raw_data\C000000019\VIS-027_SW_data_21-July-2026_11-19-20,771.62000011187,771.6250001117583,1231.1090000001714,-1,0.4019305136998211,-1.0,0.5393518862225
Z:\raw_data\C000000019\VIS-027_SW_data_21-July-2026_11-19-20,781.62000011187,781.6250001117583,1231.1090000001714,-1,0.4282076447268732,-1.2544045102184638,0.6007695637352961
Z:\raw_data\C000000019\VIS-027_SW_data_21-July-2026_11-19-20,791.62000011187,791.6250001117583,1231.1090000001714,-1,0.38150160268609923,-2.7812500000000004,0.7770735262443956
Z:\raw_data\C000000019\VIS-027_SW_data_21-July-2026_11-19-20,801.62000011187,801.6250001117583,1231.1090000001714,-1,0.3534859722063794,-2.7010622154779975,0.7894940982588896
Z:\raw_data\C000000019\VIS-027_SW_data_21-July-2026_11-19-20,811.6200001118701,811.6250001117583,1231.1090000001714,-1,0.4116356392710836,-2.7010622154779975,0.7989422580791778
Z:\raw_data\C000000019\VIS-027_SW_data_21-July-2026_11-19-20,821.6200001118701,821.6250001117584,1231.1090000001714,-1,0.3901798578147479,-4.759358288770054,0.7177071310601384
Z:\raw_data\C000000019\VIS-027_SW_data_21-July-2026_11-19-20,831.6200001118701,831.6250001117584,1231.1090000001714,-1,0.2763124413614778,-14.015748031496063,0.9213873997727723
Z:\raw_data\C000000019\VIS-027_SW_data_21-July-2026_11-19-20,841.62000011187,841.6250001117583,1231.1090000001714,-1,0.20827999357821375,-2.7010622154779975,1.1963676636365992
Z:\raw_data\C000000019\VIS-027_SW_data_21-July-2026_11-19-20,851.62000011187,851.6250001117583,1231.1090000001714,-1,0.21162450845169142,-2.7812500000000004,1.1050567557355429
Z:\raw_data\C000000019\VIS-027_SW_data_21-July-2026_11-19-20,861.62000011187,861.6250001117583,1231.1090000001714,-1,0.20879402915269596,-2.247474747474748,1.0379833306390613
Z:\raw_data\C000000019\VIS-027_SW_data_21-July-2026_11-19-20,871.62000011187,871.6250001117583,1231.1090000001714,-1,0.222249748879654,-2.0965842167255597,0.815136227960629
Z:\raw_data\C000000019\VIS-027_SW_data_21-July-2026_11-19-20,881.62000011187,881.6250001117583,1231.1090000001714,-1,0.2269286226626304,-1.3841368584758942,0.8155820627670919
Z:\raw_data\C000000019\VIS-027_SW_data_21-July-2026_11-19-20,891.62000011187,891.6250001117583,1231.1090000001714,-1,0.2018242435118757,-1.2378303198887344,1.0667353974320777
Z:\raw_data\C000000019\VIS-027_SW_data_21-July-2026_11-19-20,901.62000011187,901.6250001117583,1231.1090000001714,-1,0.18787907676672563,-1.7131857555341674,1.097876883756295
Z:\raw_data\C000000019\VIS-027_SW_data_21-July-2026_11-19-20,911.62000011187,911.6250001117583,1231.1090000001714,-1,0.19224312606258367,1.3841368584758942,1.0763625940686408
Z:\raw_data\C000000019\VIS-027_SW_data_21-July-2026_11-19-20,921.62000011187,921.6250001117583,1231.1090000001714,-1,0.2025608247314418,-1.1330362826225335,1.02301522013921
Z:\raw_data\C000000019\VIS-027_SW_data_21-July-2026_11-19-20,931.62000011187,931.6250001117581,1231.1090000001714,-1,0.2109231027357001,-1.1330362826225335,0.9928365933272563
Z:\raw_data\C000000019\VIS-027_SW_data_21-July-2026_11-19-20,941.62000011187,941.6250001117583,1231.1090000001714,-1,0.22389773050022257,-1.5187713310580204,0.9053684946141065
Z:\raw_data\C000000019\VIS-027_SW_data_21-July-2026_11-19-20,951.62000011187,951.6250001117583,1231.1090000001714,-1,0.2164090869659817,-1.6824196597353498,0.9058708741049828
Z:\raw_data\C000000019\VIS-027_SW_data_21-July-2026_11-19-20,961.62000011187,961.6250001117583,1231.1090000001714,-1,0.23899268564039197,-1.6824196597353498,0.9537989298808308
Z:\raw_data\C000000019\VIS-027_SW_data_21-July-2026_11-19-20,971.62000011187,971.6250001117583,1231.1090000001714,-1,0.23968475976670311,-2.3027166882276844,0.777581066336251
Z:\raw_data\C000000019\VIS-027_SW_data_21-July-2026_11-19-20,981.62000011187,981.6250001117583,1231.1090000001714,-1,0.2066275630520114,-20.0,0.8369970768323834
Z:\raw_data\C000000019\VIS-027_SW_data_21-July-2026_11-19-20,991.62000011187,991.6250001117583,1231.1090000001714,-1,0.19050617920732504,1.7131857555341674,0.9832276316470074
Z:\raw_data\C000000019\VIS-027_SW_data_21-July-2026_11-19-20,1001.62000011187,1001.6250001117584,1231.1090000001714,-1,0.20189147909397745,1.6824196597353498,0.8885339211863094
Z:\raw_data\C000000019\VIS-027_SW_data_21-July-2026_11-19-20,1011.62000011187,1011.6250001117584,1231.1090000001714,-1,0.20838978023049679,1.624087591240876,0.9205198317930787
Z:\raw_data\C000000019\VIS-027_SW_data_21-July-2026_11-19-20,1021.62000011187,1021.6250001117584,1231.1090000001714,-1,0.20827907660700545,1.7131857555341674,0.9365878503005203
Z:\raw_data\C000000019\VIS-027_SW_data_21-July-2026_11-19-20,1031.62000011187,1031.6250001117585,1231.1090000001714,-1,0.22221218477478524,20.0,0.9746779080808162
Z:\raw_data\C000000019\VIS-027_SW_data_21-July-2026_11-19-20,1041.62000011187,1041.6250001117585,1231.1090000001714,-1,0.31302493761608147,20.0,0.7828474942919244
Z:\raw_data\C000000019\VIS-027_SW_data_21-July-2026_11-19-20,1051.62000011187,1051.6250001117585,1231.1090000001714,-1,0.34238389225167587,20.0,0.782932149668378
Z:\raw_data\C000000019\VIS-027_SW_data_21-July-2026_11-19-20,1061.62000011187,1061.6250001117585,1231.1090000001714,-1,0.38858551898721855,8.768472906403941,1.0323344235251013
Z:\raw_data\C000000019\VIS-027_SW_data_21-July-2026_11-19-20,1071.62000011187,1071.6250001117585,1231.1090000001714,-1,0.3964676592265825,20.0,0.9237472490862801
Z:\raw_data\C000000019\VIS-027_SW_data_21-July-2026_11-19-20,1081.62000011187,1081.6250001117585,1231.1090000001714,-1,0.3890629643742196,20.0,1.0268187246472924
Z:\raw_data\C000000019\VIS-027_SW_data_21-July-2026_11-19-20,1091.62000011187,1091.6250001117585,1231.1090000001714,-1,0.42906020013255436,8.768472906403941,1.0202475853605668
Z:\raw_data\C000000019\VIS-027_SW_data_21-July-2026_11-19-20,1101.62000011187,1101.6250001117585,1231.1090000001714,-1,0.44914579370949803,8.768472906403941,1.0391713264864149
Z:\raw_data\C000000019\VIS-027_SW_data_21-July-2026_11-19-20,1111.62000011187,1111.6250001117585,1231.1090000001714,-1,0.47767251921401704,20.0,1.1062336064875393
Z:\raw_data\C000000020\VIS-026_SW_data_21-July-2026_10-42-10,81.62000011187047,81.62500011187512,1297.613000000012,0,0.6882676303192872,3.955555555555556,1.9514275815050541
Z:\raw_data\C000000020\VIS-026_SW_data_21-July-2026_10-42-10,91.62000011187047,91.62500011187512,1297.613000000012,0,0.7069453249333717,3.955555555555556,1.7718326735555476
Z:\raw_data\C000000020\VIS-026_SW_data_21-July-2026_10-42-10,101.62000011187045,101.62500011187511,1297.613000000012,0,0.7325006275324948,3.955555555555556,1.2524626023977448
Z:\raw_data\C000000020\VIS-026_SW_data_21-July-2026_10-42-10,111.62000011187045,111.62500011187511,1297.613000000012,0,0.7495352922934014,3.955555555555556,0.6194752150362417
Z:\raw_data\C000000020\VIS-026_SW_data_21-July-2026_10-42-10,121.62000011187045,121.62500011187511,1297.613000000012,0,0.7589398465491592,4.320388349514563,0.5109414925319882
Z:\raw_data\C000000020\VIS-026_SW_data_21-July-2026_10-42-10,131.62000011187044,131.62500011187512,1297.613000000012,0,0.6709944881595875,4.759358288770054,0.46423929659926727
Z:\raw_data\C000000020\VIS-026_SW_data_21-July-2026_10-42-10,141.62000011187044,141.6250001118751,1297.613000000012,0,0.7047073919972586,10.787878787878787,0.4770708541705805
Z:\raw_data\C000000020\VIS-026_SW_data_21-July-2026_10-42-10,151.62000011187044,151.6250001118751,1297.613000000012,-1,0.5015970505928709,16.48148148148148,0.5036679337844889
Z:\raw_data\C000000020\VIS-026_SW_data_21-July-2026_10-42-10,161.62000011187044,161.62500011187512,1297.613000000012,-1,0.43268136981738203,10.787878787878787,0.4970935057028802
Z:\raw_data\C000000020\VIS-026_SW_data_21-July-2026_10-42-10,171.6200001118704,171.6250001118751,1297.613000000012,-1,0.3081869816042415,16.48148148148148,0.8038438341249617
Z:\raw_data\C000000020\VIS-026_SW_data_21-July-2026_10-42-10,181.6200001118704,181.62500011187507,1297.613000000012,-1,0.22181907714670165,20.0,1.065362208189312
Z:\raw_data\C000000020\VIS-026_SW_data_21-July-2026_10-42-10,191.6200001118704,191.6250001118751,1297.613000000012,-1,0.20121277865799703,16.48148148148148,1.018036636377942
Z:\raw_data\C000000020\VIS-026_SW_data_21-July-2026_10-42-10,201.6200001118704,201.6250001118751,1297.613000000012,-1,0.16169498804677485,5.615141955835963,1.0070706606843587
Z:\raw_data\C000000020\VIS-026_SW_data_21-July-2026_10-42-10,211.62000011187044,211.6250001118751,1297.613000000012,-1,0.15506295591219801,5.973154362416108,1.017538444489499
Z:\raw_data\C000000020\VIS-026_SW_data_21-July-2026_10-42-10,221.62000011187038,221.62500011187507,1297.613000000012,-1,0.12477772944201573,16.48148148148148,1.1491510429649103
Z:\raw_data\C000000020\VIS-026_SW_data_21-July-2026_10-42-10,231.62000011187038,231.62500011187507,1297.613000000012,-1,0.11825084511978488,-3.1560283687943267,1.1824874818626667
Z:\raw_data\C000000020\VIS-026_SW_data_21-July-2026_10-42-10,241.6200001118704,241.62500011187507,1297.613000000012,-1,0.12088037497225308,-3.0531732418524875,1.1126577973252285
Z:\raw_data\C000000020\VIS-026_SW_data_21-July-2026_10-42-10,251.6200001118704,251.62500011187504,1297.613000000012,-1,0.11610381950110377,6.846153846153847,1.0177110643200986
Z:\raw_data\C000000020\VIS-026_SW_data_21-July-2026_10-42-10,261.62000011187035,261.625000111875,1297.613000000012,-1,0.12266080144006551,5.973154362416108,0.9781714083370018
Z:\raw_data\C000000020\VIS-026_SW_data_21-July-2026_10-42-10,271.62000011187035,271.625000111875,1297.613000000012,-1,0.1052625956233781,-8.768472906403941,0.937366126969064
Z:\raw_data\C000000020\VIS-026_SW_data_21-July-2026_10-42-10,281.6200001118704,281.625000111875,1297.613000000012,-1,0.10290638079938871,-3.384030418250951,1.0056599312186814
Z:\raw_data\C000000020\VIS-026_SW_data_21-July-2026_10-42-10,291.6200001118704,291.625000111875,1297.613000000012,-1,0.09384117715922083,-3.6475409836065578,1.0742285884965934
Z:\raw_data\C000000020\VIS-026_SW_data_21-July-2026_10-42-10,301.62000011187035,301.625000111875,1297.613000000012,-1,0.1540726395938694,-16.48148148148148,0.8149016591700368
Z:\raw_data\C000000020\VIS-026_SW_data_21-July-2026_10-42-10,311.62000011187035,311.625000111875,1297.613000000012,-1,0.229144705508938,16.48148148148148,0.638910968080799
Z:\raw_data\C000000020\VIS-026_SW_data_21-July-2026_10-42-10,321.62000011187035,321.625000111875,1297.613000000012,-1,0.2655008091442277,3.955555555555556,0.7298007113701521
Z:\raw_data\C000000020\VIS-026_SW_data_21-July-2026_10-42-10,331.62000011187035,331.625000111875,1297.613000000012,-1,0.39041589684758665,16.48148148148148,0.6228264649545244
Z:\raw_data\C000000020\VIS-026_SW_data_21-July-2026_10-42-10,341.62000011187035,341.625000111875,1297.613000000012,-1,0.7270133878081277,16.48148148148148,0.3315255382504098
Z:\raw_data\C000000020\VIS-026_SW_data_21-July-2026_10-42-10,351.62000011187035,351.62500011187495,1297.613000000012,-1,0.7611099640119179,8.768472906403941,0.36597677436776965
Z:\raw_data\C000000020\VIS-026_SW_data_21-July-2026_10-42-10,361.62000011187035,361.625000111875,1297.613000000012,-1,0.7898409014215914,10.787878787878787,0.6578576765402009
Z:\raw_data\C000000020\VIS-026_SW_data_21-July-2026_10-42-10,371.62000011187035,371.625000111875,1297.613000000012,1,0.7872106132363541,8.768472906403941,0.9349573945807015
Z:\raw_data\C000000020\VIS-026_SW_data_21-July-2026_10-42-10,381.6200001118703,381.62500011187495,1297.613000000012,1,0.7750793728858308,8.768472906403941,2.003613535999953
Z:\raw_data\C000000020\VIS-026_SW_data_21-July-2026_10-42-10,391.6200001118703,391.62500011187495,1297.613000000012,1,0.7721366285640087,8.768472906403941,2.207318848749209
Z:\raw_data\C000000020\VIS-026_SW_data_21-July-2026_10-42-10,401.6200001118703,401.62500011187495,1297.613000000012,1,0.7592200172002137,8.768472906403941,2.1519041887331016
Z:\raw_data\C000000020\VIS-026_SW_data_21-July-2026_10-42-10,411.62000011187035,411.62500011187495,1297.613000000012,1,0.7429109542176757,8.018018018018019,2.3075140422039193
Z:\raw_data\C000000020\VIS-026_SW_data_21-July-2026_10-42-10,421.62000011187035,421.62500011187495,1297.613000000012,1,0.7263682527922404,6.846153846153847,2.1011644529265125
Z:\raw_data\C000000020\VIS-026_SW_data_21-July-2026_10-42-10,431.6200001118703,431.62500011187495,1297.613000000012,1,0.7092644834250997,8.018018018018019,1.9104507668895139
Z:\raw_data\C000000020\VIS-026_SW_data_21-July-2026_10-42-10,441.6200001118703,441.62500011187495,1297.613000000012,1,0.6926359615523416,8.018018018018019,2.1355019222418403
Z:\raw_data\C000000020\VIS-026_SW_data_21-July-2026_10-42-10,451.6200001118703,451.62500011187495,1297.613000000012,1,0.6855495568095331,8.768472906403941,1.6566430983550262
Z:\raw_data\C000000020\VIS-026_SW_data_21-July-2026_10-42-10,461.62000011187024,461.6250001118749,1297.613000000012,1,0.6802461418132026,8.768472906403941,0.7785465002064231
Z:\raw_data\C000000020\VIS-026_SW_data_21-July-2026_10-42-10,471.6200001118703,471.6250001118749,1297.613000000012,-1,0.6371979683968212,16.48148148148148,0.6168201309604198
Z:\raw_data\C000000020\VIS-026_SW_data_21-July-2026_10-42-10,481.6200001118703,481.6250001118749,1297.613000000012,-1,0.5075041566944503,5.014084507042254,0.5321246424404271
Z:\raw_data\C000000020\VIS-026_SW_data_21-July-2026_10-42-10,491.6200001118703,491.62500011187495,1297.613000000012,-1,0.43190267308197144,16.48148148148148,0.6132445764516296
Z:\raw_data\C000000020\VIS-026_SW_data_21-July-2026_10-42-10,501.62000011187024,501.62500011187495,1297.613000000012,-1,0.20020828359518733,3.5108481262327422,1.0079676854250723
Z:\raw_data\C000000020\VIS-026_SW_data_21-July-2026_10-42-10,511.62000011187024,511.62500011187495,1297.613000000012,-1,0.1870397692370535,4.129930394431555,0.9940175594600889
Z:\raw_data\C000000020\VIS-026_SW_data_21-July-2026_10-42-10,521.6200001118702,521.625000111875,1297.613000000012,-1,0.15522894581395008,-20.0,0.8850152642852006
Z:\raw_data\C000000020\VIS-026_SW_data_21-July-2026_10-42-10,531.6200001118702,531.625000111875,1297.613000000012,-1,0.12846950256000805,-20.0,0.8870386063724484
Z:\raw_data\C000000020\VIS-026_SW_data_21-July-2026_10-42-10,541.6200001118701,541.6250001118749,1297.613000000012,-1,0.11616736989177093,12.191780821917808,0.9411355055635005
Z:\raw_data\C000000020\VIS-026_SW_data_21-July-2026_10-42-10,551.6200001118701,551.6250001118749,1297.613000000012,-1,0.13982947501843396,-20.0,0.9327014025182941
Z:\raw_data\C000000020\VIS-026_SW_data_21-July-2026_10-42-10,561.6200001118702,561.6250001118749,1297.613000000012,-1,0.16764836695143476,8.768472906403941,0.9114578013813668
Z:\raw_data\C000000020\VIS-026_SW_data_21-July-2026_10-42-10,571.6200001118702,571.6250001118749,1297.613000000012,-1,0.17986495674412445,14.015748031496063,0.9196512823886573
Z:\raw_data\C000000020\VIS-026_SW_data_21-July-2026_10-42-10,581.6200001118702,581.6250001118749,1297.613000000012,-1,0.1809671922433149,1.3069016152716595,0.8739518302693178
Z:\raw_data\C000000020\VIS-026_SW_data_21-July-2026_10-42-10,591.6200001118702,591.6250001118749,1297.613000000012,2,0.19396404246693635,1.2714285714285716,0.8467600771861246
Z:\raw_data\C000000020\VIS-026_SW_data_21-July-2026_10-42-10,601.6200001118702,601.6250001118749,1297.613000000012,2,0.2026479027240657,1.0,0.9760357438626477
Z:\raw_data\C000000020\VIS-026_SW_data_21-July-2026_10-42-10,611.6200001118701,611.6250001118748,1297.613000000012,2,0.2089870432696804,4.129930394431555,1.2219614306593616
Z:\raw_data\C000000020\VIS-026_SW_data_21-July-2026_10-42-10,621.6200001118701,621.6250001118748,1297.613000000012,2,0.21285386553368857,3.7953091684434974,1.2509616729396276
Z:\raw_data\C000000020\VIS-026_SW_data_21-July-2026_10-42-10,631.6200001118701,631.6250001118748,1297.613000000012,2,0.21815074109946836,3.955555555555556,1.362920346813389
Z:\raw_data\C000000020\VIS-026_SW_data_21-July-2026_10-42-10,641.6200001118701,641.6250001118749,1297.613000000012,2,0.22777130524340508,3.955555555555556,1.3178026379355308
Z:\raw_data\C000000020\VIS-026_SW_data_21-July-2026_10-42-10,651.6200001118701,651.6250001118749,1297.613000000012,2,0.2428376642221367,4.320388349514563,1.1682626834650953
Z:\raw_data\C000000020\VIS-026_SW_data_21-July-2026_10-42-10,661.6200001118701,661.6250001118749,1297.613000000012,2,0.2693494556639399,3.955555555555556,1.2404454315903601
Z:\raw_data\C000000020\VIS-026_SW_data_21-July-2026_10-42-10,671.6200001118701,671.6250001118749,1297.613000000012,2,0.2818191202922695,3.955555555555556,1.1343808566162328
Z:\raw_data\C000000020\VIS-026_SW_data_21-July-2026_10-42-10,681.6200001118701,681.6250001118748,1297.613000000012,2,0.28186382477491734,3.955555555555556,1.0054671690416326
Z:\raw_data\C000000020\VIS-026_SW_data_21-July-2026_10-42-10,691.6200001118701,691.6250001118748,1297.613000000012,-1,0.2538924958753473,16.48148148148148,1.0106550209351977
Z:\raw_data\C000000020\VIS-026_SW_data_21-July-2026_10-42-10,701.6200001118701,701.6250001118748,1297.613000000012,-1,0.24867842452543368,4.759358288770054,0.9604919388534088
Z:\raw_data\C000000020\VIS-026_SW_data_21-July-2026_10-42-10,711.6200001118701,711.6250001118748,1297.613000000012,-1,0.2794428916152059,4.529262086513995,0.7210888290238245
Z:\raw_data\C000000020\VIS-026_SW_data_21-July-2026_10-42-10,721.6200001118701,721.6250001118748,1297.613000000012,-1,0.28012559103627793,-8.768472906403941,0.6745151077675408
Z:\raw_data\C000000020\VIS-026_SW_data_21-July-2026_10-42-10,731.6200001118701,731.6250001118748,1297.613000000012,-1,0.27767288674006263,20.0,0.7237733940492279
Z:\raw_data\C000000020\VIS-026_SW_data_21-July-2026_10-42-10,741.6200001118701,741.6250001118748,1297.613000000012,-1,0.21816084726431306,-10.787878787878787,0.7382301141787704
Z:\raw_data\C000000020\VIS-026_SW_data_21-July-2026_10-42-10,751.6200001118701,751.6250001118748,1297.613000000012,-1,0.18143731866815943,-3.955555555555556,0.9709869634606565
Z:\raw_data\C000000020\VIS-026_SW_data_21-July-2026_10-42-10,761.6200001118701,761.6250001118748,1297.613000000012,-1,0.1799650899822892,-3.955555555555556,1.2384518753322598
Z:\raw_data\C000000020\VIS-026_SW_data_21-July-2026_10-42-10,771.62000011187,771.6250001118748,1297.613000000012,-1,0.18247901118521348,-4.320388349514563,1.0267943928182912
Z:\raw_data\C000000020\VIS-026_SW_data_21-July-2026_10-42-10,781.62000011187,781.6250001118748,1297.613000000012,-1,0.15832117691260675,-7.385892116182573,0.8586728517802771
Z:\raw_data\C000000020\VIS-026_SW_data_21-July-2026_10-42-10,791.62000011187,791.6250001118748,1297.613000000012,-1,0.10753623010469182,2.0965842167255597,0.8361076561000322
Z:\raw_data\C000000020\VIS-026_SW_data_21-July-2026_10-42-10,801.62000011187,801.6250001118748,1297.613000000012,-1,0.11767642012216513,2.0506912442396317,0.7175410054146468
Z:\raw_data\C000000020\VIS-026_SW_data_21-July-2026_10-42-10,811.6200001118701,811.6250001118748,1297.613000000012,-1,0.12043113400881851,1.1611219830397914,0.7449817832306692
Z:\raw_data\C000000020\VIS-026_SW_data_21-July-2026_10-42-10,821.6200001118701,821.6250001118748,1297.613000000012,-1,0.12334352392100233,2.247474747474748,0.9654788003012242
Z:\raw_data\C000000020\VIS-026_SW_data_21-July-2026_10-42-10,831.6200001118701,831.6250001118748,1297.613000000012,-1,0.12259009648860437,1.1469072164948455,1.0013954664251574
Z:\raw_data\C000000020\VIS-026_SW_data_21-July-2026_10-42-10,841.62000011187,841.6250001118747,1297.613000000012,-1,0.13843582315471548,1.2544045102184638,1.1151892568129698
Z:\raw_data\C000000020\VIS-026_SW_data_21-July-2026_10-42-10,851.62000011187,851.6250001118747,1297.613000000012,-1,0.14661649887179037,1.1469072164948455,1.3319397196763376
Z:\raw_data\C000000020\VIS-026_SW_data_21-July-2026_10-42-10,861.62000011187,861.6250001118747,1297.613000000012,-1,0.14290306471593603,1.2059620596205962,1.307823089409268
Z:\raw_data\C000000020\VIS-026_SW_data_21-July-2026_10-42-10,871.62000011187,871.6250001118747,1297.613000000012,-1,0.12228817695147835,1.2378303198887344,1.157778299784457
Z:\raw_data\C000000020\VIS-026_SW_data_21-July-2026_10-42-10,881.62000011187,881.6250001118747,1297.613000000012,-1,0.12134157518602909,1.2889210716871833,1.1685362909292283
Z:\raw_data\C000000020\VIS-026_SW_data_21-July-2026_10-42-10,891.62000011187,891.6250001118748,1297.613000000012,-1,0.13572892691320151,1.3069016152716595,1.1023136019826951
Z:\raw_data\C000000020\VIS-026_SW_data_21-July-2026_10-42-10,901.62000011187,901.6250001118748,1297.613000000012,-1,0.1277718335677068,1.3069016152716595,0.97705066979408
Z:\raw_data\C000000020\VIS-026_SW_data_21-July-2026_10-42-10,911.62000011187,911.6250001118748,1297.613000000012,-1,0.11216432537637225,1.3069016152716595,0.939797049540196
Z:\raw_data\C000000020\VIS-026_SW_data_21-July-2026_10-42-10,921.62000011187,921.6250001118748,1297.613000000012,-1,0.11919188627155494,1.363984674329502,0.7126384849582259
Z:\raw_data\C000000020\VIS-026_SW_data_21-July-2026_10-42-10,931.62000011187,931.6250001118747,1297.613000000012,-1,0.09954438964745004,-5.973154362416108,0.6942202871281864
Z:\raw_data\C000000020\VIS-026_SW_data_21-July-2026_10-42-10,941.62000011187,941.6250001118747,1297.613000000012,-1,0.09697652519924485,5.973154362416108,0.9167846427823385
Z:\raw_data\C000000020\VIS-026_SW_data_21-July-2026_10-42-10,951.62000011187,951.6250001118747,1297.613000000012,-1,0.10189607478493683,5.615141955835963,0.9441910422461453
Z:\raw_data\C000000020\VIS-026_SW_data_21-July-2026_10-42-10,961.62000011187,961.6250001118747,1297.613000000012,-1,0.10224458043590438,5.973154362416108,0.9636057297313306
Z:\raw_data\C000000020\VIS-026_SW_data_21-July-2026_10-42-10,971.62000011187,971.6250001118747,1297.613000000012,-1,0.09726474770753957,5.973154362416108,1.0731833832243383
Z:\raw_data\C000000020\VIS-026_SW_data_21-July-2026_10-42-10,981.62000011187,981.6250001118747,1297.613000000012,-1,0.09495769131331856,4.759358288770054,1.0152539603236193
Z:\raw_data\C000000020\VIS-026_SW_data_21-July-2026_10-42-10,991.62000011187,991.6250001118747,1297.613000000012,-1,0.09832935315544605,5.014084507042254,1.0415994611777766
Z:\raw_data\C000000020\VIS-026_SW_data_21-July-2026_10-42-10,1001.62000011187,1001.6250001118747,1297.613000000012,-1,0.09628476500724506,-10.787878787878787,1.1878795581606343
Z:\raw_data\C000000020\VIS-026_SW_data_21-July-2026_10-42-10,1011.62000011187,1011.6250001118748,1297.613000000012,-1,0.08941925964908046,-9.673913043478262,1.058921248466416
Z:\raw_data\C000000020\VIS-026_SW_data_21-July-2026_10-42-10,1021.62000011187,1021.6250001118748,1297.613000000012,-1,0.09735049858699107,-8.768472906403941,0.9578054613187806
Z:\raw_data\C000000020\VIS-026_SW_data_21-July-2026_10-42-10,1031.62000011187,1031.6250001118747,1297.613000000012,-1,0.085655835620664,1.3444108761329308,0.9629024460145563
Z:\raw_data\C000000020\VIS-026_SW_data_21-July-2026_10-42-10,1041.62000011187,1041.6250001118747,1297.613000000012,-1,0.09089598291857809,2.0965842167255597,0.824677232959678
Z:\raw_data\C000000020\VIS-026_SW_data_21-July-2026_10-42-10,1051.62000011187,1051.6250001118747,1297.613000000012,-1,0.09159854502717758,2.0965842167255597,0.907816114130375
Z:\raw_data\C000000020\VIS-026_SW_data_21-July-2026_10-42-10,1061.62000011187,1061.6250001118747,1297.613000000012,-1,0.10369751996267194,-10.787878787878787,1.1809268823567673
Z:\raw_data\C000000020\VIS-026_SW_data_21-July-2026_10-42-10,1071.62000011187,1071.6250001118747,1297.613000000012,-1,0.10476415464986388,-10.787878787878787,1.2098062230316264
Z:\raw_data\C000000020\VIS-026_SW_data_21-July-2026_10-42-10,1081.62000011187,1081.625000111875,1297.613000000012,-1,0.10202257445129208,-10.787878787878787,1.215053017615169
Z:\raw_data\C000000020\VIS-026_SW_data_21-July-2026_10-42-10,1091.62000011187,1091.625000111875,1297.613000000012,-1,0.10195686543018913,-9.673913043478262,1.086368722840778
Z:\raw_data\C000000020\VIS-026_SW_data_21-July-2026_10-42-10,1101.62000011187,1101.625000111875,1297.613000000012,-1,0.10478066007972564,-8.768472906403941,0.9606591289967612
Z:\raw_data\C000000020\VIS-026_SW_data_21-July-2026_10-42-10,1111.62000011187,1111.625000111875,1297.613000000012,-1,0.10421042352423698,-10.787878787878787,0.9875011908976863
Z:\raw_data\C000000021\VIS-024_SW_data_17-July-2026_09-35-47,81.62000011187047,81.62500011222437,835.5720000001602,0,0.7746337036128628,3.26605504587156,3.3946256811244084
Z:\raw_data\C000000021\VIS-024_SW_data_17-July-2026_09-35-47,91.62000011187047,91.62500011222437,835.5720000001602,0,0.7720234422047326,3.26605504587156,1.8951431175514082
Z:\raw_data\C000000021\VIS-024_SW_data_17-July-2026_09-35-47,101.62000011187045,101.62500011222436,835.5720000001602,0,0.7705067165698557,2.9568106312292364,1.5228808853115954
Z:\raw_data\C000000021\VIS-024_SW_data_17-July-2026_09-35-47,111.62000011187045,111.62500011222436,835.5720000001602,0,0.769480915320198,3.26605504587156,1.198792490161557
Z:\raw_data\C000000021\VIS-024_SW_data_17-July-2026_09-35-47,121.62000011187045,121.62500011222436,835.5720000001602,0,0.7660409469365347,3.384030418250951,0.6014070622470384
Z:\raw_data\C000000021\VIS-024_SW_data_17-July-2026_09-35-47,131.62000011187044,131.62500011222437,835.5720000001602,-1,0.7521025846259498,4.129930394431555,0.46266380077091074
Z:\raw_data\C000000021\VIS-024_SW_data_17-July-2026_09-35-47,141.62000011187044,141.62500011222434,835.5720000001602,-1,0.7011881593488407,5.014084507042254,0.35722730316480217
Z:\raw_data\C000000021\VIS-024_SW_data_17-July-2026_09-35-47,151.62000011187044,151.62500011222434,835.5720000001602,-1,0.6562024176994454,20.0,0.46390223785519236
Z:\raw_data\C000000021\VIS-024_SW_data_17-July-2026_09-35-47,161.62000011187044,161.62500011222437,835.5720000001602,-1,0.3420093132753039,-20.0,0.9218820754506099
Z:\raw_data\C000000021\VIS-024_SW_data_17-July-2026_09-35-47,171.6200001118704,171.62500011222434,835.5720000001602,-1,0.31214851276301353,-20.0,0.6947511073163071
Z:\raw_data\C000000021\VIS-024_SW_data_17-July-2026_09-35-47,181.6200001118704,181.6250001122243,835.5720000001602,-1,0.2543333958545286,20.0,0.8127763684668525
Z:\raw_data\C000000021\VIS-024_SW_data_17-July-2026_09-35-47,191.6200001118704,191.62500011222434,835.5720000001602,-1,0.12609348000697945,-1.494542401343409,1.178735500927835
Z:\raw_data\C000000021\VIS-024_SW_data_17-July-2026_09-35-47,201.6200001118704,201.62500011222434,835.5720000001602,-1,0.11893640155561448,1.8855932203389834,1.0914135059041863
Z:\raw_data\C000000021\VIS-024_SW_data_17-July-2026_09-35-47,211.62000011187044,211.62500011222434,835.5720000001602,-1,0.12775968338208238,1.7131857555341674,1.17199625184943
Z:\raw_data\C000000021\VIS-024_SW_data_17-July-2026_09-35-47,221.62000011187038,221.6250001122243,835.5720000001602,-1,0.13254917790836154,1.7782217782217782,1.2993682632740042
Z:\raw_data\C000000021\VIS-024_SW_data_17-July-2026_09-35-47,231.62000011187038,231.6250001122243,835.5720000001602,-1,0.14137968092178735,1.7450980392156865,1.142378952837092
Z:\raw_data\C000000021\VIS-024_SW_data_17-July-2026_09-35-47,241.6200001118704,241.6250001122243,835.5720000001602,-1,0.14437454403360866,1.8483904465212877,0.9894683270665181
Z:\raw_data\C000000021\VIS-024_SW_data_17-July-2026_09-35-47,251.6200001118704,251.62500011222434,835.5720000001602,-1,0.1482304710754294,1.7782217782217782,1.0241654872102015
Z:\raw_data\C000000021\VIS-024_SW_data_17-July-2026_09-35-47,261.62000011187035,261.62500011222426,835.5720000001602,-1,0.1549648615172884,2.0506912442396317,1.0867862617839956
Z:\raw_data\C000000021\VIS-024_SW_data_17-July-2026_09-35-47,271.62000011187035,271.6250001122243,835.5720000001602,-1,0.16308053732043795,2.0965842167255597,1.1146478023295527
Z:\raw_data\C000000021\VIS-024_SW_data_17-July-2026_09-35-47,281.6200001118704,281.6250001122243,835.5720000001602,-1,0.19679112640771462,8.018018018018019,0.9089701901853854
Z:\raw_data\C000000021\VIS-024_SW_data_17-July-2026_09-35-47,291.6200001118704,291.6250001122243,835.5720000001602,-1,0.30279501073763826,3.7953091684434974,0.6970785465875202
Z:\raw_data\C000000021\VIS-024_SW_data_17-July-2026_09-35-47,301.62000011187035,301.62500011222426,835.5720000001602,-1,0.3862368177656094,2.486033519553073,0.7896594749972902
Z:\raw_data\C000000021\VIS-024_SW_data_17-July-2026_09-35-47,311.62000011187035,311.62500011222426,835.5720000001602,-1,0.5107846482480637,16.48148148148148,0.5583681606799863
Z:\raw_data\C000000021\VIS-024_SW_data_17-July-2026_09-35-47,321.62000011187035,321.62500011222426,835.5720000001602,-1,0.7981504501604966,3.7953091684434974,0.27732433458951006
Z:\raw_data\C000000021\VIS-024_SW_data_17-July-2026_09-35-47,331.62000011187035,331.6250001122243,835.5720000001602,-1,0.8274551888118932,3.26605504587156,0.2625064146022753
Z:\raw_data\C000000021\VIS-024_SW_data_17-July-2026_09-35-47,341.62000011187035,341.6250001122243,835.5720000001602,-1,0.8903283792489013,2.866344605475041,0.4713619684752485
Z:\raw_data\C000000021\VIS-024_SW_data_17-July-2026_09-35-47,351.62000011187035,351.62500011222426,835.5720000001602,1,0.8914173567309152,2.866344605475041,1.1633251851005408
Z:\raw_data\C000000021\VIS-024_SW_data_17-July-2026_09-35-47,361.62000011187035,361.62500011222426,835.5720000001602,1,0.8915203713813892,2.866344605475041,3.123305477735673
Z:\raw_data\C000000021\VIS-024_SW_data_17-July-2026_09-35-47,371.62000011187035,371.62500011222426,835.5720000001602,1,0.8911599167566938,2.866344605475041,4.010207037246516
Z:\raw_data\C000000021\VIS-024_SW_data_17-July-2026_09-35-47,381.6200001118703,381.6250001122242,835.5720000001602,1,0.8921561509973573,2.866344605475041,3.9780547841732394
Z:\raw_data\C000000021\VIS-024_SW_data_17-July-2026_09-35-47,391.6200001118703,391.62500011222426,835.5720000001602,1,0.8907606648846871,2.866344605475041,4.567518729299957
Z:\raw_data\C000000021\VIS-024_SW_data_17-July-2026_09-35-47,401.6200001118703,401.62500011222426,835.5720000001602,1,0.8906096559434629,2.866344605475041,4.313063874545337
Z:\raw_data\C000000021\VIS-024_SW_data_17-July-2026_09-35-47,411.62000011187035,411.62500011222426,835.5720000001602,1,0.8890239322905699,2.866344605475041,3.401876111953557
Z:\raw_data\C000000021\VIS-024_SW_data_17-July-2026_09-35-47,421.62000011187035,421.62500011222426,835.5720000001602,1,0.8864430235419856,2.866344605475041,3.42161650000677
Z:\raw_data\C000000021\VIS-024_SW_data_17-July-2026_09-35-47,431.6200001118703,431.6250001122242,835.5720000001602,1,0.8824976306255933,2.866344605475041,2.1577482068423675
Z:\raw_data\C000000021\VIS-024_SW_data_17-July-2026_09-35-47,441.6200001118703,441.6250001122242,835.5720000001602,1,0.8807889222425511,2.866344605475041,0.9587778919648265
Z:\raw_data\C000000021\VIS-024_SW_data_17-July-2026_09-35-47,451.6200001118703,451.62500011222426,835.5720000001602,-1,0.8657897176747604,3.0531732418524875,0.40001050192287757
Z:\raw_data\C000000021\VIS-024_SW_data_17-July-2026_09-35-47,461.62000011187024,461.6250001122242,835.5720000001602,-1,0.8577450716139363,3.0531732418524875,0.21668549666675857
Z:\raw_data\C000000021\VIS-024_SW_data_17-July-2026_09-35-47,471.6200001118703,471.6250001122242,835.5720000001602,-1,0.4969762148525754,3.5108481262327422,0.3136430717904526
Z:\raw_data\C000000021\VIS-024_SW_data_17-July-2026_09-35-47,481.6200001118703,481.6250001122242,835.5720000001602,-1,0.4193476477084689,16.48148148148148,0.7008164347229195
Z:\raw_data\C000000021\VIS-024_SW_data_17-July-2026_09-35-47,491.6200001118703,491.6250001122242,835.5720000001602,-1,0.3254049894467429,9.673913043478262,0.856684951625988
Z:\raw_data\C000000021\VIS-024_SW_data_17-July-2026_09-35-47,501.62000011187024,501.6250001122241,835.5720000001602,-1,0.31161731482871124,-8.018018018018019,0.7694637191541708
Z:\raw_data\C000000021\VIS-024_SW_data_17-July-2026_09-35-47,511.62000011187024,511.62500011222414,835.5720000001602,-1,0.30897081105181523,20.0,0.7640639919775789
Z:\raw_data\C000000021\VIS-024_SW_data_17-July-2026_09-35-47,521.6200001118702,521.6250001122241,835.5720000001602,-1,0.30080569669930285,8.768472906403941,0.8101943687108075
Z:\raw_data\C000000021\VIS-024_SW_data_17-July-2026_09-35-47,531.6200001118702,531.6250001122241,835.5720000001602,-1,0.29245943760962767,-5.014084507042254,0.8841186111658403
Z:\raw_data\C000000021\VIS-024_SW_data_17-July-2026_09-35-47,541.6200001118701,541.625000112224,835.5720000001602,-1,0.3054289595850776,8.768472906403941,0.9773314509855079
Z:\raw_data\C000000021\VIS-024_SW_data_17-July-2026_09-35-47,551.6200001118701,551.625000112224,835.5720000001602,-1,0.32925421382917147,8.018018018018019,0.9766325325977453
Z:\raw_data\C000000021\VIS-024_SW_data_17-July-2026_09-35-47,561.6200001118702,561.625000112224,835.5720000001602,-1,0.32482863648879085,5.014084507042254,1.149776038769603
Z:\raw_data\C000000021\VIS-024_SW_data_17-July-2026_09-35-47,571.6200001118702,571.625000112224,835.5720000001602,-1,0.31919743733770234,5.014084507042254,1.6828552098480472
Z:\raw_data\C000000021\VIS-024_SW_data_17-July-2026_09-35-47,581.6200001118702,581.625000112224,835.5720000001602,-1,0.3181422422309198,5.014084507042254,1.752030556414541
Z:\raw_data\C000000021\VIS-024_SW_data_17-July-2026_09-35-47,591.6200001118702,591.625000112224,835.5720000001602,-1,0.3269811966512604,5.014084507042254,1.6147090438232015
Z:\raw_data\C000000021\VIS-024_SW_data_17-July-2026_09-35-47,601.6200001118702,601.625000112224,835.5720000001602,-1,0.3414874243383938,5.615141955835963,1.4393951677889478
Z:\raw_data\C000000021\VIS-024_SW_data_17-July-2026_09-35-47,611.6200001118701,611.625000112224,835.5720000001602,-1,0.36936102480842625,5.014084507042254,1.4084207321109048
Z:\raw_data\C000000021\VIS-024_SW_data_17-July-2026_09-35-47,621.6200001118701,621.625000112224,835.5720000001602,-1,0.37156344000837016,3.6475409836065578,1.2688041366784188
Z:\raw_data\C000000021\VIS-024_SW_data_17-July-2026_09-35-47,631.6200001118701,631.625000112224,835.5720000001602,-1,0.38560534683261377,3.6475409836065578,0.9394485417874708
Z:\raw_data\C000000021\VIS-024_SW_data_17-July-2026_09-35-47,641.6200001118701,641.625000112224,835.5720000001602,-1,0.3774849076188212,2.9568106312292364,0.7558969514822836
Z:\raw_data\C000000021\VIS-024_SW_data_17-July-2026_09-35-47,651.6200001118701,651.625000112224,835.5720000001602,-1,0.31891170796413465,16.48148148148148,0.7205200768228427
Z:\raw_data\C000000021\VIS-024_SW_data_17-July-2026_09-35-47,661.6200001118701,661.625000112224,835.5720000001602,-1,0.3420832469041647,2.9568106312292364,0.7768881278531846
Z:\raw_data\C000000021\VIS-024_SW_data_17-July-2026_09-35-47,671.6200001118701,671.625000112224,835.5720000001602,-1,0.3620267559156705,3.7953091684434974,0.5388561419348157
Z:\raw_data\C000000021\VIS-024_SW_data_17-July-2026_09-35-47,681.6200001118701,681.6250001122239,835.5720000001602,-1,0.3166175942022673,-1.2216884008236102,0.5225425868774131
Z:\raw_data\C000000021\VIS-024_SW_data_17-July-2026_09-35-47,691.6200001118701,691.6250001122239,835.5720000001602,-1,0.24343817639743012,-16.48148148148148,0.6688451378986126
Z:\raw_data\C000000021\VIS-024_SW_data_17-July-2026_09-35-47,701.6200001118701,701.6250001122239,835.5720000001602,-1,0.2729985883844548,-2.5538020086083217,0.6225117947468086
Z:\raw_data\C000000021\VIS-024_SW_data_17-July-2026_09-35-47,711.6200001118701,711.6250001122239,835.5720000001602,-1,0.27535007155786534,2.9568106312292364,0.754387162517326
Z:\raw_data\C000000021\VIS-024_SW_data_17-July-2026_09-35-47,721.6200001118701,3.061000111978074,835.5720000001602,-1,0.5343819094811816,-20.0,0.5053940484346248
Z:\raw_data\C000000021\VIS-024_SW_data_17-July-2026_09-35-47,731.6200001118701,13.061000111978082,835.5720000001602,-1,0.6073544158167448,8.018018018018019,0.4048674380394727
Z:\raw_data\C000000021\VIS-024_SW_data_17-July-2026_09-35-47,741.6200001118701,23.061000111978093,835.5720000001602,-1,0.6281374356632418,2.486033519553073,0.5815377017726151
Z:\raw_data\C000000021\VIS-024_SW_data_17-July-2026_09-35-47,751.6200001118701,33.0610001119781,835.5720000001602,-1,0.6675642895636861,3.0531732418524875,0.6478448071693713
Z:\raw_data\C000000021\VIS-024_SW_data_17-July-2026_09-35-47,761.6200001118701,43.06100011197811,835.5720000001602,-1,0.6923591586370276,2.1445783132530125,0.8020758217773267
Z:\raw_data\C000000021\VIS-024_SW_data_17-July-2026_09-35-47,771.62000011187,53.061000111978004,835.5720000001602,-1,0.6781946293455285,1.8483904465212877,1.475986680861214
Z:\raw_data\C000000021\VIS-024_SW_data_17-July-2026_09-35-47,781.62000011187,63.06100011197802,835.5720000001602,-1,0.6548900430230002,1.8483904465212877,1.7436593493661592
Z:\raw_data\C000000021\VIS-024_SW_data_17-July-2026_09-35-47,791.62000011187,73.06100011197802,835.5720000001602,-1,0.6472144038905471,1.8483904465212877,1.9742418941575435
Z:\raw_data\C000000021\VIS-024_SW_data_17-July-2026_09-35-47,801.62000011187,83.06100011197803,835.5720000001602,2,0.6353548887544708,3.0531732418524875,1.0187983027206278
Z:\raw_data\C000000021\VIS-024_SW_data_17-July-2026_09-35-47,811.6200001118701,93.06100011197805,835.5720000001602,2,0.7051483074751016,3.7953091684434974,0.6149585610869626
Z:\raw_data\C000000021\VIS-024_SW_data_17-July-2026_09-35-47,821.6200001118701,103.06100011197805,835.5720000001602,2,0.689753238512423,2.486033519553073,0.6398291871761265
Z:\raw_data\C000000021\VIS-024_SW_data_17-July-2026_09-35-47,831.6200001118701,113.06100011197806,835.5720000001602,2,0.7167207120410738,2.5538020086083217,0.45653079489927134
Z:\raw_data\C000000021\VIS-024_SW_data_17-July-2026_09-35-47,841.62000011187,123.06100011197796,835.5720000001602,2,0.8075022235744069,2.1948212083847105,0.42236808492105854
Z:\raw_data\C000000021\VIS-024_SW_data_17-July-2026_09-35-47,851.62000011187,133.06100011197796,835.5720000001602,2,0.811166998798916,2.5538020086083217,0.6021223650618844
Z:\raw_data\C000000021\VIS-024_SW_data_17-July-2026_09-35-47,861.62000011187,143.061000111978,835.5720000001602,2,0.8239232837499304,2.7010622154779975,0.7642432572178718
Z:\raw_data\C000000021\VIS-024_SW_data_17-July-2026_09-35-47,871.62000011187,153.061000111978,835.5720000001602,2,0.8211385762221137,2.866344605475041,1.7665919939885195
Z:\raw_data\C000000021\VIS-024_SW_data_17-July-2026_09-35-47,881.62000011187,163.061000111978,835.5720000001602,2,0.8238172963929037,2.866344605475041,2.3144476141721375
Z:\raw_data\C000000021\VIS-024_SW_data_17-July-2026_09-35-47,891.62000011187,173.061000111978,835.5720000001602,2,0.8237330905392645,2.9568106312292364,2.8643251652868686
Z:\raw_data\C000000021\VIS-024_SW_data_17-July-2026_09-35-47,901.62000011187,183.06100011197802,835.5720000001602,-1,0.824305911782181,2.9568106312292364,4.549774869680132
Z:\raw_data\C000000021\VIS-024_SW_data_17-July-2026_09-35-47,911.62000011187,193.06100011197802,835.5720000001602,-1,0.8239672845326822,2.9568106312292364,5.270497185167135
Z:\raw_data\C000000021\VIS-024_SW_data_17-July-2026_09-35-47,921.62000011187,203.06100011197802,835.5720000001602,-1,0.825513818366783,2.9568106312292364,3.0874425678958572
Z:\raw_data\C000000021\VIS-024_SW_data_17-July-2026_09-35-47,931.62000011187,213.06100011197793,835.5720000001602,-1,0.8235245149493372,2.9568106312292364,1.9768446123784686
Z:\raw_data\C000000021\VIS-024_SW_data_17-July-2026_09-35-47,941.62000011187,223.06100011197793,835.5720000001602,-1,0.822599331531734,2.866344605475041,1.8211251373433932
Z:\raw_data\C000000021\VIS-024_SW_data_17-July-2026_09-35-47,951.62000011187,233.06100011197793,835.5720000001602,-1,0.8268562925308179,2.9568106312292364,0.8624887159139664
Z:\raw_data\C000000021\VIS-024_SW_data_17-July-2026_09-35-47,961.62000011187,243.06100011197796,835.5720000001602,3,0.834710978197008,2.9568106312292364,0.6319818171550625
Z:\raw_data\C000000021\VIS-024_SW_data_17-July-2026_09-35-47,971.62000011187,253.06100011197796,835.5720000001602,3,0.8118524721096136,3.7953091684434974,0.3363645246642233
Z:\raw_data\C000000021\VIS-024_SW_data_17-July-2026_09-35-47,981.62000011187,263.061000111978,835.5720000001602,3,0.8074348730638559,5.297619047619048,0.27617644482387
Z:\raw_data\C000000021\VIS-024_SW_data_17-July-2026_09-35-47,991.62000011187,273.061000111978,835.5720000001602,3,0.6786246593254953,16.48148148148148,0.5190477980002276
Z:\raw_data\C000000021\VIS-024_SW_data_17-July-2026_09-35-47,1001.62000011187,283.061000111978,835.5720000001602,3,0.5425914472437765,-20.0,0.5411348247846114
Z:\raw_data\C000000021\VIS-024_SW_data_17-July-2026_09-35-47,1011.62000011187,293.061000111978,835.5720000001602,3,0.4663069664064413,-20.0,0.6013025276741587
Z:\raw_data\C000000021\VIS-024_SW_data_17-July-2026_09-35-47,1021.62000011187,303.061000111978,835.5720000001602,3,0.24571054492109035,-20.0,0.9368497661701811
Z:\raw_data\C000000021\VIS-024_SW_data_17-July-2026_09-35-47,1031.62000011187,313.061000111978,835.5720000001602,3,0.21888145147528304,-3.0531732418524875,1.0381544561179303
Z:\raw_data\C000000021\VIS-024_SW_data_17-July-2026_09-35-47,1041.62000011187,323.06100011197805,835.5720000001602,3,0.22968766240918068,5.297619047619048,1.0867786313883172
Z:\raw_data\C000000021\VIS-024_SW_data_17-July-2026_09-35-47,1051.62000011187,333.06100011197805,835.5720000001602,3,0.21766794617885674,5.297619047619048,1.2645652091775106
Z:\raw_data\C000000021\VIS-024_SW_data_17-July-2026_09-35-47,1061.62000011187,343.06100011197805,835.5720000001602,-1,0.20420920492890085,5.014084507042254,1.301424856538763
Z:\raw_data\C000000021\VIS-024_SW_data_17-July-2026_09-35-47,1071.62000011187,353.06100011197805,835.5720000001602,-1,0.19094649759233756,8.018018018018019,1.141270221408994
Z:\raw_data\C000000021\VIS-024_SW_data_17-July-2026_09-35-47,1081.62000011187,363.06100011197805,835.5720000001602,-1,0.18588166711928847,5.014084507042254,1.1753051064003865
Z:\raw_data\C000000021\VIS-024_SW_data_17-July-2026_09-35-47,1091.62000011187,373.06100011197805,835.5720000001602,-1,0.19135677646548785,5.615141955835963,1.1802209392385283
Z:\raw_data\C000000021\VIS-024_SW_data_17-July-2026_09-35-47,1101.62000011187,383.0610001119781,835.5720000001602,-1,0.19597936142916106,-7.385892116182573,1.0391049455061672
Z:\raw_data\C000000021\VIS-024_SW_data_17-July-2026_09-35-47,1111.62000011187,393.0610001119781,835.5720000001602,-1,0.2180141030928766,-8.018018018018019,0.856693175348923
Z:\raw_data\C000000022\VIS-023_SW_data_17-July-2026_08-48-06,81.62000011187047,81.6260001118062,900.076999999932,-1,0.7826210974867791,14.015748031496063,0.9655318823663844
Z:\raw_data\C000000022\VIS-023_SW_data_17-July-2026_08-48-06,91.62000011187047,91.6260001118062,900.076999999932,0,0.7712174227071726,-20.0,0.6652316192068717
Z:\raw_data\C000000022\VIS-023_SW_data_17-July-2026_08-48-06,101.62000011187045,101.62600011180619,900.076999999932,0,0.7312329727936095,16.48148148148148,0.6161654146429314
Z:\raw_data\C000000022\VIS-023_SW_data_17-July-2026_08-48-06,111.62000011187045,111.62600011180619,900.076999999932,0,0.6123477209588806,-9.673913043478262,0.6204327504645121
Z:\raw_data\C000000022\VIS-023_SW_data_17-July-2026_08-48-06,121.62000011187045,121.62600011180619,900.076999999932,0,0.5377183097579512,-12.191780821917808,0.6925799702112623
Z:\raw_data\C000000022\VIS-023_SW_data_17-July-2026_08-48-06,131.62000011187044,131.6260001118062,900.076999999932,0,0.3539587166703966,-12.191780821917808,1.0393653315827072
Z:\raw_data\C000000022\VIS-023_SW_data_17-July-2026_08-48-06,141.62000011187044,141.62600011180618,900.076999999932,0,0.3034912555100064,-5.014084507042254,0.9012566097693384
Z:\raw_data\C000000022\VIS-023_SW_data_17-July-2026_08-48-06,151.62000011187044,151.62600011180618,900.076999999932,0,0.26949943422655237,-5.297619047619048,0.8261137009106319
Z:\raw_data\C000000022\VIS-023_SW_data_17-July-2026_08-48-06,161.62000011187044,161.6260001118062,900.076999999932,0,0.22538444902247126,-10.787878787878787,0.9802079695571052
Z:\raw_data\C000000022\VIS-023_SW_data_17-July-2026_08-48-06,171.6200001118704,171.62600011180618,900.076999999932,0,0.15519372968609227,-1.0,1.0446554985489584
Z:\raw_data\C000000022\VIS-023_SW_data_17-July-2026_08-48-06,181.6200001118704,181.62600011180615,900.076999999932,0,0.14527669658915912,-1.0,0.9643218219095343
Z:\raw_data\C000000022\VIS-023_SW_data_17-July-2026_08-48-06,191.6200001118704,191.62600011180618,900.076999999932,-1,0.15254752914266176,-1.0,0.97024116648882
Z:\raw_data\C000000022\VIS-023_SW_data_17-July-2026_08-48-06,201.6200001118704,201.62600011180618,900.076999999932,-1,0.1412863832985133,-1.0,1.0592933013933339
Z:\raw_data\C000000022\VIS-023_SW_data_17-July-2026_08-48-06,211.62000011187044,211.62600011180618,900.076999999932,-1,0.15202359681846492,-1.0,1.0406067740078226
Z:\raw_data\C000000022\VIS-023_SW_data_17-July-2026_08-48-06,221.62000011187038,221.62600011180615,900.076999999932,-1,0.16412464222699283,-1.0,1.0763467180733446
Z:\raw_data\C000000022\VIS-023_SW_data_17-July-2026_08-48-06,231.62000011187038,231.62600011180615,900.076999999932,-1,0.15615481986791657,-1.0,1.0818831272168392
Z:\raw_data\C000000022\VIS-023_SW_data_17-July-2026_08-48-06,241.6200001118704,241.62600011180615,900.076999999932,-1,0.16809113076423293,-10.787878787878787,1.0068353170496949
Z:\raw_data\C000000022\VIS-023_SW_data_17-July-2026_08-48-06,251.6200001118704,251.62600011180615,900.076999999932,-1,0.23206335309644865,-10.787878787878787,0.7744976219959722
Z:\raw_data\C000000022\VIS-023_SW_data_17-July-2026_08-48-06,261.62000011187035,261.6260001118061,900.076999999932,-1,0.30974388984289136,2.0965842167255597,0.6226904956925398
Z:\raw_data\C000000022\VIS-023_SW_data_17-July-2026_08-48-06,271.62000011187035,271.6260001118061,900.076999999932,-1,0.5317530354478995,10.787878787878787,0.4716926654586623
Z:\raw_data\C000000022\VIS-023_SW_data_17-July-2026_08-48-06,281.6200001118704,281.6260001118061,900.076999999932,-1,0.7773390645941478,3.5108481262327422,0.3229104726435672
Z:\raw_data\C000000022\VIS-023_SW_data_17-July-2026_08-48-06,291.6200001118704,291.6260001118061,900.076999999932,-1,0.840060360895033,2.7010622154779975,0.2939075761988442
Z:\raw_data\C000000022\VIS-023_SW_data_17-July-2026_08-48-06,301.62000011187035,301.6260001118061,900.076999999932,-1,0.9029569952141089,2.5538020086083217,0.45142469739217966
Z:\raw_data\C000000022\VIS-023_SW_data_17-July-2026_08-48-06,311.62000011187035,311.6260001118061,900.076999999932,-1,0.9009766656273227,2.625368731563422,1.299953699404255
Z:\raw_data\C000000022\VIS-023_SW_data_17-July-2026_08-48-06,321.62000011187035,321.6260001118061,900.076999999932,-1,0.9022034757872301,2.5538020086083217,3.279129020821002
Z:\raw_data\C000000022\VIS-023_SW_data_17-July-2026_08-48-06,331.62000011187035,331.6260001118061,900.076999999932,-1,0.8993605807384069,2.5538020086083217,4.080534746077971
Z:\raw_data\C000000022\VIS-023_SW_data_17-July-2026_08-48-06,341.62000011187035,341.6260001118061,900.076999999932,-1,0.8984729443896322,2.5538020086083217,4.199247272663229
Z:\raw_data\C000000022\VIS-023_SW_data_17-July-2026_08-48-06,351.62000011187035,351.62600011180604,900.076999999932,-1,0.8930867646627546,2.5538020086083217,3.776180053528479
Z:\raw_data\C000000022\VIS-023_SW_data_17-July-2026_08-48-06,361.62000011187035,361.6260001118061,900.076999999932,-1,0.8833277235907376,2.5538020086083217,2.8369012487316274
Z:\raw_data\C000000022\VIS-023_SW_data_17-July-2026_08-48-06,371.62000011187035,371.6260001118061,900.076999999932,-1,0.8592946758626472,2.5538020086083217,2.2510095600161204
Z:\raw_data\C000000022\VIS-023_SW_data_17-July-2026_08-48-06,381.6200001118703,381.62600011180604,900.076999999932,-1,0.8408619411852737,2.5538020086083217,2.053498751443019
Z:\raw_data\C000000022\VIS-023_SW_data_17-July-2026_08-48-06,391.6200001118703,391.62600011180604,900.076999999932,-1,0.8214080647371081,2.5538020086083217,1.5208999660508993
Z:\raw_data\C000000022\VIS-023_SW_data_17-July-2026_08-48-06,401.6200001118703,401.62600011180604,900.076999999932,-1,0.7969575537897442,2.5538020086083217,0.952738994628478
Z:\raw_data\C000000022\VIS-023_SW_data_17-July-2026_08-48-06,411.62000011187035,411.62600011180604,900.076999999932,-1,0.7529019709730088,2.7010622154779975,0.42716023064671294
Z:\raw_data\C000000022\VIS-023_SW_data_17-July-2026_08-48-06,421.62000011187035,421.6260001118061,900.076999999932,-1,0.6996494966088798,2.7812500000000004,0.3500702939211513
Z:\raw_data\C000000022\VIS-023_SW_data_17-July-2026_08-48-06,431.6200001118703,431.62600011180604,900.076999999932,-1,0.32636743601339946,2.7010622154779975,0.5635419216118669
Z:\raw_data\C000000022\VIS-023_SW_data_17-July-2026_08-48-06,441.6200001118703,441.62600011180604,900.076999999932,-1,0.24713423639703505,7.385892116182573,0.8190040187439911
Z:\raw_data\C000000022\VIS-023_SW_data_17-July-2026_08-48-06,451.6200001118703,451.62600011180604,900.076999999932,1,0.3199671108347681,16.48148148148148,0.8671716087169277
Z:\raw_data\C000000022\VIS-023_SW_data_17-July-2026_08-48-06,461.62000011187024,461.626000111806,900.076999999932,1,0.30578494030722975,20.0,0.9084277777256952
Z:\raw_data\C000000022\VIS-023_SW_data_17-July-2026_08-48-06,471.6200001118703,471.626000111806,900.076999999932,1,0.30893877685900606,20.0,1.2262144631246144
Z:\raw_data\C000000022\VIS-023_SW_data_17-July-2026_08-48-06,481.6200001118703,481.626000111806,900.076999999932,1,0.30573531310258817,20.0,1.371017441067719
Z:\raw_data\C000000022\VIS-023_SW_data_17-July-2026_08-48-06,491.6200001118703,491.62600011180604,900.076999999932,1,0.3517752720728969,16.48148148148148,1.2791227513950456
Z:\raw_data\C000000022\VIS-023_SW_data_17-July-2026_08-48-06,501.62000011187024,501.62600011180604,900.076999999932,1,0.37374854074350006,16.48148148148148,1.22115695496432
Z:\raw_data\C000000022\VIS-023_SW_data_17-July-2026_08-48-06,511.62000011187024,511.62600011180604,900.076999999932,1,0.38167019379713485,16.48148148148148,1.4912998180085335
Z:\raw_data\C000000022\VIS-023_SW_data_17-July-2026_08-48-06,521.6200001118702,521.6260001118061,900.076999999932,1,0.40473784698146464,16.48148148148148,1.454893650988105
Z:\raw_data\C000000022\VIS-023_SW_data_17-July-2026_08-48-06,531.6200001118702,531.6260001118061,900.076999999932,1,0.42146435534154075,20.0,1.5446271026871434
Z:\raw_data\C000000022\VIS-023_SW_data_17-July-2026_08-48-06,541.6200001118701,541.626000111806,900.076999999932,1,0.4451681255811913,20.0,1.6697450761570791
Z:\raw_data\C000000022\VIS-023_SW_data_17-July-2026_08-48-06,551.6200001118701,551.626000111806,900.076999999932,-1,0.4552116617771967,-20.0,1.1256548651807596
Z:\raw_data\C000000022\VIS-023_SW_data_17-July-2026_08-48-06,561.6200001118702,561.626000111806,900.076999999932,-1,0.45536081534953077,-16.48148148148148,0.9689103177499944
Z:\raw_data\C000000022\VIS-023_SW_data_17-July-2026_08-48-06,571.6200001118702,571.626000111806,900.076999999932,-1,0.4274275235072994,20.0,0.6941147121686598
Z:\raw_data\C000000022\VIS-023_SW_data_17-July-2026_08-48-06,581.6200001118702,581.626000111806,900.076999999932,-1,0.48171535738342536,12.191780821917808,0.5978412650374635
Z:\raw_data\C000000022\VIS-023_SW_data_17-July-2026_08-48-06,591.6200001118702,591.626000111806,900.076999999932,-1,0.4678757543797435,-2.625368731563422,0.622980936726564
Z:\raw_data\C000000022\VIS-023_SW_data_17-July-2026_08-48-06,601.6200001118702,601.626000111806,900.076999999932,-1,0.4994236509616141,-6.846153846153847,0.7009216900292432
Z:\raw_data\C000000022\VIS-023_SW_data_17-July-2026_08-48-06,611.6200001118701,611.6260001118059,900.076999999932,-1,0.5646068528927248,3.384030418250951,0.5089505758346444
Z:\raw_data\C000000022\VIS-023_SW_data_17-July-2026_08-48-06,621.6200001118701,621.6260001118059,900.076999999932,-1,0.5463177023517476,12.191780821917808,0.4302575042900483
Z:\raw_data\C000000022\VIS-023_SW_data_17-July-2026_08-48-06,631.6200001118701,631.6260001118059,900.076999999932,-1,0.35010166058097464,-1.7782217782217782,0.684094765376978
Z:\raw_data\C000000022\VIS-023_SW_data_17-July-2026_08-48-06,641.6200001118701,641.626000111806,900.076999999932,-1,0.2777459089412235,-6.3799283154121875,0.8647377308576026
Z:\raw_data\C000000022\VIS-023_SW_data_17-July-2026_08-48-06,651.6200001118701,651.626000111806,900.076999999932,-1,0.24415644059861683,-14.015748031496063,1.0069587824348118
Z:\raw_data\C000000022\VIS-023_SW_data_17-July-2026_08-48-06,661.6200001118701,661.626000111806,900.076999999932,-1,0.1648630352909102,-16.48148148148148,1.3045623424651254
Z:\raw_data\C000000022\VIS-023_SW_data_17-July-2026_08-48-06,671.6200001118701,671.626000111806,900.076999999932,-1,0.2149980971892611,-20.0,1.021497347577537
Z:\raw_data\C000000022\VIS-023_SW_data_17-July-2026_08-48-06,681.6200001118701,681.6260001118059,900.076999999932,-1,0.27921199294092086,14.015748031496063,0.8775856994938698
Z:\raw_data\C000000022\VIS-023_SW_data_17-July-2026_08-48-06,691.6200001118701,691.6260001118059,900.076999999932,-1,0.33062829879545075,12.191780821917808,0.7726210893200132
Z:\raw_data\C000000022\VIS-023_SW_data_17-July-2026_08-48-06,701.6200001118701,701.6260001118059,900.076999999932,-1,0.3773544258047989,1.0933660933660934,0.7178438691320336
Z:\raw_data\C000000022\VIS-023_SW_data_17-July-2026_08-48-06,711.6200001118701,711.6260001118059,900.076999999932,-1,0.5573251741187315,10.787878787878787,0.5373304029060477
Z:\raw_data\C000000022\VIS-023_SW_data_17-July-2026_08-48-06,721.6200001118701,721.6260001118059,900.076999999932,-1,0.7244840892325384,5.297619047619048,0.4046699252381998
Z:\raw_data\C000000022\VIS-023_SW_data_17-July-2026_08-48-06,731.6200001118701,731.6260001118059,900.076999999932,-1,0.7574596272639761,1.7450980392156865,0.48751078526984354
Z:\raw_data\C000000022\VIS-023_SW_data_17-July-2026_08-48-06,741.6200001118701,741.6260001118059,900.076999999932,-1,0.7594659089773096,1.9646799116997795,0.6025276063178782
Z:\raw_data\C000000022\VIS-023_SW_data_17-July-2026_08-48-06,751.6200001118701,751.6260001118059,900.076999999932,2,0.7855530339078557,1.7450980392156865,0.6863804261464037
Z:\raw_data\C000000022\VIS-023_SW_data_17-July-2026_08-48-06,761.6200001118701,761.626000111806,900.076999999932,2,0.7417380168806746,2.0965842167255597,0.9344805444457123
Z:\raw_data\C000000022\VIS-023_SW_data_17-July-2026_08-48-06,771.62000011187,771.6260001118059,900.076999999932,2,0.7464564316530331,1.9646799116997795,1.2759229044764264
Z:\raw_data\C000000022\VIS-023_SW_data_17-July-2026_08-48-06,781.62000011187,781.6260001118059,900.076999999932,2,0.731207286810944,1.9646799116997795,1.8869009657629259
Z:\raw_data\C000000022\VIS-023_SW_data_17-July-2026_08-48-06,791.62000011187,791.6260001118059,900.076999999932,2,0.7208739771414592,1.9646799116997795,2.6395017583534433
Z:\raw_data\C000000022\VIS-023_SW_data_17-July-2026_08-48-06,801.62000011187,801.6260001118059,900.076999999932,2,0.7183569579311696,1.9243243243243244,2.3460835920440344
Z:\raw_data\C000000022\VIS-023_SW_data_17-July-2026_08-48-06,811.6200001118701,811.6260001118059,900.076999999932,2,0.7262169021867864,2.1445783132530125,2.075579060540056
Z:\raw_data\C000000022\VIS-023_SW_data_17-July-2026_08-48-06,821.6200001118701,821.6260001118059,900.076999999932,2,0.7262097705778123,1.9646799116997795,2.2512308087375015
Z:\raw_data\C000000022\VIS-023_SW_data_17-July-2026_08-48-06,831.6200001118701,831.6260001118059,900.076999999932,2,0.7308020843954101,1.8855932203389834,1.729191549353545
Z:\raw_data\C000000022\VIS-023_SW_data_17-July-2026_08-48-06,841.62000011187,841.6260001118058,900.076999999932,2,0.7185979366591285,2.1445783132530125,0.9417867050167479
Z:\raw_data\C000000022\VIS-023_SW_data_17-July-2026_08-48-06,851.62000011187,851.6260001118058,900.076999999932,-1,0.7150217385552624,2.7010622154779975,0.7039459009114283
Z:\raw_data\C000000022\VIS-023_SW_data_17-July-2026_08-48-06,861.62000011187,861.6260001118058,900.076999999932,-1,0.6952183451173983,5.297619047619048,0.5243613317705372
Z:\raw_data\C000000022\VIS-023_SW_data_17-July-2026_08-48-06,871.62000011187,871.6260001118058,900.076999999932,-1,0.829239570758028,6.3799283154121875,0.37161981403057615
Z:\raw_data\C000000022\VIS-023_SW_data_17-July-2026_08-48-06,881.62000011187,881.6260001118058,900.076999999932,-1,0.848086557417169,10.787878787878787,0.4200600489894973
Z:\raw_data\C000000022\VIS-023_SW_data_17-July-2026_08-48-06,891.62000011187,891.6260001118059,900.076999999932,-1,0.9051233372546649,9.673913043478262,0.6470204434035568
Z:\raw_data\C000000022\VIS-023_SW_data_17-July-2026_08-48-06,901.62000011187,901.6260001118059,900.076999999932,-1,0.9179954812681782,12.191780821917808,1.0230986814675456
Z:\raw_data\C000000022\VIS-023_SW_data_17-July-2026_08-48-06,911.62000011187,911.6260001118059,900.076999999932,3,0.9246268024136017,14.015748031496063,1.426877813437679
Z:\raw_data\C000000022\VIS-023_SW_data_17-July-2026_08-48-06,921.62000011187,921.6260001118059,900.076999999932,3,0.926440323246313,14.015748031496063,1.4334914666717127
Z:\raw_data\C000000022\VIS-023_SW_data_17-July-2026_08-48-06,931.62000011187,931.6260001118058,900.076999999932,3,0.9310075619380977,14.015748031496063,1.9950628926300378
Z:\raw_data\C000000022\VIS-023_SW_data_17-July-2026_08-48-06,941.62000011187,1.5440001118690594,900.076999999932,3,0.9288329156879014,14.015748031496063,2.443962146668507
Z:\raw_data\C000000022\VIS-023_SW_data_17-July-2026_08-48-06,951.62000011187,11.544000111869067,900.076999999932,3,0.9237437230845963,9.673913043478262,3.937569036183526
Z:\raw_data\C000000022\VIS-023_SW_data_17-July-2026_08-48-06,961.62000011187,21.544000111869078,900.076999999932,3,0.9222385231754029,14.015748031496063,2.856173511189107
Z:\raw_data\C000000022\VIS-023_SW_data_17-July-2026_08-48-06,971.62000011187,31.544000111869085,900.076999999932,3,0.9209540242260396,14.015748031496063,2.1441742708332976
Z:\raw_data\C000000022\VIS-023_SW_data_17-July-2026_08-48-06,981.62000011187,41.544000111869096,900.076999999932,3,0.9184973159655728,14.015748031496063,1.5066616432831352
Z:\raw_data\C000000022\VIS-023_SW_data_17-July-2026_08-48-06,991.62000011187,51.5440001118691,900.076999999932,3,0.9173789351562188,9.673913043478262,0.8490363331872137
Z:\raw_data\C000000022\VIS-023_SW_data_17-July-2026_08-48-06,1001.62000011187,61.54400011186911,900.076999999932,3,0.9100692292077044,12.191780821917808,0.6319720061326956
Z:\raw_data\C000000022\VIS-023_SW_data_17-July-2026_08-48-06,1011.62000011187,71.54400011186912,900.076999999932,-1,0.8900364406426684,16.48148148148148,0.5303861540751781
Z:\raw_data\C000000022\VIS-023_SW_data_17-July-2026_08-48-06,1021.62000011187,81.54400011186912,900.076999999932,-1,0.8394589835204492,12.191780821917808,0.6512793712108474
Z:\raw_data\C000000022\VIS-023_SW_data_17-July-2026_08-48-06,1031.62000011187,91.54400011186914,900.076999999932,-1,0.7567388173001957,5.014084507042254,0.5662108684972866
Z:\raw_data\C000000022\VIS-023_SW_data_17-July-2026_08-48-06,1041.62000011187,101.54400011186915,900.076999999932,-1,0.7205716074494772,14.015748031496063,0.5120996704466385
Z:\raw_data\C000000022\VIS-023_SW_data_17-July-2026_08-48-06,1051.62000011187,111.54400011186915,900.076999999932,-1,0.5285411380843552,12.191780821917808,0.5429576345652435
Z:\raw_data\C000000022\VIS-023_SW_data_17-July-2026_08-48-06,1061.62000011187,121.54400011186917,900.076999999932,-1,0.447381855445306,14.015748031496063,0.5904385421329061
Z:\raw_data\C000000022\VIS-023_SW_data_17-July-2026_08-48-06,1071.62000011187,131.54400011186917,900.076999999932,-1,0.25712495301397625,-5.297619047619048,0.8395230630550451
Z:\raw_data\C000000022\VIS-023_SW_data_17-July-2026_08-48-06,1081.62000011187,141.5440001118692,900.076999999932,-1,0.224815026134203,1.8483904465212877,0.9162004458551805
Z:\raw_data\C000000022\VIS-023_SW_data_17-July-2026_08-48-06,1091.62000011187,151.5440001118692,900.076999999932,-1,0.24574908556108266,-4.320388349514563,0.9321718883977714
Z:\raw_data\C000000022\VIS-023_SW_data_17-July-2026_08-48-06,1101.62000011187,161.5440001118692,900.076999999932,-1,0.21954271997334573,-3.7953091684434974,0.9587999613803704
Z:\raw_data\C000000022\VIS-023_SW_data_17-July-2026_08-48-06,1111.62000011187,171.54400011186922,900.076999999932,-1,0.21559602150640764,-3.7953091684434974,1.0803802324745915
Z:\raw_data\C000000023\VIS-022_SW_data_14-July-2026_11-41-10,81.62000011187047,81.62500011222437,817.0720000001602,0,0.8866149075445284,2.4217687074829937,1.6424003141288805
Z:\raw_data\C000000023\VIS-022_SW_data_14-July-2026_11-41-10,91.62000011187047,91.62500011222437,817.0720000001602,0,0.8800306363333009,2.486033519553073,1.6351597929400172
Z:\raw_data\C000000023\VIS-022_SW_data_14-July-2026_11-41-10,101.62000011187045,101.62500011222436,817.0720000001602,-1,0.8741856056951517,2.486033519553073,1.9151641100467334
Z:\raw_data\C000000023\VIS-022_SW_data_14-July-2026_11-41-10,111.62000011187045,111.62500011222436,817.0720000001602,-1,0.875635176214745,2.4217687074829937,1.4426956195834837
Z:\raw_data\C000000023\VIS-022_SW_data_14-July-2026_11-41-10,121.62000011187045,121.62500011222436,817.0720000001602,-1,0.8685139241345827,2.486033519553073,1.4026424883560256
Z:\raw_data\C000000023\VIS-022_SW_data_14-July-2026_11-41-10,131.62000011187044,131.62500011222437,817.0720000001602,-1,0.8561663389794196,2.4217687074829937,1.7221794497092424
Z:\raw_data\C000000023\VIS-022_SW_data_14-July-2026_11-41-10,141.62000011187044,141.62500011222434,817.0720000001602,-1,0.8548588143082584,2.486033519553073,1.3450698569021082
Z:\raw_data\C000000023\VIS-022_SW_data_14-July-2026_11-41-10,151.62000011187044,151.62500011222434,817.0720000001602,-1,0.8342446022830844,2.486033519553073,1.210167309197018
Z:\raw_data\C000000023\VIS-022_SW_data_14-July-2026_11-41-10,161.62000011187044,161.62500011222437,817.0720000001602,-1,0.8232543768280917,2.486033519553073,0.8039600966796918
Z:\raw_data\C000000023\VIS-022_SW_data_14-July-2026_11-41-10,171.6200001118704,171.62500011222434,817.0720000001602,-1,0.7847879761667637,2.9568106312292364,0.4416061122094886
Z:\raw_data\C000000023\VIS-022_SW_data_14-July-2026_11-41-10,181.6200001118704,181.6250001122243,817.0720000001602,-1,0.664231210027596,3.384030418250951,0.35215602128225454
Z:\raw_data\C000000023\VIS-022_SW_data_14-July-2026_11-41-10,191.6200001118704,191.62500011222434,817.0720000001602,-1,0.813302811170428,-16.48148148148148,0.40242672050299977
Z:\raw_data\C000000023\VIS-022_SW_data_14-July-2026_11-41-10,201.6200001118704,201.62500011222434,817.0720000001602,-1,0.8143286037786126,20.0,0.3733085705879593
Z:\raw_data\C000000023\VIS-022_SW_data_14-July-2026_11-41-10,211.62000011187044,211.62500011222434,817.0720000001602,-1,0.7629853658813863,20.0,0.46570924842596584
Z:\raw_data\C000000023\VIS-022_SW_data_14-July-2026_11-41-10,221.62000011187038,221.6250001122243,817.0720000001602,-1,0.6018363407693463,-20.0,0.8332496372643055
Z:\raw_data\C000000023\VIS-022_SW_data_14-July-2026_11-41-10,231.62000011187038,231.6250001122243,817.0720000001602,-1,0.5157909911572323,-20.0,0.8302105209163575
Z:\raw_data\C000000023\VIS-022_SW_data_14-July-2026_11-41-10,241.6200001118704,241.6250001122243,817.0720000001602,-1,0.5174378884268258,-5.615141955835963,0.6627260355455211
Z:\raw_data\C000000023\VIS-022_SW_data_14-July-2026_11-41-10,251.6200001118704,251.62500011222434,817.0720000001602,-1,0.43175175157996715,-20.0,0.7123682655390423
Z:\raw_data\C000000023\VIS-022_SW_data_14-July-2026_11-41-10,261.62000011187035,261.62500011222426,817.0720000001602,-1,0.37182890733053203,-4.529262086513995,0.8267303859364469
Z:\raw_data\C000000023\VIS-022_SW_data_14-July-2026_11-41-10,271.62000011187035,271.6250001122243,817.0720000001602,-1,0.27210431103359534,8.768472906403941,0.7832327275046019
Z:\raw_data\C000000023\VIS-022_SW_data_14-July-2026_11-41-10,281.6200001118704,281.6250001122243,817.0720000001602,-1,0.22319660278215706,-5.973154362416108,0.9219080705200488
Z:\raw_data\C000000023\VIS-022_SW_data_14-July-2026_11-41-10,291.6200001118704,291.6250001122243,817.0720000001602,-1,0.2120593343938108,-2.1445783132530125,1.1390398333494718
Z:\raw_data\C000000023\VIS-022_SW_data_14-July-2026_11-41-10,301.62000011187035,301.62500011222426,817.0720000001602,-1,0.18585629348795193,5.297619047619048,1.0090457189866828
Z:\raw_data\C000000023\VIS-022_SW_data_14-July-2026_11-41-10,311.62000011187035,311.62500011222426,817.0720000001602,-1,0.1529376832314523,8.768472906403941,1.0436571700131123
Z:\raw_data\C000000023\VIS-022_SW_data_14-July-2026_11-41-10,321.62000011187035,321.62500011222426,817.0720000001602,-1,0.1402462504593586,-2.1948212083847105,1.2185858476719105
Z:\raw_data\C000000023\VIS-022_SW_data_14-July-2026_11-41-10,331.62000011187035,331.6250001122243,817.0720000001602,-1,0.14598333009720244,-1.5696649029982364,1.102917079443303
Z:\raw_data\C000000023\VIS-022_SW_data_14-July-2026_11-41-10,341.62000011187035,341.6250001122243,817.0720000001602,-1,0.1964554414030082,4.529262086513995,0.8290741482523264
Z:\raw_data\C000000023\VIS-022_SW_data_14-July-2026_11-41-10,351.62000011187035,351.62500011222426,817.0720000001602,-1,0.3440770121719655,20.0,0.6174300848379461
Z:\raw_data\C000000023\VIS-022_SW_data_14-July-2026_11-41-10,361.62000011187035,361.62500011222426,817.0720000001602,-1,0.4275103433736098,-2.866344605475041,0.5678983285012278
Z:\raw_data\C000000023\VIS-022_SW_data_14-July-2026_11-41-10,371.62000011187035,371.62500011222426,817.0720000001602,-1,0.7663909427460828,20.0,0.3104484379563242
Z:\raw_data\C000000023\VIS-022_SW_data_14-July-2026_11-41-10,381.6200001118703,381.6250001122242,817.0720000001602,-1,0.877265855129221,9.673913043478262,0.2334471026920369
Z:\raw_data\C000000023\VIS-022_SW_data_14-July-2026_11-41-10,391.6200001118703,391.62500011222426,817.0720000001602,-1,0.8703196273437925,10.787878787878787,0.37905053278207895
Z:\raw_data\C000000023\VIS-022_SW_data_14-July-2026_11-41-10,401.6200001118703,401.62500011222426,817.0720000001602,1,0.8793877159759228,10.787878787878787,0.6870855793416425
Z:\raw_data\C000000023\VIS-022_SW_data_14-July-2026_11-41-10,411.62000011187035,411.62500011222426,817.0720000001602,1,0.8812621616003998,10.787878787878787,1.5318998563947552
Z:\raw_data\C000000023\VIS-022_SW_data_14-July-2026_11-41-10,421.62000011187035,421.62500011222426,817.0720000001602,1,0.8842177005985467,10.787878787878787,1.9229858177817039
Z:\raw_data\C000000023\VIS-022_SW_data_14-July-2026_11-41-10,431.6200001118703,431.6250001122242,817.0720000001602,1,0.8902952825176065,10.787878787878787,1.7773187228352434
Z:\raw_data\C000000023\VIS-022_SW_data_14-July-2026_11-41-10,441.6200001118703,441.6250001122242,817.0720000001602,1,0.8909951775436107,10.787878787878787,2.4351776815421435
Z:\raw_data\C000000023\VIS-022_SW_data_14-July-2026_11-41-10,451.6200001118703,451.62500011222426,817.0720000001602,1,0.8922275010661366,10.787878787878787,3.4289413096073096
Z:\raw_data\C000000023\VIS-022_SW_data_14-July-2026_11-41-10,461.62000011187024,461.6250001122242,817.0720000001602,1,0.8917739253274516,10.787878787878787,3.025818082792043
Z:\raw_data\C000000023\VIS-022_SW_data_14-July-2026_11-41-10,471.6200001118703,471.6250001122242,817.0720000001602,1,0.8887870290264946,10.787878787878787,3.0933806522299676
Z:\raw_data\C000000023\VIS-022_SW_data_14-July-2026_11-41-10,481.6200001118703,481.6250001122242,817.0720000001602,1,0.8832874607334309,10.787878787878787,2.803643638027515
Z:\raw_data\C000000023\VIS-022_SW_data_14-July-2026_11-41-10,491.6200001118703,491.6250001122242,817.0720000001602,1,0.8750406407781429,10.787878787878787,1.3039548092396882
Z:\raw_data\C000000023\VIS-022_SW_data_14-July-2026_11-41-10,501.62000011187024,501.6250001122241,817.0720000001602,-1,0.8748521516169547,9.673913043478262,0.7234792819952907
Z:\raw_data\C000000023\VIS-022_SW_data_14-July-2026_11-41-10,511.62000011187024,511.62500011222414,817.0720000001602,-1,0.8357078842570722,10.787878787878787,0.4601768754636029
Z:\raw_data\C000000023\VIS-022_SW_data_14-July-2026_11-41-10,521.6200001118702,521.6250001122241,817.0720000001602,-1,0.807813343951416,14.015748031496063,0.46675778242213245
Z:\raw_data\C000000023\VIS-022_SW_data_14-July-2026_11-41-10,531.6200001118702,531.6250001122241,817.0720000001602,-1,0.723292277089374,9.673913043478262,0.7356142468694679
Z:\raw_data\C000000023\VIS-022_SW_data_14-July-2026_11-41-10,541.6200001118701,541.625000112224,817.0720000001602,-1,0.6374090244371687,20.0,0.7948907280789144
Z:\raw_data\C000000023\VIS-022_SW_data_14-July-2026_11-41-10,551.6200001118701,551.625000112224,817.0720000001602,-1,0.6044437015397,9.673913043478262,0.6716551156849094
Z:\raw_data\C000000023\VIS-022_SW_data_14-July-2026_11-41-10,561.6200001118702,561.625000112224,817.0720000001602,-1,0.4879410378495519,20.0,0.8051843343923831
Z:\raw_data\C000000023\VIS-022_SW_data_14-July-2026_11-41-10,571.6200001118702,571.625000112224,817.0720000001602,-1,0.37768993640711185,20.0,0.8591982647795997
Z:\raw_data\C000000023\VIS-022_SW_data_14-July-2026_11-41-10,581.6200001118702,581.625000112224,817.0720000001602,-1,0.4055608384734801,-20.0,0.743640196914654
Z:\raw_data\C000000023\VIS-022_SW_data_14-July-2026_11-41-10,591.6200001118702,591.625000112224,817.0720000001602,-1,0.363525376147121,-20.0,0.9903894204118795
Z:\raw_data\C000000023\VIS-022_SW_data_14-July-2026_11-41-10,601.6200001118702,601.625000112224,817.0720000001602,-1,0.36625497131685847,-20.0,1.1528413607430312
Z:\raw_data\C000000023\VIS-022_SW_data_14-July-2026_11-41-10,611.6200001118701,611.625000112224,817.0720000001602,-1,0.40253338883867174,-3.1560283687943267,0.969578228033791
Z:\raw_data\C000000023\VIS-022_SW_data_14-July-2026_11-41-10,621.6200001118701,621.625000112224,817.0720000001602,-1,0.4265121179817204,-3.1560283687943267,1.1489791778755292
Z:\raw_data\C000000023\VIS-022_SW_data_14-July-2026_11-41-10,631.6200001118701,631.625000112224,817.0720000001602,-1,0.44084222873890505,-2.866344605475041,1.2275068153341087
Z:\raw_data\C000000023\VIS-022_SW_data_14-July-2026_11-41-10,641.6200001118701,641.625000112224,817.0720000001602,-1,0.44932900347391935,-2.866344605475041,1.1333066471189948
Z:\raw_data\C000000023\VIS-022_SW_data_14-July-2026_11-41-10,651.6200001118701,651.625000112224,817.0720000001602,-1,0.4915702745733722,-2.4217687074829937,1.140773567822416
Z:\raw_data\C000000023\VIS-022_SW_data_14-July-2026_11-41-10,661.6200001118701,661.625000112224,817.0720000001602,-1,0.4988041990215,-3.1560283687943267,1.4413744456139455
Z:\raw_data\C000000023\VIS-022_SW_data_14-July-2026_11-41-10,671.6200001118701,671.625000112224,817.0720000001602,-1,0.5080585118833192,-2.866344605475041,1.557014063645843
Z:\raw_data\C000000023\VIS-022_SW_data_14-July-2026_11-41-10,681.6200001118701,681.6250001122239,817.0720000001602,-1,0.517407942116545,-2.866344605475041,1.190677013092129
Z:\raw_data\C000000023\VIS-022_SW_data_14-July-2026_11-41-10,691.6200001118701,691.6250001122239,817.0720000001602,-1,0.5257366617749369,-4.320388349514563,0.8888079208274383
Z:\raw_data\C000000023\VIS-022_SW_data_14-July-2026_11-41-10,701.6200001118701,701.6250001122239,817.0720000001602,-1,0.5152684877114168,16.48148148148148,0.6799493484185977
Z:\raw_data\C000000023\VIS-022_SW_data_14-July-2026_11-41-10,711.6200001118701,711.6250001122239,817.0720000001602,-1,0.47138321078599577,-20.0,0.7223527271980945
Z:\raw_data\C000000023\VIS-022_SW_data_14-July-2026_11-41-10,721.6200001118701,721.6250001122239,817.0720000001602,-1,0.45297917546321725,1.325390915860015,0.6003489832653665
Z:\raw_data\C000000023\VIS-022_SW_data_14-July-2026_11-41-10,731.6200001118701,731.625000112224,817.0720000001602,-1,0.4019830443862016,1.0,0.5512562395665045
Z:\raw_data\C000000023\VIS-022_SW_data_14-July-2026_11-41-10,741.6200001118701,741.625000112224,817.0720000001602,-1,0.5422541904514744,1.0218140068886339,0.4748025086412949
Z:\raw_data\C000000023\VIS-022_SW_data_14-July-2026_11-41-10,751.6200001118701,751.625000112224,817.0720000001602,-1,0.597786929033787,1.0,0.3957012175844274
Z:\raw_data\C000000023\VIS-022_SW_data_14-July-2026_11-41-10,761.6200001118701,761.625000112224,817.0720000001602,-1,0.633650057626058,1.3444108761329308,0.6260367138377488
Z:\raw_data\C000000023\VIS-022_SW_data_14-July-2026_11-41-10,771.62000011187,771.6250001122239,817.0720000001602,-1,0.6395722459533854,2.486033519553073,0.6189951026718129
Z:\raw_data\C000000023\VIS-022_SW_data_14-July-2026_11-41-10,781.62000011187,781.6250001122239,817.0720000001602,-1,0.7292196160138106,2.486033519553073,0.637017681924975
Z:\raw_data\C000000023\VIS-022_SW_data_14-July-2026_11-41-10,791.62000011187,791.6250001122239,817.0720000001602,-1,0.7337148956089081,3.5108481262327422,0.9953695796697628
Z:\raw_data\C000000023\VIS-022_SW_data_14-July-2026_11-41-10,801.62000011187,801.6250001122239,817.0720000001602,-1,0.793520318121131,3.5108481262327422,0.7543131863989172
Z:\raw_data\C000000023\VIS-022_SW_data_14-July-2026_11-41-10,811.6200001118701,811.6250001122239,817.0720000001602,-1,0.8178493977494171,3.1560283687943267,0.8030582818260354
Z:\raw_data\C000000023\VIS-022_SW_data_14-July-2026_11-41-10,821.6200001118701,821.6250001122239,817.0720000001602,-1,0.8355278127422929,3.5108481262327422,0.6036052867104571
Z:\raw_data\C000000023\VIS-022_SW_data_14-July-2026_11-41-10,831.6200001118701,831.6250001122239,817.0720000001602,2,0.8941800526552228,2.5538020086083217,0.48799921947057373
Z:\raw_data\C000000023\VIS-022_SW_data_14-July-2026_11-41-10,841.62000011187,841.6250001122238,817.0720000001602,2,0.8971287272647076,2.625368731563422,0.6341644418367165
Z:\raw_data\C000000023\VIS-022_SW_data_14-July-2026_11-41-10,851.62000011187,851.6250001122239,817.0720000001602,2,0.8932090826001221,2.4217687074829937,0.9011785810402575
Z:\raw_data\C000000023\VIS-022_SW_data_14-July-2026_11-41-10,861.62000011187,1.0490001118736991,817.0720000001602,2,0.8781288632707319,2.7010622154779975,1.484142516641709
Z:\raw_data\C000000023\VIS-022_SW_data_14-July-2026_11-41-10,871.62000011187,11.049000111873708,817.0720000001602,2,0.8753247798074762,2.7812500000000004,2.0493287949454673
Z:\raw_data\C000000023\VIS-022_SW_data_14-July-2026_11-41-10,881.62000011187,21.049000111873717,817.0720000001602,2,0.8760434231742968,2.7812500000000004,2.896999252186454
Z:\raw_data\C000000023\VIS-022_SW_data_14-July-2026_11-41-10,891.62000011187,31.049000111873724,817.0720000001602,2,0.8770989701912015,2.7812500000000004,2.3002521354661494
Z:\raw_data\C000000023\VIS-022_SW_data_14-July-2026_11-41-10,901.62000011187,41.04900011187374,817.0720000001602,2,0.8759221036722681,2.7812500000000004,2.2068270718017917
Z:\raw_data\C000000023\VIS-022_SW_data_14-July-2026_11-41-10,911.62000011187,51.049000111873745,817.0720000001602,2,0.8757384350449253,2.7812500000000004,2.561152162391468
Z:\raw_data\C000000023\VIS-022_SW_data_14-July-2026_11-41-10,921.62000011187,61.04900011187375,817.0720000001602,2,0.8741887823280534,2.7812500000000004,1.862024858053175
Z:\raw_data\C000000023\VIS-022_SW_data_14-July-2026_11-41-10,931.62000011187,71.04900011187365,817.0720000001602,-1,0.8696085734353931,2.7812500000000004,1.7917646813174293
Z:\raw_data\C000000023\VIS-022_SW_data_14-July-2026_11-41-10,941.62000011187,81.04900011187365,817.0720000001602,-1,0.8684847732298127,2.7812500000000004,1.0131689738060141
Z:\raw_data\C000000023\VIS-022_SW_data_14-July-2026_11-41-10,951.62000011187,91.04900011187367,817.0720000001602,-1,0.8591993591962185,2.9568106312292364,0.6068773672238608
Z:\raw_data\C000000023\VIS-022_SW_data_14-July-2026_11-41-10,961.62000011187,101.04900011187368,817.0720000001602,-1,0.809539916118297,3.384030418250951,0.37843305245776215
Z:\raw_data\C000000023\VIS-022_SW_data_14-July-2026_11-41-10,971.62000011187,111.04900011187368,817.0720000001602,-1,0.8244788504013222,9.673913043478262,0.30326495581150326
Z:\raw_data\C000000023\VIS-022_SW_data_14-July-2026_11-41-10,981.62000011187,121.0490001118737,817.0720000001602,-1,0.78723593008526,20.0,0.30870011778698203
Z:\raw_data\C000000023\VIS-022_SW_data_14-July-2026_11-41-10,991.62000011187,131.0490001118737,817.0720000001602,-1,0.7969149859050179,-20.0,0.4760122331791184
Z:\raw_data\C000000023\VIS-022_SW_data_14-July-2026_11-41-10,1001.62000011187,141.0490001118737,817.0720000001602,-1,0.7054899315432304,20.0,0.7731296331545608
Z:\raw_data\C000000023\VIS-022_SW_data_14-July-2026_11-41-10,1011.62000011187,151.0490001118737,817.0720000001602,-1,0.688063490137679,10.787878787878787,0.7450960509522138
Z:\raw_data\C000000023\VIS-022_SW_data_14-July-2026_11-41-10,1021.62000011187,161.04900011187374,817.0720000001602,-1,0.5726080149127464,20.0,0.6067504179265067
Z:\raw_data\C000000023\VIS-022_SW_data_14-July-2026_11-41-10,1031.62000011187,171.04900011187374,817.0720000001602,-1,0.5093856207178629,20.0,0.6835723361658879
Z:\raw_data\C000000023\VIS-022_SW_data_14-July-2026_11-41-10,1041.62000011187,181.04900011187374,817.0720000001602,-1,0.36982798485027724,4.320388349514563,0.9496210882830735
Z:\raw_data\C000000023\VIS-022_SW_data_14-July-2026_11-41-10,1051.62000011187,191.04900011187377,817.0720000001602,-1,0.3407973584721116,5.973154362416108,0.8765287002615136
Z:\raw_data\C000000023\VIS-022_SW_data_14-July-2026_11-41-10,1061.62000011187,201.04900011187377,817.0720000001602,-1,0.2739916537570227,5.973154362416108,1.0409806734529874
Z:\raw_data\C000000023\VIS-022_SW_data_14-July-2026_11-41-10,1071.62000011187,211.04900011187377,817.0720000001602,-1,0.17586795732245805,4.529262086513995,1.1299562599680135
Z:\raw_data\C000000023\VIS-022_SW_data_14-July-2026_11-41-10,1081.62000011187,221.0490001118738,817.0720000001602,-1,0.17772169413957178,4.529262086513995,1.0501830353793922
Z:\raw_data\C000000023\VIS-022_SW_data_14-July-2026_11-41-10,1091.62000011187,231.0490001118738,817.0720000001602,3,0.1478002401162857,4.529262086513995,1.1496696200144796
Z:\raw_data\C000000023\VIS-022_SW_data_14-July-2026_11-41-10,1101.62000011187,241.0490001118738,817.0720000001602,3,0.13112843626478818,4.529262086513995,1.1616523959770981
Z:\raw_data\C000000023\VIS-022_SW_data_14-July-2026_11-41-10,1111.62000011187,251.04900011187382,817.0720000001602,3,0.13119123587528916,4.320388349514563,1.0707485285874174
Z:\raw_data\C000000025\VIS-025_SW_data_21-July-2026_09-53-09,81.62000011187047,81.62600011192262,792.0669999998063,0,0.8486466289987236,3.384030418250951,1.151339938687481
Z:\raw_data\C000000025\VIS-025_SW_data_21-July-2026_09-53-09,91.62000011187047,91.62600011192262,792.0669999998063,0,0.8339910438587727,3.5108481262327422,0.747247892077968
Z:\raw_data\C000000025\VIS-025_SW_data_21-July-2026_09-53-09,101.62000011187045,101.62600011192262,792.0669999998063,0,0.8240373571717584,3.384030418250951,0.6884637074870983
Z:\raw_data\C000000025\VIS-025_SW_data_21-July-2026_09-53-09,111.62000011187045,111.62600011192261,792.0669999998063,-1,0.7421545364843831,3.5108481262327422,0.7348670187052415
Z:\raw_data\C000000025\VIS-025_SW_data_21-July-2026_09-53-09,121.62000011187045,121.62600011192261,792.0669999998063,-1,0.733485078394885,5.973154362416108,0.7597326272679076
Z:\raw_data\C000000025\VIS-025_SW_data_21-July-2026_09-53-09,131.62000011187044,131.6260001119226,792.0669999998063,-1,0.6650941888296089,7.385892116182573,0.8155418005339309
Z:\raw_data\C000000025\VIS-025_SW_data_21-July-2026_09-53-09,141.62000011187044,141.6260001119226,792.0669999998063,-1,0.6645618281307608,6.846153846153847,0.6397317527388521
Z:\raw_data\C000000025\VIS-025_SW_data_21-July-2026_09-53-09,151.62000011187044,151.6260001119226,792.0669999998063,-1,0.567135655884239,16.48148148148148,0.5672622009873609
Z:\raw_data\C000000025\VIS-025_SW_data_21-July-2026_09-53-09,161.62000011187044,161.6260001119226,792.0669999998063,-1,0.45793975139573667,2.9568106312292364,0.5460713063358199
Z:\raw_data\C000000025\VIS-025_SW_data_21-July-2026_09-53-09,171.6200001118704,171.6260001119226,792.0669999998063,-1,0.34097990694945973,14.015748031496063,0.6810460284175776
Z:\raw_data\C000000025\VIS-025_SW_data_21-July-2026_09-53-09,181.6200001118704,181.62600011192256,792.0669999998063,-1,0.1658704351300397,2.3027166882276844,0.9401502717059689
Z:\raw_data\C000000025\VIS-025_SW_data_21-July-2026_09-53-09,191.6200001118704,191.62600011192256,792.0669999998063,-1,0.16024000804551117,2.360742705570292,0.9039693503952558
Z:\raw_data\C000000025\VIS-025_SW_data_21-July-2026_09-53-09,201.6200001118704,201.6260001119226,792.0669999998063,-1,0.1529654605034443,-20.0,1.010886111434262
Z:\raw_data\C000000025\VIS-025_SW_data_21-July-2026_09-53-09,211.62000011187044,211.6260001119226,792.0669999998063,-1,0.1573825316232028,-20.0,1.1491289674603606
Z:\raw_data\C000000025\VIS-025_SW_data_21-July-2026_09-53-09,221.62000011187038,221.62600011192254,792.0669999998063,-1,0.17104945780491124,-20.0,1.2010088476709666
Z:\raw_data\C000000025\VIS-025_SW_data_21-July-2026_09-53-09,231.62000011187038,231.62600011192256,792.0669999998063,-1,0.15911809604374216,-16.48148148148148,1.3792197174228136
Z:\raw_data\C000000025\VIS-025_SW_data_21-July-2026_09-53-09,241.6200001118704,241.62600011192256,792.0669999998063,-1,0.17345710225657163,-14.015748031496063,1.2291197105038338
Z:\raw_data\C000000025\VIS-025_SW_data_21-July-2026_09-53-09,251.6200001118704,251.62600011192254,792.0669999998063,-1,0.19822865113288576,-16.48148148148148,0.9385789137369522
Z:\raw_data\C000000025\VIS-025_SW_data_21-July-2026_09-53-09,261.62000011187035,261.6260001119225,792.0669999998063,-1,0.27168932414224095,-8.768472906403941,0.8321731857539092
Z:\raw_data\C000000025\VIS-025_SW_data_21-July-2026_09-53-09,271.62000011187035,271.6260001119225,792.0669999998063,-1,0.35268744400971813,-14.015748031496063,0.6866522121595979
Z:\raw_data\C000000025\VIS-025_SW_data_21-July-2026_09-53-09,281.6200001118704,281.6260001119225,792.0669999998063,-1,0.574086365852186,20.0,0.3823074423401343
Z:\raw_data\C000000025\VIS-025_SW_data_21-July-2026_09-53-09,291.6200001118704,291.6260001119225,792.0669999998063,-1,0.6205554669196894,2.3027166882276844,0.3384203216220377
Z:\raw_data\C000000025\VIS-025_SW_data_21-July-2026_09-53-09,301.62000011187035,301.62600011192245,792.0669999998063,-1,0.7403588598322801,3.384030418250951,0.48290596197451663
Z:\raw_data\C000000025\VIS-025_SW_data_21-July-2026_09-53-09,311.62000011187035,311.6260001119225,792.0669999998063,1,0.7332818157432966,3.6475409836065578,0.7463231842819519
Z:\raw_data\C000000025\VIS-025_SW_data_21-July-2026_09-53-09,321.62000011187035,321.6260001119225,792.0669999998063,1,0.741477817290851,4.759358288770054,1.219500067203615
Z:\raw_data\C000000025\VIS-025_SW_data_21-July-2026_09-53-09,331.62000011187035,331.6260001119225,792.0669999998063,1,0.7429543555524345,4.759358288770054,1.451081646215377
Z:\raw_data\C000000025\VIS-025_SW_data_21-July-2026_09-53-09,341.62000011187035,341.6260001119225,792.0669999998063,1,0.7292838094386811,3.7953091684434974,2.2531226597653258
Z:\raw_data\C000000025\VIS-025_SW_data_21-July-2026_09-53-09,351.62000011187035,351.62600011192245,792.0669999998063,1,0.7076460675780787,4.759358288770054,2.1472302723795886
Z:\raw_data\C000000025\VIS-025_SW_data_21-July-2026_09-53-09,361.62000011187035,361.62600011192245,792.0669999998063,1,0.6893114074520108,4.759358288770054,2.3181286366561813
Z:\raw_data\C000000025\VIS-025_SW_data_21-July-2026_09-53-09,371.62000011187035,371.6260001119225,792.0669999998063,1,0.6846331064330088,4.529262086513995,2.2195031453574505
Z:\raw_data\C000000025\VIS-025_SW_data_21-July-2026_09-53-09,381.6200001118703,381.62600011192245,792.0669999998063,1,0.6756433747086198,4.529262086513995,2.2620801115421423
Z:\raw_data\C000000025\VIS-025_SW_data_21-July-2026_09-53-09,391.6200001118703,391.62600011192245,792.0669999998063,1,0.6661749833012284,4.320388349514563,1.816429829410602
Z:\raw_data\C000000025\VIS-025_SW_data_21-July-2026_09-53-09,401.6200001118703,401.62600011192245,792.0669999998063,1,0.6549880475200709,4.529262086513995,1.071265538237174
Z:\raw_data\C000000025\VIS-025_SW_data_21-July-2026_09-53-09,411.62000011187035,411.62600011192245,792.0669999998063,-1,0.6400907162628667,4.529262086513995,0.7695121552524011
Z:\raw_data\C000000025\VIS-025_SW_data_21-July-2026_09-53-09,421.62000011187035,421.62600011192245,792.0669999998063,-1,0.5930489054657738,4.529262086513995,0.5603649555682132
Z:\raw_data\C000000025\VIS-025_SW_data_21-July-2026_09-53-09,431.6200001118703,431.62600011192245,792.0669999998063,-1,0.545759379044216,14.015748031496063,0.6203380536967904
Z:\raw_data\C000000025\VIS-025_SW_data_21-July-2026_09-53-09,441.6200001118703,441.62600011192245,792.0669999998063,-1,0.43445082431212984,20.0,0.6894787039434891
Z:\raw_data\C000000025\VIS-025_SW_data_21-July-2026_09-53-09,451.6200001118703,451.62600011192245,792.0669999998063,-1,0.4018561203088563,16.48148148148148,0.8931438922735079
Z:\raw_data\C000000025\VIS-025_SW_data_21-July-2026_09-53-09,461.62000011187024,461.6260001119224,792.0669999998063,-1,0.287950689009398,20.0,1.1315450174029802
Z:\raw_data\C000000025\VIS-025_SW_data_21-July-2026_09-53-09,471.6200001118703,471.6260001119224,792.0669999998063,-1,0.29635331684019806,2.3027166882276844,1.0846509430641582
Z:\raw_data\C000000025\VIS-025_SW_data_21-July-2026_09-53-09,481.6200001118703,481.6260001119224,792.0669999998063,-1,0.3231769578398454,2.486033519553073,1.237779826392013
Z:\raw_data\C000000025\VIS-025_SW_data_21-July-2026_09-53-09,491.6200001118703,491.62600011192245,792.0669999998063,-1,0.35667885133904037,3.1560283687943267,1.2325931982310352
Z:\raw_data\C000000025\VIS-025_SW_data_21-July-2026_09-53-09,501.62000011187024,501.6260001119224,792.0669999998063,-1,0.3480255812819578,16.48148148148148,1.307469876894732
Z:\raw_data\C000000025\VIS-025_SW_data_21-July-2026_09-53-09,511.62000011187024,511.6260001119224,792.0669999998063,-1,0.3661361903820852,7.385892116182573,1.1197004516903375
Z:\raw_data\C000000025\VIS-025_SW_data_21-July-2026_09-53-09,521.6200001118702,521.6260001119224,792.0669999998063,-1,0.37040046144697925,16.48148148148148,1.0165694678651547
Z:\raw_data\C000000025\VIS-025_SW_data_21-July-2026_09-53-09,531.6200001118702,531.6260001119224,792.0669999998063,-1,0.39619168180651937,-9.673913043478262,0.9791555095211736
Z:\raw_data\C000000025\VIS-025_SW_data_21-July-2026_09-53-09,541.6200001118701,541.6260001119223,792.0669999998063,-1,0.44821142972845873,-3.7953091684434974,0.9846046534432643
Z:\raw_data\C000000025\VIS-025_SW_data_21-July-2026_09-53-09,551.6200001118701,551.6260001119223,792.0669999998063,-1,0.4733972106518897,-3.26605504587156,0.6491554140615744
Z:\raw_data\C000000025\VIS-025_SW_data_21-July-2026_09-53-09,561.6200001118702,561.6260001119223,792.0669999998063,-1,0.49054927268197396,-7.385892116182573,0.6067056015884384
Z:\raw_data\C000000025\VIS-025_SW_data_21-July-2026_09-53-09,571.6200001118702,571.6260001119223,792.0669999998063,-1,0.4128566427647765,16.48148148148148,0.8036779007574814
Z:\raw_data\C000000025\VIS-025_SW_data_21-July-2026_09-53-09,581.6200001118702,581.6260001119223,792.0669999998063,-1,0.46329349241437284,-1.9243243243243244,0.5892654602222553
Z:\raw_data\C000000025\VIS-025_SW_data_21-July-2026_09-53-09,591.6200001118702,591.6260001119224,792.0669999998063,-1,0.4869119514083004,-2.360742705570292,0.6026199125332654
Z:\raw_data\C000000025\VIS-025_SW_data_21-July-2026_09-53-09,601.6200001118702,601.6260001119224,792.0669999998063,-1,0.3462250049107765,-5.973154362416108,0.7176369149380035
Z:\raw_data\C000000025\VIS-025_SW_data_21-July-2026_09-53-09,611.6200001118701,611.6260001119223,792.0669999998063,-1,0.3684636926056409,-2.4217687074829937,0.7190203409771948
Z:\raw_data\C000000025\VIS-025_SW_data_21-July-2026_09-53-09,621.6200001118701,621.6260001119223,792.0669999998063,-1,0.3675496533181699,-2.1948212083847105,0.9583398496180427
Z:\raw_data\C000000025\VIS-025_SW_data_21-July-2026_09-53-09,631.6200001118701,631.6260001119223,792.0669999998063,-1,0.30863235155577845,-2.360742705570292,1.2302317444201678
Z:\raw_data\C000000025\VIS-025_SW_data_21-July-2026_09-53-09,641.6200001118701,641.6260001119223,792.0669999998063,-1,0.29258032932176675,-2.3027166882276844,0.9931086576234939
Z:\raw_data\C000000025\VIS-025_SW_data_21-July-2026_09-53-09,651.6200001118701,651.6260001119223,792.0669999998063,-1,0.2880073260754344,-2.360742705570292,0.711690266405727
Z:\raw_data\C000000025\VIS-025_SW_data_21-July-2026_09-53-09,661.6200001118701,661.6260001119223,792.0669999998063,-1,0.4504744519376707,-12.191780821917808,0.48203251628701
Z:\raw_data\C000000025\VIS-025_SW_data_21-July-2026_09-53-09,671.6200001118701,671.6260001119223,792.0669999998063,-1,0.5008747318327241,8.768472906403941,0.4547621508324689
Z:\raw_data\C000000025\VIS-025_SW_data_21-July-2026_09-53-09,681.6200001118701,681.6260001119222,792.0669999998063,-1,0.4809092086609206,8.018018018018019,0.5822284612843814
Z:\raw_data\C000000025\VIS-025_SW_data_21-July-2026_09-53-09,691.6200001118701,691.6260001119222,792.0669999998063,-1,0.4591260123014814,2.3027166882276844,0.3948087274238906
Z:\raw_data\C000000025\VIS-025_SW_data_21-July-2026_09-53-09,701.6200001118701,701.6260001119222,792.0669999998063,-1,0.4341693387632679,1.4483319772172498,0.3950457555435732
Z:\raw_data\C000000025\VIS-025_SW_data_21-July-2026_09-53-09,711.6200001118701,711.6260001119223,792.0669999998063,-1,0.4674180585192119,-1.3069016152716595,0.6838727179679099
Z:\raw_data\C000000025\VIS-025_SW_data_21-July-2026_09-53-09,721.6200001118701,721.6260001119223,792.0669999998063,-1,0.5407629986518223,-1.0,0.6079823507772486
Z:\raw_data\C000000025\VIS-025_SW_data_21-July-2026_09-53-09,731.6200001118701,731.6260001119223,792.0669999998063,-1,0.5179325312937183,-1.0,0.6336134693681256
Z:\raw_data\C000000025\VIS-025_SW_data_21-July-2026_09-53-09,741.6200001118701,741.6260001119223,792.0669999998063,-1,0.5143337387782225,-1.0,1.0685757667201479
Z:\raw_data\C000000025\VIS-025_SW_data_21-July-2026_09-53-09,751.6200001118701,751.6260001119223,792.0669999998063,-1,0.5590625945891338,-1.0,1.4712007156068097
Z:\raw_data\C000000025\VIS-025_SW_data_21-July-2026_09-53-09,761.6200001118701,761.6260001119223,792.0669999998063,-1,0.5565607936309724,-1.0,1.408690149900676
Z:\raw_data\C000000025\VIS-025_SW_data_21-July-2026_09-53-09,771.62000011187,771.6260001119222,792.0669999998063,-1,0.56928573716096,-1.0,1.1400441984412868
Z:\raw_data\C000000025\VIS-025_SW_data_21-July-2026_09-53-09,781.62000011187,781.6260001119222,792.0669999998063,-1,0.5703975319674616,-1.0218140068886339,1.3075359634904506
Z:\raw_data\C000000025\VIS-025_SW_data_21-July-2026_09-53-09,791.62000011187,791.6260001119222,792.0669999998063,-1,0.5302510420943995,-1.056379821958457,1.1094957469672029
Z:\raw_data\C000000025\VIS-025_SW_data_21-July-2026_09-53-09,801.62000011187,801.6260001119222,792.0669999998063,-1,0.5539509510675413,10.787878787878787,0.8457838414838286
Z:\raw_data\C000000025\VIS-025_SW_data_21-July-2026_09-53-09,811.6200001118701,811.6260001119222,792.0669999998063,-1,0.6285273463150749,3.955555555555556,0.7119331264630295
Z:\raw_data\C000000025\VIS-025_SW_data_21-July-2026_09-53-09,821.6200001118701,821.6260001119222,792.0669999998063,-1,0.6508885156394654,2.866344605475041,0.8039457312234819
Z:\raw_data\C000000025\VIS-025_SW_data_21-July-2026_09-53-09,831.6200001118701,831.6260001119223,792.0669999998063,2,0.702803214491133,3.384030418250951,1.19100847619676
Z:\raw_data\C000000025\VIS-025_SW_data_21-July-2026_09-53-09,841.62000011187,6.553000112063723,792.0669999998063,2,0.7119122159434458,2.866344605475041,1.1730247834549585
Z:\raw_data\C000000025\VIS-025_SW_data_21-July-2026_09-53-09,851.62000011187,16.55300011206373,792.0669999998063,2,0.7776233409759035,2.866344605475041,1.0189627918144686
Z:\raw_data\C000000025\VIS-025_SW_data_21-July-2026_09-53-09,861.62000011187,26.553000112063742,792.0669999998063,2,0.8409864003883707,2.866344605475041,1.116716696925474
Z:\raw_data\C000000025\VIS-025_SW_data_21-July-2026_09-53-09,871.62000011187,36.55300011206375,792.0669999998063,2,0.856970363548753,3.384030418250951,1.6115133599376346
Z:\raw_data\C000000025\VIS-025_SW_data_21-July-2026_09-53-09,881.62000011187,46.553000112063756,792.0669999998063,2,0.881967404242254,3.384030418250951,1.5764493212131052
Z:\raw_data\C000000025\VIS-025_SW_data_21-July-2026_09-53-09,891.62000011187,56.55300011206377,792.0669999998063,2,0.8894833689033815,3.1560283687943267,1.5701751749909403
Z:\raw_data\C000000025\VIS-025_SW_data_21-July-2026_09-53-09,901.62000011187,66.55300011206377,792.0669999998063,2,0.883849888270142,3.1560283687943267,1.9135429693109596
Z:\raw_data\C000000025\VIS-025_SW_data_21-July-2026_09-53-09,911.62000011187,76.55300011206378,792.0669999998063,2,0.8791983887710154,2.866344605475041,1.4549978399008876
Z:\raw_data\C000000025\VIS-025_SW_data_21-July-2026_09-53-09,921.62000011187,86.5530001120638,792.0669999998063,2,0.8777709402487941,3.1560283687943267,0.9720193494279704
Z:\raw_data\C000000025\VIS-025_SW_data_21-July-2026_09-53-09,931.62000011187,96.55300011206369,792.0669999998063,-1,0.8623170734608709,3.1560283687943267,0.6836849417247907
Z:\raw_data\C000000025\VIS-025_SW_data_21-July-2026_09-53-09,941.62000011187,106.5530001120637,792.0669999998063,-1,0.8490452745145812,3.955555555555556,0.6781199529395555
Z:\raw_data\C000000025\VIS-025_SW_data_21-July-2026_09-53-09,951.62000011187,116.55300011206371,792.0669999998063,-1,0.8014318768263522,2.866344605475041,0.8153462643047216
Z:\raw_data\C000000025\VIS-025_SW_data_21-July-2026_09-53-09,961.62000011187,126.55300011206371,792.0669999998063,-1,0.7789116874281549,5.973154362416108,0.9786343451697348
Z:\raw_data\C000000025\VIS-025_SW_data_21-July-2026_09-53-09,971.62000011187,136.55300011206373,792.0669999998063,-1,0.7655711351591382,3.7953091684434974,0.5770804535073538
Z:\raw_data\C000000025\VIS-025_SW_data_21-July-2026_09-53-09,981.62000011187,146.55300011206373,792.0669999998063,-1,0.7425684882837718,14.015748031496063,0.5256935706758935
Z:\raw_data\C000000025\VIS-025_SW_data_21-July-2026_09-53-09,991.62000011187,156.55300011206376,792.0669999998063,-1,0.5553977845525887,12.191780821917808,0.6090521194525025
Z:\raw_data\C000000025\VIS-025_SW_data_21-July-2026_09-53-09,1001.62000011187,166.55300011206376,792.0669999998063,-1,0.47623153613347163,6.3799283154121875,0.5657623488467979
Z:\raw_data\C000000025\VIS-025_SW_data_21-July-2026_09-53-09,1011.62000011187,176.55300011206376,792.0669999998063,-1,0.26881425167082074,12.191780821917808,0.7259257987027415
Z:\raw_data\C000000025\VIS-025_SW_data_21-July-2026_09-53-09,1021.62000011187,186.55300011206378,792.0669999998063,-1,0.24842451896339532,1.4483319772172498,0.9967166431718829
Z:\raw_data\C000000025\VIS-025_SW_data_21-July-2026_09-53-09,1031.62000011187,196.55300011206378,792.0669999998063,-1,0.23219195379637056,1.4483319772172498,1.1536376772643682
Z:\raw_data\C000000025\VIS-025_SW_data_21-July-2026_09-53-09,1041.62000011187,206.55300011206378,792.0669999998063,-1,0.21930768047343757,2.360742705570292,1.1979533042835004
Z:\raw_data\C000000025\VIS-025_SW_data_21-July-2026_09-53-09,1051.62000011187,216.55300011206378,792.0669999998063,-1,0.20431692656415673,1.6527390900649952,1.4548928817316547
Z:\raw_data\C000000025\VIS-025_SW_data_21-July-2026_09-53-09,1061.62000011187,226.5530001120638,792.0669999998063,-1,0.20719508626719466,1.7782217782217782,1.4435965997177151
Z:\raw_data\C000000025\VIS-025_SW_data_21-July-2026_09-53-09,1071.62000011187,236.5530001120638,792.0669999998063,-1,0.21144324186676947,1.6527390900649952,1.1842476129440043
Z:\raw_data\C000000025\VIS-025_SW_data_21-July-2026_09-53-09,1081.62000011187,246.5530001120638,792.0669999998063,-1,0.21123838702676154,1.7450980392156865,0.9552538396273449
Z:\raw_data\C000000025\VIS-025_SW_data_21-July-2026_09-53-09,1091.62000011187,256.55300011206384,792.0669999998063,-1,0.24417582354916922,1.9646799116997795,0.7317060355144254
Z:\raw_data\C000000025\VIS-025_SW_data_21-July-2026_09-53-09,1101.62000011187,266.55300011206384,792.0669999998063,3,0.2791069373608187,-2.3027166882276844,0.7750890874798737
Z:\raw_data\C000000025\VIS-025_SW_data_21-July-2026_09-53-09,1111.62000011187,276.55300011206384,792.0669999998063,3,0.3141980932602384,-12.191780821917808,0.7439212700592148
Z:\raw_data\C000000026\VIS-020_SW_data_14-July-2026_10-03-40,81.62000011187047,81.62500011199154,834.0730000000913,-1,0.5111267019425132,16.48148148148148,0.6852650454151894
Z:\raw_data\C000000026\VIS-020_SW_data_14-July-2026_10-03-40,91.62000011187047,91.62500011199154,834.0730000000913,0,0.4679185651213514,2.9568106312292364,0.4600685468611922
Z:\raw_data\C000000026\VIS-020_SW_data_14-July-2026_10-03-40,101.62000011187045,101.62500011199154,834.0730000000913,0,0.48686103995448526,7.385892116182573,0.49181404789313954
Z:\raw_data\C000000026\VIS-020_SW_data_14-July-2026_10-03-40,111.62000011187045,111.62500011199153,834.0730000000913,0,0.5536107728829749,-3.6475409836065578,0.6820717888646728
Z:\raw_data\C000000026\VIS-020_SW_data_14-July-2026_10-03-40,121.62000011187045,121.62500011199153,834.0730000000913,0,0.5425410465584095,-3.955555555555556,0.8328207865481495
Z:\raw_data\C000000026\VIS-020_SW_data_14-July-2026_10-03-40,131.62000011187044,131.6250001119915,834.0730000000913,0,0.5495208774699379,-7.385892116182573,0.8995481116844535
Z:\raw_data\C000000026\VIS-020_SW_data_14-July-2026_10-03-40,141.62000011187044,141.6250001119915,834.0730000000913,0,0.4902523603644109,-20.0,1.0113571135422779
Z:\raw_data\C000000026\VIS-020_SW_data_14-July-2026_10-03-40,151.62000011187044,151.6250001119915,834.0730000000913,0,0.42971006167403314,-20.0,1.1743834512081208
Z:\raw_data\C000000026\VIS-020_SW_data_14-July-2026_10-03-40,161.62000011187044,161.6250001119915,834.0730000000913,0,0.39538237784447205,-20.0,1.0430105889118062
Z:\raw_data\C000000026\VIS-020_SW_data_14-July-2026_10-03-40,171.6200001118704,171.6250001119915,834.0730000000913,0,0.39320916340177814,-20.0,0.8128211318512162
Z:\raw_data\C000000026\VIS-020_SW_data_14-July-2026_10-03-40,181.6200001118704,181.62500011199148,834.0730000000913,0,0.316172503420087,-20.0,0.9055810598144869
Z:\raw_data\C000000026\VIS-020_SW_data_14-July-2026_10-03-40,191.6200001118704,191.62500011199148,834.0730000000913,-1,0.23085688849782984,-2.9568106312292364,1.0881340119920195
Z:\raw_data\C000000026\VIS-020_SW_data_14-July-2026_10-03-40,201.6200001118704,201.6250001119915,834.0730000000913,-1,0.2184789097713626,-3.7953091684434974,1.0428568481112086
Z:\raw_data\C000000026\VIS-020_SW_data_14-July-2026_10-03-40,211.62000011187044,211.6250001119915,834.0730000000913,-1,0.1815845007552517,-20.0,1.1822239081680315
Z:\raw_data\C000000026\VIS-020_SW_data_14-July-2026_10-03-40,221.62000011187038,221.62500011199145,834.0730000000913,-1,0.18023934975628028,-3.7953091684434974,1.0099136225261378
Z:\raw_data\C000000026\VIS-020_SW_data_14-July-2026_10-03-40,231.62000011187038,231.62500011199148,834.0730000000913,-1,0.19072419464027815,-14.015748031496063,0.8711741165253465
Z:\raw_data\C000000026\VIS-020_SW_data_14-July-2026_10-03-40,241.6200001118704,241.62500011199148,834.0730000000913,-1,0.2150908055771328,-20.0,1.0216202596001844
Z:\raw_data\C000000026\VIS-020_SW_data_14-July-2026_10-03-40,251.6200001118704,251.62500011199145,834.0730000000913,-1,0.2985095009092198,20.0,0.8559603152036301
Z:\raw_data\C000000026\VIS-020_SW_data_14-July-2026_10-03-40,261.62000011187035,261.6250001119914,834.0730000000913,-1,0.4775393747646685,20.0,0.5496433440860958
Z:\raw_data\C000000026\VIS-020_SW_data_14-July-2026_10-03-40,271.62000011187035,271.6250001119914,834.0730000000913,-1,0.5360945217266094,20.0,0.5584804131027031
Z:\raw_data\C000000026\VIS-020_SW_data_14-July-2026_10-03-40,281.6200001118704,281.6250001119914,834.0730000000913,-1,0.8503988660221564,20.0,0.31766581320880627
Z:\raw_data\C000000026\VIS-020_SW_data_14-July-2026_10-03-40,291.6200001118704,291.6250001119914,834.0730000000913,-1,0.8847688528838091,9.673913043478262,0.2535825826625995
Z:\raw_data\C000000026\VIS-020_SW_data_14-July-2026_10-03-40,301.62000011187035,301.62500011199137,834.0730000000913,-1,0.8959496679290715,6.3799283154121875,0.5395855211679237
Z:\raw_data\C000000026\VIS-020_SW_data_14-July-2026_10-03-40,311.62000011187035,311.6250001119914,834.0730000000913,-1,0.8954575233239301,6.3799283154121875,0.9680953557104929
Z:\raw_data\C000000026\VIS-020_SW_data_14-July-2026_10-03-40,321.62000011187035,321.6250001119914,834.0730000000913,-1,0.8909577183727287,6.3799283154121875,2.0442256545823083
Z:\raw_data\C000000026\VIS-020_SW_data_14-July-2026_10-03-40,331.62000011187035,331.6250001119914,834.0730000000913,-1,0.8916183008659808,6.3799283154121875,2.4459907945753954
Z:\raw_data\C000000026\VIS-020_SW_data_14-July-2026_10-03-40,341.62000011187035,341.6250001119914,834.0730000000913,-1,0.8902959580666475,6.3799283154121875,3.46724553936456
Z:\raw_data\C000000026\VIS-020_SW_data_14-July-2026_10-03-40,351.62000011187035,351.62500011199137,834.0730000000913,-1,0.8908576323482538,6.3799283154121875,3.4702377393225525
Z:\raw_data\C000000026\VIS-020_SW_data_14-July-2026_10-03-40,361.62000011187035,361.62500011199137,834.0730000000913,-1,0.8827873663191228,6.3799283154121875,3.6580224693027126
Z:\raw_data\C000000026\VIS-020_SW_data_14-July-2026_10-03-40,371.62000011187035,371.6250001119914,834.0730000000913,-1,0.872139735483386,6.3799283154121875,3.0394428737667853
Z:\raw_data\C000000026\VIS-020_SW_data_14-July-2026_10-03-40,381.6200001118703,381.62500011199137,834.0730000000913,-1,0.8649480981428879,6.3799283154121875,2.0892941189065444
Z:\raw_data\C000000026\VIS-020_SW_data_14-July-2026_10-03-40,391.6200001118703,391.62500011199137,834.0730000000913,-1,0.8365981232980401,6.3799283154121875,1.8355252415311143
Z:\raw_data\C000000026\VIS-020_SW_data_14-July-2026_10-03-40,401.6200001118703,401.62500011199137,834.0730000000913,-1,0.7964937996431251,5.973154362416108,0.8181881698484313
Z:\raw_data\C000000026\VIS-020_SW_data_14-July-2026_10-03-40,411.62000011187035,411.62500011199137,834.0730000000913,-1,0.7556867455249607,5.973154362416108,0.5037467647524585
Z:\raw_data\C000000026\VIS-020_SW_data_14-July-2026_10-03-40,421.62000011187035,421.62500011199137,834.0730000000913,-1,0.6251419168010441,4.759358288770054,0.41125346905991195
Z:\raw_data\C000000026\VIS-020_SW_data_14-July-2026_10-03-40,431.6200001118703,431.62500011199137,834.0730000000913,-1,0.42097566121208174,16.48148148148148,0.5350151823188769
Z:\raw_data\C000000026\VIS-020_SW_data_14-July-2026_10-03-40,441.6200001118703,441.62500011199137,834.0730000000913,-1,0.355600118953788,8.768472906403941,0.7156679300595435
Z:\raw_data\C000000026\VIS-020_SW_data_14-July-2026_10-03-40,451.6200001118703,451.62500011199137,834.0730000000913,-1,0.36353136123934826,8.018018018018019,0.8288751780613264
Z:\raw_data\C000000026\VIS-020_SW_data_14-July-2026_10-03-40,461.62000011187024,461.6250001119913,834.0730000000913,1,0.402308393872119,16.48148148148148,0.7708579777964442
Z:\raw_data\C000000026\VIS-020_SW_data_14-July-2026_10-03-40,471.6200001118703,471.6250001119913,834.0730000000913,1,0.4335686145942972,3.6475409836065578,0.8649796314498648
Z:\raw_data\C000000026\VIS-020_SW_data_14-July-2026_10-03-40,481.6200001118703,481.6250001119913,834.0730000000913,1,0.4108686937599409,4.129930394431555,1.2500213089544723
Z:\raw_data\C000000026\VIS-020_SW_data_14-July-2026_10-03-40,491.6200001118703,491.6250001119913,834.0730000000913,1,0.44459006962156056,5.297619047619048,1.3943156451993877
Z:\raw_data\C000000026\VIS-020_SW_data_14-July-2026_10-03-40,501.62000011187024,501.6250001119913,834.0730000000913,1,0.45833190917352534,4.129930394431555,1.4846945266288247
Z:\raw_data\C000000026\VIS-020_SW_data_14-July-2026_10-03-40,511.62000011187024,511.6250001119913,834.0730000000913,1,0.4584014363251739,4.129930394431555,1.7754267649136224
Z:\raw_data\C000000026\VIS-020_SW_data_14-July-2026_10-03-40,521.6200001118702,521.6250001119913,834.0730000000913,1,0.47701800629248065,3.6475409836065578,1.5502500743167393
Z:\raw_data\C000000026\VIS-020_SW_data_14-July-2026_10-03-40,531.6200001118702,531.6250001119913,834.0730000000913,1,0.4932027035350477,3.6475409836065578,1.4102561519742727
Z:\raw_data\C000000026\VIS-020_SW_data_14-July-2026_10-03-40,541.6200001118701,541.6250001119912,834.0730000000913,1,0.5387681385401131,3.6475409836065578,1.5764317212882555
Z:\raw_data\C000000026\VIS-020_SW_data_14-July-2026_10-03-40,551.6200001118701,551.6250001119912,834.0730000000913,1,0.5646782367344148,3.6475409836065578,1.299540978184327
Z:\raw_data\C000000026\VIS-020_SW_data_14-July-2026_10-03-40,561.6200001118702,561.6250001119912,834.0730000000913,-1,0.5786775088206606,4.129930394431555,1.1535235293617003
Z:\raw_data\C000000026\VIS-020_SW_data_14-July-2026_10-03-40,571.6200001118702,571.6250001119912,834.0730000000913,-1,0.5704498573078867,2.9568106312292364,0.9927149434014582
Z:\raw_data\C000000026\VIS-020_SW_data_14-July-2026_10-03-40,581.6200001118702,581.6250001119912,834.0730000000913,-1,0.592449001789924,3.0531732418524875,0.6372550984104072
Z:\raw_data\C000000026\VIS-020_SW_data_14-July-2026_10-03-40,591.6200001118702,591.6250001119913,834.0730000000913,-1,0.6004072707873694,5.014084507042254,0.5451787668823256
Z:\raw_data\C000000026\VIS-020_SW_data_14-July-2026_10-03-40,601.6200001118702,601.6250001119913,834.0730000000913,-1,0.5056530793252317,-14.015748031496063,0.6034214865756252
Z:\raw_data\C000000026\VIS-020_SW_data_14-July-2026_10-03-40,611.6200001118701,611.6250001119912,834.0730000000913,-1,0.5660639942581289,2.9568106312292364,0.43611935984134576
Z:\raw_data\C000000026\VIS-020_SW_data_14-July-2026_10-03-40,621.6200001118701,621.6250001119912,834.0730000000913,-1,0.5919331045105444,20.0,0.37174936327048996
Z:\raw_data\C000000026\VIS-020_SW_data_14-July-2026_10-03-40,631.6200001118701,631.6250001119912,834.0730000000913,-1,0.4098163274877365,2.9568106312292364,0.5068625012780885
Z:\raw_data\C000000026\VIS-020_SW_data_14-July-2026_10-03-40,641.6200001118701,641.6250001119912,834.0730000000913,-1,0.47095369896574163,3.6475409836065578,0.6472724161051399
Z:\raw_data\C000000026\VIS-020_SW_data_14-July-2026_10-03-40,651.6200001118701,651.6250001119912,834.0730000000913,-1,0.4284708872540479,2.0965842167255597,0.7183022946868948
Z:\raw_data\C000000026\VIS-020_SW_data_14-July-2026_10-03-40,661.6200001118701,661.6250001119912,834.0730000000913,-1,0.4571548524713708,2.4217687074829937,0.5552067892363786
Z:\raw_data\C000000026\VIS-020_SW_data_14-July-2026_10-03-40,671.6200001118701,671.6250001119912,834.0730000000913,-1,0.4037609154680017,5.014084507042254,0.5918219189308344
Z:\raw_data\C000000026\VIS-020_SW_data_14-July-2026_10-03-40,681.6200001118701,681.6250001119911,834.0730000000913,-1,0.26057992945405356,1.4710743801652892,0.6937870535165267
Z:\raw_data\C000000026\VIS-020_SW_data_14-July-2026_10-03-40,691.6200001118701,691.6250001119911,834.0730000000913,-1,0.29282495896643007,1.5696649029982364,0.7600386817617969
Z:\raw_data\C000000026\VIS-020_SW_data_14-July-2026_10-03-40,701.6200001118701,701.6250001119911,834.0730000000913,-1,0.31260689583214235,1.4483319772172498,0.700884072877343
Z:\raw_data\C000000026\VIS-020_SW_data_14-July-2026_10-03-40,711.6200001118701,711.6250001119912,834.0730000000913,-1,0.3000510189861366,1.3841368584758942,0.49327255547983445
Z:\raw_data\C000000026\VIS-020_SW_data_14-July-2026_10-03-40,721.6200001118701,721.6250001119912,834.0730000000913,-1,0.33206885142053966,1.2378303198887344,0.5318245861107065
Z:\raw_data\C000000026\VIS-020_SW_data_14-July-2026_10-03-40,731.6200001118701,731.6250001119912,834.0730000000913,-1,0.4600868374671571,1.363984674329502,0.38418869576807774
Z:\raw_data\C000000026\VIS-020_SW_data_14-July-2026_10-03-40,741.6200001118701,741.6250001119912,834.0730000000913,-1,0.48850574546323366,1.0,0.33175870640448074
Z:\raw_data\C000000026\VIS-020_SW_data_14-July-2026_10-03-40,751.6200001118701,751.6250001119912,834.0730000000913,-1,0.39017204121674903,1.0,0.4651825414357674
Z:\raw_data\C000000026\VIS-020_SW_data_14-July-2026_10-03-40,761.6200001118701,761.6250001119912,834.0730000000913,-1,0.45776820816881747,-1.0107893242475867,0.44763733612328654
Z:\raw_data\C000000026\VIS-020_SW_data_14-July-2026_10-03-40,771.62000011187,771.6250001119911,834.0730000000913,-1,0.42472635156596256,1.0,0.546098439669507
Z:\raw_data\C000000026\VIS-020_SW_data_14-July-2026_10-03-40,781.62000011187,781.6250001119911,834.0730000000913,-1,0.4953232726440185,-1.494542401343409,0.7623594837615307
Z:\raw_data\C000000026\VIS-020_SW_data_14-July-2026_10-03-40,791.62000011187,791.6250001119911,834.0730000000913,-1,0.5249633346361575,-1.3444108761329308,0.9258727576002092
Z:\raw_data\C000000026\VIS-020_SW_data_14-July-2026_10-03-40,801.62000011187,801.6250001119911,834.0730000000913,-1,0.5219808414085333,-1.6527390900649952,1.0023424057176833
Z:\raw_data\C000000026\VIS-020_SW_data_14-July-2026_10-03-40,811.6200001118701,811.6250001119911,834.0730000000913,-1,0.5360776053948947,-1.8483904465212877,1.0610889240749224
Z:\raw_data\C000000026\VIS-020_SW_data_14-July-2026_10-03-40,821.6200001118701,821.6250001119911,834.0730000000913,-1,0.5241998591276482,-20.0,1.1898857482827152
Z:\raw_data\C000000026\VIS-020_SW_data_14-July-2026_10-03-40,831.6200001118701,831.6250001119911,834.0730000000913,-1,0.5012829422505516,3.6475409836065578,0.8989510832605987
Z:\raw_data\C000000026\VIS-020_SW_data_14-July-2026_10-03-40,841.62000011187,841.6250001119911,834.0730000000913,-1,0.5139540345780695,3.7953091684434974,0.8260881456560145
Z:\raw_data\C000000026\VIS-020_SW_data_14-July-2026_10-03-40,851.62000011187,851.6250001119911,834.0730000000913,-1,0.6160172597111087,2.486033519553073,0.8605039601898424
Z:\raw_data\C000000026\VIS-020_SW_data_14-July-2026_10-03-40,861.62000011187,861.6250001119911,834.0730000000913,2,0.6213691914915542,2.0965842167255597,0.7209928830528299
Z:\raw_data\C000000026\VIS-020_SW_data_14-July-2026_10-03-40,871.62000011187,871.6250001119911,834.0730000000913,2,0.6481834610281705,1.9646799116997795,0.821973492601139
Z:\raw_data\C000000026\VIS-020_SW_data_14-July-2026_10-03-40,881.62000011187,881.6250001119911,834.0730000000913,2,0.6488951278918335,2.0965842167255597,1.3444235227468295
Z:\raw_data\C000000026\VIS-020_SW_data_14-July-2026_10-03-40,891.62000011187,891.6250001119911,834.0730000000913,2,0.6822761990330153,2.0965842167255597,1.3348818323062956
Z:\raw_data\C000000026\VIS-020_SW_data_14-July-2026_10-03-40,901.62000011187,6.54500011191661,834.0730000000913,2,0.6815682752264508,2.4217687074829937,1.534419484284703
Z:\raw_data\C000000026\VIS-020_SW_data_14-July-2026_10-03-40,911.62000011187,16.545000111916618,834.0730000000913,2,0.6617776470815436,2.4217687074829937,1.7163119220023852
Z:\raw_data\C000000026\VIS-020_SW_data_14-July-2026_10-03-40,921.62000011187,26.54500011191663,834.0730000000913,2,0.6764680520442423,2.360742705570292,1.7472100288899868
Z:\raw_data\C000000026\VIS-020_SW_data_14-July-2026_10-03-40,931.62000011187,36.54500011191652,834.0730000000913,2,0.6672732122754488,2.3027166882276844,1.90092203504248
Z:\raw_data\C000000026\VIS-020_SW_data_14-July-2026_10-03-40,941.62000011187,46.545000111916536,834.0730000000913,2,0.6625498811980037,2.247474747474748,1.7848950103891268
Z:\raw_data\C000000026\VIS-020_SW_data_14-July-2026_10-03-40,951.62000011187,56.54500011191654,834.0730000000913,2,0.643992740353986,2.247474747474748,1.2804048178089777
Z:\raw_data\C000000026\VIS-020_SW_data_14-July-2026_10-03-40,961.62000011187,66.54500011191655,834.0730000000913,-1,0.6293149926501345,2.4217687074829937,1.007020981483909
Z:\raw_data\C000000026\VIS-020_SW_data_14-July-2026_10-03-40,971.62000011187,76.54500011191656,834.0730000000913,-1,0.6198981417160367,3.7953091684434974,0.9237827087087878
Z:\raw_data\C000000026\VIS-020_SW_data_14-July-2026_10-03-40,981.62000011187,86.54500011191656,834.0730000000913,-1,0.5273652224378531,5.014084507042254,0.4830126247269158
Z:\raw_data\C000000026\VIS-020_SW_data_14-July-2026_10-03-40,991.62000011187,96.54500011191658,834.0730000000913,-1,0.5292888910350034,14.015748031496063,0.47347554826652005
Z:\raw_data\C000000026\VIS-020_SW_data_14-July-2026_10-03-40,1001.62000011187,106.5450001119166,834.0730000000913,-1,0.5617338043599209,20.0,0.6856507384662128
Z:\raw_data\C000000026\VIS-020_SW_data_14-July-2026_10-03-40,1011.62000011187,116.5450001119166,834.0730000000913,-1,0.5972405520986268,-4.529262086513995,0.6192987043036975
Z:\raw_data\C000000026\VIS-020_SW_data_14-July-2026_10-03-40,1021.62000011187,126.54500011191661,834.0730000000913,-1,0.5039388641653288,-5.014084507042254,0.683604088297357
Z:\raw_data\C000000026\VIS-020_SW_data_14-July-2026_10-03-40,1031.62000011187,136.5450001119166,834.0730000000913,-1,0.4699272112692781,-8.018018018018019,0.7520798927019271
Z:\raw_data\C000000026\VIS-020_SW_data_14-July-2026_10-03-40,1041.62000011187,146.54500011191664,834.0730000000913,-1,0.3625613928703576,-8.018018018018019,0.9867232789802117
Z:\raw_data\C000000026\VIS-020_SW_data_14-July-2026_10-03-40,1051.62000011187,156.54500011191664,834.0730000000913,-1,0.28658558038374976,-1.4710743801652892,1.3066089791267386
Z:\raw_data\C000000026\VIS-020_SW_data_14-July-2026_10-03-40,1061.62000011187,166.54500011191664,834.0730000000913,-1,0.2595080117377174,-3.7953091684434974,0.9651586265282612
Z:\raw_data\C000000026\VIS-020_SW_data_14-July-2026_10-03-40,1071.62000011187,176.54500011191664,834.0730000000913,-1,0.2116277209012658,16.48148148148148,0.8902896774746881
Z:\raw_data\C000000026\VIS-020_SW_data_14-July-2026_10-03-40,1081.62000011187,186.54500011191666,834.0730000000913,-1,0.15713158201000377,5.973154362416108,0.9392694771885285
Z:\raw_data\C000000026\VIS-020_SW_data_14-July-2026_10-03-40,1091.62000011187,196.54500011191666,834.0730000000913,-1,0.1654689167698719,5.297619047619048,1.0161844428287385
Z:\raw_data\C000000026\VIS-020_SW_data_14-July-2026_10-03-40,1101.62000011187,206.54500011191666,834.0730000000913,-1,0.16021349746884517,5.014084507042254,1.0435869811446126
Z:\raw_data\C000000026\VIS-020_SW_data_14-July-2026_10-03-40,1111.62000011187,216.5450001119167,834.0730000000913,-1,0.1647433885604593,2.006764374295378,0.973639015206733
Z:\raw_data\C000000027\VIS-019_SW_data_14-July-2026_09-20-26,81.62000011187047,81.62500011175872,920.5819999999367,0,0.8941064935457247,3.0531732418524875,0.8132372255414679
Z:\raw_data\C000000027\VIS-019_SW_data_14-July-2026_09-20-26,91.62000011187047,91.62500011175871,920.5819999999367,0,0.8946561113324379,3.5108481262327422,0.41081312673345227
Z:\raw_data\C000000027\VIS-019_SW_data_14-July-2026_09-20-26,101.62000011187045,101.62500011175871,920.5819999999367,0,0.8037681336549107,4.320388349514563,0.3439819937872529
Z:\raw_data\C000000027\VIS-019_SW_data_14-July-2026_09-20-26,111.62000011187045,111.6250001117587,920.5819999999367,-1,0.6906026608883015,5.973154362416108,0.6105154690027483
Z:\raw_data\C000000027\VIS-019_SW_data_14-July-2026_09-20-26,121.62000011187045,121.6250001117587,920.5819999999367,-1,0.6567183289351252,5.615141955835963,0.5418587573405442
Z:\raw_data\C000000027\VIS-019_SW_data_14-July-2026_09-20-26,131.62000011187044,131.62500011175868,920.5819999999367,-1,0.6505875540218212,5.973154362416108,0.5371810008201008
Z:\raw_data\C000000027\VIS-019_SW_data_14-July-2026_09-20-26,141.62000011187044,141.62500011175865,920.5819999999367,-1,0.45578675593099066,3.384030418250951,0.7304708443725678
Z:\raw_data\C000000027\VIS-019_SW_data_14-July-2026_09-20-26,151.62000011187044,151.62500011175868,920.5819999999367,-1,0.4419764004084669,3.7953091684434974,0.6930337390052959
Z:\raw_data\C000000027\VIS-019_SW_data_14-July-2026_09-20-26,161.62000011187044,161.62500011175868,920.5819999999367,-1,0.3856645758911803,1.6824196597353498,0.6363338380179162
Z:\raw_data\C000000027\VIS-019_SW_data_14-July-2026_09-20-26,171.6200001118704,171.62500011175865,920.5819999999367,-1,0.2929438209558496,-4.320388349514563,0.556521616284785
Z:\raw_data\C000000027\VIS-019_SW_data_14-July-2026_09-20-26,181.6200001118704,181.62500011175865,920.5819999999367,-1,0.24101780810359585,8.768472906403941,0.7034602644293586
Z:\raw_data\C000000027\VIS-019_SW_data_14-July-2026_09-20-26,191.6200001118704,191.62500011175865,920.5819999999367,-1,0.13900411972246862,-3.384030418250951,0.9227818596336582
Z:\raw_data\C000000027\VIS-019_SW_data_14-July-2026_09-20-26,201.6200001118704,201.62500011175865,920.5819999999367,-1,0.13542237125469364,4.320388349514563,1.1373598327668597
Z:\raw_data\C000000027\VIS-019_SW_data_14-July-2026_09-20-26,211.62000011187044,211.62500011175865,920.5819999999367,-1,0.14704827510740995,3.5108481262327422,1.1558236941138857
Z:\raw_data\C000000027\VIS-019_SW_data_14-July-2026_09-20-26,221.62000011187038,221.62500011175862,920.5819999999367,-1,0.14497750425999145,1.5964125560538118,1.1766701596341846
Z:\raw_data\C000000027\VIS-019_SW_data_14-July-2026_09-20-26,231.62000011187038,231.62500011175862,920.5819999999367,-1,0.13901438318405768,-1.363984674329502,1.4990307506246614
Z:\raw_data\C000000027\VIS-019_SW_data_14-July-2026_09-20-26,241.6200001118704,241.62500011175862,920.5819999999367,-1,0.1261193861960466,-1.3444108761329308,1.730028673500874
Z:\raw_data\C000000027\VIS-019_SW_data_14-July-2026_09-20-26,251.6200001118704,251.62500011175865,920.5819999999367,-1,0.13037698544603654,-1.363984674329502,1.4621732748400371
Z:\raw_data\C000000027\VIS-019_SW_data_14-July-2026_09-20-26,261.62000011187035,261.6250001117586,920.5819999999367,-1,0.12772925829785836,-3.955555555555556,1.2884951365152686
Z:\raw_data\C000000027\VIS-019_SW_data_14-July-2026_09-20-26,271.62000011187035,271.6250001117586,920.5819999999367,-1,0.12826925651197293,-1.363984674329502,1.1192872186125227
Z:\raw_data\C000000027\VIS-019_SW_data_14-July-2026_09-20-26,281.6200001118704,281.6250001117586,920.5819999999367,-1,0.14262325248637364,-1.3069016152716595,0.8851487258112023
Z:\raw_data\C000000027\VIS-019_SW_data_14-July-2026_09-20-26,291.6200001118704,291.62500011175865,920.5819999999367,-1,0.15094450623171976,-1.3841368584758942,0.85267463804784
Z:\raw_data\C000000027\VIS-019_SW_data_14-July-2026_09-20-26,301.62000011187035,301.6250001117586,920.5819999999367,-1,0.378023089020617,8.768472906403941,0.5107842616993105
Z:\raw_data\C000000027\VIS-019_SW_data_14-July-2026_09-20-26,311.62000011187035,311.6250001117586,920.5819999999367,-1,0.5901070686531268,2.866344605475041,0.3504906423662178
Z:\raw_data\C000000027\VIS-019_SW_data_14-July-2026_09-20-26,321.62000011187035,321.6250001117586,920.5819999999367,-1,0.7279994837508409,4.320388349514563,0.3088837313198941
Z:\raw_data\C000000027\VIS-019_SW_data_14-July-2026_09-20-26,331.62000011187035,331.6250001117586,920.5819999999367,-1,0.7645455073751455,3.384030418250951,0.42145984063740316
Z:\raw_data\C000000027\VIS-019_SW_data_14-July-2026_09-20-26,341.62000011187035,341.6250001117586,920.5819999999367,-1,0.7340348329665995,3.7953091684434974,1.3421635061569204
Z:\raw_data\C000000027\VIS-019_SW_data_14-July-2026_09-20-26,351.62000011187035,351.6250001117586,920.5819999999367,-1,0.7466474750842095,3.6475409836065578,1.8163496141388693
Z:\raw_data\C000000027\VIS-019_SW_data_14-July-2026_09-20-26,361.62000011187035,361.6250001117586,920.5819999999367,-1,0.7465312669810839,4.320388349514563,1.315366466882764
Z:\raw_data\C000000027\VIS-019_SW_data_14-July-2026_09-20-26,371.62000011187035,371.6250001117586,920.5819999999367,-1,0.774749452000115,4.129930394431555,1.2854982311894807
Z:\raw_data\C000000027\VIS-019_SW_data_14-July-2026_09-20-26,381.6200001118703,381.62500011175854,920.5819999999367,-1,0.7708471316568876,4.129930394431555,2.0466648084055294
Z:\raw_data\C000000027\VIS-019_SW_data_14-July-2026_09-20-26,391.6200001118703,391.62500011175854,920.5819999999367,-1,0.7610970673491328,4.129930394431555,2.107830779378529
Z:\raw_data\C000000027\VIS-019_SW_data_14-July-2026_09-20-26,401.6200001118703,401.62500011175854,920.5819999999367,-1,0.6505094413663925,4.129930394431555,1.2413236182862453
Z:\raw_data\C000000027\VIS-019_SW_data_14-July-2026_09-20-26,411.62000011187035,411.62500011175854,920.5819999999367,-1,0.6372706621468056,4.320388349514563,1.2004347079961437
Z:\raw_data\C000000027\VIS-019_SW_data_14-July-2026_09-20-26,421.62000011187035,421.6250001117586,920.5819999999367,1,0.64314620585218,4.129930394431555,1.2402727675549345
Z:\raw_data\C000000027\VIS-019_SW_data_14-July-2026_09-20-26,431.6200001118703,431.62500011175854,920.5819999999367,1,0.6169154874012168,4.529262086513995,1.0169355629674703
Z:\raw_data\C000000027\VIS-019_SW_data_14-July-2026_09-20-26,441.6200001118703,441.62500011175854,920.5819999999367,1,0.5749909563344142,4.529262086513995,0.6781893563661723
Z:\raw_data\C000000027\VIS-019_SW_data_14-July-2026_09-20-26,451.6200001118703,451.62500011175854,920.5819999999367,1,0.5418172769242662,5.973154362416108,0.7284302611120386
Z:\raw_data\C000000027\VIS-019_SW_data_14-July-2026_09-20-26,461.62000011187024,461.6250001117585,920.5819999999367,1,0.423990824826899,8.018018018018019,1.1358237808486356
Z:\raw_data\C000000027\VIS-019_SW_data_14-July-2026_09-20-26,471.6200001118703,471.6250001117585,920.5819999999367,1,0.3902776764682697,14.015748031496063,1.0702929863944204
Z:\raw_data\C000000027\VIS-019_SW_data_14-July-2026_09-20-26,481.6200001118703,481.62500011175854,920.5819999999367,1,0.3837896305127122,-20.0,0.8527424588365685
Z:\raw_data\C000000027\VIS-019_SW_data_14-July-2026_09-20-26,491.6200001118703,491.62500011175854,920.5819999999367,1,0.36159671813375055,-10.787878787878787,0.951440493179516
Z:\raw_data\C000000027\VIS-019_SW_data_14-July-2026_09-20-26,501.62000011187024,501.6250001117585,920.5819999999367,1,0.2912773346117815,-2.7812500000000004,1.35961703052725
Z:\raw_data\C000000027\VIS-019_SW_data_14-July-2026_09-20-26,511.62000011187024,511.6250001117585,920.5819999999367,1,0.2717478173544365,-2.7812500000000004,1.1795677845043164
Z:\raw_data\C000000027\VIS-019_SW_data_14-July-2026_09-20-26,521.6200001118702,521.6250001117585,920.5819999999367,-1,0.29758369645312627,-1.4262820512820513,0.7828243730281432
Z:\raw_data\C000000027\VIS-019_SW_data_14-July-2026_09-20-26,531.6200001118702,531.6250001117585,920.5819999999367,-1,0.33265412400622507,-1.0684273709483794,0.8711960085406736
Z:\raw_data\C000000027\VIS-019_SW_data_14-July-2026_09-20-26,541.6200001118701,541.6250001117584,920.5819999999367,-1,0.34760631174029166,-1.0,1.4258179525152028
Z:\raw_data\C000000027\VIS-019_SW_data_14-July-2026_09-20-26,551.6200001118701,551.6250001117584,920.5819999999367,-1,0.365630432606993,-1.0,1.3364311094730126
Z:\raw_data\C000000027\VIS-019_SW_data_14-July-2026_09-20-26,561.6200001118702,561.6250001117584,920.5819999999367,-1,0.3743239653429871,-1.0,1.364942963438142
Z:\raw_data\C000000027\VIS-019_SW_data_14-July-2026_09-20-26,571.6200001118702,571.6250001117585,920.5819999999367,-1,0.38448288846182016,-1.0,1.4818908484090734
Z:\raw_data\C000000027\VIS-019_SW_data_14-July-2026_09-20-26,581.6200001118702,581.6250001117585,920.5819999999367,-1,0.3979792723113844,-1.0,1.466961378701657
Z:\raw_data\C000000027\VIS-019_SW_data_14-July-2026_09-20-26,591.6200001118702,591.6250001117585,920.5819999999367,-1,0.42302065021880986,-1.0,1.1995977294925257
Z:\raw_data\C000000027\VIS-019_SW_data_14-July-2026_09-20-26,601.6200001118702,601.6250001117585,920.5819999999367,-1,0.4673225472573798,-1.0,0.9677864796073194
Z:\raw_data\C000000027\VIS-019_SW_data_14-July-2026_09-20-26,611.6200001118701,611.6250001117584,920.5819999999367,-1,0.4650558202170096,-1.0107893242475867,1.0109822979834653
Z:\raw_data\C000000027\VIS-019_SW_data_14-July-2026_09-20-26,621.6200001118701,621.6250001117584,920.5819999999367,-1,0.48857018832708843,-1.0107893242475867,1.1723689566474118
Z:\raw_data\C000000027\VIS-019_SW_data_14-July-2026_09-20-26,631.6200001118701,631.6250001117584,920.5819999999367,-1,0.4066275147373883,-1.325390915860015,0.831739834863102
Z:\raw_data\C000000027\VIS-019_SW_data_14-July-2026_09-20-26,641.6200001118701,641.6250001117584,920.5819999999367,-1,0.3136645659072441,-2.1445783132530125,0.3697674557158392
Z:\raw_data\C000000027\VIS-019_SW_data_14-July-2026_09-20-26,651.6200001118701,651.6250001117584,920.5819999999367,-1,0.2718185143813031,1.0,0.3919174053636899
Z:\raw_data\C000000027\VIS-019_SW_data_14-July-2026_09-20-26,661.6200001118701,661.6250001117584,920.5819999999367,-1,0.3219442844222491,1.0,0.9349208282355408
Z:\raw_data\C000000027\VIS-019_SW_data_14-July-2026_09-20-26,671.6200001118701,671.6250001117584,920.5819999999367,-1,0.36198131540869616,1.0,0.9283468601598693
Z:\raw_data\C000000027\VIS-019_SW_data_14-July-2026_09-20-26,681.6200001118701,681.6250001117583,920.5819999999367,-1,0.35374537707721154,1.325390915860015,0.7370766850762294
Z:\raw_data\C000000027\VIS-019_SW_data_14-July-2026_09-20-26,691.6200001118701,691.6250001117584,920.5819999999367,-1,0.30376351262838347,1.7131857555341674,0.6009676760006447
Z:\raw_data\C000000027\VIS-019_SW_data_14-July-2026_09-20-26,701.6200001118701,701.6250001117584,920.5819999999367,-1,0.36393036956242136,1.1330362826225335,0.5343025132745622
Z:\raw_data\C000000027\VIS-019_SW_data_14-July-2026_09-20-26,711.6200001118701,711.6250001117584,920.5819999999367,-1,0.5559646027003584,1.0684273709483794,0.5876167326112296
Z:\raw_data\C000000027\VIS-019_SW_data_14-July-2026_09-20-26,721.6200001118701,721.6250001117584,920.5819999999367,-1,0.56214800422791,1.325390915860015,0.3840684870960613
Z:\raw_data\C000000027\VIS-019_SW_data_14-July-2026_09-20-26,731.6200001118701,731.6250001117584,920.5819999999367,-1,0.6382467887324562,1.1330362826225335,0.3487951308076276
Z:\raw_data\C000000027\VIS-019_SW_data_14-July-2026_09-20-26,741.6200001118701,741.6250001117584,920.5819999999367,-1,0.6157089663057257,1.1330362826225335,0.5441757027754055
Z:\raw_data\C000000027\VIS-019_SW_data_14-July-2026_09-20-26,751.6200001118701,751.6250001117584,920.5819999999367,-1,0.5478222420457668,1.0,0.6497954188861043
Z:\raw_data\C000000027\VIS-019_SW_data_14-July-2026_09-20-26,761.6200001118701,761.6250001117584,920.5819999999367,-1,0.5008031263592123,1.0,1.0312337904029572
Z:\raw_data\C000000027\VIS-019_SW_data_14-July-2026_09-20-26,771.62000011187,771.6250001117583,920.5819999999367,-1,0.40306882431785807,1.0107893242475867,0.917169558034946
Z:\raw_data\C000000027\VIS-019_SW_data_14-July-2026_09-20-26,781.62000011187,781.6250001117583,920.5819999999367,-1,0.40234003700766624,1.0,1.0016018537603242
Z:\raw_data\C000000027\VIS-019_SW_data_14-July-2026_09-20-26,791.62000011187,791.6250001117583,920.5819999999367,-1,0.3525541977306464,1.0,1.6288737664804815
Z:\raw_data\C000000027\VIS-019_SW_data_14-July-2026_09-20-26,801.62000011187,801.6250001117583,920.5819999999367,-1,0.33018629398332466,-8.768472906403941,1.3822195735105485
Z:\raw_data\C000000027\VIS-019_SW_data_14-July-2026_09-20-26,811.6200001118701,811.6250001117583,920.5819999999367,-1,0.36144635506160566,-6.3799283154121875,1.2919472085552297
Z:\raw_data\C000000027\VIS-019_SW_data_14-July-2026_09-20-26,821.6200001118701,821.6250001117584,920.5819999999367,-1,0.3514980520441898,-5.615141955835963,1.6267765295972545
Z:\raw_data\C000000027\VIS-019_SW_data_14-July-2026_09-20-26,831.6200001118701,831.6250001117584,920.5819999999367,-1,0.48214375591783953,-20.0,0.8914799409891534
Z:\raw_data\C000000027\VIS-019_SW_data_14-July-2026_09-20-26,841.62000011187,841.6250001117583,920.5819999999367,-1,0.6606480845229501,20.0,0.4824365444240991
Z:\raw_data\C000000027\VIS-019_SW_data_14-July-2026_09-20-26,851.62000011187,851.6250001117583,920.5819999999367,-1,0.683211280470749,3.384030418250951,0.5263489163095941
Z:\raw_data\C000000027\VIS-019_SW_data_14-July-2026_09-20-26,861.62000011187,861.6250001117583,920.5819999999367,-1,0.8006610955679145,4.320388349514563,0.5205849060838003
Z:\raw_data\C000000027\VIS-019_SW_data_14-July-2026_09-20-26,871.62000011187,871.6250001117583,920.5819999999367,-1,0.8854373425104193,2.7812500000000004,0.5421482338125952
Z:\raw_data\C000000027\VIS-019_SW_data_14-July-2026_09-20-26,881.62000011187,881.6250001117583,920.5819999999367,-1,0.904611548215487,3.0531732418524875,1.1674752246812123
Z:\raw_data\C000000027\VIS-019_SW_data_14-July-2026_09-20-26,891.62000011187,891.6250001117583,920.5819999999367,-1,0.9088952424290023,3.0531732418524875,2.044526949011924
Z:\raw_data\C000000027\VIS-019_SW_data_14-July-2026_09-20-26,901.62000011187,6.047000111545908,920.5819999999367,2,0.9141939064043366,3.0531732418524875,1.996101877111552
Z:\raw_data\C000000027\VIS-019_SW_data_14-July-2026_09-20-26,911.62000011187,16.047000111545916,920.5819999999367,2,0.9222798907331374,3.1560283687943267,2.6287451949237077
Z:\raw_data\C000000027\VIS-019_SW_data_14-July-2026_09-20-26,921.62000011187,26.047000111545927,920.5819999999367,2,0.9261920746053631,3.0531732418524875,2.988187266636526
Z:\raw_data\C000000027\VIS-019_SW_data_14-July-2026_09-20-26,931.62000011187,36.04700011154583,920.5819999999367,2,0.9228550165084679,3.0531732418524875,2.886544848188708
Z:\raw_data\C000000027\VIS-019_SW_data_14-July-2026_09-20-26,941.62000011187,46.047000111545834,920.5819999999367,2,0.9202691016931752,3.0531732418524875,3.2338631538277887
Z:\raw_data\C000000027\VIS-019_SW_data_14-July-2026_09-20-26,951.62000011187,56.04700011154584,920.5819999999367,2,0.9177952757696396,3.1560283687943267,1.9808559148379623
Z:\raw_data\C000000027\VIS-019_SW_data_14-July-2026_09-20-26,961.62000011187,66.04700011154586,920.5819999999367,2,0.9192520304714872,3.0531732418524875,1.1089580200903435
Z:\raw_data\C000000027\VIS-019_SW_data_14-July-2026_09-20-26,971.62000011187,76.04700011154586,920.5819999999367,2,0.9110884838702797,3.0531732418524875,1.002216428389591
Z:\raw_data\C000000027\VIS-019_SW_data_14-July-2026_09-20-26,981.62000011187,86.04700011154587,920.5819999999367,2,0.9081577434973249,3.1560283687943267,0.518824878332978
Z:\raw_data\C000000027\VIS-019_SW_data_14-July-2026_09-20-26,991.62000011187,96.04700011154588,920.5819999999367,2,0.8875888852593509,3.5108481262327422,0.30150212841635726
Z:\raw_data\C000000027\VIS-019_SW_data_14-July-2026_09-20-26,1001.62000011187,106.04700011154588,920.5819999999367,-1,0.7074857918617475,3.5108481262327422,0.43777362354496857
Z:\raw_data\C000000027\VIS-019_SW_data_14-July-2026_09-20-26,1011.62000011187,116.0470001115459,920.5819999999367,-1,0.6189149990099166,4.529262086513995,0.7402784975338069
Z:\raw_data\C000000027\VIS-019_SW_data_14-July-2026_09-20-26,1021.62000011187,126.0470001115459,920.5819999999367,-1,0.6587729643790757,5.014084507042254,0.5232478442684189
Z:\raw_data\C000000027\VIS-019_SW_data_14-July-2026_09-20-26,1031.62000011187,136.0470001115459,920.5819999999367,-1,0.5587168329909097,20.0,0.5864151778667869
Z:\raw_data\C000000027\VIS-019_SW_data_14-July-2026_09-20-26,1041.62000011187,146.0470001115459,920.5819999999367,-1,0.39251081328996135,3.7953091684434974,0.7579934589318441
Z:\raw_data\C000000027\VIS-019_SW_data_14-July-2026_09-20-26,1051.62000011187,156.04700011154594,920.5819999999367,-1,0.35288027054601145,5.615141955835963,0.679540233209758
Z:\raw_data\C000000027\VIS-019_SW_data_14-July-2026_09-20-26,1061.62000011187,166.04700011154594,920.5819999999367,-1,0.290637417929487,1.3069016152716595,0.5368198725857694
Z:\raw_data\C000000027\VIS-019_SW_data_14-July-2026_09-20-26,1071.62000011187,176.04700011154594,920.5819999999367,-1,0.26657813783394024,-20.0,0.6522401027459751
Z:\raw_data\C000000027\VIS-019_SW_data_14-July-2026_09-20-26,1081.62000011187,186.04700011154597,920.5819999999367,-1,0.14702250968974936,1.543798785776236,0.875256141442852
Z:\raw_data\C000000027\VIS-019_SW_data_14-July-2026_09-20-26,1091.62000011187,196.04700011154597,920.5819999999367,-1,0.12364198645492022,1.0107893242475867,1.033412054843421
Z:\raw_data\C000000027\VIS-019_SW_data_14-July-2026_09-20-26,1101.62000011187,206.04700011154597,920.5819999999367,-1,0.12730673395166636,1.0,1.1400380519287068
Z:\raw_data\C000000027\VIS-019_SW_data_14-July-2026_09-20-26,1111.62000011187,216.04700011154597,920.5819999999367,-1,0.12475002506853149,1.0,1.1171710568759825
Z:\raw_data\C000000028\VIS-018_SW_data_14-July-2026_08-30-41,81.62000011187047,81.62600011186441,1092.0929999999935,0,0.8138773244408122,7.385892116182573,1.1802641180579625
Z:\raw_data\C000000028\VIS-018_SW_data_14-July-2026_08-30-41,91.62000011187047,91.6260001118644,1092.0929999999935,0,0.8434153977739163,20.0,0.6951952623996703
Z:\raw_data\C000000028\VIS-018_SW_data_14-July-2026_08-30-41,101.62000011187045,101.6260001118644,1092.0929999999935,-1,0.87224703095937,-7.385892116182573,0.7480095755679724
Z:\raw_data\C000000028\VIS-018_SW_data_14-July-2026_08-30-41,111.62000011187045,111.6260001118644,1092.0929999999935,-1,0.8948114502197817,-20.0,0.638996746160765
Z:\raw_data\C000000028\VIS-018_SW_data_14-July-2026_08-30-41,121.62000011187045,121.62600011186439,1092.0929999999935,-1,0.8911123689019882,-20.0,0.44608663914244356
Z:\raw_data\C000000028\VIS-018_SW_data_14-July-2026_08-30-41,131.62000011187044,131.62600011186439,1092.0929999999935,-1,0.810073378438345,-20.0,0.5996502700664736
Z:\raw_data\C000000028\VIS-018_SW_data_14-July-2026_08-30-41,141.62000011187044,141.62600011186439,1092.0929999999935,-1,0.7182727280465562,20.0,1.0981948905345198
Z:\raw_data\C000000028\VIS-018_SW_data_14-July-2026_08-30-41,151.62000011187044,151.62600011186439,1092.0929999999935,-1,0.7003827340091007,20.0,0.7337000449127418
Z:\raw_data\C000000028\VIS-018_SW_data_14-July-2026_08-30-41,161.62000011187044,161.62600011186439,1092.0929999999935,-1,0.704903812765498,20.0,0.3790469507964853
Z:\raw_data\C000000028\VIS-018_SW_data_14-July-2026_08-30-41,171.6200001118704,171.62600011186439,1092.0929999999935,-1,0.6215489927560869,20.0,0.5016336263564277
Z:\raw_data\C000000028\VIS-018_SW_data_14-July-2026_08-30-41,181.6200001118704,181.62600011186436,1092.0929999999935,-1,0.4337175059118331,5.973154362416108,0.9554015698125627
Z:\raw_data\C000000028\VIS-018_SW_data_14-July-2026_08-30-41,191.6200001118704,191.62600011186436,1092.0929999999935,-1,0.45917575609593575,3.7953091684434974,0.8317751224719219
Z:\raw_data\C000000028\VIS-018_SW_data_14-July-2026_08-30-41,201.6200001118704,201.62600011186439,1092.0929999999935,-1,0.44498861639836407,4.129930394431555,0.7571371197070986
Z:\raw_data\C000000028\VIS-018_SW_data_14-July-2026_08-30-41,211.62000011187044,211.62600011186439,1092.0929999999935,-1,0.42467796929848894,5.297619047619048,0.7800461325563891
Z:\raw_data\C000000028\VIS-018_SW_data_14-July-2026_08-30-41,221.62000011187038,221.62600011186433,1092.0929999999935,-1,0.30569435351553254,16.48148148148148,0.8545475938833188
Z:\raw_data\C000000028\VIS-018_SW_data_14-July-2026_08-30-41,231.62000011187038,231.62600011186436,1092.0929999999935,-1,0.2903512749716107,3.1560283687943267,0.9016032451935563
Z:\raw_data\C000000028\VIS-018_SW_data_14-July-2026_08-30-41,241.6200001118704,241.62600011186436,1092.0929999999935,-1,0.2993003430733249,2.1445783132530125,0.7302758022063157
Z:\raw_data\C000000028\VIS-018_SW_data_14-July-2026_08-30-41,251.6200001118704,251.62600011186436,1092.0929999999935,-1,0.27177096848844595,1.0933660933660934,0.6190077651455985
Z:\raw_data\C000000028\VIS-018_SW_data_14-July-2026_08-30-41,261.62000011187035,261.6260001118643,1092.0929999999935,-1,0.5690077518201749,-16.48148148148148,0.3591075505309963
Z:\raw_data\C000000028\VIS-018_SW_data_14-July-2026_08-30-41,271.62000011187035,271.62600011186436,1092.0929999999935,-1,0.5322850030855748,-16.48148148148148,0.3317283907929618
Z:\raw_data\C000000028\VIS-018_SW_data_14-July-2026_08-30-41,281.6200001118704,281.62600011186436,1092.0929999999935,-1,0.7762151421576428,16.48148148148148,0.35129211721879605
Z:\raw_data\C000000028\VIS-018_SW_data_14-July-2026_08-30-41,291.6200001118704,291.62600011186436,1092.0929999999935,-1,0.7832176785888906,3.7953091684434974,0.3720556675819374
Z:\raw_data\C000000028\VIS-018_SW_data_14-July-2026_08-30-41,301.62000011187035,301.6260001118643,1092.0929999999935,-1,0.8122395455775951,5.297619047619048,0.5711702653939819
Z:\raw_data\C000000028\VIS-018_SW_data_14-July-2026_08-30-41,311.62000011187035,311.6260001118643,1092.0929999999935,1,0.8134077474145646,4.320388349514563,0.7659592302494572
Z:\raw_data\C000000028\VIS-018_SW_data_14-July-2026_08-30-41,321.62000011187035,321.6260001118643,1092.0929999999935,1,0.8117996202543512,4.529262086513995,2.0371689213852533
Z:\raw_data\C000000028\VIS-018_SW_data_14-July-2026_08-30-41,331.62000011187035,331.6260001118643,1092.0929999999935,1,0.8230293693294387,4.529262086513995,1.925583697839929
Z:\raw_data\C000000028\VIS-018_SW_data_14-July-2026_08-30-41,341.62000011187035,341.62600011186436,1092.0929999999935,1,0.8235753633955738,4.529262086513995,2.443164194603802
Z:\raw_data\C000000028\VIS-018_SW_data_14-July-2026_08-30-41,351.62000011187035,351.6260001118643,1092.0929999999935,1,0.8230723528874537,4.529262086513995,4.013524654143466
Z:\raw_data\C000000028\VIS-018_SW_data_14-July-2026_08-30-41,361.62000011187035,361.6260001118643,1092.0929999999935,1,0.824297160241276,4.529262086513995,3.668351968091126
Z:\raw_data\C000000028\VIS-018_SW_data_14-July-2026_08-30-41,371.62000011187035,371.6260001118643,1092.0929999999935,1,0.8239797996697633,4.529262086513995,3.6930409830940714
Z:\raw_data\C000000028\VIS-018_SW_data_14-July-2026_08-30-41,381.6200001118703,381.62600011186424,1092.0929999999935,1,0.8255815574297721,4.529262086513995,1.9829317778125637
Z:\raw_data\C000000028\VIS-018_SW_data_14-July-2026_08-30-41,391.6200001118703,391.62600011186424,1092.0929999999935,1,0.8238523373108617,4.529262086513995,1.6066419686173883
Z:\raw_data\C000000028\VIS-018_SW_data_14-July-2026_08-30-41,401.6200001118703,401.6260001118643,1092.0929999999935,1,0.8320109520677776,4.320388349514563,0.9052993342901026
Z:\raw_data\C000000028\VIS-018_SW_data_14-July-2026_08-30-41,411.62000011187035,411.6260001118643,1092.0929999999935,-1,0.8334433362953999,4.320388349514563,0.6817766411703524
Z:\raw_data\C000000028\VIS-018_SW_data_14-July-2026_08-30-41,421.62000011187035,421.6260001118643,1092.0929999999935,-1,0.7854399707855299,5.014084507042254,0.3930506903615927
Z:\raw_data\C000000028\VIS-018_SW_data_14-July-2026_08-30-41,431.6200001118703,431.62600011186424,1092.0929999999935,-1,0.7899980063557109,5.615141955835963,0.44753160195513203
Z:\raw_data\C000000028\VIS-018_SW_data_14-July-2026_08-30-41,441.6200001118703,441.62600011186424,1092.0929999999935,-1,0.6849542181885079,5.973154362416108,0.7536428762325854
Z:\raw_data\C000000028\VIS-018_SW_data_14-July-2026_08-30-41,451.6200001118703,451.62600011186424,1092.0929999999935,-1,0.6548381468249828,5.014084507042254,0.5922016472829646
Z:\raw_data\C000000028\VIS-018_SW_data_14-July-2026_08-30-41,461.62000011187024,461.62600011186424,1092.0929999999935,-1,0.5426256623470617,16.48148148148148,0.794683059191765
Z:\raw_data\C000000028\VIS-018_SW_data_14-July-2026_08-30-41,471.6200001118703,471.62600011186424,1092.0929999999935,-1,0.4471717802288196,5.297619047619048,1.36188228485944
Z:\raw_data\C000000028\VIS-018_SW_data_14-July-2026_08-30-41,481.6200001118703,481.62600011186424,1092.0929999999935,2,0.41575831644971495,1.2544045102184638,0.9994237625482184
Z:\raw_data\C000000028\VIS-018_SW_data_14-July-2026_08-30-41,491.6200001118703,491.62600011186424,1092.0929999999935,2,0.41175691030445977,8.018018018018019,0.840703037356984
Z:\raw_data\C000000028\VIS-018_SW_data_14-July-2026_08-30-41,501.62000011187024,501.6260001118642,1092.0929999999935,2,0.42145859862624885,-5.014084507042254,0.956728623455584
Z:\raw_data\C000000028\VIS-018_SW_data_14-July-2026_08-30-41,511.62000011187024,511.6260001118642,1092.0929999999935,2,0.4605867892221161,-1.5187713310580204,1.1214426485981492
Z:\raw_data\C000000028\VIS-018_SW_data_14-July-2026_08-30-41,521.6200001118702,521.6260001118642,1092.0929999999935,2,0.48036910906908364,-1.0807528840315725,1.1335431717318332
Z:\raw_data\C000000028\VIS-018_SW_data_14-July-2026_08-30-41,531.6200001118702,531.6260001118642,1092.0929999999935,2,0.5205130389434091,-1.2714285714285716,1.092883702073261
Z:\raw_data\C000000028\VIS-018_SW_data_14-July-2026_08-30-41,541.6200001118701,541.6260001118641,1092.0929999999935,2,0.5965068095831147,-1.0807528840315725,1.2001092786075411
Z:\raw_data\C000000028\VIS-018_SW_data_14-July-2026_08-30-41,551.6200001118701,551.6260001118642,1092.0929999999935,2,0.6312441310551224,-1.0807528840315725,1.3827263116682496
Z:\raw_data\C000000028\VIS-018_SW_data_14-July-2026_08-30-41,561.6200001118702,561.6260001118642,1092.0929999999935,2,0.642992403329219,-1.0107893242475867,1.1277487907742811
Z:\raw_data\C000000028\VIS-018_SW_data_14-July-2026_08-30-41,571.6200001118702,571.6260001118642,1092.0929999999935,2,0.6462996928334509,-1.0107893242475867,1.0306073055213858
Z:\raw_data\C000000028\VIS-018_SW_data_14-July-2026_08-30-41,581.6200001118702,581.6260001118642,1092.0929999999935,-1,0.6575688584185054,-1.0807528840315725,1.3817689726657933
Z:\raw_data\C000000028\VIS-018_SW_data_14-July-2026_08-30-41,591.6200001118702,591.6260001118642,1092.0929999999935,-1,0.6574009250365216,-1.0807528840315725,1.8113579957387438
Z:\raw_data\C000000028\VIS-018_SW_data_14-July-2026_08-30-41,601.6200001118702,601.6260001118642,1092.0929999999935,-1,0.6406092663282509,-1.0107893242475867,1.060001788943606
Z:\raw_data\C000000028\VIS-018_SW_data_14-July-2026_08-30-41,611.6200001118701,611.6260001118641,1092.0929999999935,-1,0.646620261200633,-1.1756935270805813,0.7139280751710227
Z:\raw_data\C000000028\VIS-018_SW_data_14-July-2026_08-30-41,621.6200001118701,621.6260001118641,1092.0929999999935,-1,0.5411186409793034,-1.9243243243243244,0.7469748609066278
Z:\raw_data\C000000028\VIS-018_SW_data_14-July-2026_08-30-41,631.6200001118701,631.6260001118641,1092.0929999999935,-1,0.4275518744148301,-1.5187713310580204,0.7901153841955009
Z:\raw_data\C000000028\VIS-018_SW_data_14-July-2026_08-30-41,641.6200001118701,641.6260001118641,1092.0929999999935,-1,0.4464054395606264,-1.8855932203389834,0.716603741987855
Z:\raw_data\C000000028\VIS-018_SW_data_14-July-2026_08-30-41,651.6200001118701,651.6260001118641,1092.0929999999935,-1,0.46856510637318516,-5.297619047619048,0.8199983039065556
Z:\raw_data\C000000028\VIS-018_SW_data_14-July-2026_08-30-41,661.6200001118701,661.6260001118641,1092.0929999999935,-1,0.4422042595305345,1.1611219830397914,0.8576217471067875
Z:\raw_data\C000000028\VIS-018_SW_data_14-July-2026_08-30-41,671.6200001118701,671.6260001118642,1092.0929999999935,-1,0.5048749409859373,1.5187713310580204,0.8408234000580105
Z:\raw_data\C000000028\VIS-018_SW_data_14-July-2026_08-30-41,681.6200001118701,681.6260001118641,1092.0929999999935,-1,0.5365882335303427,2.9568106312292364,0.6530353534335852
Z:\raw_data\C000000028\VIS-018_SW_data_14-July-2026_08-30-41,691.6200001118701,691.6260001118641,1092.0929999999935,-1,0.5344720194249066,5.297619047619048,0.621612780598669
Z:\raw_data\C000000028\VIS-018_SW_data_14-July-2026_08-30-41,701.6200001118701,701.6260001118641,1092.0929999999935,-1,0.43894131266512365,-20.0,0.7264626732092211
Z:\raw_data\C000000028\VIS-018_SW_data_14-July-2026_08-30-41,711.6200001118701,711.6260001118641,1092.0929999999935,-1,0.43651989813033176,-7.385892116182573,0.5251692408818699
Z:\raw_data\C000000028\VIS-018_SW_data_14-July-2026_08-30-41,721.6200001118701,721.6260001118641,1092.0929999999935,-1,0.4556952350250612,-20.0,0.5670695521053913
Z:\raw_data\C000000028\VIS-018_SW_data_14-July-2026_08-30-41,731.6200001118701,731.6260001118641,1092.0929999999935,-1,0.4377330181893616,1.363984674329502,0.8176896008357598
Z:\raw_data\C000000028\VIS-018_SW_data_14-July-2026_08-30-41,741.6200001118701,741.6260001118641,1092.0929999999935,-1,0.4825943433660934,-8.768472906403941,0.6935556696682085
Z:\raw_data\C000000028\VIS-018_SW_data_14-July-2026_08-30-41,751.6200001118701,751.6260001118641,1092.0929999999935,-1,0.4974898703250914,-20.0,0.7077406084923693
Z:\raw_data\C000000028\VIS-018_SW_data_14-July-2026_08-30-41,761.6200001118701,761.6260001118641,1092.0929999999935,-1,0.5049701214320284,-8.768472906403941,0.6393437028518221
Z:\raw_data\C000000028\VIS-018_SW_data_14-July-2026_08-30-41,771.62000011187,771.626000111864,1092.0929999999935,-1,0.48745886717008396,-16.48148148148148,0.5448829130277083
Z:\raw_data\C000000028\VIS-018_SW_data_14-July-2026_08-30-41,781.62000011187,781.626000111864,1092.0929999999935,-1,0.3905738739488528,-20.0,0.6607504030166595
Z:\raw_data\C000000028\VIS-018_SW_data_14-July-2026_08-30-41,791.62000011187,791.626000111864,1092.0929999999935,-1,0.4064159232485687,-3.7953091684434974,0.7406075038905571
Z:\raw_data\C000000028\VIS-018_SW_data_14-July-2026_08-30-41,801.62000011187,801.6260001118641,1092.0929999999935,-1,0.44201870590537284,-5.014084507042254,0.7983006726894898
Z:\raw_data\C000000028\VIS-018_SW_data_14-July-2026_08-30-41,811.6200001118701,811.6260001118641,1092.0929999999935,-1,0.44420934784446187,-16.48148148148148,0.8154222855225101
Z:\raw_data\C000000028\VIS-018_SW_data_14-July-2026_08-30-41,821.6200001118701,821.6260001118641,1092.0929999999935,-1,0.41841810650875844,-7.385892116182573,0.7792380651145145
Z:\raw_data\C000000028\VIS-018_SW_data_14-July-2026_08-30-41,831.6200001118701,831.6260001118641,1092.0929999999935,-1,0.408628279686387,-20.0,0.8654168364674787
Z:\raw_data\C000000028\VIS-018_SW_data_14-July-2026_08-30-41,841.62000011187,841.626000111864,1092.0929999999935,-1,0.3914326734463045,-20.0,1.0802396710996325
Z:\raw_data\C000000028\VIS-018_SW_data_14-July-2026_08-30-41,851.62000011187,851.626000111864,1092.0929999999935,-1,0.3963774280700604,-20.0,1.2406642970349269
Z:\raw_data\C000000028\VIS-018_SW_data_14-July-2026_08-30-41,861.62000011187,861.626000111864,1092.0929999999935,-1,0.39403089557037907,-7.385892116182573,1.0286259271542764
Z:\raw_data\C000000028\VIS-018_SW_data_14-July-2026_08-30-41,871.62000011187,871.626000111864,1092.0929999999935,-1,0.4191187813090033,-20.0,1.0272211218362175
Z:\raw_data\C000000028\VIS-018_SW_data_14-July-2026_08-30-41,881.62000011187,881.626000111864,1092.0929999999935,-1,0.3610690560019558,5.014084507042254,0.9430873446396801
Z:\raw_data\C000000028\VIS-018_SW_data_14-July-2026_08-30-41,891.62000011187,891.626000111864,1092.0929999999935,-1,0.3402977952810831,3.7953091684434974,0.700369330280948
Z:\raw_data\C000000028\VIS-018_SW_data_14-July-2026_08-30-41,901.62000011187,901.626000111864,1092.0929999999935,-1,0.3739117458151995,16.48148148148148,0.5110334472976538
Z:\raw_data\C000000028\VIS-018_SW_data_14-July-2026_08-30-41,911.62000011187,911.626000111864,1092.0929999999935,-1,0.6059223235851293,2.1948212083847105,0.36594893489509756
Z:\raw_data\C000000028\VIS-018_SW_data_14-July-2026_08-30-41,921.62000011187,921.6260001118641,1092.0929999999935,-1,0.7169958425305542,1.2714285714285716,0.32746506601159087
Z:\raw_data\C000000028\VIS-018_SW_data_14-July-2026_08-30-41,931.62000011187,931.626000111864,1092.0929999999935,-1,0.744645870252895,1.0,0.4315531034745821
Z:\raw_data\C000000028\VIS-018_SW_data_14-July-2026_08-30-41,941.62000011187,941.626000111864,1092.0929999999935,-1,0.7347313719054145,1.1062771908017404,0.3990312329824054
Z:\raw_data\C000000028\VIS-018_SW_data_14-July-2026_08-30-41,951.62000011187,951.626000111864,1092.0929999999935,-1,0.7895723089365418,1.2714285714285716,0.43807348137587093
Z:\raw_data\C000000028\VIS-018_SW_data_14-July-2026_08-30-41,961.62000011187,961.626000111864,1092.0929999999935,-1,0.724081596514015,1.0107893242475867,0.6828456865949016
Z:\raw_data\C000000028\VIS-018_SW_data_14-July-2026_08-30-41,971.62000011187,971.626000111864,1092.0929999999935,-1,0.6249460415025767,-20.0,0.40089403620996583
Z:\raw_data\C000000028\VIS-018_SW_data_14-July-2026_08-30-41,981.62000011187,981.626000111864,1092.0929999999935,-1,0.6740211962313309,-3.1560283687943267,0.4469981996492993
Z:\raw_data\C000000028\VIS-018_SW_data_14-July-2026_08-30-41,991.62000011187,991.626000111864,1092.0929999999935,-1,0.6674019401534202,-2.625368731563422,0.9672134603424609
Z:\raw_data\C000000028\VIS-018_SW_data_14-July-2026_08-30-41,1001.62000011187,1001.626000111864,1092.0929999999935,-1,0.7080131518823953,-2.5538020086083217,1.0371448190104517
Z:\raw_data\C000000028\VIS-018_SW_data_14-July-2026_08-30-41,1011.62000011187,1011.626000111864,1092.0929999999935,-1,0.7440005683516594,-2.5538020086083217,1.0252076588891093
Z:\raw_data\C000000028\VIS-018_SW_data_14-July-2026_08-30-41,1021.62000011187,1021.626000111864,1092.0929999999935,-1,0.7430799257956741,-2.4217687074829937,1.365303555258497
Z:\raw_data\C000000028\VIS-018_SW_data_14-July-2026_08-30-41,1031.62000011187,1031.626000111864,1092.0929999999935,-1,0.6886972391035078,-2.1445783132530125,1.4060249310383848
Z:\raw_data\C000000028\VIS-018_SW_data_14-July-2026_08-30-41,1041.62000011187,1041.626000111864,1092.0929999999935,-1,0.7063088581475332,16.48148148148148,0.6886260965508687
Z:\raw_data\C000000028\VIS-018_SW_data_14-July-2026_08-30-41,1051.62000011187,1051.626000111864,1092.0929999999935,-1,0.7769973776273126,3.955555555555556,0.5735582239737462
Z:\raw_data\C000000028\VIS-018_SW_data_14-July-2026_08-30-41,1061.62000011187,1061.626000111864,1092.0929999999935,-1,0.7753860543248506,2.1445783132530125,0.8049918982103014
Z:\raw_data\C000000028\VIS-018_SW_data_14-July-2026_08-30-41,1071.62000011187,1071.626000111864,1092.0929999999935,-1,0.8046006742933342,5.297619047619048,0.6097497561395071
Z:\raw_data\C000000028\VIS-018_SW_data_14-July-2026_08-30-41,1081.62000011187,1081.626000111864,1092.0929999999935,-1,0.8538542300445188,2.9568106312292364,0.5229263627846884
Z:\raw_data\C000000028\VIS-018_SW_data_14-July-2026_08-30-41,1091.62000011187,1091.626000111864,1092.0929999999935,-1,0.8392226833299719,2.486033519553073,0.88723751591921
Z:\raw_data\C000000028\VIS-018_SW_data_14-July-2026_08-30-41,1101.62000011187,1101.626000111864,1092.0929999999935,-1,0.8291242676510151,3.955555555555556,1.1232121064841762
Z:\raw_data\C000000028\VIS-018_SW_data_14-July-2026_08-30-41,1111.62000011187,4.531000111833716,1092.0929999999935,3,0.8409034397888814,3.7953091684434974,1.1868662731201058
Z:\raw_data\C000000029\VIS-031_SW_data_24-July-2026_11-11-50,81.62000011187047,81.62500011187512,850.0729999999749,0,0.5740686229854158,9.673913043478262,0.6675614620784794
Z:\raw_data\C000000029\VIS-031_SW_data_24-July-2026_11-11-50,91.62000011187047,91.62500011187512,850.0729999999749,0,0.5824166279612669,3.384030418250951,0.5088227726792826
Z:\raw_data\C000000029\VIS-031_SW_data_24-July-2026_11-11-50,101.62000011187045,101.62500011187511,850.0729999999749,0,0.599874925881618,6.846153846153847,0.6311382833276424
Z:\raw_data\C000000029\VIS-031_SW_data_24-July-2026_11-11-50,111.62000011187045,111.62500011187511,850.0729999999749,0,0.541252490723136,20.0,0.9769156353079458
Z:\raw_data\C000000029\VIS-031_SW_data_24-July-2026_11-11-50,121.62000011187045,121.62500011187511,850.0729999999749,0,0.5234422871079255,20.0,1.0747173935248318
Z:\raw_data\C000000029\VIS-031_SW_data_24-July-2026_11-11-50,131.62000011187044,131.62500011187512,850.0729999999749,0,0.5342523692252981,16.48148148148148,1.071134311196519
Z:\raw_data\C000000029\VIS-031_SW_data_24-July-2026_11-11-50,141.62000011187044,141.6250001118751,850.0729999999749,0,0.5319552600774625,20.0,0.896759555275158
Z:\raw_data\C000000029\VIS-031_SW_data_24-July-2026_11-11-50,151.62000011187044,151.6250001118751,850.0729999999749,-1,0.4830834047514032,20.0,0.9768983552394143
Z:\raw_data\C000000029\VIS-031_SW_data_24-July-2026_11-11-50,161.62000011187044,161.62500011187512,850.0729999999749,-1,0.3893692022913904,10.787878787878787,0.9471949294612215
Z:\raw_data\C000000029\VIS-031_SW_data_24-July-2026_11-11-50,171.6200001118704,171.6250001118751,850.0729999999749,-1,0.37361839608849745,20.0,0.6888234260862871
Z:\raw_data\C000000029\VIS-031_SW_data_24-July-2026_11-11-50,181.6200001118704,181.62500011187507,850.0729999999749,-1,0.31443005832195714,20.0,0.7844885486281695
Z:\raw_data\C000000029\VIS-031_SW_data_24-July-2026_11-11-50,191.6200001118704,191.6250001118751,850.0729999999749,-1,0.18132493967480365,-2.486033519553073,1.1448957936575663
Z:\raw_data\C000000029\VIS-031_SW_data_24-July-2026_11-11-50,201.6200001118704,201.6250001118751,850.0729999999749,-1,0.1665991713516694,10.787878787878787,1.1805492654134602
Z:\raw_data\C000000029\VIS-031_SW_data_24-July-2026_11-11-50,211.62000011187044,211.6250001118751,850.0729999999749,-1,0.18174069904148352,10.787878787878787,1.0596293711621392
Z:\raw_data\C000000029\VIS-031_SW_data_24-July-2026_11-11-50,221.62000011187038,221.62500011187507,850.0729999999749,-1,0.19376440914212537,9.673913043478262,0.9137531586056119
Z:\raw_data\C000000029\VIS-031_SW_data_24-July-2026_11-11-50,231.62000011187038,231.62500011187507,850.0729999999749,-1,0.17377593233885782,10.787878787878787,0.882026803486638
Z:\raw_data\C000000029\VIS-031_SW_data_24-July-2026_11-11-50,241.6200001118704,241.62500011187507,850.0729999999749,-1,0.15441996190882698,20.0,0.8638472501878991
Z:\raw_data\C000000029\VIS-031_SW_data_24-July-2026_11-11-50,251.6200001118704,251.62500011187504,850.0729999999749,-1,0.1918893465897227,20.0,0.7974823550828032
Z:\raw_data\C000000029\VIS-031_SW_data_24-July-2026_11-11-50,261.62000011187035,261.625000111875,850.0729999999749,-1,0.3656233110587674,-4.759358288770054,0.38789245329850364
Z:\raw_data\C000000029\VIS-031_SW_data_24-July-2026_11-11-50,271.62000011187035,271.625000111875,850.0729999999749,-1,0.4626073200138863,-8.018018018018019,0.2559917722574351
Z:\raw_data\C000000029\VIS-031_SW_data_24-July-2026_11-11-50,281.6200001118704,281.625000111875,850.0729999999749,-1,0.5351201071506528,-16.48148148148148,0.41534080525860007
Z:\raw_data\C000000029\VIS-031_SW_data_24-July-2026_11-11-50,291.6200001118704,291.625000111875,850.0729999999749,-1,0.5619273513129548,-20.0,0.7407646990571621
Z:\raw_data\C000000029\VIS-031_SW_data_24-July-2026_11-11-50,301.62000011187035,301.625000111875,850.0729999999749,1,0.5581573791962605,-20.0,1.1859357357427824
Z:\raw_data\C000000029\VIS-031_SW_data_24-July-2026_11-11-50,311.62000011187035,311.625000111875,850.0729999999749,1,0.5633766367211833,-20.0,2.6517527848015257
Z:\raw_data\C000000029\VIS-031_SW_data_24-July-2026_11-11-50,321.62000011187035,321.625000111875,850.0729999999749,1,0.5643505548325753,-20.0,2.4221497548256643
Z:\raw_data\C000000029\VIS-031_SW_data_24-July-2026_11-11-50,331.62000011187035,331.625000111875,850.0729999999749,1,0.5661916873970655,-20.0,2.750380054614625
Z:\raw_data\C000000029\VIS-031_SW_data_24-July-2026_11-11-50,341.62000011187035,341.625000111875,850.0729999999749,1,0.5663131404042053,-20.0,3.1563016899933403
Z:\raw_data\C000000029\VIS-031_SW_data_24-July-2026_11-11-50,351.62000011187035,351.62500011187495,850.0729999999749,1,0.563603598434686,-20.0,3.1399616177693845
Z:\raw_data\C000000029\VIS-031_SW_data_24-July-2026_11-11-50,361.62000011187035,361.625000111875,850.0729999999749,1,0.5619426824398029,-20.0,3.4488746966968113
Z:\raw_data\C000000029\VIS-031_SW_data_24-July-2026_11-11-50,371.62000011187035,371.625000111875,850.0729999999749,1,0.560913548142776,-20.0,2.967107116331328
Z:\raw_data\C000000029\VIS-031_SW_data_24-July-2026_11-11-50,381.6200001118703,381.62500011187495,850.0729999999749,1,0.5619633468574924,-16.48148148148148,1.2470411850010616
Z:\raw_data\C000000029\VIS-031_SW_data_24-July-2026_11-11-50,391.6200001118703,391.62500011187495,850.0729999999749,1,0.5571014600080885,-20.0,0.6291563005970898
Z:\raw_data\C000000029\VIS-031_SW_data_24-July-2026_11-11-50,401.6200001118703,401.62500011187495,850.0729999999749,-1,0.572156537060763,20.0,0.4875586700481896
Z:\raw_data\C000000029\VIS-031_SW_data_24-July-2026_11-11-50,411.62000011187035,411.62500011187495,850.0729999999749,-1,0.5674668329462625,20.0,0.3734288237188302
Z:\raw_data\C000000029\VIS-031_SW_data_24-July-2026_11-11-50,421.62000011187035,421.62500011187495,850.0729999999749,-1,0.5028365675644237,-20.0,0.4800669800285816
Z:\raw_data\C000000029\VIS-031_SW_data_24-July-2026_11-11-50,431.6200001118703,431.62500011187495,850.0729999999749,-1,0.3796316841362508,4.129930394431555,0.9329434783477348
Z:\raw_data\C000000029\VIS-031_SW_data_24-July-2026_11-11-50,441.6200001118703,441.62500011187495,850.0729999999749,-1,0.3426827978950658,20.0,0.8814303330600693
Z:\raw_data\C000000029\VIS-031_SW_data_24-July-2026_11-11-50,451.6200001118703,451.62500011187495,850.0729999999749,-1,0.29775519333472017,-16.48148148148148,0.9251061370659597
Z:\raw_data\C000000029\VIS-031_SW_data_24-July-2026_11-11-50,461.62000011187024,461.6250001118749,850.0729999999749,-1,0.2635589689950016,-4.129930394431555,0.973156444697651
Z:\raw_data\C000000029\VIS-031_SW_data_24-July-2026_11-11-50,471.6200001118703,471.6250001118749,850.0729999999749,-1,0.2532350578392863,-5.973154362416108,1.0656061729813746
Z:\raw_data\C000000029\VIS-031_SW_data_24-July-2026_11-11-50,481.6200001118703,481.6250001118749,850.0729999999749,-1,0.2439712226185154,-1.6824196597353498,1.1827695259855522
Z:\raw_data\C000000029\VIS-031_SW_data_24-July-2026_11-11-50,491.6200001118703,491.62500011187495,850.0729999999749,-1,0.263668132022358,-4.129930394431555,1.119149838814515
Z:\raw_data\C000000029\VIS-031_SW_data_24-July-2026_11-11-50,501.62000011187024,501.62500011187495,850.0729999999749,-1,0.274181830183152,-4.129930394431555,1.1538097582731524
Z:\raw_data\C000000029\VIS-031_SW_data_24-July-2026_11-11-50,511.62000011187024,511.62500011187495,850.0729999999749,-1,0.2840430165502168,-4.129930394431555,1.222059247788465
Z:\raw_data\C000000029\VIS-031_SW_data_24-July-2026_11-11-50,521.6200001118702,521.625000111875,850.0729999999749,-1,0.28242860751705645,-4.320388349514563,1.085355385277135
Z:\raw_data\C000000029\VIS-031_SW_data_24-July-2026_11-11-50,531.6200001118702,531.625000111875,850.0729999999749,-1,0.29461979377634023,-4.529262086513995,0.8464169330153394
Z:\raw_data\C000000029\VIS-031_SW_data_24-July-2026_11-11-50,541.6200001118701,541.6250001118749,850.0729999999749,-1,0.2691002171141857,-4.759358288770054,0.8385359340209599
Z:\raw_data\C000000029\VIS-031_SW_data_24-July-2026_11-11-50,551.6200001118701,551.6250001118749,850.0729999999749,-1,0.23648834066501942,-4.129930394431555,1.0419990101487333
Z:\raw_data\C000000029\VIS-031_SW_data_24-July-2026_11-11-50,561.6200001118702,561.6250001118749,850.0729999999749,-1,0.2393824494952806,-5.973154362416108,1.0319592654481817
Z:\raw_data\C000000029\VIS-031_SW_data_24-July-2026_11-11-50,571.6200001118702,571.6250001118749,850.0729999999749,-1,0.251191929270135,-5.014084507042254,0.8728944373315396
Z:\raw_data\C000000029\VIS-031_SW_data_24-July-2026_11-11-50,581.6200001118702,581.6250001118749,850.0729999999749,-1,0.23816521537350155,-5.973154362416108,0.9306413015885914
Z:\raw_data\C000000029\VIS-031_SW_data_24-July-2026_11-11-50,591.6200001118702,591.6250001118749,850.0729999999749,-1,0.2136036727240616,-5.014084507042254,1.1269640975751127
Z:\raw_data\C000000029\VIS-031_SW_data_24-July-2026_11-11-50,601.6200001118702,601.6250001118749,850.0729999999749,-1,0.21576637120605374,-5.297619047619048,0.9404903812328013
Z:\raw_data\C000000029\VIS-031_SW_data_24-July-2026_11-11-50,611.6200001118701,611.6250001118748,850.0729999999749,-1,0.22574439657946502,-4.759358288770054,0.807750131802768
Z:\raw_data\C000000029\VIS-031_SW_data_24-July-2026_11-11-50,621.6200001118701,621.6250001118748,850.0729999999749,-1,0.19165899682937584,-4.129930394431555,0.9821026258125689
Z:\raw_data\C000000029\VIS-031_SW_data_24-July-2026_11-11-50,631.6200001118701,631.6250001118748,850.0729999999749,-1,0.19318530438292242,-20.0,1.1295363957673306
Z:\raw_data\C000000029\VIS-031_SW_data_24-July-2026_11-11-50,641.6200001118701,641.6250001118749,850.0729999999749,-1,0.19964456292634902,-8.018018018018019,1.0454934798204825
Z:\raw_data\C000000029\VIS-031_SW_data_24-July-2026_11-11-50,651.6200001118701,651.6250001118749,850.0729999999749,-1,0.20847347696637636,-8.768472906403941,0.9457321607798111
Z:\raw_data\C000000029\VIS-031_SW_data_24-July-2026_11-11-50,661.6200001118701,661.6250001118749,850.0729999999749,-1,0.18490795225519546,-10.787878787878787,0.8934829899377879
Z:\raw_data\C000000029\VIS-031_SW_data_24-July-2026_11-11-50,671.6200001118701,671.6250001118749,850.0729999999749,-1,0.1724896558700987,-16.48148148148148,0.8650021455124325
Z:\raw_data\C000000029\VIS-031_SW_data_24-July-2026_11-11-50,681.6200001118701,681.6250001118748,850.0729999999749,-1,0.1800538599740633,20.0,0.7099400653691845
Z:\raw_data\C000000029\VIS-031_SW_data_24-July-2026_11-11-50,691.6200001118701,691.6250001118748,850.0729999999749,-1,0.29773724458444134,20.0,0.6540597757937477
Z:\raw_data\C000000029\VIS-031_SW_data_24-July-2026_11-11-50,701.6200001118701,701.6250001118748,850.0729999999749,-1,0.3789325667077384,2.866344605475041,0.6588948852248387
Z:\raw_data\C000000029\VIS-031_SW_data_24-July-2026_11-11-50,711.6200001118701,711.6250001118748,850.0729999999749,-1,0.4264113706389934,2.0965842167255597,0.7491431477366427
Z:\raw_data\C000000029\VIS-031_SW_data_24-July-2026_11-11-50,721.6200001118701,721.6250001118748,850.0729999999749,-1,0.4405857439045513,2.1948212083847105,0.789266829345327
Z:\raw_data\C000000029\VIS-031_SW_data_24-July-2026_11-11-50,731.6200001118701,731.6250001118748,850.0729999999749,-1,0.5082711881124863,3.5108481262327422,0.7051908331451626
Z:\raw_data\C000000029\VIS-031_SW_data_24-July-2026_11-11-50,741.6200001118701,741.6250001118748,850.0729999999749,-1,0.5684645271726447,1.8483904465212877,0.7836866243002163
Z:\raw_data\C000000029\VIS-031_SW_data_24-July-2026_11-11-50,751.6200001118701,751.6250001118748,850.0729999999749,-1,0.5280912148506294,1.8483904465212877,0.9199760888019477
Z:\raw_data\C000000029\VIS-031_SW_data_24-July-2026_11-11-50,761.6200001118701,761.6250001118748,850.0729999999749,-1,0.5288091649591341,1.9243243243243244,1.209167217194435
Z:\raw_data\C000000029\VIS-031_SW_data_24-July-2026_11-11-50,771.62000011187,771.6250001118748,850.0729999999749,-1,0.5124898925471817,1.6824196597353498,1.6012233535747145
Z:\raw_data\C000000029\VIS-031_SW_data_24-July-2026_11-11-50,781.62000011187,781.6250001118748,850.0729999999749,-1,0.5125604858320777,1.6824196597353498,1.434235871631338
Z:\raw_data\C000000029\VIS-031_SW_data_24-July-2026_11-11-50,791.62000011187,791.6250001118748,850.0729999999749,-1,0.5221537857553389,1.6527390900649952,1.5084720542285939
Z:\raw_data\C000000029\VIS-031_SW_data_24-July-2026_11-11-50,801.62000011187,801.6250001118748,850.0729999999749,-1,0.5396802715541852,1.5696649029982364,1.3178773407410338
Z:\raw_data\C000000029\VIS-031_SW_data_24-July-2026_11-11-50,811.6200001118701,811.6250001118748,850.0729999999749,-1,0.5514031112068094,1.5187713310580204,1.0473168505021266
Z:\raw_data\C000000029\VIS-031_SW_data_24-July-2026_11-11-50,821.6200001118701,821.6250001118748,850.0729999999749,-1,0.5526085072819579,1.8855932203389834,0.86948148305109
Z:\raw_data\C000000029\VIS-031_SW_data_24-July-2026_11-11-50,831.6200001118701,831.6250001118748,850.0729999999749,-1,0.532479105630026,1.8483904465212877,0.6920998860072773
Z:\raw_data\C000000029\VIS-031_SW_data_24-July-2026_11-11-50,841.62000011187,841.6250001118747,850.0729999999749,-1,0.48134812622881806,1.5187713310580204,0.5324105576825219
Z:\raw_data\C000000029\VIS-031_SW_data_24-July-2026_11-11-50,851.62000011187,851.6250001118747,850.0729999999749,-1,0.5152701897385294,-2.486033519553073,0.5412851310486217
Z:\raw_data\C000000029\VIS-031_SW_data_24-July-2026_11-11-50,861.62000011187,861.6250001118747,850.0729999999749,-1,0.5131952882258368,-2.0965842167255597,0.8655549384392611
Z:\raw_data\C000000029\VIS-031_SW_data_24-July-2026_11-11-50,871.62000011187,871.6250001118747,850.0729999999749,-1,0.5163285489035988,-2.360742705570292,1.4281871410946978
Z:\raw_data\C000000029\VIS-031_SW_data_24-July-2026_11-11-50,881.62000011187,1.04700011189518,850.0729999999749,2,0.5413495806866657,-2.4217687074829937,1.6205944310916613
Z:\raw_data\C000000029\VIS-031_SW_data_24-July-2026_11-11-50,891.62000011187,11.047000111895189,850.0729999999749,2,0.5367721260269878,-2.4217687074829937,1.8147118772385802
Z:\raw_data\C000000029\VIS-031_SW_data_24-July-2026_11-11-50,901.62000011187,21.047000111895198,850.0729999999749,2,0.5447191361813245,-2.866344605475041,1.4264893052368752
Z:\raw_data\C000000029\VIS-031_SW_data_24-July-2026_11-11-50,911.62000011187,31.04700011189521,850.0729999999749,2,0.5706128116708533,-2.7812500000000004,1.6393143480420407
Z:\raw_data\C000000029\VIS-031_SW_data_24-July-2026_11-11-50,921.62000011187,41.047000111895215,850.0729999999749,2,0.57004766870903,-2.7812500000000004,2.0302614595541857
Z:\raw_data\C000000029\VIS-031_SW_data_24-July-2026_11-11-50,931.62000011187,51.047000111895116,850.0729999999749,2,0.5864175043318788,-3.0531732418524875,1.5170386353299223
Z:\raw_data\C000000029\VIS-031_SW_data_24-July-2026_11-11-50,941.62000011187,61.04700011189512,850.0729999999749,2,0.6148285561252406,-3.0531732418524875,1.4459400197919756
Z:\raw_data\C000000029\VIS-031_SW_data_24-July-2026_11-11-50,951.62000011187,71.04700011189513,850.0729999999749,2,0.6214659083436184,-2.7812500000000004,1.1646170142628707
Z:\raw_data\C000000029\VIS-031_SW_data_24-July-2026_11-11-50,961.62000011187,81.04700011189514,850.0729999999749,2,0.6083902563871902,-3.384030418250951,0.7160786073499448
Z:\raw_data\C000000029\VIS-031_SW_data_24-July-2026_11-11-50,971.62000011187,91.04700011189514,850.0729999999749,2,0.6006657370424819,-8.768472906403941,0.5441483335695128
Z:\raw_data\C000000029\VIS-031_SW_data_24-July-2026_11-11-50,981.62000011187,101.04700011189516,850.0729999999749,-1,0.6105571142254901,8.018018018018019,0.725018989462954
Z:\raw_data\C000000029\VIS-031_SW_data_24-July-2026_11-11-50,991.62000011187,111.04700011189517,850.0729999999749,-1,0.5864475499505555,-20.0,1.0664100461850812
Z:\raw_data\C000000029\VIS-031_SW_data_24-July-2026_11-11-50,1001.62000011187,121.04700011189517,850.0729999999749,-1,0.5646945066919948,-20.0,1.1180882202002165
Z:\raw_data\C000000029\VIS-031_SW_data_24-July-2026_11-11-50,1011.62000011187,131.0470001118952,850.0729999999749,-1,0.5501695470794292,-16.48148148148148,1.0933054800138187
Z:\raw_data\C000000029\VIS-031_SW_data_24-July-2026_11-11-50,1021.62000011187,141.0470001118952,850.0729999999749,-1,0.5663247282626557,-16.48148148148148,0.7750431604717352
Z:\raw_data\C000000029\VIS-031_SW_data_24-July-2026_11-11-50,1031.62000011187,151.04700011189522,850.0729999999749,-1,0.5231050630859653,-20.0,0.8676496930751538
Z:\raw_data\C000000029\VIS-031_SW_data_24-July-2026_11-11-50,1041.62000011187,161.04700011189522,850.0729999999749,-1,0.3804864849061946,-20.0,1.125855362844436
Z:\raw_data\C000000029\VIS-031_SW_data_24-July-2026_11-11-50,1051.62000011187,171.04700011189522,850.0729999999749,-1,0.3622696271661492,4.320388349514563,0.8067771452547833
Z:\raw_data\C000000029\VIS-031_SW_data_24-July-2026_11-11-50,1061.62000011187,181.04700011189522,850.0729999999749,-1,0.3105539349731104,-20.0,0.8067366724374491
Z:\raw_data\C000000029\VIS-031_SW_data_24-July-2026_11-11-50,1071.62000011187,191.04700011189524,850.0729999999749,-1,0.18226818460293467,-20.0,0.9413297012377351
Z:\raw_data\C000000029\VIS-031_SW_data_24-July-2026_11-11-50,1081.62000011187,201.04700011189524,850.0729999999749,-1,0.17170992375153105,-20.0,0.9852293889359228
Z:\raw_data\C000000029\VIS-031_SW_data_24-July-2026_11-11-50,1091.62000011187,211.04700011189524,850.0729999999749,-1,0.1742805996016842,20.0,1.0530759039241562
Z:\raw_data\C000000029\VIS-031_SW_data_24-July-2026_11-11-50,1101.62000011187,221.04700011189527,850.0729999999749,-1,0.18956286773255082,20.0,0.9537152165826548
Z:\raw_data\C000000029\VIS-031_SW_data_24-July-2026_11-11-50,1111.62000011187,231.04700011189527,850.0729999999749,3,0.19610717941429184,20.0,0.8680004542583467
Z:\raw_data\C000000030\VIS-029_SW_data_24-July-2026_09-36-27,81.62000011187047,81.62500011222437,831.0750000001863,0,0.8604301804703386,-14.015748031496063,1.3486275787117994
Z:\raw_data\C000000030\VIS-029_SW_data_24-July-2026_09-36-27,91.62000011187047,91.62500011222437,831.0750000001863,0,0.8596200408409038,-10.787878787878787,0.8081008317171103
Z:\raw_data\C000000030\VIS-029_SW_data_24-July-2026_09-36-27,101.62000011187045,101.62500011222436,831.0750000001863,-1,0.8592460910555955,-14.015748031496063,0.6552235979574526
Z:\raw_data\C000000030\VIS-029_SW_data_24-July-2026_09-36-27,111.62000011187045,111.62500011222436,831.0750000001863,-1,0.7939888243438479,-9.673913043478262,0.8098710227220339
Z:\raw_data\C000000030\VIS-029_SW_data_24-July-2026_09-36-27,121.62000011187045,121.62500011222436,831.0750000001863,-1,0.7907203901676829,-12.191780821917808,0.6128140252328641
Z:\raw_data\C000000030\VIS-029_SW_data_24-July-2026_09-36-27,131.62000011187044,131.62500011222437,831.0750000001863,-1,0.8797747744982546,-20.0,0.6439663456328589
Z:\raw_data\C000000030\VIS-029_SW_data_24-July-2026_09-36-27,141.62000011187044,141.62500011222434,831.0750000001863,-1,0.8242331468131855,-16.48148148148148,0.37734542486235445
Z:\raw_data\C000000030\VIS-029_SW_data_24-July-2026_09-36-27,151.62000011187044,151.62500011222434,831.0750000001863,-1,0.7970112079007083,-20.0,0.4065063664639679
Z:\raw_data\C000000030\VIS-029_SW_data_24-July-2026_09-36-27,161.62000011187044,161.62500011222437,831.0750000001863,-1,0.5672791015667468,-12.191780821917808,0.8581151529249401
Z:\raw_data\C000000030\VIS-029_SW_data_24-July-2026_09-36-27,171.6200001118704,171.62500011222434,831.0750000001863,-1,0.5629816220496291,-20.0,0.6593809174696267
Z:\raw_data\C000000030\VIS-029_SW_data_24-July-2026_09-36-27,181.6200001118704,181.6250001122243,831.0750000001863,-1,0.4173419416453078,-20.0,0.677619760192451
Z:\raw_data\C000000030\VIS-029_SW_data_24-July-2026_09-36-27,191.6200001118704,191.62500011222434,831.0750000001863,-1,0.3234436876241257,-20.0,0.7601662100226156
Z:\raw_data\C000000030\VIS-029_SW_data_24-July-2026_09-36-27,201.6200001118704,201.62500011222434,831.0750000001863,-1,0.22998489419679646,-20.0,0.82884577016885
Z:\raw_data\C000000030\VIS-029_SW_data_24-July-2026_09-36-27,211.62000011187044,211.62500011222434,831.0750000001863,-1,0.22946135410903695,14.015748031496063,0.908361681934246
Z:\raw_data\C000000030\VIS-029_SW_data_24-July-2026_09-36-27,221.62000011187038,221.6250001122243,831.0750000001863,-1,0.23686542599716523,6.3799283154121875,1.0493790193137795
Z:\raw_data\C000000030\VIS-029_SW_data_24-July-2026_09-36-27,231.62000011187038,231.6250001122243,831.0750000001863,-1,0.2441187367723546,5.973154362416108,1.1026688857854927
Z:\raw_data\C000000030\VIS-029_SW_data_24-July-2026_09-36-27,241.6200001118704,241.6250001122243,831.0750000001863,-1,0.2767604389134671,7.385892116182573,0.8540114690161084
Z:\raw_data\C000000030\VIS-029_SW_data_24-July-2026_09-36-27,251.6200001118704,251.62500011222434,831.0750000001863,-1,0.2693634603921469,7.385892116182573,0.8052163919712374
Z:\raw_data\C000000030\VIS-029_SW_data_24-July-2026_09-36-27,261.62000011187035,261.62500011222426,831.0750000001863,-1,0.24752318412512636,6.3799283154121875,0.945548435392471
Z:\raw_data\C000000030\VIS-029_SW_data_24-July-2026_09-36-27,271.62000011187035,271.6250001122243,831.0750000001863,-1,0.2737779382355722,5.973154362416108,0.9969033087402365
Z:\raw_data\C000000030\VIS-029_SW_data_24-July-2026_09-36-27,281.6200001118704,281.6250001122243,831.0750000001863,-1,0.3961292758961674,7.385892116182573,0.7643558213831039
Z:\raw_data\C000000030\VIS-029_SW_data_24-July-2026_09-36-27,291.6200001118704,291.6250001122243,831.0750000001863,-1,0.4840677147842842,5.014084507042254,0.5848632406411638
Z:\raw_data\C000000030\VIS-029_SW_data_24-July-2026_09-36-27,301.62000011187035,301.62500011222426,831.0750000001863,-1,0.4940663669955125,4.529262086513995,0.6165684930722786
Z:\raw_data\C000000030\VIS-029_SW_data_24-July-2026_09-36-27,311.62000011187035,311.62500011222426,831.0750000001863,-1,0.6351778462960938,14.015748031496063,0.45410227049127655
Z:\raw_data\C000000030\VIS-029_SW_data_24-July-2026_09-36-27,321.62000011187035,321.62500011222426,831.0750000001863,-1,0.7775876223704191,4.320388349514563,0.33579097317057877
Z:\raw_data\C000000030\VIS-029_SW_data_24-July-2026_09-36-27,331.62000011187035,331.6250001122243,831.0750000001863,-1,0.7359163064110789,4.320388349514563,0.4911909176433289
Z:\raw_data\C000000030\VIS-029_SW_data_24-July-2026_09-36-27,341.62000011187035,341.6250001122243,831.0750000001863,-1,0.7238716288389739,4.759358288770054,0.7927122822780548
Z:\raw_data\C000000030\VIS-029_SW_data_24-July-2026_09-36-27,351.62000011187035,351.62500011222426,831.0750000001863,-1,0.7810854317345195,4.529262086513995,0.7610328744855652
Z:\raw_data\C000000030\VIS-029_SW_data_24-July-2026_09-36-27,361.62000011187035,361.62500011222426,831.0750000001863,-1,0.7740892175034656,4.529262086513995,1.0486273179770635
Z:\raw_data\C000000030\VIS-029_SW_data_24-July-2026_09-36-27,371.62000011187035,371.62500011222426,831.0750000001863,-1,0.7712227776509054,4.529262086513995,1.5825624155131937
Z:\raw_data\C000000030\VIS-029_SW_data_24-July-2026_09-36-27,381.6200001118703,381.6250001122242,831.0750000001863,1,0.7604839025069635,4.529262086513995,1.7538791838510102
Z:\raw_data\C000000030\VIS-029_SW_data_24-July-2026_09-36-27,391.6200001118703,391.62500011222426,831.0750000001863,1,0.7233493945294487,4.529262086513995,1.990473004313972
Z:\raw_data\C000000030\VIS-029_SW_data_24-July-2026_09-36-27,401.6200001118703,401.62500011222426,831.0750000001863,1,0.7131427203454738,4.529262086513995,1.970054822324548
Z:\raw_data\C000000030\VIS-029_SW_data_24-July-2026_09-36-27,411.62000011187035,411.62500011222426,831.0750000001863,1,0.6958885481292053,4.529262086513995,1.7444801606336715
Z:\raw_data\C000000030\VIS-029_SW_data_24-July-2026_09-36-27,421.62000011187035,421.62500011222426,831.0750000001863,1,0.6610334504844014,4.529262086513995,1.7270052286966326
Z:\raw_data\C000000030\VIS-029_SW_data_24-July-2026_09-36-27,431.6200001118703,431.6250001122242,831.0750000001863,1,0.6504599832065736,4.529262086513995,1.4241955608840238
Z:\raw_data\C000000030\VIS-029_SW_data_24-July-2026_09-36-27,441.6200001118703,441.6250001122242,831.0750000001863,1,0.6267074294197742,5.014084507042254,0.8630634232648766
Z:\raw_data\C000000030\VIS-029_SW_data_24-July-2026_09-36-27,451.6200001118703,451.62500011222426,831.0750000001863,1,0.5482453569640228,5.014084507042254,0.7806604565220463
Z:\raw_data\C000000030\VIS-029_SW_data_24-July-2026_09-36-27,461.62000011187024,461.6250001122242,831.0750000001863,1,0.4895322049945333,7.385892116182573,0.7892432859351928
Z:\raw_data\C000000030\VIS-029_SW_data_24-July-2026_09-36-27,471.6200001118703,471.6250001122242,831.0750000001863,1,0.4739243426283099,12.191780821917808,0.6692961043293565
Z:\raw_data\C000000030\VIS-029_SW_data_24-July-2026_09-36-27,481.6200001118703,481.6250001122242,831.0750000001863,-1,0.3809556266882697,-14.015748031496063,0.75248171741578
Z:\raw_data\C000000030\VIS-029_SW_data_24-July-2026_09-36-27,491.6200001118703,491.6250001122242,831.0750000001863,-1,0.29628125011436307,-2.9568106312292364,1.0065622466620352
Z:\raw_data\C000000030\VIS-029_SW_data_24-July-2026_09-36-27,501.62000011187024,501.6250001122241,831.0750000001863,-1,0.25839596459954745,-3.5108481262327422,1.0925542908946912
Z:\raw_data\C000000030\VIS-029_SW_data_24-July-2026_09-36-27,511.62000011187024,511.62500011222414,831.0750000001863,-1,0.2253571033464286,-3.5108481262327422,1.1259205713480551
Z:\raw_data\C000000030\VIS-029_SW_data_24-July-2026_09-36-27,521.6200001118702,521.6250001122241,831.0750000001863,-1,0.22276399890049284,-3.384030418250951,1.2235379566154132
Z:\raw_data\C000000030\VIS-029_SW_data_24-July-2026_09-36-27,531.6200001118702,531.6250001122241,831.0750000001863,-1,0.23012579181740306,-3.5108481262327422,1.1967341382417704
Z:\raw_data\C000000030\VIS-029_SW_data_24-July-2026_09-36-27,541.6200001118701,541.625000112224,831.0750000001863,-1,0.2448560360600431,-3.384030418250951,1.1970698743430699
Z:\raw_data\C000000030\VIS-029_SW_data_24-July-2026_09-36-27,551.6200001118701,551.625000112224,831.0750000001863,-1,0.24489828646839187,-3.26605504587156,1.5141512198995233
Z:\raw_data\C000000030\VIS-029_SW_data_24-July-2026_09-36-27,561.6200001118702,561.625000112224,831.0750000001863,-1,0.24265387296721588,-3.384030418250951,1.1658690957771414
Z:\raw_data\C000000030\VIS-029_SW_data_24-July-2026_09-36-27,571.6200001118702,571.625000112224,831.0750000001863,-1,0.24943505472176794,-3.7953091684434974,0.8533036551419778
Z:\raw_data\C000000030\VIS-029_SW_data_24-July-2026_09-36-27,581.6200001118702,581.625000112224,831.0750000001863,-1,0.25168316864542,-5.615141955835963,0.8463479993439226
Z:\raw_data\C000000030\VIS-029_SW_data_24-July-2026_09-36-27,591.6200001118702,591.625000112224,831.0750000001863,-1,0.2794866600567167,-4.529262086513995,0.7642778397279621
Z:\raw_data\C000000030\VIS-029_SW_data_24-July-2026_09-36-27,601.6200001118702,601.625000112224,831.0750000001863,-1,0.3101382086227848,-5.014084507042254,0.7477462971047542
Z:\raw_data\C000000030\VIS-029_SW_data_24-July-2026_09-36-27,611.6200001118701,611.625000112224,831.0750000001863,-1,0.2784392482482675,-3.384030418250951,0.881714186698351
Z:\raw_data\C000000030\VIS-029_SW_data_24-July-2026_09-36-27,621.6200001118701,621.625000112224,831.0750000001863,-1,0.27470155452235095,-3.6475409836065578,0.9532140085738177
Z:\raw_data\C000000030\VIS-029_SW_data_24-July-2026_09-36-27,631.6200001118701,631.625000112224,831.0750000001863,-1,0.2995339098716318,-2.7812500000000004,0.7842981555672867
Z:\raw_data\C000000030\VIS-029_SW_data_24-July-2026_09-36-27,641.6200001118701,641.625000112224,831.0750000001863,-1,0.31747462177696717,-3.6475409836065578,0.8407211644991835
Z:\raw_data\C000000030\VIS-029_SW_data_24-July-2026_09-36-27,651.6200001118701,651.625000112224,831.0750000001863,-1,0.3028281858094722,-2.7812500000000004,0.9004282322294335
Z:\raw_data\C000000030\VIS-029_SW_data_24-July-2026_09-36-27,661.6200001118701,661.625000112224,831.0750000001863,-1,0.3188313208265806,-4.759358288770054,0.7761903225076174
Z:\raw_data\C000000030\VIS-029_SW_data_24-July-2026_09-36-27,671.6200001118701,671.625000112224,831.0750000001863,-1,0.2801388876983496,14.015748031496063,0.8058130700681063
Z:\raw_data\C000000030\VIS-029_SW_data_24-July-2026_09-36-27,681.6200001118701,681.6250001122239,831.0750000001863,-1,0.29249482110248876,-14.015748031496063,0.7345542913231555
Z:\raw_data\C000000030\VIS-029_SW_data_24-July-2026_09-36-27,691.6200001118701,691.6250001122239,831.0750000001863,-1,0.38955725720468415,14.015748031496063,0.6159686342196593
Z:\raw_data\C000000030\VIS-029_SW_data_24-July-2026_09-36-27,701.6200001118701,701.6250001122239,831.0750000001863,-1,0.5156569460302882,-20.0,0.4106396956589337
Z:\raw_data\C000000030\VIS-029_SW_data_24-July-2026_09-36-27,711.6200001118701,711.6250001122239,831.0750000001863,-1,0.5206275344964625,-20.0,0.46262344129516897
Z:\raw_data\C000000030\VIS-029_SW_data_24-July-2026_09-36-27,721.6200001118701,721.6250001122239,831.0750000001863,-1,0.6761971102861217,-14.015748031496063,0.4575667869477468
Z:\raw_data\C000000030\VIS-029_SW_data_24-July-2026_09-36-27,731.6200001118701,731.625000112224,831.0750000001863,-1,0.747183418634176,-4.759358288770054,0.42383065743325127
Z:\raw_data\C000000030\VIS-029_SW_data_24-July-2026_09-36-27,741.6200001118701,741.625000112224,831.0750000001863,-1,0.74480251696132,-2.3027166882276844,0.5768360101035941
Z:\raw_data\C000000030\VIS-029_SW_data_24-July-2026_09-36-27,751.6200001118701,751.625000112224,831.0750000001863,-1,0.7576377240545276,-2.360742705570292,0.427943695202294
Z:\raw_data\C000000030\VIS-029_SW_data_24-July-2026_09-36-27,761.6200001118701,761.625000112224,831.0750000001863,-1,0.8221062620110468,-2.006764374295378,0.49291127145247077
Z:\raw_data\C000000030\VIS-029_SW_data_24-July-2026_09-36-27,771.62000011187,771.6250001122239,831.0750000001863,-1,0.7972632998125523,-2.360742705570292,0.6682558556029945
Z:\raw_data\C000000030\VIS-029_SW_data_24-July-2026_09-36-27,781.62000011187,781.6250001122239,831.0750000001863,-1,0.8228220025012568,-2.7812500000000004,0.707313300526714
Z:\raw_data\C000000030\VIS-029_SW_data_24-July-2026_09-36-27,791.62000011187,791.6250001122239,831.0750000001863,-1,0.7960389021783094,-3.26605504587156,1.0688624227881134
Z:\raw_data\C000000030\VIS-029_SW_data_24-July-2026_09-36-27,801.62000011187,801.6250001122239,831.0750000001863,-1,0.8488154767808771,-4.759358288770054,0.7961153779662078
Z:\raw_data\C000000030\VIS-029_SW_data_24-July-2026_09-36-27,811.6200001118701,811.6250001122239,831.0750000001863,-1,0.8391161007914837,-4.529262086513995,0.8388178699512027
Z:\raw_data\C000000030\VIS-029_SW_data_24-July-2026_09-36-27,821.6200001118701,821.6250001122239,831.0750000001863,-1,0.8004682891351295,-4.320388349514563,1.3338640913921789
Z:\raw_data\C000000030\VIS-029_SW_data_24-July-2026_09-36-27,831.6200001118701,831.6250001122239,831.0750000001863,2,0.8033371328402096,-5.014084507042254,1.4830408187984894
Z:\raw_data\C000000030\VIS-029_SW_data_24-July-2026_09-36-27,841.62000011187,6.053000112063667,831.0750000001863,2,0.7943344698592777,-5.615141955835963,1.3744656230337406
Z:\raw_data\C000000030\VIS-029_SW_data_24-July-2026_09-36-27,851.62000011187,16.053000112063675,831.0750000001863,2,0.8026144242066257,-5.973154362416108,1.4670226258811832
Z:\raw_data\C000000030\VIS-029_SW_data_24-July-2026_09-36-27,861.62000011187,26.053000112063685,831.0750000001863,2,0.7994051023193264,-5.973154362416108,2.006366128636103
Z:\raw_data\C000000030\VIS-029_SW_data_24-July-2026_09-36-27,871.62000011187,36.05300011206369,831.0750000001863,2,0.7991337890931381,-5.973154362416108,1.4462197792934994
Z:\raw_data\C000000030\VIS-029_SW_data_24-July-2026_09-36-27,881.62000011187,46.0530001120637,831.0750000001863,2,0.8147651872376784,-6.846153846153847,1.3412094477448802
Z:\raw_data\C000000030\VIS-029_SW_data_24-July-2026_09-36-27,891.62000011187,56.053000112063714,831.0750000001863,2,0.8089458028766728,-7.385892116182573,1.1717980820146556
Z:\raw_data\C000000030\VIS-029_SW_data_24-July-2026_09-36-27,901.62000011187,66.05300011206371,831.0750000001863,2,0.8222116214305796,-8.768472906403941,1.1211705847076023
Z:\raw_data\C000000030\VIS-029_SW_data_24-July-2026_09-36-27,911.62000011187,76.05300011206373,831.0750000001863,2,0.8036618280833913,-14.015748031496063,1.2730462489733356
Z:\raw_data\C000000030\VIS-029_SW_data_24-July-2026_09-36-27,921.62000011187,86.05300011206374,831.0750000001863,2,0.8010955261097535,-8.768472906403941,0.7100405708521597
Z:\raw_data\C000000030\VIS-029_SW_data_24-July-2026_09-36-27,931.62000011187,96.05300011206364,831.0750000001863,-1,0.7629250577971236,-14.015748031496063,0.630219078261601
Z:\raw_data\C000000030\VIS-029_SW_data_24-July-2026_09-36-27,941.62000011187,106.05300011206364,831.0750000001863,-1,0.6854151786959904,-9.673913043478262,0.7850205536034196
Z:\raw_data\C000000030\VIS-029_SW_data_24-July-2026_09-36-27,951.62000011187,116.05300011206366,831.0750000001863,-1,0.7532104830676781,6.846153846153847,0.6986418795089453
Z:\raw_data\C000000030\VIS-029_SW_data_24-July-2026_09-36-27,961.62000011187,126.05300011206366,831.0750000001863,-1,0.8027815511005499,-20.0,0.4638649090823827
Z:\raw_data\C000000030\VIS-029_SW_data_24-July-2026_09-36-27,971.62000011187,136.05300011206367,831.0750000001863,-1,0.7719443742520816,20.0,0.4133075671160456
Z:\raw_data\C000000030\VIS-029_SW_data_24-July-2026_09-36-27,981.62000011187,146.05300011206367,831.0750000001863,-1,0.6138182497980272,-20.0,0.6339103109869118
Z:\raw_data\C000000030\VIS-029_SW_data_24-July-2026_09-36-27,991.62000011187,156.0530001120637,831.0750000001863,-1,0.5157789696057341,20.0,0.7032431613183606
Z:\raw_data\C000000030\VIS-029_SW_data_24-July-2026_09-36-27,1001.62000011187,166.0530001120637,831.0750000001863,-1,0.47436763706241136,-20.0,0.6361208554934166
Z:\raw_data\C000000030\VIS-029_SW_data_24-July-2026_09-36-27,1011.62000011187,176.0530001120637,831.0750000001863,-1,0.348006032139965,-12.191780821917808,0.6590666270041342
Z:\raw_data\C000000030\VIS-029_SW_data_24-July-2026_09-36-27,1021.62000011187,186.05300011206373,831.0750000001863,-1,0.24671702741513585,-12.191780821917808,0.7307324042244631
Z:\raw_data\C000000030\VIS-029_SW_data_24-July-2026_09-36-27,1031.62000011187,196.05300011206373,831.0750000001863,-1,0.194757065499258,1.5696649029982364,0.8916134289437351
Z:\raw_data\C000000030\VIS-029_SW_data_24-July-2026_09-36-27,1041.62000011187,206.05300011206373,831.0750000001863,-1,0.1855681492640419,1.4048934490923441,0.8625834516230981
Z:\raw_data\C000000030\VIS-029_SW_data_24-July-2026_09-36-27,1051.62000011187,216.05300011206373,831.0750000001863,-1,0.1893102879366603,1.4048934490923441,0.9500622235613712
Z:\raw_data\C000000030\VIS-029_SW_data_24-July-2026_09-36-27,1061.62000011187,226.05300011206376,831.0750000001863,-1,0.19483881603060946,1.4262820512820513,1.079646370003487
Z:\raw_data\C000000030\VIS-029_SW_data_24-July-2026_09-36-27,1071.62000011187,236.05300011206376,831.0750000001863,-1,0.16906266814869167,1.494542401343409,1.1451553939227588
Z:\raw_data\C000000030\VIS-029_SW_data_24-July-2026_09-36-27,1081.62000011187,246.05300011206376,831.0750000001863,-1,0.17427785742855442,1.3841368584758942,1.080703241790139
Z:\raw_data\C000000030\VIS-029_SW_data_24-July-2026_09-36-27,1091.62000011187,256.0530001120638,831.0750000001863,3,0.17997152659185145,1.0684273709483794,1.0017233621030137
Z:\raw_data\C000000030\VIS-029_SW_data_24-July-2026_09-36-27,1101.62000011187,266.0530001120638,831.0750000001863,3,0.20603517918151923,1.5187713310580204,0.9931398165580898
Z:\raw_data\C000000030\VIS-029_SW_data_24-July-2026_09-36-27,1111.62000011187,276.0530001120638,831.0750000001863,3,0.20793209796458262,1.543798785776236,1.0019043072296843
Z:\raw_data\C000000031\VIS-032_SW_data_24-July-2026_11-57-06,81.62000011187047,81.62500011175872,889.0789999999106,0,0.76715117057975,20.0,1.475338642946536
Z:\raw_data\C000000031\VIS-032_SW_data_24-July-2026_11-57-06,91.62000011187047,91.62500011175871,889.0789999999106,0,0.7581156778811805,20.0,0.9817153222771716
Z:\raw_data\C000000031\VIS-032_SW_data_24-July-2026_11-57-06,101.62000011187045,101.62500011175871,889.0789999999106,0,0.7576121152641759,20.0,1.041656258711243
Z:\raw_data\C000000031\VIS-032_SW_data_24-July-2026_11-57-06,111.62000011187045,111.6250001117587,889.0789999999106,0,0.7153912659167644,20.0,1.4304816574289083
Z:\raw_data\C000000031\VIS-032_SW_data_24-July-2026_11-57-06,121.62000011187045,121.6250001117587,889.0789999999106,0,0.7113808666447837,20.0,0.6714122152507865
Z:\raw_data\C000000031\VIS-032_SW_data_24-July-2026_11-57-06,131.62000011187044,131.62500011175868,889.0789999999106,0,0.6812692151167977,20.0,0.4187947472968431
Z:\raw_data\C000000031\VIS-032_SW_data_24-July-2026_11-57-06,141.62000011187044,141.62500011175865,889.0789999999106,0,0.5641005204356992,20.0,0.5866782601845841
Z:\raw_data\C000000031\VIS-032_SW_data_24-July-2026_11-57-06,151.62000011187044,151.62500011175868,889.0789999999106,0,0.2881121092656942,-20.0,1.183023705052178
Z:\raw_data\C000000031\VIS-032_SW_data_24-July-2026_11-57-06,161.62000011187044,161.62500011175868,889.0789999999106,0,0.28886942178138786,-6.3799283154121875,1.105384966815912
Z:\raw_data\C000000031\VIS-032_SW_data_24-July-2026_11-57-06,171.6200001118704,171.62500011175865,889.0789999999106,0,0.27147894288257013,-20.0,0.9425280195385802
Z:\raw_data\C000000031\VIS-032_SW_data_24-July-2026_11-57-06,181.6200001118704,181.62500011175865,889.0789999999106,-1,0.2619474770649687,1.9646799116997795,0.8444043696676599
Z:\raw_data\C000000031\VIS-032_SW_data_24-July-2026_11-57-06,191.6200001118704,191.62500011175865,889.0789999999106,-1,0.2575591297084285,-2.7812500000000004,0.9464925873273131
Z:\raw_data\C000000031\VIS-032_SW_data_24-July-2026_11-57-06,201.6200001118704,201.62500011175865,889.0789999999106,-1,0.24376178400892237,-2.486033519553073,0.9147461048946164
Z:\raw_data\C000000031\VIS-032_SW_data_24-July-2026_11-57-06,211.62000011187044,211.62500011175865,889.0789999999106,-1,0.22674696113314063,-14.015748031496063,0.94706263939061
Z:\raw_data\C000000031\VIS-032_SW_data_24-July-2026_11-57-06,221.62000011187038,221.62500011175862,889.0789999999106,-1,0.20581321751011225,-1.0107893242475867,1.1927589147792947
Z:\raw_data\C000000031\VIS-032_SW_data_24-July-2026_11-57-06,231.62000011187038,231.62500011175862,889.0789999999106,-1,0.19913428901441832,-1.0684273709483794,1.0572179919239617
Z:\raw_data\C000000031\VIS-032_SW_data_24-July-2026_11-57-06,241.6200001118704,241.62500011175862,889.0789999999106,-1,0.16425324448092665,-1.119496855345912,0.9117184648830059
Z:\raw_data\C000000031\VIS-032_SW_data_24-July-2026_11-57-06,251.6200001118704,251.62500011175865,889.0789999999106,-1,0.18051250320172335,-1.119496855345912,0.9940268103106049
Z:\raw_data\C000000031\VIS-032_SW_data_24-July-2026_11-57-06,261.62000011187035,261.6250001117586,889.0789999999106,-1,0.18075024233073209,-1.119496855345912,1.0987130556230518
Z:\raw_data\C000000031\VIS-032_SW_data_24-July-2026_11-57-06,271.62000011187035,271.6250001117586,889.0789999999106,-1,0.17750651290747058,-1.0933660933660934,1.1069173495121065
Z:\raw_data\C000000031\VIS-032_SW_data_24-July-2026_11-57-06,281.6200001118704,281.6250001117586,889.0789999999106,-1,0.16418363637039873,-1.1469072164948455,1.1707950203845112
Z:\raw_data\C000000031\VIS-032_SW_data_24-July-2026_11-57-06,291.6200001118704,291.62500011175865,889.0789999999106,-1,0.1712277494931335,-1.5696649029982364,1.0688026790866216
Z:\raw_data\C000000031\VIS-032_SW_data_24-July-2026_11-57-06,301.62000011187035,301.6250001117586,889.0789999999106,-1,0.15716458972920674,-1.4262820512820513,0.9974028325642557
Z:\raw_data\C000000031\VIS-032_SW_data_24-July-2026_11-57-06,311.62000011187035,311.6250001117586,889.0789999999106,-1,0.15321923257784942,-1.4048934490923441,0.8835063689951558
Z:\raw_data\C000000031\VIS-032_SW_data_24-July-2026_11-57-06,321.62000011187035,321.6250001117586,889.0789999999106,-1,0.17535627420120317,-1.5964125560538118,0.701594155866134
Z:\raw_data\C000000031\VIS-032_SW_data_24-July-2026_11-57-06,331.62000011187035,331.6250001117586,889.0789999999106,-1,0.20424978005377942,1.0107893242475867,0.5838956251596888
Z:\raw_data\C000000031\VIS-032_SW_data_24-July-2026_11-57-06,341.62000011187035,341.6250001117586,889.0789999999106,-1,0.1935934236210655,-4.129930394431555,0.5593141937866171
Z:\raw_data\C000000031\VIS-032_SW_data_24-July-2026_11-57-06,351.62000011187035,351.6250001117586,889.0789999999106,-1,0.4474511721199194,-14.015748031496063,0.4311839729765096
Z:\raw_data\C000000031\VIS-032_SW_data_24-July-2026_11-57-06,361.62000011187035,361.6250001117586,889.0789999999106,-1,0.6266391863374803,-6.3799283154121875,0.38565729709869084
Z:\raw_data\C000000031\VIS-032_SW_data_24-July-2026_11-57-06,371.62000011187035,371.6250001117586,889.0789999999106,-1,0.6973938849909272,-14.015748031496063,0.5870397982432538
Z:\raw_data\C000000031\VIS-032_SW_data_24-July-2026_11-57-06,381.6200001118703,381.62500011175854,889.0789999999106,-1,0.7235040613685572,-12.191780821917808,0.8628619729325895
Z:\raw_data\C000000031\VIS-032_SW_data_24-July-2026_11-57-06,391.6200001118703,391.62500011175854,889.0789999999106,1,0.7200795321874714,-12.191780821917808,1.6136149619772333
Z:\raw_data\C000000031\VIS-032_SW_data_24-July-2026_11-57-06,401.6200001118703,401.62500011175854,889.0789999999106,1,0.7156730364287539,-12.191780821917808,2.4447439705360927
Z:\raw_data\C000000031\VIS-032_SW_data_24-July-2026_11-57-06,411.62000011187035,411.62500011175854,889.0789999999106,1,0.6997674359957833,-12.191780821917808,2.2619241052925525
Z:\raw_data\C000000031\VIS-032_SW_data_24-July-2026_11-57-06,421.62000011187035,421.6250001117586,889.0789999999106,1,0.6895592066325743,-8.768472906403941,2.3654251613614137
Z:\raw_data\C000000031\VIS-032_SW_data_24-July-2026_11-57-06,431.6200001118703,431.62500011175854,889.0789999999106,1,0.674727317188071,-12.191780821917808,2.282606337949683
Z:\raw_data\C000000031\VIS-032_SW_data_24-July-2026_11-57-06,441.6200001118703,441.62500011175854,889.0789999999106,1,0.6683947324918664,-8.768472906403941,2.143366327902866
Z:\raw_data\C000000031\VIS-032_SW_data_24-July-2026_11-57-06,451.6200001118703,451.62500011175854,889.0789999999106,1,0.6646179246042386,-8.768472906403941,1.7884737670524202
Z:\raw_data\C000000031\VIS-032_SW_data_24-July-2026_11-57-06,461.62000011187024,461.6250001117585,889.0789999999106,1,0.6597572812964102,-6.3799283154121875,1.5751914728865457
Z:\raw_data\C000000031\VIS-032_SW_data_24-July-2026_11-57-06,471.6200001118703,471.6250001117585,889.0789999999106,1,0.6731279393488374,-12.191780821917808,0.9333088107401606
Z:\raw_data\C000000031\VIS-032_SW_data_24-July-2026_11-57-06,481.6200001118703,481.62500011175854,889.0789999999106,1,0.6915344050946908,-6.3799283154121875,0.6382400899382173
Z:\raw_data\C000000031\VIS-032_SW_data_24-July-2026_11-57-06,491.6200001118703,491.62500011175854,889.0789999999106,-1,0.6210233525107225,-20.0,0.5076294765801752
Z:\raw_data\C000000031\VIS-032_SW_data_24-July-2026_11-57-06,501.62000011187024,501.6250001117585,889.0789999999106,-1,0.48440808395022716,-6.846153846153847,0.4977326267379096
Z:\raw_data\C000000031\VIS-032_SW_data_24-July-2026_11-57-06,511.62000011187024,511.6250001117585,889.0789999999106,-1,0.2656672091494429,-14.015748031496063,0.7473296596973855
Z:\raw_data\C000000031\VIS-032_SW_data_24-July-2026_11-57-06,521.6200001118702,521.6250001117585,889.0789999999106,-1,0.20178171643461687,1.1469072164948455,1.03392888055906
Z:\raw_data\C000000031\VIS-032_SW_data_24-July-2026_11-57-06,531.6200001118702,531.6250001117585,889.0789999999106,-1,0.16823862098910042,1.0933660933660934,0.9443621641703367
Z:\raw_data\C000000031\VIS-032_SW_data_24-July-2026_11-57-06,541.6200001118701,541.6250001117584,889.0789999999106,-1,0.17313582668834207,1.1062771908017404,1.0337031219938713
Z:\raw_data\C000000031\VIS-032_SW_data_24-July-2026_11-57-06,551.6200001118701,551.6250001117584,889.0789999999106,-1,0.19238535750742095,1.1469072164948455,0.9623834985115151
Z:\raw_data\C000000031\VIS-032_SW_data_24-July-2026_11-57-06,561.6200001118702,561.6250001117584,889.0789999999106,-1,0.18283003657092675,1.1330362826225335,0.9546294798764559
Z:\raw_data\C000000031\VIS-032_SW_data_24-July-2026_11-57-06,571.6200001118702,571.6250001117585,889.0789999999106,-1,0.1818724587829043,1.1330362826225335,1.089138371017632
Z:\raw_data\C000000031\VIS-032_SW_data_24-July-2026_11-57-06,581.6200001118702,581.6250001117585,889.0789999999106,-1,0.17709126956938614,1.1469072164948455,1.2046187233851555
Z:\raw_data\C000000031\VIS-032_SW_data_24-July-2026_11-57-06,591.6200001118702,591.6250001117585,889.0789999999106,-1,0.17807193578569322,1.1330362826225335,1.1425058459248938
Z:\raw_data\C000000031\VIS-032_SW_data_24-July-2026_11-57-06,601.6200001118702,601.6250001117585,889.0789999999106,-1,0.20987183581251065,1.1611219830397914,1.165169786560566
Z:\raw_data\C000000031\VIS-032_SW_data_24-July-2026_11-57-06,611.6200001118701,611.6250001117584,889.0789999999106,-1,0.21125762863899672,1.033081834010447,1.2872968916209597
Z:\raw_data\C000000031\VIS-032_SW_data_24-July-2026_11-57-06,621.6200001118701,621.6250001117584,889.0789999999106,-1,0.2179117963436951,1.0107893242475867,1.0409971896240273
Z:\raw_data\C000000031\VIS-032_SW_data_24-July-2026_11-57-06,631.6200001118701,631.6250001117584,889.0789999999106,2,0.19356629351557203,1.1611219830397914,1.1534641269069297
Z:\raw_data\C000000031\VIS-032_SW_data_24-July-2026_11-57-06,641.6200001118701,641.6250001117584,889.0789999999106,2,0.2002353832262108,12.191780821917808,1.2494633874179708
Z:\raw_data\C000000031\VIS-032_SW_data_24-July-2026_11-57-06,651.6200001118701,651.6250001117584,889.0789999999106,2,0.21427009293801696,12.191780821917808,1.1656154849333267
Z:\raw_data\C000000031\VIS-032_SW_data_24-July-2026_11-57-06,661.6200001118701,661.6250001117584,889.0789999999106,2,0.20990028292778504,20.0,1.251308533476016
Z:\raw_data\C000000031\VIS-032_SW_data_24-July-2026_11-57-06,671.6200001118701,671.6250001117584,889.0789999999106,2,0.238426472732449,-1.7450980392156865,0.9570938231225802
Z:\raw_data\C000000031\VIS-032_SW_data_24-July-2026_11-57-06,681.6200001118701,681.6250001117583,889.0789999999106,2,0.25509741055351376,-1.8483904465212877,0.7888725047376463
Z:\raw_data\C000000031\VIS-032_SW_data_24-July-2026_11-57-06,691.6200001118701,691.6250001117584,889.0789999999106,2,0.281911434253736,1.0446009389671362,0.7212258851546876
Z:\raw_data\C000000031\VIS-032_SW_data_24-July-2026_11-57-06,701.6200001118701,701.6250001117584,889.0789999999106,2,0.34945502513604587,1.0218140068886339,0.7562037633465178
Z:\raw_data\C000000031\VIS-032_SW_data_24-July-2026_11-57-06,711.6200001118701,711.6250001117584,889.0789999999106,2,0.37066458041443406,1.033081834010447,0.5379295363883914
Z:\raw_data\C000000031\VIS-032_SW_data_24-July-2026_11-57-06,721.6200001118701,721.6250001117584,889.0789999999106,2,0.3578618663232033,-4.129930394431555,0.4839694567700672
Z:\raw_data\C000000031\VIS-032_SW_data_24-July-2026_11-57-06,731.6200001118701,731.6250001117584,889.0789999999106,-1,0.34871597935893606,1.4048934490923441,0.5228661641237533
Z:\raw_data\C000000031\VIS-032_SW_data_24-July-2026_11-57-06,741.6200001118701,741.6250001117584,889.0789999999106,-1,0.37584948147038383,1.5964125560538118,0.491511506221011
Z:\raw_data\C000000031\VIS-032_SW_data_24-July-2026_11-57-06,751.6200001118701,751.6250001117584,889.0789999999106,-1,0.2605591908097796,1.2714285714285716,0.45363645843669503
Z:\raw_data\C000000031\VIS-032_SW_data_24-July-2026_11-57-06,761.6200001118701,761.6250001117584,889.0789999999106,-1,0.4172704864677011,1.2889210716871833,0.40155316455258894
Z:\raw_data\C000000031\VIS-032_SW_data_24-July-2026_11-57-06,771.62000011187,771.6250001117583,889.0789999999106,-1,0.4382358905527621,1.056379821958457,0.48736131700169877
Z:\raw_data\C000000031\VIS-032_SW_data_24-July-2026_11-57-06,781.62000011187,781.6250001117583,889.0789999999106,-1,0.43574622581573363,-14.015748031496063,0.45866337329027485
Z:\raw_data\C000000031\VIS-032_SW_data_24-July-2026_11-57-06,791.62000011187,791.6250001117583,889.0789999999106,-1,0.5031567900434614,-3.384030418250951,0.4435249189648766
Z:\raw_data\C000000031\VIS-032_SW_data_24-July-2026_11-57-06,801.62000011187,801.6250001117583,889.0789999999106,-1,0.5296879802784493,14.015748031496063,0.6911829367875532
Z:\raw_data\C000000031\VIS-032_SW_data_24-July-2026_11-57-06,811.6200001118701,811.6250001117583,889.0789999999106,-1,0.6033109632522339,-16.48148148148148,0.7416655685833339
Z:\raw_data\C000000031\VIS-032_SW_data_24-July-2026_11-57-06,821.6200001118701,821.6250001117584,889.0789999999106,-1,0.6021434053857337,-6.3799283154121875,0.9602667234725323
Z:\raw_data\C000000031\VIS-032_SW_data_24-July-2026_11-57-06,831.6200001118701,831.6250001117584,889.0789999999106,-1,0.6000604075152719,-7.385892116182573,1.794869373744731
Z:\raw_data\C000000031\VIS-032_SW_data_24-July-2026_11-57-06,841.62000011187,841.6250001117583,889.0789999999106,-1,0.5969146590279448,-4.759358288770054,1.9528103793871578
Z:\raw_data\C000000031\VIS-032_SW_data_24-July-2026_11-57-06,851.62000011187,851.6250001117583,889.0789999999106,-1,0.5879094607653262,-4.129930394431555,2.1415157695135116
Z:\raw_data\C000000031\VIS-032_SW_data_24-July-2026_11-57-06,861.62000011187,861.6250001117583,889.0789999999106,-1,0.5954125161234812,-4.529262086513995,1.3532829796694275
Z:\raw_data\C000000031\VIS-032_SW_data_24-July-2026_11-57-06,871.62000011187,871.6250001117583,889.0789999999106,3,0.6221404643150183,-3.5108481262327422,1.0406455056249344
Z:\raw_data\C000000031\VIS-032_SW_data_24-July-2026_11-57-06,881.62000011187,881.6250001117583,889.0789999999106,3,0.6481216763304136,-16.48148148148148,0.7992001894611191
Z:\raw_data\C000000031\VIS-032_SW_data_24-July-2026_11-57-06,891.62000011187,891.6250001117583,889.0789999999106,3,0.6930139212213579,-20.0,0.7145492808744783
Z:\raw_data\C000000031\VIS-032_SW_data_24-July-2026_11-57-06,901.62000011187,901.6250001117583,889.0789999999106,3,0.6861113906086126,20.0,0.8386353095857911
Z:\raw_data\C000000031\VIS-032_SW_data_24-July-2026_11-57-06,911.62000011187,911.6250001117583,889.0789999999106,3,0.7230434953171508,-20.0,0.7992725939816308
Z:\raw_data\C000000031\VIS-032_SW_data_24-July-2026_11-57-06,921.62000011187,7.045000111683741,889.0789999999106,3,0.719768943290502,-20.0,0.7745936410934124
Z:\raw_data\C000000031\VIS-032_SW_data_24-July-2026_11-57-06,931.62000011187,17.04500011168364,889.0789999999106,3,0.7314154534040317,-12.191780821917808,0.9931786419494812
Z:\raw_data\C000000031\VIS-032_SW_data_24-July-2026_11-57-06,941.62000011187,27.04500011168365,889.0789999999106,3,0.723295149522567,-16.48148148148148,1.4108787889302197
Z:\raw_data\C000000031\VIS-032_SW_data_24-July-2026_11-57-06,951.62000011187,37.045000111683656,889.0789999999106,3,0.7128803973080042,-16.48148148148148,2.3882069559037253
Z:\raw_data\C000000031\VIS-032_SW_data_24-July-2026_11-57-06,961.62000011187,47.04500011168366,889.0789999999106,3,0.7110321192433109,-12.191780821917808,2.2108481759801837
Z:\raw_data\C000000031\VIS-032_SW_data_24-July-2026_11-57-06,971.62000011187,57.04500011168368,889.0789999999106,-1,0.7043944226470062,-12.191780821917808,2.2075347597482162
Z:\raw_data\C000000031\VIS-032_SW_data_24-July-2026_11-57-06,981.62000011187,67.04500011168368,889.0789999999106,-1,0.6950094021029449,-12.191780821917808,1.7388239395708118
Z:\raw_data\C000000031\VIS-032_SW_data_24-July-2026_11-57-06,991.62000011187,77.04500011168369,889.0789999999106,-1,0.6897112441497164,-20.0,1.4091606414012632
Z:\raw_data\C000000031\VIS-032_SW_data_24-July-2026_11-57-06,1001.62000011187,87.0450001116837,889.0789999999106,-1,0.6789609506670998,-20.0,1.03160261267011
Z:\raw_data\C000000031\VIS-032_SW_data_24-July-2026_11-57-06,1011.62000011187,97.0450001116837,889.0789999999106,-1,0.6669015211387689,-12.191780821917808,0.8052519755504471
Z:\raw_data\C000000031\VIS-032_SW_data_24-July-2026_11-57-06,1021.62000011187,107.04500011168372,889.0789999999106,-1,0.6241835738262944,-16.48148148148148,0.9125734340845784
Z:\raw_data\C000000031\VIS-032_SW_data_24-July-2026_11-57-06,1031.62000011187,117.04500011168373,889.0789999999106,-1,0.5934065526755209,-6.3799283154121875,0.6633275994065863
Z:\raw_data\C000000031\VIS-032_SW_data_24-July-2026_11-57-06,1041.62000011187,127.04500011168373,889.0789999999106,-1,0.5892549059950533,-14.015748031496063,0.5102974661514647
Z:\raw_data\C000000031\VIS-032_SW_data_24-July-2026_11-57-06,1051.62000011187,137.04500011168375,889.0789999999106,-1,0.4344813996249941,-6.3799283154121875,0.5854869781789785
Z:\raw_data\C000000031\VIS-032_SW_data_24-July-2026_11-57-06,1061.62000011187,147.04500011168375,889.0789999999106,-1,0.2945309753104334,-14.015748031496063,0.7875473114617805
Z:\raw_data\C000000031\VIS-032_SW_data_24-July-2026_11-57-06,1071.62000011187,157.04500011168378,889.0789999999106,-1,0.1760598046245244,-6.3799283154121875,1.0673425283416764
Z:\raw_data\C000000031\VIS-032_SW_data_24-July-2026_11-57-06,1081.62000011187,167.04500011168378,889.0789999999106,-1,0.17647320982048856,-5.014084507042254,0.9945578979685644
Z:\raw_data\C000000031\VIS-032_SW_data_24-July-2026_11-57-06,1091.62000011187,177.04500011168378,889.0789999999106,-1,0.1542721912880545,-14.015748031496063,0.910496443826348
Z:\raw_data\C000000031\VIS-032_SW_data_24-July-2026_11-57-06,1101.62000011187,187.04500011168378,889.0789999999106,-1,0.178363529698171,1.8126272912423627,0.870236051196888
Z:\raw_data\C000000031\VIS-032_SW_data_24-July-2026_11-57-06,1111.62000011187,197.0450001116838,889.0789999999106,-1,0.18165589344295255,2.0965842167255597,0.8902144399090768
